{
  "ingredientPattern": "C,S",
  "ingredients": {
    "C": {
      "type": "block",
      "code": "containersbundle:cupboardnolabel-east",
      "quantity": 1
    },
    "S": {
      "type": "block",
      "code": "game:sign-ground-north",
      "quantity": 1
    }
  },
  "shapeless": true,
  "width": 1,
  "height": 2,
  "output": {
    "type": "block",
    "code": "containersbundle:cupboardwithlabel-east",
    "attributes": { "type": "normal-labeled" },
    "quantity": 1
  }
}
