{
  "ingredientPattern": "WIW,WGW,WLW",
  "ingredients": {
    "W": {
      "type": "item",
      "code": "game:plank-*"
    },
    "I": {
      "type": "item",
      "code": "game:metalnailsandstrips-iron"
    },
    "G": {
      "type": "item",
      "code": "game:metalnailsandstrips-gold"
    },
    "L": {
      "type": "block",
      "code": "game:linen-*",
      "quantity": 2
    }
  },
  "width": 3,
  "height": 3,
  "output": {
    "type": "block",
    "code": "containersbundle:exquisitechest-east",
    "attributes": { "type": "normal-generic" },
    "quantity": 1
  }
}
