{
  "ingredientPattern": "WKW,WLW",
  "ingredients": {
    "K": {
      "type": "item",
      "code": "game:knife-*",
      "istool": true
    },
    "W": {
      "type": "item",
      "code": "game:stick",
      "quantity": 2
    },
    "L": {
      "type": "block",
      "code": "game:linen-*",
      "quantity": 2
    }
  },
  "width": 3,
  "height": 2,
  "output": {
    "type": "block",
    "code": "containersbundle:linencrate-east",
    "attributes": { "type": "normal-generic" },
    "quantity": 1
  }
}
