{
  "ingredientPattern": "WSW,WPW",
  "ingredients": {
    "S": {
      "type": "item",
      "code": "game:saw-*",
      "istool": true
    },
    "W": {
      "type": "item",
      "code": "game:plank-*"
    },
    "P": {
      "type": "item",
      "code": "game:plank-*",
      "quantity": 2
    }
  },
  "width": 3,
  "height": 2,
  "output": {
    "type": "block",
    "code": "containersbundle:longcrate-east",
    "attributes": { "type": "normal-generic" },
    "quantity": 1
  }
}
