{
  "ingredientPattern": "SSS,SKS,SWS",
  "ingredients": {
    "K": {
      "type": "item",
      "code": "game:knife-*",
      "istool": true
    },
    "S": {
      "type": "item",
      "code": "game:stick",
      "quantity": 2
    },
    "W": {
      "type": "item",
      "code": "game:stick",
      "quantity": 4
    }
  },
  "width": 3,
  "height": 3,
  "output": {
    "type": "block",
    "code": "containersbundle:wickerbasket-east",
    "attributes": { "type": "normal-generic" },
    "quantity": 1
  }
}
