[
  {
    "ingredientPattern": "HKA,WNW",
    "ingredients": {
      "H": {
        "type": "item",
        "code": "game:hammer-*",
        "istool": true
      },
      "K": {
        "type": "item",
        "code": "game:knife-*",
        "istool": true
      },
      "A": {
        "type": "item",
        "code": "game:axe-*",
        "istool": true
      },
      "W": {
        "type": "item",
        "code": "game:stick",
        "quantity": 2
      },
      "N": {
        "type": "block",
        "code": "game:log-placed-*-ud",
        "name": "wood",
        "skipVariants": [ "aged", "mossy", "veryaged", "veryagedrotten" ]
      }
    },
    "recipeGroup": 1,
    "width": 3,
    "height": 2,
    "output": {
      "type": "block",
      "code": "containersbundle:woodenbox-east",
      "attributes": { "type": "normal-generic" },
      "quantity": 1
    }
  },
  {
    "ingredientPattern": "_K_,WNW",
    "ingredients": {
      "K": {
        "type": "item",
        "code": "game:knife-*",
        "istool": true
      },
      "W": {
        "type": "item",
        "code": "game:stick",
        "quantity": 2
      },
      "N": {
        "type": "block",
        "code": "game:debarkedlog-*-ud",
        "name": "wood",
        "skipVariants": [ "aged", "mossy", "veryaged", "veryagedrotten" ]
      }
    },
    "recipeGroup": 2,
    "width": 3,
    "height": 2,
    "output": {
      "type": "block",
      "code": "containersbundle:woodenbox-east",
      "attributes": { "type": "normal-generic" },
      "quantity": 1
    }
  }
]