{
	"editor": {
		"allAngles": false,
		"entityTextureMode": false
	},
	"textureWidth": 16,
	"textureHeight": 16,
	"textureSizes": {
	},
	"textures": {
	},
	"elements": [
		{
			"name": "_origin",
			"from": [ 0.0, 0.0, 0.0 ],
			"to": [ 0.0, 0.0, 0.0 ],
			"rotationOrigin": [ 8.0, 0.0, 8.0 ],
			"faces": {
				"north": { "texture": "#default", "uv": [ 0.0, 0.0, 0.5, 0.5 ] },
				"east": { "texture": "#default", "uv": [ 0.0, 0.0, 0.5, 0.5 ] },
				"south": { "texture": "#default", "uv": [ 0.0, 0.0, 0.5, 0.5 ] },
				"west": { "texture": "#default", "uv": [ 0.0, 0.0, 0.5, 0.5 ] },
				"up": { "texture": "#default", "uv": [ 0.0, 0.0, 0.5, 0.5 ] },
				"down": { "texture": "#default", "uv": [ 0.0, 0.0, 0.5, 0.5 ] }
			},
			"children": [
				{
					"name": "_base-bottombar",
					"from": [ 0.0, -11.0, 0.0 ],
					"to": [ 0.0, -11.0, 0.0 ],
					"rotationOrigin": [ 8.0, -11.0, 8.0 ],
					"faces": {
						"north": { "texture": "#default", "uv": [ 0.0, 0.0, 0.5, 0.5 ] },
						"east": { "texture": "#default", "uv": [ 0.0, 0.0, 0.5, 0.5 ] },
						"south": { "texture": "#default", "uv": [ 0.0, 0.0, 0.5, 0.5 ] },
						"west": { "texture": "#default", "uv": [ 0.0, 0.0, 0.5, 0.5 ] },
						"up": { "texture": "#default", "uv": [ 0.0, 0.0, 0.5, 0.5 ] },
						"down": { "texture": "#default", "uv": [ 0.0, 0.0, 0.5, 0.5 ] }
					},
					"children": [
						{
							"name": "base-mainbase",
							"from": [ 0.0, 11.0, 0.0 ],
							"to": [ 16.0, 12.0, 16.0 ],
							"rotationOrigin": [ 0.0, 11.0, 0.0 ],
							"faces": {
								"north": { "texture": "#material3", "uv": [ 0.0, 0.0, 16.0, 1.0 ] },
								"east": { "texture": "#material3", "uv": [ 0.0, 0.0, 16.0, 1.0 ] },
								"south": { "texture": "#material3", "uv": [ 0.0, 0.0, 16.0, 1.0 ] },
								"west": { "texture": "#material3", "uv": [ 0.0, 0.0, 16.0, 1.0 ] },
								"up": { "texture": "#material3", "uv": [ 0.0, 0.0, 16.0, 16.0 ] },
								"down": { "texture": "#material3", "uv": [ 0.0, 0.0, 16.0, 16.0 ] }
							}
						},
						{
							"name": "base-cloth",
							"from": [ 1.0, 12.01, 1.0 ],
							"to": [ 15.0, 12.01, 15.0 ],
							"rotationOrigin": [ 1.0, 12.0, 1.0 ],
							"faces": {
								"up": { "texture": "#cloth", "uv": [ 1.0, 1.0, 15.0, 15.0 ], "autoUv": false }
							},
							"children": [
								{
									"name": "base-clothtop-decal",
									"from": [ 0.0, 0.01, 0.0 ],
									"to": [ 14.0, 0.01, 14.0 ],
									"faces": {
										"up": { "texture": "#clothdecal", "uv": [ 0.0, 0.0, 16.0, 16.0 ], "autoUv": false }
									}
								}
							]
						}
					]
				},
				{
					"name": "_base-plate",
					"from": [ 0.0, -7.5, 0.0 ],
					"to": [ 0.0, -7.5, 0.0 ],
					"rotationOrigin": [ 8.0, -8.0, 8.0 ],
					"faces": {
						"north": { "texture": "#default", "uv": [ 0.0, 0.0, 0.5, 0.5 ] },
						"east": { "texture": "#default", "uv": [ 0.0, 0.0, 0.5, 0.5 ] },
						"south": { "texture": "#default", "uv": [ 0.0, 0.0, 0.5, 0.5 ] },
						"west": { "texture": "#default", "uv": [ 0.0, 0.0, 0.5, 0.5 ] },
						"up": { "texture": "#default", "uv": [ 0.0, 0.0, 0.5, 0.5 ] },
						"down": { "texture": "#default", "uv": [ 0.0, 0.0, 0.5, 0.5 ] }
					},
					"children": [
						{
							"name": "base-plate-1",
							"from": [ 4.0, 9.0, 4.0 ],
							"to": [ 12.0, 9.5, 12.0 ],
							"rotationOrigin": [ 4.0, 9.0, 4.0 ],
							"faces": {
								"north": { "texture": "#obsidian1", "uv": [ 0.0, 0.0, 8.0, 0.5 ] },
								"east": { "texture": "#obsidian1", "uv": [ 0.0, 0.0, 8.0, 0.5 ] },
								"south": { "texture": "#obsidian1", "uv": [ 0.0, 0.0, 8.0, 0.5 ] },
								"west": { "texture": "#obsidian1", "uv": [ 0.0, 0.0, 8.0, 0.5 ] },
								"up": { "texture": "#obsidian1", "uv": [ 0.0, 0.0, 8.0, 8.0 ] },
								"down": { "texture": "#obsidian1", "uv": [ 0.0, 0.0, 8.0, 8.0 ] }
							},
							"children": [
								{
									"name": "base-plateedge-1",
									"from": [ -0.5, 0.0, -0.5 ],
									"to": [ 0.5, 1.0, 0.5 ],
									"faces": {
										"north": { "texture": "#material1", "uv": [ 0.0, 0.0, 1.0, 1.0 ] },
										"east": { "texture": "#material1", "uv": [ 0.0, 0.0, 1.0, 1.0 ] },
										"south": { "texture": "#material1", "uv": [ 0.0, 0.0, 1.0, 1.0 ] },
										"west": { "texture": "#material1", "uv": [ 0.0, 0.0, 1.0, 1.0 ] },
										"up": { "texture": "#material1", "uv": [ 0.0, 0.0, 1.0, 1.0 ] },
										"down": { "texture": "#material1", "uv": [ 0.0, 0.0, 1.0, 1.0 ] }
									}
								},
								{
									"name": "base-plateedge-3",
									"from": [ -0.5, 0.0, 7.5 ],
									"to": [ 0.5, 1.0, 8.5 ],
									"rotationOrigin": [ 0.0, 0.0, 8.0 ],
									"faces": {
										"north": { "texture": "#material1", "uv": [ 0.0, 0.0, 1.0, 1.0 ] },
										"east": { "texture": "#material1", "uv": [ 0.0, 0.0, 1.0, 1.0 ] },
										"south": { "texture": "#material1", "uv": [ 0.0, 0.0, 1.0, 1.0 ] },
										"west": { "texture": "#material1", "uv": [ 0.0, 0.0, 1.0, 1.0 ] },
										"up": { "texture": "#material1", "uv": [ 0.0, 0.0, 1.0, 1.0 ] },
										"down": { "texture": "#material1", "uv": [ 0.0, 0.0, 1.0, 1.0 ] }
									}
								},
								{
									"name": "base-plate-2",
									"from": [ -1.0, -1.0, -1.0 ],
									"to": [ 9.0, 0.0, 9.0 ],
									"rotationOrigin": [ -1.0, -1.0, -1.0 ],
									"faces": {
										"north": { "texture": "#material2", "uv": [ 0.0, 0.0, 10.0, 1.0 ] },
										"east": { "texture": "#material2", "uv": [ 0.0, 0.0, 10.0, 1.0 ] },
										"south": { "texture": "#material2", "uv": [ 0.0, 0.0, 10.0, 1.0 ] },
										"west": { "texture": "#material2", "uv": [ 0.0, 0.0, 10.0, 1.0 ] },
										"up": { "texture": "#material2", "uv": [ 0.0, 0.0, 10.0, 10.0 ] },
										"down": { "texture": "#material2", "uv": [ 0.0, 0.0, 10.0, 10.0 ] }
									}
								},
								{
									"name": "base-plateedge-4",
									"from": [ 7.5, 0.0, 7.5 ],
									"to": [ 8.5, 1.0, 8.5 ],
									"rotationOrigin": [ 8.0, 0.0, 8.0 ],
									"faces": {
										"north": { "texture": "#material1", "uv": [ 0.0, 0.0, 1.0, 1.0 ] },
										"east": { "texture": "#material1", "uv": [ 0.0, 0.0, 1.0, 1.0 ] },
										"south": { "texture": "#material1", "uv": [ 0.0, 0.0, 1.0, 1.0 ] },
										"west": { "texture": "#material1", "uv": [ 0.0, 0.0, 1.0, 1.0 ] },
										"up": { "texture": "#material1", "uv": [ 0.0, 0.0, 1.0, 1.0 ] },
										"down": { "texture": "#material1", "uv": [ 0.0, 0.0, 1.0, 1.0 ] }
									}
								},
								{
									"name": "base-plateedge-2",
									"from": [ 7.5, 0.0, -0.5 ],
									"to": [ 8.5, 1.0, 0.5 ],
									"rotationOrigin": [ 8.0, 0.0, 0.0 ],
									"faces": {
										"north": { "texture": "#material1", "uv": [ 0.0, 0.0, 1.0, 1.0 ] },
										"east": { "texture": "#material1", "uv": [ 0.0, 0.0, 1.0, 1.0 ] },
										"south": { "texture": "#material1", "uv": [ 0.0, 0.0, 1.0, 1.0 ] },
										"west": { "texture": "#material1", "uv": [ 0.0, 0.0, 1.0, 1.0 ] },
										"up": { "texture": "#material1", "uv": [ 0.0, 0.0, 1.0, 1.0 ] },
										"down": { "texture": "#material1", "uv": [ 0.0, 0.0, 1.0, 1.0 ] }
									}
								}
							]
						}
					]
				},
				{
					"name": "_main",
					"from": [ 0.0, 0.0, 0.0 ],
					"to": [ 0.0, 0.0, 0.0 ],
					"rotationOrigin": [ 8.0, 0.0, 8.0 ],
					"faces": {
						"north": { "texture": "#default", "uv": [ 0.0, 0.0, 0.5, 0.5 ] },
						"east": { "texture": "#default", "uv": [ 0.0, 0.0, 0.5, 0.5 ] },
						"south": { "texture": "#default", "uv": [ 0.0, 0.0, 0.5, 0.5 ] },
						"west": { "texture": "#default", "uv": [ 0.0, 0.0, 0.5, 0.5 ] },
						"up": { "texture": "#default", "uv": [ 0.0, 0.0, 0.5, 0.5 ] },
						"down": { "texture": "#default", "uv": [ 0.0, 0.0, 0.5, 0.5 ] }
					},
					"children": [
						{
							"name": "_centerpillar",
							"from": [ 0.0, 0.0, 0.0 ],
							"to": [ 0.0, 0.0, 0.0 ],
							"rotationOrigin": [ 8.0, 0.0, 8.0 ],
							"faces": {
								"north": { "texture": "#default", "uv": [ 0.0, 0.0, 0.5, 0.5 ] },
								"east": { "texture": "#default", "uv": [ 0.0, 0.0, 0.5, 0.5 ] },
								"south": { "texture": "#default", "uv": [ 0.0, 0.0, 0.5, 0.5 ] },
								"west": { "texture": "#default", "uv": [ 0.0, 0.0, 0.5, 0.5 ] },
								"up": { "texture": "#default", "uv": [ 0.0, 0.0, 0.5, 0.5 ] },
								"down": { "texture": "#default", "uv": [ 0.0, 0.0, 0.5, 0.5 ] }
							},
							"children": [
								{
									"name": "centerpillar-basetop-1",
									"from": [ 5.5, 6.5, 5.5 ],
									"to": [ 5.5, 6.5, 5.5 ],
									"rotationOrigin": [ 5.5, 6.3, 5.5 ],
									"faces": {
										"north": { "texture": "#material2", "uv": [ 0.0, 0.0, 0.5, 0.5 ] },
										"east": { "texture": "#material2", "uv": [ 0.0, 0.0, 0.5, 0.5 ] },
										"south": { "texture": "#material2", "uv": [ 0.0, 0.0, 0.5, 0.5 ] },
										"west": { "texture": "#material2", "uv": [ 0.0, 0.0, 0.5, 0.5 ] },
										"up": { "texture": "#material2", "uv": [ 0.0, 0.0, 0.5, 0.5 ] },
										"down": { "texture": "#material2", "uv": [ 0.0, 0.0, 0.5, 0.5 ] }
									}
								},
								{
									"name": "centerpillar-basebottom-1",
									"from": [ 5.5, 1.25, 5.5 ],
									"to": [ 10.5, 2.25, 10.5 ],
									"rotationOrigin": [ 5.5, 2.3, 5.5 ],
									"faces": {
										"north": { "texture": "#material1", "uv": [ 0.0, 0.0, 5.0, 1.0 ] },
										"east": { "texture": "#material1", "uv": [ 0.0, 0.0, 5.0, 1.0 ] },
										"south": { "texture": "#material1", "uv": [ 0.0, 0.0, 5.0, 1.0 ] },
										"west": { "texture": "#material1", "uv": [ 0.0, 0.0, 5.0, 1.0 ] },
										"up": { "texture": "#material2", "uv": [ 0.0, 0.0, 5.0, 5.0 ] },
										"down": { "texture": "#material1", "uv": [ 0.0, 0.0, 5.0, 5.0 ] }
									},
									"children": [
										{
											"name": "centerpillar-basebottom-2",
											"from": [ 0.0, 1.0, 0.0 ],
											"to": [ 0.5, 1.25, 4.5 ],
											"rotationOrigin": [ 0.0, 1.0, 0.0 ],
											"faces": {
												"north": { "texture": "#material1", "uv": [ 0.0, 0.0, 0.5, 0.5 ] },
												"east": { "texture": "#material1", "uv": [ 0.0, 0.0, 4.5, 0.5 ] },
												"south": { "texture": "#material1", "uv": [ 0.0, 0.0, 0.5, 0.5 ] },
												"west": { "texture": "#material1", "uv": [ 0.0, 0.0, 4.5, 0.5 ] },
												"up": { "texture": "#material1", "uv": [ 0.0, 0.0, 0.5, 4.5 ] },
												"down": { "texture": "#material1", "uv": [ 0.0, 0.0, 0.5, 4.5 ] }
											}
										},
										{
											"name": "centerpillar-basebottom-3",
											"from": [ 4.5, 1.0, 0.5 ],
											"to": [ 5.0, 1.25, 5.0 ],
											"rotationOrigin": [ 4.0, 1.0, 1.0 ],
											"faces": {
												"north": { "texture": "#material1", "uv": [ 0.0, 0.0, 0.5, 0.5 ] },
												"east": { "texture": "#material1", "uv": [ 0.0, 0.0, 4.5, 0.5 ] },
												"south": { "texture": "#material1", "uv": [ 0.0, 0.0, 0.5, 0.5 ] },
												"west": { "texture": "#material1", "uv": [ 0.0, 0.0, 4.5, 0.5 ] },
												"up": { "texture": "#material1", "uv": [ 0.0, 0.0, 0.5, 4.5 ] },
												"down": { "texture": "#material1", "uv": [ 0.0, 0.0, 0.5, 4.5 ] }
											}
										},
										{
											"name": "centerpillar-basebottom-4",
											"from": [ 0.5, 1.0, 0.0 ],
											"to": [ 5.0, 1.25, 0.5 ],
											"rotationOrigin": [ 0.0, 1.0, 0.0 ],
											"faces": {
												"north": { "texture": "#material1", "uv": [ 0.0, 0.0, 4.5, 0.5 ] },
												"east": { "texture": "#material1", "uv": [ 0.0, 0.0, 0.5, 0.5 ] },
												"south": { "texture": "#material1", "uv": [ 0.0, 0.0, 4.5, 0.5 ] },
												"west": { "texture": "#material1", "uv": [ 0.0, 0.0, 0.5, 0.5 ] },
												"up": { "texture": "#material1", "uv": [ 0.0, 0.0, 4.5, 0.5 ] },
												"down": { "texture": "#material1", "uv": [ 0.0, 0.0, 4.5, 0.5 ] }
											}
										},
										{
											"name": "centerpillar-basebottom-5",
											"from": [ 0.0, 1.0, 4.5 ],
											"to": [ 4.5, 1.25, 5.0 ],
											"rotationOrigin": [ 0.0, 1.0, 5.0 ],
											"faces": {
												"north": { "texture": "#material1", "uv": [ 0.0, 0.0, 4.5, 0.5 ] },
												"east": { "texture": "#material1", "uv": [ 0.0, 0.0, 0.5, 0.5 ] },
												"south": { "texture": "#material1", "uv": [ 0.0, 0.0, 4.5, 0.5 ] },
												"west": { "texture": "#material1", "uv": [ 0.0, 0.0, 0.5, 0.5 ] },
												"up": { "texture": "#material1", "uv": [ 0.0, 0.0, 4.5, 0.5 ] },
												"down": { "texture": "#material1", "uv": [ 0.0, 0.0, 4.5, 0.5 ] }
											}
										},
										{
											"name": "centerspire-1",
											"from": [ 1.7, 8.9, 1.7 ],
											"to": [ 3.3, 10.0, 3.3 ],
											"renderPass": 3,
											"rotationOrigin": [ 2.5, 8.9, 2.5 ],
											"faces": {
												"north": { "texture": "#center2obsidian", "uv": [ 0.0, 0.0, 1.5, 1.0 ] },
												"east": { "texture": "#center2obsidian", "uv": [ 0.0, 0.0, 1.5, 1.0 ] },
												"south": { "texture": "#center2obsidian", "uv": [ 0.0, 0.0, 1.5, 1.0 ] },
												"west": { "texture": "#center2obsidian", "uv": [ 0.0, 0.0, 1.5, 1.0 ] },
												"up": { "texture": "#center2obsidian", "uv": [ 0.0, 0.0, 1.5, 1.5 ] },
												"down": { "texture": "#center2obsidian", "uv": [ 0.0, 0.0, 1.5, 1.5 ] }
											},
											"children": [
												{
													"name": "centerspire-2",
													"from": [ -1.0, 0.3, -1.0 ],
													"to": [ 2.6, 0.8, 2.6 ],
													"renderPass": 3,
													"rotationOrigin": [ -1.0, 0.3, -1.0 ],
													"faces": {
														"north": { "texture": "#center2stone", "uv": [ 0.0, 0.0, 3.5, 0.5 ] },
														"east": { "texture": "#center2stone", "uv": [ 0.0, 0.0, 3.5, 0.5 ] },
														"south": { "texture": "#center2stone", "uv": [ 0.0, 0.0, 3.5, 0.5 ] },
														"west": { "texture": "#center2stone", "uv": [ 0.0, 0.0, 3.5, 0.5 ] },
														"up": { "texture": "#center2stone", "uv": [ 0.0, 0.0, 3.5, 3.5 ] },
														"down": { "texture": "#center2stone", "uv": [ 0.0, 0.0, 3.5, 3.5 ] }
													},
													"children": [
														{
															"name": "centerspire-3",
															"from": [ 1.3, 0.48, 1.3 ],
															"to": [ 2.3, 4.48, 2.3 ],
															"rotationOrigin": [ 0.8, 0.5, 0.8 ],
															"faces": {
																"north": { "texture": "#center2rustyglow", "uv": [ 1.0, 3.0, 2.0, 7.0 ], "glow": 150 },
																"east": { "texture": "#center2rustyglow", "uv": [ 2.5, 2.5, 3.5, 6.5 ], "glow": 150 },
																"south": { "texture": "#center2rustyglow", "uv": [ 5.0, 4.5, 6.0, 8.5 ], "glow": 150 },
																"west": { "texture": "#center2rustyglow", "uv": [ 8.5, 5.0, 9.5, 9.0 ], "glow": 150 },
																"up": { "texture": "#center2rustyglow", "uv": [ 4.0, 4.0, 5.0, 5.0 ], "glow": 150 },
																"down": { "texture": "#center2rustyglow", "uv": [ 5.0, 4.0, 6.0, 5.0 ], "glow": 150 }
															},
															"children": [
																{
																	"name": "centerspire-4",
																	"from": [ -0.1, 3.72, -0.1 ],
																	"to": [ 1.1, 4.72, 1.1 ],
																	"renderPass": 3,
																	"rotationOrigin": [ -0.1, 3.72, -0.1 ],
																	"faces": {
																		"north": { "texture": "#center2obsidian", "uv": [ 0.0, 0.0, 1.0, 1.0 ] },
																		"east": { "texture": "#center2obsidian", "uv": [ 0.0, 0.0, 1.0, 1.0 ] },
																		"south": { "texture": "#center2obsidian", "uv": [ 0.0, 0.0, 1.0, 1.0 ] },
																		"west": { "texture": "#center2obsidian", "uv": [ 0.0, 0.0, 1.0, 1.0 ] },
																		"up": { "texture": "#center2obsidian", "uv": [ 0.0, 0.0, 1.0, 1.0 ] },
																		"down": { "texture": "#center2obsidian", "uv": [ 0.0, 0.0, 1.0, 1.0 ] }
																	}
																}
															]
														}
													]
												},
												{
													"name": "centerspire-12",
													"from": [ -1.0, 0.2, -1.0 ],
													"to": [ 2.6, 0.9, 2.6 ],
													"renderPass": 3,
													"rotationOrigin": [ 0.8, 0.2, 0.8 ],
													"rotationY": 45.0,
													"faces": {
														"north": { "texture": "#center2stone", "uv": [ 0.0, 0.0, 3.5, 0.5 ] },
														"east": { "texture": "#center2stone", "uv": [ 0.0, 0.0, 3.5, 0.5 ] },
														"south": { "texture": "#center2stone", "uv": [ 0.0, 0.0, 3.5, 0.5 ] },
														"west": { "texture": "#center2stone", "uv": [ 0.0, 0.0, 3.5, 0.5 ] },
														"up": { "texture": "#center2stone", "uv": [ 0.0, 0.0, 3.5, 3.5 ] },
														"down": { "texture": "#center2stone", "uv": [ 0.0, 0.0, 3.5, 3.5 ] }
													}
												}
											]
										},
										{
											"name": "centerspire-6",
											"from": [ 1.7, 0.9, 1.7 ],
											"to": [ 3.3, 2.0, 3.3 ],
											"rotationOrigin": [ 2.5, 0.9, 2.5 ],
											"faces": {
												"north": { "texture": "#center1obsidian", "uv": [ 0.0, 0.0, 1.5, 1.0 ] },
												"east": { "texture": "#center1obsidian", "uv": [ 0.0, 0.0, 1.5, 1.0 ] },
												"south": { "texture": "#center1obsidian", "uv": [ 0.0, 0.0, 1.5, 1.0 ] },
												"west": { "texture": "#center1obsidian", "uv": [ 0.0, 0.0, 1.5, 1.0 ] },
												"up": { "texture": "#center1obsidian", "uv": [ 0.0, 0.0, 1.5, 1.5 ] },
												"down": { "texture": "#center1obsidian", "uv": [ 0.0, 0.0, 1.5, 1.5 ] }
											},
											"children": [
												{
													"name": "centerspire-7",
													"from": [ -1.0, 0.3, -1.0 ],
													"to": [ 2.6, 0.8, 2.6 ],
													"rotationOrigin": [ 0.8, 0.3, 0.8 ],
													"faces": {
														"north": { "texture": "#center1stone", "uv": [ 0.0, 0.0, 3.5, 0.5 ] },
														"east": { "texture": "#center1stone", "uv": [ 0.0, 0.0, 3.5, 0.5 ] },
														"south": { "texture": "#center1stone", "uv": [ 0.0, 0.0, 3.5, 0.5 ] },
														"west": { "texture": "#center1stone", "uv": [ 0.0, 0.0, 3.5, 0.5 ] },
														"up": { "texture": "#center1stone", "uv": [ 0.0, 0.0, 3.5, 3.5 ] },
														"down": { "texture": "#center1stone", "uv": [ 0.0, 0.0, 3.5, 3.5 ] }
													},
													"children": [
														{
															"name": "centerspire-11",
															"from": [ 0.0, 0.0, 0.0 ],
															"to": [ 3.6, 0.6, 3.6 ],
															"rotationOrigin": [ 1.8, 0.0, 1.8 ],
															"rotationY": 45.0,
															"faces": {
																"north": { "texture": "#center1stone", "uv": [ 0.0, 0.0, 3.5, 0.5 ] },
																"east": { "texture": "#center1stone", "uv": [ 0.0, 0.0, 3.5, 0.5 ] },
																"south": { "texture": "#center1stone", "uv": [ 0.0, 0.0, 3.5, 0.5 ] },
																"west": { "texture": "#center1stone", "uv": [ 0.0, 0.0, 3.5, 0.5 ] },
																"up": { "texture": "#center1stone", "uv": [ 0.0, 0.0, 3.5, 3.5 ] },
																"down": { "texture": "#center1stone", "uv": [ 0.0, 0.0, 3.5, 3.5 ] }
															}
														}
													]
												},
												{
													"name": "centerspire-8",
													"from": [ 0.3, 0.78, 0.3 ],
													"to": [ 1.3, 1.78, 1.3 ],
													"rotationOrigin": [ -0.2, 0.8, -0.2 ],
													"faces": {
														"north": { "texture": "#center1rustyglow", "uv": [ 0.0, 0.0, 1.0, 1.0 ] },
														"east": { "texture": "#center1rustyglow", "uv": [ 0.0, 0.0, 1.0, 1.0 ], "windMode": [-1,-1,-1,-1] },
														"south": { "texture": "#center1rustyglow", "uv": [ 0.0, 0.0, 1.0, 1.0 ] },
														"west": { "texture": "#center1rustyglow", "uv": [ 0.0, 0.0, 1.0, 1.0 ] },
														"up": { "texture": "#center1rustyglow", "uv": [ 0.0, 0.0, 1.0, 1.0 ] },
														"down": { "texture": "#center1rustyglow", "uv": [ 0.0, 0.0, 1.0, 1.0 ] }
													},
													"children": [
														{
															"name": "centerspire-9",
															"from": [ -0.1, 0.72, -0.1 ],
															"to": [ 1.1, 1.72, 1.1 ],
															"rotationOrigin": [ -0.1, 0.72, -0.1 ],
															"faces": {
																"north": { "texture": "#center1obsidian", "uv": [ 0.0, 0.0, 1.0, 1.0 ] },
																"east": { "texture": "#center1obsidian", "uv": [ 0.0, 0.0, 1.0, 1.0 ] },
																"south": { "texture": "#center1obsidian", "uv": [ 0.0, 0.0, 1.0, 1.0 ] },
																"west": { "texture": "#center1obsidian", "uv": [ 0.0, 0.0, 1.0, 1.0 ] },
																"up": { "texture": "#center1obsidian", "uv": [ 0.0, 0.0, 1.0, 1.0 ] },
																"down": { "texture": "#center1obsidian", "uv": [ 0.0, 0.0, 1.0, 1.0 ] }
															}
														}
													]
												}
											]
										}
									]
								}
							]
						},
						{
							"name": "_riftready2",
							"from": [ 0.0, 0.0, 0.0 ],
							"to": [ 0.0, 0.0, 0.0 ],
							"rotationOrigin": [ 8.0, 0.0, 8.0 ],
							"faces": {
								"north": { "texture": "#default", "uv": [ 0.0, 0.0, 0.5, 0.5 ] },
								"east": { "texture": "#default", "uv": [ 0.0, 0.0, 0.5, 0.5 ] },
								"south": { "texture": "#default", "uv": [ 0.0, 0.0, 0.5, 0.5 ] },
								"west": { "texture": "#default", "uv": [ 0.0, 0.0, 0.5, 0.5 ] },
								"up": { "texture": "#default", "uv": [ 0.0, 0.0, 0.5, 0.5 ] },
								"down": { "texture": "#default", "uv": [ 0.0, 0.0, 0.5, 0.5 ] }
							},
							"children": [
								{
									"name": "centerspire-5",
									"from": [ 7.75, 16.04, 7.75 ],
									"to": [ 8.25, 18.04, 8.25 ],
									"renderPass": 3,
									"rotationOrigin": [ 7.5, 16.05, 7.5 ],
									"faces": {
										"north": { "texture": "#center2rust", "uv": [ 1.0, 6.5, 1.5, 8.5 ], "glow": 150 },
										"east": { "texture": "#center2rust", "uv": [ 4.5, 7.0, 5.0, 9.0 ], "glow": 150 },
										"south": { "texture": "#center2rust", "uv": [ 3.5, 6.0, 4.0, 8.0 ], "glow": 150 },
										"west": { "texture": "#center2rust", "uv": [ 3.0, 4.5, 3.5, 6.5 ], "glow": 150 },
										"up": { "texture": "#center2rust", "uv": [ 5.5, 6.0, 6.0, 6.5 ], "glow": 150 },
										"down": { "texture": "#center2rust", "uv": [ 4.5, 8.0, 5.0, 8.5 ], "glow": 150 }
									}
								},
								{
									"name": "centerspire-10",
									"from": [ 10.75, 11.54, 4.75 ],
									"to": [ 11.25, 14.54, 5.25 ],
									"renderPass": 3,
									"rotationOrigin": [ 10.5, 11.55, 4.5 ],
									"faces": {
										"north": { "texture": "#center2rust", "uv": [ 1.0, 6.5, 1.5, 9.5 ], "glow": 150 },
										"east": { "texture": "#center2rust", "uv": [ 4.5, 7.0, 5.0, 10.0 ], "glow": 150 },
										"south": { "texture": "#center2rust", "uv": [ 3.5, 6.0, 4.0, 9.0 ], "glow": 150 },
										"west": { "texture": "#center2rust", "uv": [ 3.0, 4.5, 3.5, 7.5 ], "glow": 150 },
										"up": { "texture": "#center2rust", "uv": [ 5.5, 6.0, 6.0, 6.5 ], "glow": 150 },
										"down": { "texture": "#center2rust", "uv": [ 4.5, 8.0, 5.0, 8.5 ], "glow": 150 }
									}
								},
								{
									"name": "centerspire-13",
									"from": [ 10.75, 11.54, 10.75 ],
									"to": [ 11.25, 14.54, 11.25 ],
									"renderPass": 3,
									"rotationOrigin": [ 10.5, 11.55, 10.5 ],
									"faces": {
										"north": { "texture": "#center2rust", "uv": [ 1.0, 6.5, 1.5, 9.5 ], "glow": 150 },
										"east": { "texture": "#center2rust", "uv": [ 4.5, 7.0, 5.0, 10.0 ], "glow": 150 },
										"south": { "texture": "#center2rust", "uv": [ 3.5, 6.0, 4.0, 9.0 ], "glow": 150 },
										"west": { "texture": "#center2rust", "uv": [ 3.0, 4.5, 3.5, 7.5 ], "glow": 150 },
										"up": { "texture": "#center2rust", "uv": [ 5.5, 6.0, 6.0, 6.5 ], "glow": 150 },
										"down": { "texture": "#center2rust", "uv": [ 4.5, 8.0, 5.0, 8.5 ], "glow": 150 }
									}
								},
								{
									"name": "centerspire-14",
									"from": [ 4.75, 11.54, 10.75 ],
									"to": [ 5.25, 14.54, 11.25 ],
									"renderPass": 3,
									"rotationOrigin": [ 4.5, 11.55, 10.5 ],
									"faces": {
										"north": { "texture": "#center2rust", "uv": [ 1.0, 6.5, 1.5, 9.5 ], "glow": 150 },
										"east": { "texture": "#center2rust", "uv": [ 4.5, 7.0, 5.0, 10.0 ], "glow": 150 },
										"south": { "texture": "#center2rust", "uv": [ 3.5, 6.0, 4.0, 9.0 ], "glow": 150 },
										"west": { "texture": "#center2rust", "uv": [ 3.0, 4.5, 3.5, 7.5 ], "glow": 150 },
										"up": { "texture": "#center2rust", "uv": [ 5.5, 6.0, 6.0, 6.5 ], "glow": 150 },
										"down": { "texture": "#center2rust", "uv": [ 4.5, 8.0, 5.0, 8.5 ], "glow": 150 }
									}
								},
								{
									"name": "centerspire-15",
									"from": [ 4.75, 11.54, 4.75 ],
									"to": [ 5.25, 14.54, 5.25 ],
									"renderPass": 3,
									"rotationOrigin": [ 4.5, 11.55, 4.5 ],
									"faces": {
										"north": { "texture": "#center2rust", "uv": [ 1.0, 6.5, 1.5, 9.5 ], "glow": 150 },
										"east": { "texture": "#center2rust", "uv": [ 4.5, 7.0, 5.0, 10.0 ], "glow": 150 },
										"south": { "texture": "#center2rust", "uv": [ 3.5, 6.0, 4.0, 9.0 ], "glow": 150 },
										"west": { "texture": "#center2rust", "uv": [ 3.0, 4.5, 3.5, 7.5 ], "glow": 150 },
										"up": { "texture": "#center2rust", "uv": [ 5.5, 6.0, 6.0, 6.5 ], "glow": 150 },
										"down": { "texture": "#center2rust", "uv": [ 4.5, 8.0, 5.0, 8.5 ], "glow": 150 }
									}
								}
							]
						},
						{
							"name": "_riftready3",
							"from": [ 0.0, 0.0, 0.0 ],
							"to": [ 0.0, 0.0, 0.0 ],
							"rotationOrigin": [ 8.0, 0.0, 8.0 ],
							"rotationY": 90.0,
							"faces": {
								"north": { "texture": "#default", "uv": [ 0.0, 0.0, 0.5, 0.5 ] },
								"east": { "texture": "#default", "uv": [ 0.0, 0.0, 0.5, 0.5 ] },
								"south": { "texture": "#default", "uv": [ 0.0, 0.0, 0.5, 0.5 ] },
								"west": { "texture": "#default", "uv": [ 0.0, 0.0, 0.5, 0.5 ] },
								"up": { "texture": "#default", "uv": [ 0.0, 0.0, 0.5, 0.5 ] },
								"down": { "texture": "#default", "uv": [ 0.0, 0.0, 0.5, 0.5 ] }
							},
							"children": [
								{
									"name": "centerspire-21",
									"from": [ 9.75, 13.54, 5.75 ],
									"to": [ 10.25, 17.54, 6.25 ],
									"renderPass": 3,
									"rotationOrigin": [ 9.5, 13.55, 5.5 ],
									"faces": {
										"north": { "texture": "#center2rust", "uv": [ 1.0, 6.5, 1.5, 10.5 ], "glow": 150 },
										"east": { "texture": "#center2rust", "uv": [ 4.5, 7.0, 5.0, 11.0 ], "glow": 150 },
										"south": { "texture": "#center2rust", "uv": [ 3.5, 6.0, 4.0, 10.0 ], "glow": 150 },
										"west": { "texture": "#center2rust", "uv": [ 3.0, 4.5, 3.5, 8.5 ], "glow": 150 },
										"up": { "texture": "#center2rust", "uv": [ 5.5, 6.0, 6.0, 6.5 ], "glow": 150 },
										"down": { "texture": "#center2rust", "uv": [ 4.5, 8.0, 5.0, 8.5 ], "glow": 150 }
									}
								},
								{
									"name": "centerspire-22",
									"from": [ 9.75, 13.54, 9.75 ],
									"to": [ 10.25, 17.54, 10.25 ],
									"renderPass": 3,
									"rotationOrigin": [ 9.5, 13.55, 9.5 ],
									"faces": {
										"north": { "texture": "#center2rust", "uv": [ 1.0, 6.5, 1.5, 10.5 ], "glow": 150 },
										"east": { "texture": "#center2rust", "uv": [ 4.5, 7.0, 5.0, 11.0 ], "glow": 150 },
										"south": { "texture": "#center2rust", "uv": [ 3.5, 6.0, 4.0, 10.0 ], "glow": 150 },
										"west": { "texture": "#center2rust", "uv": [ 3.0, 4.5, 3.5, 8.5 ], "glow": 150 },
										"up": { "texture": "#center2rust", "uv": [ 5.5, 6.0, 6.0, 6.5 ], "glow": 150 },
										"down": { "texture": "#center2rust", "uv": [ 4.5, 8.0, 5.0, 8.5 ], "glow": 150 }
									}
								},
								{
									"name": "centerspire-23",
									"from": [ 5.75, 13.54, 9.75 ],
									"to": [ 6.25, 17.54, 10.25 ],
									"renderPass": 3,
									"rotationOrigin": [ 5.5, 13.55, 9.5 ],
									"faces": {
										"north": { "texture": "#center2rust", "uv": [ 1.0, 6.5, 1.5, 10.5 ], "glow": 150 },
										"east": { "texture": "#center2rust", "uv": [ 4.5, 7.0, 5.0, 11.0 ], "glow": 150 },
										"south": { "texture": "#center2rust", "uv": [ 3.5, 6.0, 4.0, 10.0 ], "glow": 150 },
										"west": { "texture": "#center2rust", "uv": [ 3.0, 4.5, 3.5, 8.5 ], "glow": 150 },
										"up": { "texture": "#center2rust", "uv": [ 5.5, 6.0, 6.0, 6.5 ], "glow": 150 },
										"down": { "texture": "#center2rust", "uv": [ 4.5, 8.0, 5.0, 8.5 ], "glow": 150 }
									}
								},
								{
									"name": "centerspire-24",
									"from": [ 5.75, 13.54, 5.75 ],
									"to": [ 6.25, 17.54, 6.25 ],
									"renderPass": 3,
									"rotationOrigin": [ 5.5, 13.55, 5.5 ],
									"faces": {
										"north": { "texture": "#center2rust", "uv": [ 1.0, 6.5, 1.5, 10.5 ], "glow": 150 },
										"east": { "texture": "#center2rust", "uv": [ 4.5, 7.0, 5.0, 11.0 ], "glow": 150 },
										"south": { "texture": "#center2rust", "uv": [ 3.5, 6.0, 4.0, 10.0 ], "glow": 150 },
										"west": { "texture": "#center2rust", "uv": [ 3.0, 4.5, 3.5, 8.5 ], "glow": 150 },
										"up": { "texture": "#center2rust", "uv": [ 5.5, 6.0, 6.0, 6.5 ], "glow": 150 },
										"down": { "texture": "#center2rust", "uv": [ 4.5, 8.0, 5.0, 8.5 ], "glow": 150 }
									}
								}
							]
						}
					]
				}
			]
		},
		{
			"name": "_origin123",
			"from": [ 0.0, 8.0, 0.0 ],
			"to": [ 0.0, 8.0, 0.0 ],
			"rotationOrigin": [ 8.0, 8.0, 8.0 ],
			"faces": {
				"north": { "texture": "#material1", "uv": [ 0.0, 0.0, 0.5, 0.5 ] },
				"east": { "texture": "#material1", "uv": [ 0.0, 0.0, 0.5, 0.5 ] },
				"south": { "texture": "#material1", "uv": [ 0.0, 0.0, 0.5, 0.5 ] },
				"west": { "texture": "#material1", "uv": [ 0.0, 0.0, 0.5, 0.5 ] },
				"up": { "texture": "#material1", "uv": [ 0.0, 0.0, 0.5, 0.5 ] },
				"down": { "texture": "#material1", "uv": [ 0.0, 0.0, 0.5, 0.5 ] }
			},
			"children": [
				{
					"name": "Cube124",
					"from": [ 0.0, 0.0, 0.0 ],
					"to": [ 0.0, 0.0, 0.0 ],
					"rotationOrigin": [ 8.0, 0.0, 8.0 ],
					"faces": {
						"north": { "texture": "#material1", "uv": [ 0.0, 0.0, 0.5, 0.5 ] },
						"east": { "texture": "#material1", "uv": [ 0.0, 0.0, 0.5, 0.5 ] },
						"south": { "texture": "#material1", "uv": [ 0.0, 0.0, 0.5, 0.5 ] },
						"west": { "texture": "#material1", "uv": [ 0.0, 0.0, 0.5, 0.5 ] },
						"up": { "texture": "#material1", "uv": [ 0.0, 0.0, 0.5, 0.5 ] },
						"down": { "texture": "#material1", "uv": [ 0.0, 0.0, 0.5, 0.5 ] }
					}
				},
				{
					"name": "baseanchor125",
					"from": [ 0.0, -7.0, 13.0 ],
					"to": [ 3.0, -5.0, 16.0 ],
					"rotationOrigin": [ 0.0, -7.0, 13.0 ],
					"faces": {
						"north": { "texture": "#obsidian1", "uv": [ 0.0, 0.0, 3.0, 2.0 ] },
						"east": { "texture": "#obsidian1", "uv": [ 0.0, 0.0, 3.0, 2.0 ] },
						"south": { "texture": "#obsidian1", "uv": [ 0.0, 0.0, 3.0, 2.0 ] },
						"west": { "texture": "#obsidian1", "uv": [ 0.0, 0.0, 3.0, 2.0 ] },
						"up": { "texture": "#obsidian1", "uv": [ 0.0, 0.0, 3.0, 3.0 ] },
						"down": { "texture": "#obsidian1", "uv": [ 0.0, 0.0, 3.0, 3.0 ] }
					},
					"children": [
						{
							"name": "Cube126",
							"from": [ 0.4, 2.0, 0.5 ],
							"to": [ 2.4, 8.0, 2.5 ],
							"rotationOrigin": [ 0.4, 2.0, 2.5 ],
							"rotationX": -15.0,
							"rotationY": 1.4,
							"rotationZ": -15.0,
							"faces": {
								"north": { "texture": "#manastone1", "uv": [ 0.0, 0.0, 2.0, 6.0 ] },
								"east": { "texture": "#manastone1", "uv": [ 0.0, 0.0, 2.0, 6.0 ] },
								"south": { "texture": "#manastone1", "uv": [ 0.0, 0.0, 2.0, 6.0 ] },
								"west": { "texture": "#manastone1", "uv": [ 0.0, 0.0, 2.0, 6.0 ] },
								"up": { "texture": "#manastone1", "uv": [ 0.0, 0.0, 2.0, 2.0 ] },
								"down": { "texture": "#manastone1", "uv": [ 0.0, 0.0, 2.0, 2.0 ] }
							},
							"children": [
								{
									"name": "Cube1302",
									"from": [ 0.0, 6.3, 0.0 ],
									"to": [ 2.0, 10.3, 2.0 ],
									"rotationOrigin": [ 0.0, 6.3, 2.0 ],
									"rotationX": -26.0,
									"rotationY": 4.9,
									"rotationZ": -26.0,
									"faces": {
										"north": { "texture": "#manastone1", "uv": [ 0.0, 0.0, 2.0, 4.0 ] },
										"east": { "texture": "#manastone1", "uv": [ 0.0, 0.0, 2.0, 4.0 ] },
										"south": { "texture": "#manastone1", "uv": [ 0.0, 0.0, 2.0, 4.0 ] },
										"west": { "texture": "#manastone1", "uv": [ 0.0, 0.0, 2.0, 4.0 ] },
										"up": { "texture": "#manastone1", "uv": [ 0.0, 0.0, 2.0, 2.0 ] },
										"down": { "texture": "#manastone1", "uv": [ 0.0, 0.0, 2.0, 2.0 ] }
									},
									"children": [
										{
											"name": "Cube131",
											"from": [ -0.2855, -0.8417, -0.7126 ],
											"to": [ 2.7145, 1.1583, 2.2874 ],
											"rotationOrigin": [ -0.0855, 0.1583, 2.0874 ],
											"rotationX": 12.02,
											"rotationY": 0.475,
											"rotationZ": 11.422,
											"faces": {
												"north": { "texture": "#obsidian1", "uv": [ 0.0, 0.0, 3.0, 2.0 ] },
												"east": { "texture": "#obsidian1", "uv": [ 0.0, 0.0, 3.0, 2.0 ] },
												"south": { "texture": "#obsidian1", "uv": [ 0.0, 0.0, 3.0, 2.0 ] },
												"west": { "texture": "#obsidian1", "uv": [ 0.0, 0.0, 3.0, 2.0 ] },
												"up": { "texture": "#obsidian1", "uv": [ 0.0, 0.0, 3.0, 3.0 ] },
												"down": { "texture": "#obsidian1", "uv": [ 0.0, 0.0, 3.0, 3.0 ] }
											},
											"children": [
												{
													"name": "Cube105",
													"from": [ -0.1, 0.75, -0.1 ],
													"to": [ 3.1, 1.25, 3.1 ],
													"rotationOrigin": [ -0.1, 0.5, -0.1 ],
													"faces": {
														"north": { "texture": "#rustyglow", "uv": [ 0.0, 0.0, 3.0, 0.5 ] },
														"east": { "texture": "#rustyglow", "uv": [ 0.0, 0.0, 3.0, 0.5 ] },
														"south": { "texture": "#rustyglow", "uv": [ 0.0, 0.0, 3.0, 0.5 ] },
														"west": { "texture": "#rustyglow", "uv": [ 0.0, 0.0, 3.0, 0.5 ] },
														"up": { "texture": "#rustyglow", "uv": [ 0.0, 0.0, 3.0, 3.0 ] },
														"down": { "texture": "#rustyglow", "uv": [ 0.0, 0.0, 3.0, 3.0 ] }
													}
												}
											]
										},
										{
											"name": "Cube2",
											"from": [ 0.0, 4.0, 0.0 ],
											"to": [ 2.0, 4.5, 2.0 ],
											"rotationOrigin": [ 0.0, 4.0, 0.0 ],
											"faces": {
												"north": { "texture": "#obsidian1", "uv": [ 0.0, 0.0, 2.0, 0.5 ] },
												"east": { "texture": "#obsidian1", "uv": [ 0.0, 0.0, 2.0, 0.5 ] },
												"south": { "texture": "#obsidian1", "uv": [ 0.0, 0.0, 2.0, 0.5 ] },
												"west": { "texture": "#obsidian1", "uv": [ 0.0, 0.0, 2.0, 0.5 ] },
												"up": { "texture": "#obsidian1", "uv": [ 0.0, 0.0, 2.0, 2.0 ] },
												"down": { "texture": "#obsidian1", "uv": [ 0.0, 0.0, 2.0, 2.0 ] }
											},
											"children": [
												{
													"name": "Cube3",
													"from": [ 0.25, 0.5, 0.25 ],
													"to": [ 1.75, 1.0, 1.75 ],
													"rotationOrigin": [ 0.0, 0.5, 0.2 ],
													"faces": {
														"north": { "texture": "#rustyglow", "uv": [ 0.0, 0.0, 1.5, 0.5 ] },
														"east": { "texture": "#rustyglow", "uv": [ 0.0, 0.0, 1.5, 0.5 ] },
														"south": { "texture": "#rustyglow", "uv": [ 0.0, 0.0, 1.5, 0.5 ] },
														"west": { "texture": "#rustyglow", "uv": [ 0.0, 0.0, 1.5, 0.5 ] },
														"up": { "texture": "#rustyglow", "uv": [ 0.0, 0.0, 1.5, 1.5 ] },
														"down": { "texture": "#rustyglow", "uv": [ 0.0, 0.0, 1.5, 1.5 ] }
													}
												}
											]
										}
									]
								}
							]
						},
						{
							"name": "Cube104",
							"from": [ -0.1, 0.75, -0.1 ],
							"to": [ 3.1, 1.25, 3.1 ],
							"rotationOrigin": [ -0.1, 0.7, -0.1 ],
							"faces": {
								"north": { "texture": "#rustyglow", "uv": [ 0.0, 0.0, 3.0, 0.5 ] },
								"east": { "texture": "#rustyglow", "uv": [ 0.0, 0.0, 3.0, 0.5 ] },
								"south": { "texture": "#rustyglow", "uv": [ 0.0, 0.0, 3.0, 0.5 ] },
								"west": { "texture": "#rustyglow", "uv": [ 0.0, 0.0, 3.0, 0.5 ] },
								"up": { "texture": "#rustyglow", "uv": [ 0.0, 0.0, 3.0, 3.0 ] },
								"down": { "texture": "#rustyglow", "uv": [ 0.0, 0.0, 3.0, 3.0 ] }
							}
						}
					]
				},
				{
					"name": "_outerbrace130",
					"from": [ 0.1, -6.0, -0.1 ],
					"to": [ 0.1, -6.0, -0.1 ],
					"rotationOrigin": [ 8.1, -6.0, 7.9 ],
					"rotationX": -180.0,
					"rotationZ": -180.0,
					"faces": {
						"north": { "texture": "#default", "uv": [ 0.0, 0.0, 0.5, 0.5 ] },
						"east": { "texture": "#default", "uv": [ 0.0, 0.0, 0.5, 0.5 ] },
						"south": { "texture": "#default", "uv": [ 0.0, 0.0, 0.5, 0.5 ] },
						"west": { "texture": "#default", "uv": [ 0.0, 0.0, 0.5, 0.5 ] },
						"up": { "texture": "#default", "uv": [ 0.0, 0.0, 0.5, 0.5 ] },
						"down": { "texture": "#default", "uv": [ 0.0, 0.0, 0.5, 0.5 ] }
					},
					"children": [
						{
							"name": "outerbrace4-side131",
							"from": [ 10.11, 0.0, 4.35 ],
							"to": [ 11.61, 1.0, 5.85 ],
							"rotationOrigin": [ 10.16, 0.0, 5.4 ],
							"rotationY": 0.02,
							"faces": {
								"north": { "texture": "#material2", "uv": [ 0.0, 0.0, 1.5, 1.0 ] },
								"east": { "texture": "#material2", "uv": [ 0.0, 0.0, 1.5, 1.0 ] },
								"south": { "texture": "#material2", "uv": [ 0.0, 0.0, 1.5, 1.0 ] },
								"west": { "texture": "#material2", "uv": [ 0.0, 0.0, 1.5, 1.0 ] },
								"up": { "texture": "#material2", "uv": [ 0.0, 0.0, 1.5, 1.5 ] },
								"down": { "texture": "#material2", "uv": [ 0.0, 0.0, 1.5, 1.5 ] }
							},
							"children": [
								{
									"name": "Cube139",
									"from": [ 0.0, 1.0, 0.0 ],
									"to": [ 1.5, 1.5, 1.5 ],
									"rotationOrigin": [ 0.0, 0.5, 0.0 ],
									"faces": {
										"north": { "texture": "#rustyglow", "uv": [ 0.0, 0.0, 1.5, 0.5 ] },
										"east": { "texture": "#rustyglow", "uv": [ 0.0, 0.0, 1.5, 0.5 ] },
										"south": { "texture": "#rustyglow", "uv": [ 0.0, 0.0, 1.5, 0.5 ] },
										"west": { "texture": "#rustyglow", "uv": [ 0.0, 0.0, 1.5, 0.5 ] },
										"up": { "texture": "#rustyglow", "uv": [ 0.0, 0.0, 1.5, 1.5 ] },
										"down": { "texture": "#rustyglow", "uv": [ 0.0, 0.0, 1.5, 1.5 ] }
									}
								}
							]
						},
						{
							"name": "centerpillar-brace-1",
							"from": [ 9.9, 0.0, 4.9 ],
							"to": [ 11.1, 2.5, 6.1 ],
							"rotationOrigin": [ 9.9, 0.0, 4.9 ],
							"faces": {
								"north": { "texture": "#manastone2", "uv": [ 0.0, 0.0, 1.0, 2.5 ] },
								"east": { "texture": "#manastone2", "uv": [ 0.0, 0.0, 1.0, 2.5 ] },
								"south": { "texture": "#manastone2", "uv": [ 0.0, 0.0, 1.0, 2.5 ] },
								"west": { "texture": "#manastone2", "uv": [ 0.0, 0.0, 1.0, 2.5 ] },
								"up": { "texture": "#manastone2", "uv": [ 0.0, 0.0, 1.0, 1.0 ] },
								"down": { "texture": "#manastone2", "uv": [ 0.0, 0.0, 1.0, 1.0 ] }
							},
							"children": [
								{
									"name": "Cube133",
									"from": [ 0.0, 2.5, 0.0 ],
									"to": [ 1.2, 3.0, 1.2 ],
									"rotationOrigin": [ 0.0, 3.0, 0.0 ],
									"faces": {
										"north": { "texture": "#obsidian1", "uv": [ 0.0, 0.0, 1.0, 0.5 ] },
										"east": { "texture": "#obsidian1", "uv": [ 0.0, 0.0, 1.0, 0.5 ] },
										"south": { "texture": "#obsidian1", "uv": [ 0.0, 0.0, 1.0, 0.5 ] },
										"west": { "texture": "#obsidian1", "uv": [ 0.0, 0.0, 1.0, 0.5 ] },
										"up": { "texture": "#obsidian1", "uv": [ 0.0, 0.0, 1.0, 1.0 ] },
										"down": { "texture": "#obsidian1", "uv": [ 0.0, 0.0, 1.0, 1.0 ] }
									}
								}
							]
						}
					]
				},
				{
					"name": "Cube6",
					"from": [ 5.73, -7.0, 10.725 ],
					"to": [ 6.23, -6.3, 11.225 ],
					"rotationOrigin": [ 5.725, -7.0, 10.725 ],
					"rotationX": 180.0,
					"rotationZ": 180.0,
					"faces": {
						"north": { "texture": "#rustyglow", "uv": [ 0.0, 0.0, 0.5, 0.5 ] },
						"east": { "texture": "#rustyglow", "uv": [ 0.0, 0.0, 0.5, 0.5 ] },
						"south": { "texture": "#rustyglow", "uv": [ 0.0, 0.0, 0.5, 0.5 ] },
						"west": { "texture": "#rustyglow", "uv": [ 0.0, 0.0, 0.5, 0.5 ] },
						"up": { "texture": "#rustyglow", "uv": [ 0.0, 0.0, 0.5, 0.5 ] },
						"down": { "texture": "#rustyglow", "uv": [ 0.0, 0.0, 0.5, 0.5 ] }
					},
					"children": [
						{
							"name": "tube1",
							"from": [ 0.12, 0.6, 0.125 ],
							"to": [ 0.37, 4.6, 0.375 ],
							"rotationOrigin": [ 0.12, 0.6, 0.375 ],
							"rotationX": -50.0,
							"rotationY": 25.6,
							"rotationZ": -50.0,
							"faces": {
								"north": { "texture": "#rustyglow", "uv": [ 0.0, 0.0, 0.5, 4.0 ] },
								"east": { "texture": "#rustyglow", "uv": [ 0.0, 0.0, 0.5, 4.0 ] },
								"south": { "texture": "#rustyglow", "uv": [ 0.0, 0.0, 0.5, 4.0 ] },
								"west": { "texture": "#rustyglow", "uv": [ 0.0, 0.0, 0.5, 4.0 ] },
								"up": { "texture": "#rustyglow", "uv": [ 0.0, 0.0, 0.5, 0.5 ] },
								"down": { "texture": "#rustyglow", "uv": [ 0.0, 0.0, 0.5, 0.5 ] }
							}
						},
						{
							"name": "tube2",
							"from": [ 0.12, 0.6, 0.125 ],
							"to": [ 0.37, 6.6, 0.375 ],
							"rotationOrigin": [ 0.12, 0.6, 0.375 ],
							"rotationX": -13.5,
							"rotationY": 11.0,
							"rotationZ": -13.5,
							"faces": {
								"north": { "texture": "#rustyglow", "uv": [ 0.0, 0.0, 0.5, 6.0 ] },
								"east": { "texture": "#rustyglow", "uv": [ 0.0, 0.0, 0.5, 6.0 ] },
								"south": { "texture": "#rustyglow", "uv": [ 0.0, 0.0, 0.5, 6.0 ] },
								"west": { "texture": "#rustyglow", "uv": [ 0.0, 0.0, 0.5, 6.0 ] },
								"up": { "texture": "#rustyglow", "uv": [ 0.0, 0.0, 0.5, 0.5 ] },
								"down": { "texture": "#rustyglow", "uv": [ 0.0, 0.0, 0.5, 0.5 ] }
							}
						}
					]
				}
			]
		},
		{
			"name": "_origin124",
			"from": [ 0.0, 8.0, 0.0 ],
			"to": [ 0.0, 8.0, 0.0 ],
			"rotationOrigin": [ 8.0, 8.0, 8.0 ],
			"rotationY": -180.0,
			"faces": {
				"north": { "texture": "#material1", "uv": [ 0.0, 0.0, 0.5, 0.5 ] },
				"east": { "texture": "#material1", "uv": [ 0.0, 0.0, 0.5, 0.5 ] },
				"south": { "texture": "#material1", "uv": [ 0.0, 0.0, 0.5, 0.5 ] },
				"west": { "texture": "#material1", "uv": [ 0.0, 0.0, 0.5, 0.5 ] },
				"up": { "texture": "#material1", "uv": [ 0.0, 0.0, 0.5, 0.5 ] },
				"down": { "texture": "#material1", "uv": [ 0.0, 0.0, 0.5, 0.5 ] }
			},
			"children": [
				{
					"name": "Cube125",
					"from": [ 0.0, 0.0, 0.0 ],
					"to": [ 0.0, 0.0, 0.0 ],
					"rotationOrigin": [ 8.0, 0.0, 8.0 ],
					"faces": {
						"north": { "texture": "#material1", "uv": [ 0.0, 0.0, 0.5, 0.5 ] },
						"east": { "texture": "#material1", "uv": [ 0.0, 0.0, 0.5, 0.5 ] },
						"south": { "texture": "#material1", "uv": [ 0.0, 0.0, 0.5, 0.5 ] },
						"west": { "texture": "#material1", "uv": [ 0.0, 0.0, 0.5, 0.5 ] },
						"up": { "texture": "#material1", "uv": [ 0.0, 0.0, 0.5, 0.5 ] },
						"down": { "texture": "#material1", "uv": [ 0.0, 0.0, 0.5, 0.5 ] }
					}
				},
				{
					"name": "baseanchor126",
					"from": [ 0.0, -7.0, 13.0 ],
					"to": [ 3.0, -5.0, 16.0 ],
					"rotationOrigin": [ 0.0, -7.0, 13.0 ],
					"faces": {
						"north": { "texture": "#obsidian1", "uv": [ 0.0, 0.0, 3.0, 2.0 ] },
						"east": { "texture": "#obsidian1", "uv": [ 0.0, 0.0, 3.0, 2.0 ] },
						"south": { "texture": "#obsidian1", "uv": [ 0.0, 0.0, 3.0, 2.0 ] },
						"west": { "texture": "#obsidian1", "uv": [ 0.0, 0.0, 3.0, 2.0 ] },
						"up": { "texture": "#obsidian1", "uv": [ 0.0, 0.0, 3.0, 3.0 ] },
						"down": { "texture": "#obsidian1", "uv": [ 0.0, 0.0, 3.0, 3.0 ] }
					},
					"children": [
						{
							"name": "Cube128",
							"from": [ 0.4, 2.0, 0.5 ],
							"to": [ 2.4, 8.0, 2.5 ],
							"rotationOrigin": [ 0.4, 2.0, 2.5 ],
							"rotationX": -15.0,
							"rotationY": 1.4,
							"rotationZ": -15.0,
							"faces": {
								"north": { "texture": "#manastone1", "uv": [ 0.0, 0.0, 2.0, 6.0 ] },
								"east": { "texture": "#manastone1", "uv": [ 0.0, 0.0, 2.0, 6.0 ] },
								"south": { "texture": "#manastone1", "uv": [ 0.0, 0.0, 2.0, 6.0 ] },
								"west": { "texture": "#manastone1", "uv": [ 0.0, 0.0, 2.0, 6.0 ] },
								"up": { "texture": "#manastone1", "uv": [ 0.0, 0.0, 2.0, 2.0 ] },
								"down": { "texture": "#manastone1", "uv": [ 0.0, 0.0, 2.0, 2.0 ] }
							},
							"children": [
								{
									"name": "Cube1303",
									"from": [ 0.0, 6.3, 0.0 ],
									"to": [ 2.0, 10.3, 2.0 ],
									"rotationOrigin": [ 0.0, 6.3, 2.0 ],
									"rotationX": -26.0,
									"rotationY": 4.9,
									"rotationZ": -26.0,
									"faces": {
										"north": { "texture": "#manastone1", "uv": [ 0.0, 0.0, 2.0, 4.0 ] },
										"east": { "texture": "#manastone1", "uv": [ 0.0, 0.0, 2.0, 4.0 ] },
										"south": { "texture": "#manastone1", "uv": [ 0.0, 0.0, 2.0, 4.0 ] },
										"west": { "texture": "#manastone1", "uv": [ 0.0, 0.0, 2.0, 4.0 ] },
										"up": { "texture": "#manastone1", "uv": [ 0.0, 0.0, 2.0, 2.0 ] },
										"down": { "texture": "#manastone1", "uv": [ 0.0, 0.0, 2.0, 2.0 ] }
									},
									"children": [
										{
											"name": "Cube132",
											"from": [ -0.2855, -0.8417, -0.7126 ],
											"to": [ 2.7145, 1.1583, 2.2874 ],
											"rotationOrigin": [ -0.0855, 0.1583, 2.0874 ],
											"rotationX": 12.02,
											"rotationY": 0.475,
											"rotationZ": 11.422,
											"faces": {
												"north": { "texture": "#obsidian1", "uv": [ 0.0, 0.0, 3.0, 2.0 ] },
												"east": { "texture": "#obsidian1", "uv": [ 0.0, 0.0, 3.0, 2.0 ] },
												"south": { "texture": "#obsidian1", "uv": [ 0.0, 0.0, 3.0, 2.0 ] },
												"west": { "texture": "#obsidian1", "uv": [ 0.0, 0.0, 3.0, 2.0 ] },
												"up": { "texture": "#obsidian1", "uv": [ 0.0, 0.0, 3.0, 3.0 ] },
												"down": { "texture": "#obsidian1", "uv": [ 0.0, 0.0, 3.0, 3.0 ] }
											},
											"children": [
												{
													"name": "Cube111",
													"from": [ -0.1, 0.75, -0.1 ],
													"to": [ 3.1, 1.25, 3.1 ],
													"rotationOrigin": [ -0.1, 0.5, -0.1 ],
													"faces": {
														"north": { "texture": "#rustyglow", "uv": [ 0.0, 0.0, 3.0, 0.5 ] },
														"east": { "texture": "#rustyglow", "uv": [ 0.0, 0.0, 3.0, 0.5 ] },
														"south": { "texture": "#rustyglow", "uv": [ 0.0, 0.0, 3.0, 0.5 ] },
														"west": { "texture": "#rustyglow", "uv": [ 0.0, 0.0, 3.0, 0.5 ] },
														"up": { "texture": "#rustyglow", "uv": [ 0.0, 0.0, 3.0, 3.0 ] },
														"down": { "texture": "#rustyglow", "uv": [ 0.0, 0.0, 3.0, 3.0 ] }
													}
												}
											]
										},
										{
											"name": "Cube8",
											"from": [ 0.0, 4.0, 0.0 ],
											"to": [ 2.0, 4.5, 2.0 ],
											"rotationOrigin": [ 0.0, 4.0, 0.0 ],
											"faces": {
												"north": { "texture": "#obsidian1", "uv": [ 0.0, 0.0, 2.0, 0.5 ] },
												"east": { "texture": "#obsidian1", "uv": [ 0.0, 0.0, 2.0, 0.5 ] },
												"south": { "texture": "#obsidian1", "uv": [ 0.0, 0.0, 2.0, 0.5 ] },
												"west": { "texture": "#obsidian1", "uv": [ 0.0, 0.0, 2.0, 0.5 ] },
												"up": { "texture": "#obsidian1", "uv": [ 0.0, 0.0, 2.0, 2.0 ] },
												"down": { "texture": "#obsidian1", "uv": [ 0.0, 0.0, 2.0, 2.0 ] }
											},
											"children": [
												{
													"name": "Cube9",
													"from": [ 0.25, 0.5, 0.25 ],
													"to": [ 1.75, 1.0, 1.75 ],
													"rotationOrigin": [ 0.0, 0.5, 0.2 ],
													"faces": {
														"north": { "texture": "#rustyglow", "uv": [ 0.0, 0.0, 1.5, 0.5 ] },
														"east": { "texture": "#rustyglow", "uv": [ 0.0, 0.0, 1.5, 0.5 ] },
														"south": { "texture": "#rustyglow", "uv": [ 0.0, 0.0, 1.5, 0.5 ] },
														"west": { "texture": "#rustyglow", "uv": [ 0.0, 0.0, 1.5, 0.5 ] },
														"up": { "texture": "#rustyglow", "uv": [ 0.0, 0.0, 1.5, 1.5 ] },
														"down": { "texture": "#rustyglow", "uv": [ 0.0, 0.0, 1.5, 1.5 ] }
													}
												}
											]
										}
									]
								}
							]
						},
						{
							"name": "Cube112",
							"from": [ -0.1, 0.75, -0.1 ],
							"to": [ 3.1, 1.25, 3.1 ],
							"rotationOrigin": [ -0.1, 0.7, -0.1 ],
							"faces": {
								"north": { "texture": "#rustyglow", "uv": [ 0.0, 0.0, 3.0, 0.5 ] },
								"east": { "texture": "#rustyglow", "uv": [ 0.0, 0.0, 3.0, 0.5 ] },
								"south": { "texture": "#rustyglow", "uv": [ 0.0, 0.0, 3.0, 0.5 ] },
								"west": { "texture": "#rustyglow", "uv": [ 0.0, 0.0, 3.0, 0.5 ] },
								"up": { "texture": "#rustyglow", "uv": [ 0.0, 0.0, 3.0, 3.0 ] },
								"down": { "texture": "#rustyglow", "uv": [ 0.0, 0.0, 3.0, 3.0 ] }
							}
						}
					]
				},
				{
					"name": "_outerbrace131",
					"from": [ 0.1, -6.0, -0.1 ],
					"to": [ 0.1, -6.0, -0.1 ],
					"rotationOrigin": [ 8.1, -6.0, 7.9 ],
					"rotationX": -180.0,
					"rotationZ": -180.0,
					"faces": {
						"north": { "texture": "#default", "uv": [ 0.0, 0.0, 0.5, 0.5 ] },
						"east": { "texture": "#default", "uv": [ 0.0, 0.0, 0.5, 0.5 ] },
						"south": { "texture": "#default", "uv": [ 0.0, 0.0, 0.5, 0.5 ] },
						"west": { "texture": "#default", "uv": [ 0.0, 0.0, 0.5, 0.5 ] },
						"up": { "texture": "#default", "uv": [ 0.0, 0.0, 0.5, 0.5 ] },
						"down": { "texture": "#default", "uv": [ 0.0, 0.0, 0.5, 0.5 ] }
					},
					"children": [
						{
							"name": "outerbrace4-side132",
							"from": [ 10.11, 0.0, 4.35 ],
							"to": [ 11.61, 1.0, 5.85 ],
							"rotationOrigin": [ 10.16, 0.0, 5.4 ],
							"rotationY": 0.02,
							"faces": {
								"north": { "texture": "#material2", "uv": [ 0.0, 0.0, 1.5, 1.0 ] },
								"east": { "texture": "#material2", "uv": [ 0.0, 0.0, 1.5, 1.0 ] },
								"south": { "texture": "#material2", "uv": [ 0.0, 0.0, 1.5, 1.0 ] },
								"west": { "texture": "#material2", "uv": [ 0.0, 0.0, 1.5, 1.0 ] },
								"up": { "texture": "#material2", "uv": [ 0.0, 0.0, 1.5, 1.5 ] },
								"down": { "texture": "#material2", "uv": [ 0.0, 0.0, 1.5, 1.5 ] }
							},
							"children": [
								{
									"name": "Cube140",
									"from": [ 0.0, 1.0, 0.0 ],
									"to": [ 1.5, 1.5, 1.5 ],
									"rotationOrigin": [ 0.0, 0.5, 0.0 ],
									"faces": {
										"north": { "texture": "#rustyglow", "uv": [ 0.0, 0.0, 1.5, 0.5 ] },
										"east": { "texture": "#rustyglow", "uv": [ 0.0, 0.0, 1.5, 0.5 ] },
										"south": { "texture": "#rustyglow", "uv": [ 0.0, 0.0, 1.5, 0.5 ] },
										"west": { "texture": "#rustyglow", "uv": [ 0.0, 0.0, 1.5, 0.5 ] },
										"up": { "texture": "#rustyglow", "uv": [ 0.0, 0.0, 1.5, 1.5 ] },
										"down": { "texture": "#rustyglow", "uv": [ 0.0, 0.0, 1.5, 1.5 ] }
									}
								}
							]
						},
						{
							"name": "centerpillar-brace-2",
							"from": [ 9.9, 0.0, 4.9 ],
							"to": [ 11.1, 2.5, 6.1 ],
							"rotationOrigin": [ 9.9, 0.0, 4.9 ],
							"faces": {
								"north": { "texture": "#manastone2", "uv": [ 0.0, 0.0, 1.0, 2.5 ] },
								"east": { "texture": "#manastone2", "uv": [ 0.0, 0.0, 1.0, 2.5 ] },
								"south": { "texture": "#manastone2", "uv": [ 0.0, 0.0, 1.0, 2.5 ] },
								"west": { "texture": "#manastone2", "uv": [ 0.0, 0.0, 1.0, 2.5 ] },
								"up": { "texture": "#manastone2", "uv": [ 0.0, 0.0, 1.0, 1.0 ] },
								"down": { "texture": "#manastone2", "uv": [ 0.0, 0.0, 1.0, 1.0 ] }
							},
							"children": [
								{
									"name": "Cube135",
									"from": [ 0.0, 2.5, 0.0 ],
									"to": [ 1.2, 3.0, 1.2 ],
									"rotationOrigin": [ 0.0, 3.0, 0.0 ],
									"faces": {
										"north": { "texture": "#obsidian1", "uv": [ 0.0, 0.0, 1.0, 0.5 ] },
										"east": { "texture": "#obsidian1", "uv": [ 0.0, 0.0, 1.0, 0.5 ] },
										"south": { "texture": "#obsidian1", "uv": [ 0.0, 0.0, 1.0, 0.5 ] },
										"west": { "texture": "#obsidian1", "uv": [ 0.0, 0.0, 1.0, 0.5 ] },
										"up": { "texture": "#obsidian1", "uv": [ 0.0, 0.0, 1.0, 1.0 ] },
										"down": { "texture": "#obsidian1", "uv": [ 0.0, 0.0, 1.0, 1.0 ] }
									}
								}
							]
						}
					]
				},
				{
					"name": "Cube13",
					"from": [ 5.73, -7.0, 10.725 ],
					"to": [ 6.23, -6.3, 11.225 ],
					"rotationOrigin": [ 5.725, -7.0, 10.725 ],
					"rotationX": 180.0,
					"rotationZ": 180.0,
					"faces": {
						"north": { "texture": "#rustyglow", "uv": [ 0.0, 0.0, 0.5, 0.5 ] },
						"east": { "texture": "#rustyglow", "uv": [ 0.0, 0.0, 0.5, 0.5 ] },
						"south": { "texture": "#rustyglow", "uv": [ 0.0, 0.0, 0.5, 0.5 ] },
						"west": { "texture": "#rustyglow", "uv": [ 0.0, 0.0, 0.5, 0.5 ] },
						"up": { "texture": "#rustyglow", "uv": [ 0.0, 0.0, 0.5, 0.5 ] },
						"down": { "texture": "#rustyglow", "uv": [ 0.0, 0.0, 0.5, 0.5 ] }
					},
					"children": [
						{
							"name": "tube3",
							"from": [ 0.12, 0.6, 0.125 ],
							"to": [ 0.37, 4.6, 0.375 ],
							"rotationOrigin": [ 0.12, 0.6, 0.375 ],
							"rotationX": -50.0,
							"rotationY": 25.6,
							"rotationZ": -50.0,
							"faces": {
								"north": { "texture": "#rustyglow", "uv": [ 0.0, 0.0, 0.5, 4.0 ] },
								"east": { "texture": "#rustyglow", "uv": [ 0.0, 0.0, 0.5, 4.0 ] },
								"south": { "texture": "#rustyglow", "uv": [ 0.0, 0.0, 0.5, 4.0 ] },
								"west": { "texture": "#rustyglow", "uv": [ 0.0, 0.0, 0.5, 4.0 ] },
								"up": { "texture": "#rustyglow", "uv": [ 0.0, 0.0, 0.5, 0.5 ] },
								"down": { "texture": "#rustyglow", "uv": [ 0.0, 0.0, 0.5, 0.5 ] }
							}
						},
						{
							"name": "tube4",
							"from": [ 0.12, 0.6, 0.125 ],
							"to": [ 0.37, 6.6, 0.375 ],
							"rotationOrigin": [ 0.12, 0.6, 0.375 ],
							"rotationX": -13.5,
							"rotationY": 11.0,
							"rotationZ": -13.5,
							"faces": {
								"north": { "texture": "#rustyglow", "uv": [ 0.0, 0.0, 0.5, 6.0 ] },
								"east": { "texture": "#rustyglow", "uv": [ 0.0, 0.0, 0.5, 6.0 ] },
								"south": { "texture": "#rustyglow", "uv": [ 0.0, 0.0, 0.5, 6.0 ] },
								"west": { "texture": "#rustyglow", "uv": [ 0.0, 0.0, 0.5, 6.0 ] },
								"up": { "texture": "#rustyglow", "uv": [ 0.0, 0.0, 0.5, 0.5 ] },
								"down": { "texture": "#rustyglow", "uv": [ 0.0, 0.0, 0.5, 0.5 ] }
							}
						}
					]
				}
			]
		},
		{
			"name": "_origin125",
			"from": [ 0.0, 8.0, 0.0 ],
			"to": [ 0.0, 8.0, 0.0 ],
			"rotationOrigin": [ 8.0, 8.0, 8.0 ],
			"rotationY": -90.0,
			"faces": {
				"north": { "texture": "#material1", "uv": [ 0.0, 0.0, 0.5, 0.5 ] },
				"east": { "texture": "#material1", "uv": [ 0.0, 0.0, 0.5, 0.5 ] },
				"south": { "texture": "#material1", "uv": [ 0.0, 0.0, 0.5, 0.5 ] },
				"west": { "texture": "#material1", "uv": [ 0.0, 0.0, 0.5, 0.5 ] },
				"up": { "texture": "#material1", "uv": [ 0.0, 0.0, 0.5, 0.5 ] },
				"down": { "texture": "#material1", "uv": [ 0.0, 0.0, 0.5, 0.5 ] }
			},
			"children": [
				{
					"name": "Cube129",
					"from": [ 0.0, 0.0, 0.0 ],
					"to": [ 0.0, 0.0, 0.0 ],
					"rotationOrigin": [ 8.0, 0.0, 8.0 ],
					"faces": {
						"north": { "texture": "#material1", "uv": [ 0.0, 0.0, 0.5, 0.5 ] },
						"east": { "texture": "#material1", "uv": [ 0.0, 0.0, 0.5, 0.5 ] },
						"south": { "texture": "#material1", "uv": [ 0.0, 0.0, 0.5, 0.5 ] },
						"west": { "texture": "#material1", "uv": [ 0.0, 0.0, 0.5, 0.5 ] },
						"up": { "texture": "#material1", "uv": [ 0.0, 0.0, 0.5, 0.5 ] },
						"down": { "texture": "#material1", "uv": [ 0.0, 0.0, 0.5, 0.5 ] }
					}
				},
				{
					"name": "baseanchor127",
					"from": [ 0.0, -7.0, 13.0 ],
					"to": [ 3.0, -5.0, 16.0 ],
					"rotationOrigin": [ 0.0, -7.0, 13.0 ],
					"faces": {
						"north": { "texture": "#obsidian1", "uv": [ 0.0, 0.0, 3.0, 2.0 ] },
						"east": { "texture": "#obsidian1", "uv": [ 0.0, 0.0, 3.0, 2.0 ] },
						"south": { "texture": "#obsidian1", "uv": [ 0.0, 0.0, 3.0, 2.0 ] },
						"west": { "texture": "#obsidian1", "uv": [ 0.0, 0.0, 3.0, 2.0 ] },
						"up": { "texture": "#obsidian1", "uv": [ 0.0, 0.0, 3.0, 3.0 ] },
						"down": { "texture": "#obsidian1", "uv": [ 0.0, 0.0, 3.0, 3.0 ] }
					},
					"children": [
						{
							"name": "Cube136",
							"from": [ 0.4, 2.0, 0.5 ],
							"to": [ 2.4, 8.0, 2.5 ],
							"rotationOrigin": [ 0.4, 2.0, 2.5 ],
							"rotationX": -15.0,
							"rotationY": 1.4,
							"rotationZ": -15.0,
							"faces": {
								"north": { "texture": "#manastone1", "uv": [ 0.0, 0.0, 2.0, 6.0 ] },
								"east": { "texture": "#manastone1", "uv": [ 0.0, 0.0, 2.0, 6.0 ] },
								"south": { "texture": "#manastone1", "uv": [ 0.0, 0.0, 2.0, 6.0 ] },
								"west": { "texture": "#manastone1", "uv": [ 0.0, 0.0, 2.0, 6.0 ] },
								"up": { "texture": "#manastone1", "uv": [ 0.0, 0.0, 2.0, 2.0 ] },
								"down": { "texture": "#manastone1", "uv": [ 0.0, 0.0, 2.0, 2.0 ] }
							},
							"children": [
								{
									"name": "Cube1304",
									"from": [ 0.0, 6.3, 0.0 ],
									"to": [ 2.0, 10.3, 2.0 ],
									"rotationOrigin": [ 0.0, 6.3, 2.0 ],
									"rotationX": -26.0,
									"rotationY": 4.9,
									"rotationZ": -26.0,
									"faces": {
										"north": { "texture": "#manastone1", "uv": [ 0.0, 0.0, 2.0, 4.0 ] },
										"east": { "texture": "#manastone1", "uv": [ 0.0, 0.0, 2.0, 4.0 ] },
										"south": { "texture": "#manastone1", "uv": [ 0.0, 0.0, 2.0, 4.0 ] },
										"west": { "texture": "#manastone1", "uv": [ 0.0, 0.0, 2.0, 4.0 ] },
										"up": { "texture": "#manastone1", "uv": [ 0.0, 0.0, 2.0, 2.0 ] },
										"down": { "texture": "#manastone1", "uv": [ 0.0, 0.0, 2.0, 2.0 ] }
									},
									"children": [
										{
											"name": "Cube141",
											"from": [ -0.2855, -0.8417, -0.7126 ],
											"to": [ 2.7145, 1.1583, 2.2874 ],
											"rotationOrigin": [ -0.0855, 0.1583, 2.0874 ],
											"rotationX": 12.02,
											"rotationY": 0.475,
											"rotationZ": 11.422,
											"faces": {
												"north": { "texture": "#obsidian1", "uv": [ 0.0, 0.0, 3.0, 2.0 ] },
												"east": { "texture": "#obsidian1", "uv": [ 0.0, 0.0, 3.0, 2.0 ] },
												"south": { "texture": "#obsidian1", "uv": [ 0.0, 0.0, 3.0, 2.0 ] },
												"west": { "texture": "#obsidian1", "uv": [ 0.0, 0.0, 3.0, 2.0 ] },
												"up": { "texture": "#obsidian1", "uv": [ 0.0, 0.0, 3.0, 3.0 ] },
												"down": { "texture": "#obsidian1", "uv": [ 0.0, 0.0, 3.0, 3.0 ] }
											},
											"children": [
												{
													"name": "Cube114",
													"from": [ -0.1, 0.75, -0.1 ],
													"to": [ 3.1, 1.25, 3.1 ],
													"rotationOrigin": [ -0.1, 0.5, -0.1 ],
													"faces": {
														"north": { "texture": "#rustyglow", "uv": [ 0.0, 0.0, 3.0, 0.5 ] },
														"east": { "texture": "#rustyglow", "uv": [ 0.0, 0.0, 3.0, 0.5 ] },
														"south": { "texture": "#rustyglow", "uv": [ 0.0, 0.0, 3.0, 0.5 ] },
														"west": { "texture": "#rustyglow", "uv": [ 0.0, 0.0, 3.0, 0.5 ] },
														"up": { "texture": "#rustyglow", "uv": [ 0.0, 0.0, 3.0, 3.0 ] },
														"down": { "texture": "#rustyglow", "uv": [ 0.0, 0.0, 3.0, 3.0 ] }
													}
												}
											]
										},
										{
											"name": "Cube14",
											"from": [ 0.0, 4.0, 0.0 ],
											"to": [ 2.0, 4.5, 2.0 ],
											"rotationOrigin": [ 0.0, 4.0, 0.0 ],
											"faces": {
												"north": { "texture": "#obsidian1", "uv": [ 0.0, 0.0, 2.0, 0.5 ] },
												"east": { "texture": "#obsidian1", "uv": [ 0.0, 0.0, 2.0, 0.5 ] },
												"south": { "texture": "#obsidian1", "uv": [ 0.0, 0.0, 2.0, 0.5 ] },
												"west": { "texture": "#obsidian1", "uv": [ 0.0, 0.0, 2.0, 0.5 ] },
												"up": { "texture": "#obsidian1", "uv": [ 0.0, 0.0, 2.0, 2.0 ] },
												"down": { "texture": "#obsidian1", "uv": [ 0.0, 0.0, 2.0, 2.0 ] }
											},
											"children": [
												{
													"name": "Cube15",
													"from": [ 0.25, 0.5, 0.25 ],
													"to": [ 1.75, 1.0, 1.75 ],
													"rotationOrigin": [ 0.0, 0.5, 0.2 ],
													"faces": {
														"north": { "texture": "#rustyglow", "uv": [ 0.0, 0.0, 1.5, 0.5 ] },
														"east": { "texture": "#rustyglow", "uv": [ 0.0, 0.0, 1.5, 0.5 ] },
														"south": { "texture": "#rustyglow", "uv": [ 0.0, 0.0, 1.5, 0.5 ] },
														"west": { "texture": "#rustyglow", "uv": [ 0.0, 0.0, 1.5, 0.5 ] },
														"up": { "texture": "#rustyglow", "uv": [ 0.0, 0.0, 1.5, 1.5 ] },
														"down": { "texture": "#rustyglow", "uv": [ 0.0, 0.0, 1.5, 1.5 ] }
													}
												}
											]
										}
									]
								}
							]
						},
						{
							"name": "Cube115",
							"from": [ -0.1, 0.75, -0.1 ],
							"to": [ 3.1, 1.25, 3.1 ],
							"rotationOrigin": [ -0.1, 0.7, -0.1 ],
							"faces": {
								"north": { "texture": "#rustyglow", "uv": [ 0.0, 0.0, 3.0, 0.5 ] },
								"east": { "texture": "#rustyglow", "uv": [ 0.0, 0.0, 3.0, 0.5 ] },
								"south": { "texture": "#rustyglow", "uv": [ 0.0, 0.0, 3.0, 0.5 ] },
								"west": { "texture": "#rustyglow", "uv": [ 0.0, 0.0, 3.0, 0.5 ] },
								"up": { "texture": "#rustyglow", "uv": [ 0.0, 0.0, 3.0, 3.0 ] },
								"down": { "texture": "#rustyglow", "uv": [ 0.0, 0.0, 3.0, 3.0 ] }
							}
						}
					]
				},
				{
					"name": "_outerbrace132",
					"from": [ 0.1, -6.0, -0.1 ],
					"to": [ 0.1, -6.0, -0.1 ],
					"rotationOrigin": [ 8.1, -6.0, 7.9 ],
					"rotationX": -180.0,
					"rotationZ": -180.0,
					"faces": {
						"north": { "texture": "#default", "uv": [ 0.0, 0.0, 0.5, 0.5 ] },
						"east": { "texture": "#default", "uv": [ 0.0, 0.0, 0.5, 0.5 ] },
						"south": { "texture": "#default", "uv": [ 0.0, 0.0, 0.5, 0.5 ] },
						"west": { "texture": "#default", "uv": [ 0.0, 0.0, 0.5, 0.5 ] },
						"up": { "texture": "#default", "uv": [ 0.0, 0.0, 0.5, 0.5 ] },
						"down": { "texture": "#default", "uv": [ 0.0, 0.0, 0.5, 0.5 ] }
					},
					"children": [
						{
							"name": "outerbrace4-side133",
							"from": [ 10.11, 0.0, 4.35 ],
							"to": [ 11.61, 1.0, 5.85 ],
							"rotationOrigin": [ 10.16, 0.0, 5.4 ],
							"rotationY": 0.02,
							"faces": {
								"north": { "texture": "#material2", "uv": [ 0.0, 0.0, 1.5, 1.0 ] },
								"east": { "texture": "#material2", "uv": [ 0.0, 0.0, 1.5, 1.0 ] },
								"south": { "texture": "#material2", "uv": [ 0.0, 0.0, 1.5, 1.0 ] },
								"west": { "texture": "#material2", "uv": [ 0.0, 0.0, 1.5, 1.0 ] },
								"up": { "texture": "#material2", "uv": [ 0.0, 0.0, 1.5, 1.5 ] },
								"down": { "texture": "#material2", "uv": [ 0.0, 0.0, 1.5, 1.5 ] }
							},
							"children": [
								{
									"name": "Cube143",
									"from": [ 0.0, 1.0, 0.0 ],
									"to": [ 1.5, 1.5, 1.5 ],
									"rotationOrigin": [ 0.0, 0.5, 0.0 ],
									"faces": {
										"north": { "texture": "#rustyglow", "uv": [ 0.0, 0.0, 1.5, 0.5 ] },
										"east": { "texture": "#rustyglow", "uv": [ 0.0, 0.0, 1.5, 0.5 ] },
										"south": { "texture": "#rustyglow", "uv": [ 0.0, 0.0, 1.5, 0.5 ] },
										"west": { "texture": "#rustyglow", "uv": [ 0.0, 0.0, 1.5, 0.5 ] },
										"up": { "texture": "#rustyglow", "uv": [ 0.0, 0.0, 1.5, 1.5 ] },
										"down": { "texture": "#rustyglow", "uv": [ 0.0, 0.0, 1.5, 1.5 ] }
									}
								}
							]
						},
						{
							"name": "centerpillar-brace-3",
							"from": [ 9.9, 0.0, 4.9 ],
							"to": [ 11.1, 2.5, 6.1 ],
							"rotationOrigin": [ 9.9, 0.0, 4.9 ],
							"faces": {
								"north": { "texture": "#manastone2", "uv": [ 0.0, 0.0, 1.0, 2.5 ] },
								"east": { "texture": "#manastone2", "uv": [ 0.0, 0.0, 1.0, 2.5 ] },
								"south": { "texture": "#manastone2", "uv": [ 0.0, 0.0, 1.0, 2.5 ] },
								"west": { "texture": "#manastone2", "uv": [ 0.0, 0.0, 1.0, 2.5 ] },
								"up": { "texture": "#manastone2", "uv": [ 0.0, 0.0, 1.0, 1.0 ] },
								"down": { "texture": "#manastone2", "uv": [ 0.0, 0.0, 1.0, 1.0 ] }
							},
							"children": [
								{
									"name": "Cube149",
									"from": [ 0.0, 2.5, 0.0 ],
									"to": [ 1.2, 3.0, 1.2 ],
									"rotationOrigin": [ 0.0, 3.0, 0.0 ],
									"faces": {
										"north": { "texture": "#obsidian1", "uv": [ 0.0, 0.0, 1.0, 0.5 ] },
										"east": { "texture": "#obsidian1", "uv": [ 0.0, 0.0, 1.0, 0.5 ] },
										"south": { "texture": "#obsidian1", "uv": [ 0.0, 0.0, 1.0, 0.5 ] },
										"west": { "texture": "#obsidian1", "uv": [ 0.0, 0.0, 1.0, 0.5 ] },
										"up": { "texture": "#obsidian1", "uv": [ 0.0, 0.0, 1.0, 1.0 ] },
										"down": { "texture": "#obsidian1", "uv": [ 0.0, 0.0, 1.0, 1.0 ] }
									}
								}
							]
						}
					]
				},
				{
					"name": "Cube19",
					"from": [ 5.73, -7.0, 10.725 ],
					"to": [ 6.23, -6.3, 11.225 ],
					"rotationOrigin": [ 5.725, -7.0, 10.725 ],
					"rotationX": 180.0,
					"rotationZ": 180.0,
					"faces": {
						"north": { "texture": "#rustyglow", "uv": [ 0.0, 0.0, 0.5, 0.5 ] },
						"east": { "texture": "#rustyglow", "uv": [ 0.0, 0.0, 0.5, 0.5 ] },
						"south": { "texture": "#rustyglow", "uv": [ 0.0, 0.0, 0.5, 0.5 ] },
						"west": { "texture": "#rustyglow", "uv": [ 0.0, 0.0, 0.5, 0.5 ] },
						"up": { "texture": "#rustyglow", "uv": [ 0.0, 0.0, 0.5, 0.5 ] },
						"down": { "texture": "#rustyglow", "uv": [ 0.0, 0.0, 0.5, 0.5 ] }
					},
					"children": [
						{
							"name": "tube5",
							"from": [ 0.12, 0.6, 0.125 ],
							"to": [ 0.37, 4.6, 0.375 ],
							"rotationOrigin": [ 0.12, 0.6, 0.375 ],
							"rotationX": -50.0,
							"rotationY": 25.6,
							"rotationZ": -50.0,
							"faces": {
								"north": { "texture": "#rustyglow", "uv": [ 0.0, 0.0, 0.5, 4.0 ] },
								"east": { "texture": "#rustyglow", "uv": [ 0.0, 0.0, 0.5, 4.0 ] },
								"south": { "texture": "#rustyglow", "uv": [ 0.0, 0.0, 0.5, 4.0 ] },
								"west": { "texture": "#rustyglow", "uv": [ 0.0, 0.0, 0.5, 4.0 ] },
								"up": { "texture": "#rustyglow", "uv": [ 0.0, 0.0, 0.5, 0.5 ] },
								"down": { "texture": "#rustyglow", "uv": [ 0.0, 0.0, 0.5, 0.5 ] }
							}
						},
						{
							"name": "tube6",
							"from": [ 0.12, 0.6, 0.125 ],
							"to": [ 0.37, 6.6, 0.375 ],
							"rotationOrigin": [ 0.12, 0.6, 0.375 ],
							"rotationX": -13.5,
							"rotationY": 11.0,
							"rotationZ": -13.5,
							"faces": {
								"north": { "texture": "#rustyglow", "uv": [ 0.0, 0.0, 0.5, 6.0 ] },
								"east": { "texture": "#rustyglow", "uv": [ 0.0, 0.0, 0.5, 6.0 ] },
								"south": { "texture": "#rustyglow", "uv": [ 0.0, 0.0, 0.5, 6.0 ] },
								"west": { "texture": "#rustyglow", "uv": [ 0.0, 0.0, 0.5, 6.0 ] },
								"up": { "texture": "#rustyglow", "uv": [ 0.0, 0.0, 0.5, 0.5 ] },
								"down": { "texture": "#rustyglow", "uv": [ 0.0, 0.0, 0.5, 0.5 ] }
							}
						}
					]
				}
			]
		},
		{
			"name": "_origin126",
			"from": [ 0.0, 8.0, 0.0 ],
			"to": [ 0.0, 8.0, 0.0 ],
			"rotationOrigin": [ 8.0, 8.0, 8.0 ],
			"rotationY": 90.0,
			"faces": {
				"north": { "texture": "#material1", "uv": [ 0.0, 0.0, 0.5, 0.5 ] },
				"east": { "texture": "#material1", "uv": [ 0.0, 0.0, 0.5, 0.5 ] },
				"south": { "texture": "#material1", "uv": [ 0.0, 0.0, 0.5, 0.5 ] },
				"west": { "texture": "#material1", "uv": [ 0.0, 0.0, 0.5, 0.5 ] },
				"up": { "texture": "#material1", "uv": [ 0.0, 0.0, 0.5, 0.5 ] },
				"down": { "texture": "#material1", "uv": [ 0.0, 0.0, 0.5, 0.5 ] }
			},
			"children": [
				{
					"name": "Cube150",
					"from": [ 0.0, 0.0, 0.0 ],
					"to": [ 0.0, 0.0, 0.0 ],
					"rotationOrigin": [ 8.0, 0.0, 8.0 ],
					"faces": {
						"north": { "texture": "#material1", "uv": [ 0.0, 0.0, 0.5, 0.5 ] },
						"east": { "texture": "#material1", "uv": [ 0.0, 0.0, 0.5, 0.5 ] },
						"south": { "texture": "#material1", "uv": [ 0.0, 0.0, 0.5, 0.5 ] },
						"west": { "texture": "#material1", "uv": [ 0.0, 0.0, 0.5, 0.5 ] },
						"up": { "texture": "#material1", "uv": [ 0.0, 0.0, 0.5, 0.5 ] },
						"down": { "texture": "#material1", "uv": [ 0.0, 0.0, 0.5, 0.5 ] }
					}
				},
				{
					"name": "baseanchor128",
					"from": [ 0.0, -7.0, 13.0 ],
					"to": [ 3.0, -5.0, 16.0 ],
					"rotationOrigin": [ 0.0, -7.0, 13.0 ],
					"faces": {
						"north": { "texture": "#obsidian1", "uv": [ 0.0, 0.0, 3.0, 2.0 ] },
						"east": { "texture": "#obsidian1", "uv": [ 0.0, 0.0, 3.0, 2.0 ] },
						"south": { "texture": "#obsidian1", "uv": [ 0.0, 0.0, 3.0, 2.0 ] },
						"west": { "texture": "#obsidian1", "uv": [ 0.0, 0.0, 3.0, 2.0 ] },
						"up": { "texture": "#obsidian1", "uv": [ 0.0, 0.0, 3.0, 3.0 ] },
						"down": { "texture": "#obsidian1", "uv": [ 0.0, 0.0, 3.0, 3.0 ] }
					},
					"children": [
						{
							"name": "Cube151",
							"from": [ 0.4, 2.0, 0.5 ],
							"to": [ 2.4, 8.0, 2.5 ],
							"rotationOrigin": [ 0.4, 2.0, 2.5 ],
							"rotationX": -15.0,
							"rotationY": 1.4,
							"rotationZ": -15.0,
							"faces": {
								"north": { "texture": "#manastone1", "uv": [ 0.0, 0.0, 2.0, 6.0 ] },
								"east": { "texture": "#manastone1", "uv": [ 0.0, 0.0, 2.0, 6.0 ] },
								"south": { "texture": "#manastone1", "uv": [ 0.0, 0.0, 2.0, 6.0 ] },
								"west": { "texture": "#manastone1", "uv": [ 0.0, 0.0, 2.0, 6.0 ] },
								"up": { "texture": "#manastone1", "uv": [ 0.0, 0.0, 2.0, 2.0 ] },
								"down": { "texture": "#manastone1", "uv": [ 0.0, 0.0, 2.0, 2.0 ] }
							},
							"children": [
								{
									"name": "Cube1305",
									"from": [ 0.0, 6.3, 0.0 ],
									"to": [ 2.0, 10.3, 2.0 ],
									"rotationOrigin": [ 0.0, 6.3, 2.0 ],
									"rotationX": -26.0,
									"rotationY": 4.9,
									"rotationZ": -26.0,
									"faces": {
										"north": { "texture": "#manastone1", "uv": [ 0.0, 0.0, 2.0, 4.0 ] },
										"east": { "texture": "#manastone1", "uv": [ 0.0, 0.0, 2.0, 4.0 ] },
										"south": { "texture": "#manastone1", "uv": [ 0.0, 0.0, 2.0, 4.0 ] },
										"west": { "texture": "#manastone1", "uv": [ 0.0, 0.0, 2.0, 4.0 ] },
										"up": { "texture": "#manastone1", "uv": [ 0.0, 0.0, 2.0, 2.0 ] },
										"down": { "texture": "#manastone1", "uv": [ 0.0, 0.0, 2.0, 2.0 ] }
									},
									"children": [
										{
											"name": "Cube152",
											"from": [ -0.2855, -0.8417, -0.7126 ],
											"to": [ 2.7145, 1.1583, 2.2874 ],
											"rotationOrigin": [ -0.0855, 0.1583, 2.0874 ],
											"rotationX": 12.02,
											"rotationY": 0.475,
											"rotationZ": 11.422,
											"faces": {
												"north": { "texture": "#obsidian1", "uv": [ 0.0, 0.0, 3.0, 2.0 ] },
												"east": { "texture": "#obsidian1", "uv": [ 0.0, 0.0, 3.0, 2.0 ] },
												"south": { "texture": "#obsidian1", "uv": [ 0.0, 0.0, 3.0, 2.0 ] },
												"west": { "texture": "#obsidian1", "uv": [ 0.0, 0.0, 3.0, 2.0 ] },
												"up": { "texture": "#obsidian1", "uv": [ 0.0, 0.0, 3.0, 3.0 ] },
												"down": { "texture": "#obsidian1", "uv": [ 0.0, 0.0, 3.0, 3.0 ] }
											},
											"children": [
												{
													"name": "Cube117",
													"from": [ -0.1, 0.75, -0.1 ],
													"to": [ 3.1, 1.25, 3.1 ],
													"rotationOrigin": [ -0.1, 0.5, -0.1 ],
													"faces": {
														"north": { "texture": "#rustyglow", "uv": [ 0.0, 0.0, 3.0, 0.5 ] },
														"east": { "texture": "#rustyglow", "uv": [ 0.0, 0.0, 3.0, 0.5 ] },
														"south": { "texture": "#rustyglow", "uv": [ 0.0, 0.0, 3.0, 0.5 ] },
														"west": { "texture": "#rustyglow", "uv": [ 0.0, 0.0, 3.0, 0.5 ] },
														"up": { "texture": "#rustyglow", "uv": [ 0.0, 0.0, 3.0, 3.0 ] },
														"down": { "texture": "#rustyglow", "uv": [ 0.0, 0.0, 3.0, 3.0 ] }
													}
												}
											]
										},
										{
											"name": "Cube20",
											"from": [ 0.0, 4.0, 0.0 ],
											"to": [ 2.0, 4.5, 2.0 ],
											"rotationOrigin": [ 0.0, 4.0, 0.0 ],
											"faces": {
												"north": { "texture": "#obsidian1", "uv": [ 0.0, 0.0, 2.0, 0.5 ] },
												"east": { "texture": "#obsidian1", "uv": [ 0.0, 0.0, 2.0, 0.5 ] },
												"south": { "texture": "#obsidian1", "uv": [ 0.0, 0.0, 2.0, 0.5 ] },
												"west": { "texture": "#obsidian1", "uv": [ 0.0, 0.0, 2.0, 0.5 ] },
												"up": { "texture": "#obsidian1", "uv": [ 0.0, 0.0, 2.0, 2.0 ] },
												"down": { "texture": "#obsidian1", "uv": [ 0.0, 0.0, 2.0, 2.0 ] }
											},
											"children": [
												{
													"name": "Cube21",
													"from": [ 0.25, 0.5, 0.25 ],
													"to": [ 1.75, 1.0, 1.75 ],
													"rotationOrigin": [ 0.0, 0.5, 0.2 ],
													"faces": {
														"north": { "texture": "#rustyglow", "uv": [ 0.0, 0.0, 1.5, 0.5 ] },
														"east": { "texture": "#rustyglow", "uv": [ 0.0, 0.0, 1.5, 0.5 ] },
														"south": { "texture": "#rustyglow", "uv": [ 0.0, 0.0, 1.5, 0.5 ] },
														"west": { "texture": "#rustyglow", "uv": [ 0.0, 0.0, 1.5, 0.5 ] },
														"up": { "texture": "#rustyglow", "uv": [ 0.0, 0.0, 1.5, 1.5 ] },
														"down": { "texture": "#rustyglow", "uv": [ 0.0, 0.0, 1.5, 1.5 ] }
													}
												}
											]
										}
									]
								}
							]
						},
						{
							"name": "Cube118",
							"from": [ -0.1, 0.75, -0.1 ],
							"to": [ 3.1, 1.25, 3.1 ],
							"rotationOrigin": [ -0.1, 0.7, -0.1 ],
							"faces": {
								"north": { "texture": "#rustyglow", "uv": [ 0.0, 0.0, 3.0, 0.5 ] },
								"east": { "texture": "#rustyglow", "uv": [ 0.0, 0.0, 3.0, 0.5 ] },
								"south": { "texture": "#rustyglow", "uv": [ 0.0, 0.0, 3.0, 0.5 ] },
								"west": { "texture": "#rustyglow", "uv": [ 0.0, 0.0, 3.0, 0.5 ] },
								"up": { "texture": "#rustyglow", "uv": [ 0.0, 0.0, 3.0, 3.0 ] },
								"down": { "texture": "#rustyglow", "uv": [ 0.0, 0.0, 3.0, 3.0 ] }
							}
						}
					]
				},
				{
					"name": "_outerbrace133",
					"from": [ 0.1, -6.0, -0.1 ],
					"to": [ 0.1, -6.0, -0.1 ],
					"rotationOrigin": [ 8.1, -6.0, 7.9 ],
					"rotationX": -180.0,
					"rotationZ": -180.0,
					"faces": {
						"north": { "texture": "#default", "uv": [ 0.0, 0.0, 0.5, 0.5 ] },
						"east": { "texture": "#default", "uv": [ 0.0, 0.0, 0.5, 0.5 ] },
						"south": { "texture": "#default", "uv": [ 0.0, 0.0, 0.5, 0.5 ] },
						"west": { "texture": "#default", "uv": [ 0.0, 0.0, 0.5, 0.5 ] },
						"up": { "texture": "#default", "uv": [ 0.0, 0.0, 0.5, 0.5 ] },
						"down": { "texture": "#default", "uv": [ 0.0, 0.0, 0.5, 0.5 ] }
					},
					"children": [
						{
							"name": "outerbrace4-side134",
							"from": [ 10.11, 0.0, 4.35 ],
							"to": [ 11.61, 1.0, 5.85 ],
							"rotationOrigin": [ 10.16, 0.0, 5.4 ],
							"rotationY": 0.02,
							"faces": {
								"north": { "texture": "#material2", "uv": [ 0.0, 0.0, 1.5, 1.0 ] },
								"east": { "texture": "#material2", "uv": [ 0.0, 0.0, 1.5, 1.0 ] },
								"south": { "texture": "#material2", "uv": [ 0.0, 0.0, 1.5, 1.0 ] },
								"west": { "texture": "#material2", "uv": [ 0.0, 0.0, 1.5, 1.0 ] },
								"up": { "texture": "#material2", "uv": [ 0.0, 0.0, 1.5, 1.5 ] },
								"down": { "texture": "#material2", "uv": [ 0.0, 0.0, 1.5, 1.5 ] }
							},
							"children": [
								{
									"name": "Cube154",
									"from": [ 0.0, 1.0, 0.0 ],
									"to": [ 1.5, 1.5, 1.5 ],
									"rotationOrigin": [ 0.0, 0.5, 0.0 ],
									"faces": {
										"north": { "texture": "#rustyglow", "uv": [ 0.0, 0.0, 1.5, 0.5 ] },
										"east": { "texture": "#rustyglow", "uv": [ 0.0, 0.0, 1.5, 0.5 ] },
										"south": { "texture": "#rustyglow", "uv": [ 0.0, 0.0, 1.5, 0.5 ] },
										"west": { "texture": "#rustyglow", "uv": [ 0.0, 0.0, 1.5, 0.5 ] },
										"up": { "texture": "#rustyglow", "uv": [ 0.0, 0.0, 1.5, 1.5 ] },
										"down": { "texture": "#rustyglow", "uv": [ 0.0, 0.0, 1.5, 1.5 ] }
									}
								}
							]
						},
						{
							"name": "centerpillar-brace-4",
							"from": [ 9.9, 0.0, 4.9 ],
							"to": [ 11.1, 2.5, 6.1 ],
							"rotationOrigin": [ 9.9, 0.0, 4.9 ],
							"faces": {
								"north": { "texture": "#manastone2", "uv": [ 0.0, 0.0, 1.0, 2.5 ] },
								"east": { "texture": "#manastone2", "uv": [ 0.0, 0.0, 1.0, 2.5 ] },
								"south": { "texture": "#manastone2", "uv": [ 0.0, 0.0, 1.0, 2.5 ] },
								"west": { "texture": "#manastone2", "uv": [ 0.0, 0.0, 1.0, 2.5 ] },
								"up": { "texture": "#manastone2", "uv": [ 0.0, 0.0, 1.0, 1.0 ] },
								"down": { "texture": "#manastone2", "uv": [ 0.0, 0.0, 1.0, 1.0 ] }
							},
							"children": [
								{
									"name": "Cube155",
									"from": [ 0.0, 2.5, 0.0 ],
									"to": [ 1.2, 3.0, 1.2 ],
									"rotationOrigin": [ 0.0, 3.0, 0.0 ],
									"faces": {
										"north": { "texture": "#obsidian1", "uv": [ 0.0, 0.0, 1.0, 0.5 ] },
										"east": { "texture": "#obsidian1", "uv": [ 0.0, 0.0, 1.0, 0.5 ] },
										"south": { "texture": "#obsidian1", "uv": [ 0.0, 0.0, 1.0, 0.5 ] },
										"west": { "texture": "#obsidian1", "uv": [ 0.0, 0.0, 1.0, 0.5 ] },
										"up": { "texture": "#obsidian1", "uv": [ 0.0, 0.0, 1.0, 1.0 ] },
										"down": { "texture": "#obsidian1", "uv": [ 0.0, 0.0, 1.0, 1.0 ] }
									}
								}
							]
						}
					]
				},
				{
					"name": "Cube25",
					"from": [ 5.73, -7.0, 10.725 ],
					"to": [ 6.23, -6.3, 11.225 ],
					"rotationOrigin": [ 5.725, -7.0, 10.725 ],
					"rotationX": 180.0,
					"rotationZ": 180.0,
					"faces": {
						"north": { "texture": "#rustyglow", "uv": [ 0.0, 0.0, 0.5, 0.5 ] },
						"east": { "texture": "#rustyglow", "uv": [ 0.0, 0.0, 0.5, 0.5 ] },
						"south": { "texture": "#rustyglow", "uv": [ 0.0, 0.0, 0.5, 0.5 ] },
						"west": { "texture": "#rustyglow", "uv": [ 0.0, 0.0, 0.5, 0.5 ] },
						"up": { "texture": "#rustyglow", "uv": [ 0.0, 0.0, 0.5, 0.5 ] },
						"down": { "texture": "#rustyglow", "uv": [ 0.0, 0.0, 0.5, 0.5 ] }
					},
					"children": [
						{
							"name": "tube7",
							"from": [ 0.12, 0.6, 0.125 ],
							"to": [ 0.37, 4.6, 0.375 ],
							"rotationOrigin": [ 0.12, 0.6, 0.375 ],
							"rotationX": -50.0,
							"rotationY": 25.6,
							"rotationZ": -50.0,
							"faces": {
								"north": { "texture": "#rustyglow", "uv": [ 0.0, 0.0, 0.5, 4.0 ] },
								"east": { "texture": "#rustyglow", "uv": [ 0.0, 0.0, 0.5, 4.0 ] },
								"south": { "texture": "#rustyglow", "uv": [ 0.0, 0.0, 0.5, 4.0 ] },
								"west": { "texture": "#rustyglow", "uv": [ 0.0, 0.0, 0.5, 4.0 ] },
								"up": { "texture": "#rustyglow", "uv": [ 0.0, 0.0, 0.5, 0.5 ] },
								"down": { "texture": "#rustyglow", "uv": [ 0.0, 0.0, 0.5, 0.5 ] }
							}
						},
						{
							"name": "tube8",
							"from": [ 0.12, 0.6, 0.125 ],
							"to": [ 0.37, 6.6, 0.375 ],
							"rotationOrigin": [ 0.12, 0.6, 0.375 ],
							"rotationX": -13.5,
							"rotationY": 11.0,
							"rotationZ": -13.5,
							"faces": {
								"north": { "texture": "#rustyglow", "uv": [ 0.0, 0.0, 0.5, 6.0 ] },
								"east": { "texture": "#rustyglow", "uv": [ 0.0, 0.0, 0.5, 6.0 ] },
								"south": { "texture": "#rustyglow", "uv": [ 0.0, 0.0, 0.5, 6.0 ] },
								"west": { "texture": "#rustyglow", "uv": [ 0.0, 0.0, 0.5, 6.0 ] },
								"up": { "texture": "#rustyglow", "uv": [ 0.0, 0.0, 0.5, 0.5 ] },
								"down": { "texture": "#rustyglow", "uv": [ 0.0, 0.0, 0.5, 0.5 ] }
							}
						}
					]
				}
			]
		}
	],
	"animations": [
		{
			"name": "spin",
			"code": "spin",
			"quantityframes": 360,
			"onActivityStopped": "EaseOut",
			"onAnimationEnd": "Repeat",
			"keyframes": [
				{
					"frame": 0,
					"elements": {
						"centerspire-1": { "offsetX": 0.0, "offsetY": 0.0, "offsetZ": 0.0, "rotationX": 0.0, "rotationY": -180.0, "rotationZ": 0.0 },
						"_riftready2": { "rotationX": 0.0, "rotationY": 180.0, "rotationZ": 0.0 },
						"_riftready3": { "rotationX": 0.0, "rotationY": -180.0, "rotationZ": 0.0 },
						"centerspire-5": { "offsetX": 0.0, "offsetY": 0.0, "offsetZ": 0.0 },
						"centerspire-10": { "offsetX": 0.0, "offsetY": 0.0, "offsetZ": 0.0 },
						"centerspire-15": { "offsetX": 0.0, "offsetY": 0.0, "offsetZ": 0.0 },
						"centerspire-14": { "offsetX": 0.0, "offsetY": 0.0, "offsetZ": 0.0 },
						"centerspire-13": { "offsetX": 0.0, "offsetY": 0.0, "offsetZ": 0.0 },
						"centerspire-21": { "offsetX": 0.0, "offsetY": 0.0, "offsetZ": 0.0 },
						"centerspire-23": { "offsetX": 0.0, "offsetY": 0.0, "offsetZ": 0.0 },
						"centerspire-22": { "offsetX": 0.0, "offsetY": 0.0, "offsetZ": 0.0 },
						"centerspire-24": { "offsetX": 0.0, "offsetY": 0.0, "offsetZ": 0.0 }
					}
				},
				{
					"frame": 180,
					"elements": {
						"centerspire-5": { "offsetX": 0.0, "offsetY": 2.5, "offsetZ": 0.0 },
						"centerspire-10": { "offsetX": 0.0, "offsetY": 2.0, "offsetZ": 0.0 },
						"centerspire-15": { "offsetX": 0.0, "offsetY": 3.0, "offsetZ": 0.0 },
						"centerspire-14": { "offsetX": 0.0, "offsetY": 2.0, "offsetZ": 0.0 },
						"centerspire-13": { "offsetX": 0.0, "offsetY": 3.0, "offsetZ": 0.0 },
						"centerspire-21": { "offsetX": 0.0, "offsetY": -2.0, "offsetZ": 0.0 },
						"centerspire-23": { "offsetX": 0.0, "offsetY": -2.0, "offsetZ": 0.0 },
						"centerspire-22": { "offsetX": 0.0, "offsetY": 1.0, "offsetZ": 0.0 },
						"centerspire-24": { "offsetX": 0.0, "offsetY": 1.0, "offsetZ": 0.0 },
						"centerspire-1": { "offsetX": 0.0, "offsetY": 1.0, "offsetZ": 0.0 }
					}
				},
				{
					"frame": 359,
					"elements": {
						"centerspire-1": { "offsetX": 0.0, "offsetY": 0.0, "offsetZ": 0.0, "rotationX": 0.0, "rotationY": 180.0, "rotationZ": 0.0, "rotShortestDistanceY": true },
						"_riftready2": { "rotationX": 0.0, "rotationY": -180.0, "rotationZ": 0.0, "rotShortestDistanceY": true },
						"_riftready3": { "rotationX": 0.0, "rotationY": 180.0, "rotationZ": 0.0, "rotShortestDistanceY": true },
						"centerspire-5": { "offsetX": 0.0, "offsetY": 0.0, "offsetZ": 0.0 },
						"centerspire-10": { "offsetX": 0.0, "offsetY": 0.0, "offsetZ": 0.0 },
						"centerspire-15": { "offsetX": 0.0, "offsetY": 0.0, "offsetZ": 0.0 },
						"centerspire-14": { "offsetX": 0.0, "offsetY": 0.0, "offsetZ": 0.0 },
						"centerspire-13": { "offsetX": 0.0, "offsetY": 0.0, "offsetZ": 0.0 },
						"centerspire-21": { "offsetX": 0.0, "offsetY": 0.0, "offsetZ": 0.0 },
						"centerspire-23": { "offsetX": 0.0, "offsetY": 0.0, "offsetZ": 0.0 },
						"centerspire-22": { "offsetX": 0.0, "offsetY": 0.0, "offsetZ": 0.0 },
						"centerspire-24": { "offsetX": 0.0, "offsetY": 0.0, "offsetZ": 0.0 }
					}
				}
			]
		}
	]
}