{
	"editor": {
		"collapsedPaths": "Root/_origin/_legs-all/_legs4/deco 116,Root/_origin/_legs-all/_legs1/deco 101,Root/_origin/_legs-all/_legs2/deco 105,Root/_origin/_legs-all/_legs2/deco 114,Root/_origin/_grimoire-slots,Root/_origin/_bottombar2/manastonebar-17,Root/_origin/_bottombar2/magicfrontbar-7,Root/_origin/_legs-all/_legs3/deco 107",
		"allAngles": false,
		"entityTextureMode": false
	},
	"textureWidth": 16,
	"textureHeight": 16,
	"textureSizes": {
	},
	"textures": {
	},
	"elements": [
		{
			"name": "_origin",
			"from": [ 0.0, 1.1, 0.0 ],
			"to": [ 0.0, 1.1, 0.0 ],
			"rotationOrigin": [ 0.0, 1.1, 0.0 ],
			"faces": {
				"north": { "texture": "#default", "uv": [ 0.0, 0.0, 0.5, 0.5 ] },
				"east": { "texture": "#default", "uv": [ 0.0, 0.0, 0.5, 0.5 ] },
				"south": { "texture": "#default", "uv": [ 0.0, 0.0, 0.5, 0.5 ] },
				"west": { "texture": "#default", "uv": [ 0.0, 0.0, 0.5, 0.5 ] },
				"up": { "texture": "#default", "uv": [ 0.0, 0.0, 0.5, 0.5 ] },
				"down": { "texture": "#default", "uv": [ 0.0, 0.0, 0.5, 0.5 ] }
			},
			"children": [
				{
					"name": "_grimoire-slots",
					"from": [ 0.0, 7.01, 0.0 ],
					"to": [ 0.0, 7.01, 0.0 ],
					"rotationOrigin": [ 0.0, 7.0, 0.0 ],
					"faces": {
						"up": { "texture": "#cloth", "uv": [ 1.0, 1.0, 15.0, 15.0 ], "autoUv": false }
					},
					"children": [
						{
							"name": "_clothtop-decal74",
							"from": [ -0.15, 0.01, 1.0 ],
							"to": [ -0.15, 0.01, 1.0 ],
							"rotationOrigin": [ -0.2, 0.0, 1.0 ],
							"faces": {
								"up": { "texture": "#clothdecal", "uv": [ 0.0, 0.0, 16.0, 16.0 ], "autoUv": false }
							},
							"children": [
								{
									"name": "slotbottom-13",
									"from": [ 2.2, -0.05, 6.5 ],
									"to": [ 4.2, 0.05, 13.5 ],
									"rotationOrigin": [ 2.2, 0.0, 6.5 ],
									"faces": {
										"north": { "texture": "#glowingslot1", "uv": [ 0.0, 0.0, 2.0, 0.5 ] },
										"east": { "texture": "#glowingslot1", "uv": [ 0.0, 0.0, 7.0, 0.5 ] },
										"south": { "texture": "#glowingslot1", "uv": [ 0.0, 0.0, 2.0, 0.5 ] },
										"west": { "texture": "#glowingslot1", "uv": [ 0.0, 0.0, 7.0, 0.5 ] },
										"up": { "texture": "#glowingslot1", "uv": [ 0.0, 0.0, 2.0, 7.0 ] },
										"down": { "texture": "#glowingslot1", "uv": [ 0.0, 0.0, 2.0, 7.0 ] }
									},
									"children": [
										{
											"name": "slotbottom-14",
											"from": [ 2.0, 0.0, 0.0 ],
											"to": [ 4.0, 0.1, 7.0 ],
											"rotationOrigin": [ 2.0, 0.05, 0.0 ],
											"faces": {
												"north": { "texture": "#glowingslot2", "uv": [ 0.0, 0.0, 2.0, 0.5 ] },
												"east": { "texture": "#glowingslot2", "uv": [ 0.0, 0.0, 7.0, 0.5 ] },
												"south": { "texture": "#glowingslot2", "uv": [ 0.0, 0.0, 2.0, 0.5 ] },
												"west": { "texture": "#glowingslot2", "uv": [ 0.0, 0.0, 7.0, 0.5 ] },
												"up": { "texture": "#glowingslot2", "uv": [ 0.0, 0.0, 2.0, 7.0 ] },
												"down": { "texture": "#glowingslot2", "uv": [ 0.0, 0.0, 2.0, 7.0 ] }
											},
											"children": [
												{
													"name": "slotbottom-15",
													"from": [ 2.0, 0.0, 0.0 ],
													"to": [ 4.0, 0.1, 7.0 ],
													"rotationOrigin": [ 2.0, 0.05, 0.0 ],
													"faces": {
														"north": { "texture": "#glowingslot3", "uv": [ 0.0, 0.0, 2.0, 0.5 ] },
														"east": { "texture": "#glowingslot3", "uv": [ 0.0, 0.0, 7.0, 0.5 ] },
														"south": { "texture": "#glowingslot3", "uv": [ 0.0, 0.0, 2.0, 0.5 ] },
														"west": { "texture": "#glowingslot3", "uv": [ 0.0, 0.0, 7.0, 0.5 ] },
														"up": { "texture": "#glowingslot3", "uv": [ 0.0, 0.0, 2.0, 7.0 ] },
														"down": { "texture": "#glowingslot3", "uv": [ 0.0, 0.0, 2.0, 7.0 ] }
													},
													"children": [
														{
															"name": "slotbottom-16",
															"from": [ 2.0, 0.0, 0.0 ],
															"to": [ 4.0, 0.1, 7.0 ],
															"rotationOrigin": [ 2.0, 0.05, 0.0 ],
															"faces": {
																"north": { "texture": "#glowingslot4", "uv": [ 0.0, 0.0, 2.0, 0.5 ] },
																"east": { "texture": "#glowingslot4", "uv": [ 0.0, 0.0, 7.0, 0.5 ] },
																"south": { "texture": "#glowingslot4", "uv": [ 0.0, 0.0, 2.0, 0.5 ] },
																"west": { "texture": "#glowingslot4", "uv": [ 0.0, 0.0, 7.0, 0.5 ] },
																"up": { "texture": "#glowingslot4", "uv": [ 0.0, 0.0, 2.0, 7.0 ] },
																"down": { "texture": "#glowingslot4", "uv": [ 0.0, 0.0, 2.0, 7.0 ] }
															},
															"children": [
																{
																	"name": "slotbottom-17",
																	"from": [ 2.0, 0.0, 0.0 ],
																	"to": [ 4.0, 0.1, 7.0 ],
																	"rotationOrigin": [ 2.0, 0.05, 0.0 ],
																	"faces": {
																		"north": { "texture": "#glowingslot5", "uv": [ 0.0, 0.0, 2.0, 0.5 ] },
																		"east": { "texture": "#glowingslot5", "uv": [ 0.0, 0.0, 7.0, 0.5 ] },
																		"south": { "texture": "#glowingslot5", "uv": [ 0.0, 0.0, 2.0, 0.5 ] },
																		"west": { "texture": "#glowingslot5", "uv": [ 0.0, 0.0, 7.0, 0.5 ] },
																		"up": { "texture": "#glowingslot5", "uv": [ 0.0, 0.0, 2.0, 7.0 ] },
																		"down": { "texture": "#glowingslot5", "uv": [ 0.0, 0.0, 2.0, 7.0 ] }
																	},
																	"children": [
																		{
																			"name": "slotbottom-18",
																			"from": [ 2.0, 0.0, 0.0 ],
																			"to": [ 4.0, 0.1, 7.0 ],
																			"rotationOrigin": [ 2.0, 0.05, 0.0 ],
																			"faces": {
																				"north": { "texture": "#glowingslot5", "uv": [ 0.0, 0.0, 2.0, 0.5 ] },
																				"east": { "texture": "#glowingslot5", "uv": [ 0.0, 0.0, 7.0, 0.5 ] },
																				"south": { "texture": "#glowingslot5", "uv": [ 0.0, 0.0, 2.0, 0.5 ] },
																				"west": { "texture": "#glowingslot5", "uv": [ 0.0, 0.0, 7.0, 0.5 ] },
																				"up": { "texture": "#glowingslot5", "uv": [ 0.0, 0.0, 2.0, 7.0 ] },
																				"down": { "texture": "#glowingslot5", "uv": [ 0.0, 0.0, 2.0, 7.0 ] }
																			}
																		}
																	]
																}
															]
														}
													]
												}
											]
										}
									]
								},
								{
									"name": "Cube77",
									"from": [ 2.0, 0.0, 6.5 ],
									"to": [ 2.3, 0.1, 13.7 ],
									"rotationOrigin": [ 2.0, 0.0, 6.5 ],
									"faces": {
										"north": { "texture": "#material7", "uv": [ 0.0, 0.0, 0.5, 0.5 ] },
										"east": { "texture": "#material7", "uv": [ 0.0, 0.0, 7.0, 0.5 ] },
										"south": { "texture": "#material7", "uv": [ 0.0, 0.0, 0.5, 0.5 ] },
										"west": { "texture": "#material7", "uv": [ 0.0, 0.0, 7.0, 0.5 ] },
										"up": { "texture": "#material7", "uv": [ 0.0, 0.0, 0.5, 7.0 ] },
										"down": { "texture": "#material7", "uv": [ 0.0, 0.0, 0.5, 7.0 ] }
									},
									"children": [
										{
											"name": "Cube92",
											"from": [ 2.0, 0.0, 0.0 ],
											"to": [ 2.3, 0.1, 7.2 ],
											"rotationOrigin": [ 2.0, 0.0, 0.0 ],
											"faces": {
												"north": { "texture": "#material7", "uv": [ 0.0, 0.0, 0.5, 0.5 ] },
												"east": { "texture": "#material7", "uv": [ 0.0, 0.0, 7.0, 0.5 ] },
												"south": { "texture": "#material7", "uv": [ 0.0, 0.0, 0.5, 0.5 ] },
												"west": { "texture": "#material7", "uv": [ 0.0, 0.0, 7.0, 0.5 ] },
												"up": { "texture": "#material7", "uv": [ 0.0, 0.0, 0.5, 7.0 ] },
												"down": { "texture": "#material7", "uv": [ 0.0, 0.0, 0.5, 7.0 ] }
											},
											"children": [
												{
													"name": "Cube93",
													"from": [ 2.0, 0.0, 0.0 ],
													"to": [ 2.3, 0.1, 7.2 ],
													"rotationOrigin": [ 2.0, 0.0, 0.0 ],
													"faces": {
														"north": { "texture": "#material7", "uv": [ 0.0, 0.0, 0.5, 0.5 ] },
														"east": { "texture": "#material7", "uv": [ 0.0, 0.0, 7.0, 0.5 ] },
														"south": { "texture": "#material7", "uv": [ 0.0, 0.0, 0.5, 0.5 ] },
														"west": { "texture": "#material7", "uv": [ 0.0, 0.0, 7.0, 0.5 ] },
														"up": { "texture": "#material7", "uv": [ 0.0, 0.0, 0.5, 7.0 ] },
														"down": { "texture": "#material7", "uv": [ 0.0, 0.0, 0.5, 7.0 ] }
													},
													"children": [
														{
															"name": "Cube94",
															"from": [ 2.0, 0.0, 0.0 ],
															"to": [ 2.3, 0.1, 7.2 ],
															"rotationOrigin": [ 2.0, 0.0, 0.0 ],
															"faces": {
																"north": { "texture": "#material7", "uv": [ 0.0, 0.0, 0.5, 0.5 ] },
																"east": { "texture": "#material7", "uv": [ 0.0, 0.0, 7.0, 0.5 ] },
																"south": { "texture": "#material7", "uv": [ 0.0, 0.0, 0.5, 0.5 ] },
																"west": { "texture": "#material7", "uv": [ 0.0, 0.0, 7.0, 0.5 ] },
																"up": { "texture": "#material7", "uv": [ 0.0, 0.0, 0.5, 7.0 ] },
																"down": { "texture": "#material7", "uv": [ 0.0, 0.0, 0.5, 7.0 ] }
															},
															"children": [
																{
																	"name": "Cube95",
																	"from": [ 2.0, 0.0, 0.0 ],
																	"to": [ 2.3, 0.1, 7.2 ],
																	"rotationOrigin": [ 2.0, 0.0, 0.0 ],
																	"faces": {
																		"north": { "texture": "#material7", "uv": [ 0.0, 0.0, 0.5, 0.5 ] },
																		"east": { "texture": "#material7", "uv": [ 0.0, 0.0, 7.0, 0.5 ] },
																		"south": { "texture": "#material7", "uv": [ 0.0, 0.0, 0.5, 0.5 ] },
																		"west": { "texture": "#material7", "uv": [ 0.0, 0.0, 7.0, 0.5 ] },
																		"up": { "texture": "#material7", "uv": [ 0.0, 0.0, 0.5, 7.0 ] },
																		"down": { "texture": "#material7", "uv": [ 0.0, 0.0, 0.5, 7.0 ] }
																	},
																	"children": [
																		{
																			"name": "Cube96",
																			"from": [ 2.0, 0.0, 0.0 ],
																			"to": [ 2.3, 0.1, 7.2 ],
																			"rotationOrigin": [ 2.0, 0.0, 0.0 ],
																			"faces": {
																				"north": { "texture": "#material7", "uv": [ 0.0, 0.0, 0.5, 0.5 ] },
																				"east": { "texture": "#material7", "uv": [ 0.0, 0.0, 7.0, 0.5 ] },
																				"south": { "texture": "#material7", "uv": [ 0.0, 0.0, 0.5, 0.5 ] },
																				"west": { "texture": "#material7", "uv": [ 0.0, 0.0, 7.0, 0.5 ] },
																				"up": { "texture": "#material7", "uv": [ 0.0, 0.0, 0.5, 7.0 ] },
																				"down": { "texture": "#material7", "uv": [ 0.0, 0.0, 0.5, 7.0 ] }
																			},
																			"children": [
																				{
																					"name": "Cube97",
																					"from": [ 2.0, 0.0, 0.0 ],
																					"to": [ 2.3, 0.1, 7.2 ],
																					"rotationOrigin": [ 2.0, 0.0, 0.0 ],
																					"faces": {
																						"north": { "texture": "#material7", "uv": [ 0.0, 0.0, 0.5, 0.5 ] },
																						"east": { "texture": "#material7", "uv": [ 0.0, 0.0, 7.0, 0.5 ] },
																						"south": { "texture": "#material7", "uv": [ 0.0, 0.0, 0.5, 0.5 ] },
																						"west": { "texture": "#material7", "uv": [ 0.0, 0.0, 7.0, 0.5 ] },
																						"up": { "texture": "#material7", "uv": [ 0.0, 0.0, 0.5, 7.0 ] },
																						"down": { "texture": "#material7", "uv": [ 0.0, 0.0, 0.5, 7.0 ] }
																					}
																				}
																			]
																		}
																	]
																}
															]
														}
													]
												}
											]
										}
									]
								}
							]
						},
						{
							"name": "magicfrontbar-7",
							"from": [ 2.05, -0.46, 14.7 ],
							"to": [ 4.05, 0.54, 15.7 ],
							"rotationOrigin": [ 2.1, 0.24, 15.0 ],
							"rotationX": 45.0,
							"faces": {
								"north": { "texture": "#glowingslot1", "uv": [ 0.0, 0.0, 2.0, 1.0 ] },
								"east": { "texture": "#glowingslot1", "uv": [ 0.0, 0.0, 1.0, 1.0 ] },
								"south": { "texture": "#glowingslot1", "uv": [ 0.0, 0.0, 2.0, 1.0 ] },
								"west": { "texture": "#glowingslot1", "uv": [ 0.0, 0.0, 1.0, 1.0 ] },
								"up": { "texture": "#glowingslot1", "uv": [ 0.0, 0.0, 2.0, 1.0 ] },
								"down": { "texture": "#glowingslot1", "uv": [ 0.0, 0.0, 2.0, 1.0 ] }
							},
							"children": [
								{
									"name": "magicfrontbar-8",
									"from": [ 2.0, 0.0, 0.0 ],
									"to": [ 4.0, 1.0, 1.0 ],
									"rotationOrigin": [ 2.05, 0.7, 0.3 ],
									"faces": {
										"north": { "texture": "#glowingslot2", "uv": [ 0.0, 0.0, 2.0, 1.0 ] },
										"east": { "texture": "#glowingslot2", "uv": [ 0.0, 0.0, 1.0, 1.0 ] },
										"south": { "texture": "#glowingslot2", "uv": [ 0.0, 0.0, 2.0, 1.0 ] },
										"west": { "texture": "#glowingslot2", "uv": [ 0.0, 0.0, 1.0, 1.0 ] },
										"up": { "texture": "#glowingslot2", "uv": [ 0.0, 0.0, 2.0, 1.0 ] },
										"down": { "texture": "#glowingslot2", "uv": [ 0.0, 0.0, 2.0, 1.0 ] }
									},
									"children": [
										{
											"name": "magicfrontbar-9",
											"from": [ 2.0, 0.0, 0.0 ],
											"to": [ 4.0, 1.0, 1.0 ],
											"rotationOrigin": [ 2.05, 0.7, 0.3 ],
											"faces": {
												"north": { "texture": "#glowingslot3", "uv": [ 0.0, 0.0, 2.0, 1.0 ] },
												"east": { "texture": "#glowingslot3", "uv": [ 0.0, 0.0, 1.0, 1.0 ] },
												"south": { "texture": "#glowingslot3", "uv": [ 0.0, 0.0, 2.0, 1.0 ] },
												"west": { "texture": "#glowingslot3", "uv": [ 0.0, 0.0, 1.0, 1.0 ] },
												"up": { "texture": "#glowingslot3", "uv": [ 0.0, 0.0, 2.0, 1.0 ] },
												"down": { "texture": "#glowingslot3", "uv": [ 0.0, 0.0, 2.0, 1.0 ] }
											},
											"children": [
												{
													"name": "magicfrontbar-10",
													"from": [ 2.0, 0.0, 0.0 ],
													"to": [ 4.0, 1.0, 1.0 ],
													"rotationOrigin": [ 2.05, 0.7, 0.3 ],
													"faces": {
														"north": { "texture": "#glowingslot4", "uv": [ 0.0, 0.0, 2.0, 1.0 ] },
														"east": { "texture": "#glowingslot4", "uv": [ 0.0, 0.0, 1.0, 1.0 ] },
														"south": { "texture": "#glowingslot4", "uv": [ 0.0, 0.0, 2.0, 1.0 ] },
														"west": { "texture": "#glowingslot4", "uv": [ 0.0, 0.0, 1.0, 1.0 ] },
														"up": { "texture": "#glowingslot4", "uv": [ 0.0, 0.0, 2.0, 1.0 ] },
														"down": { "texture": "#glowingslot4", "uv": [ 0.0, 0.0, 2.0, 1.0 ] }
													},
													"children": [
														{
															"name": "magicfrontbar-11",
															"from": [ 2.0, 0.0, 0.0 ],
															"to": [ 4.0, 1.0, 1.0 ],
															"rotationOrigin": [ 2.05, 0.7, 0.3 ],
															"faces": {
																"north": { "texture": "#glowingslot5", "uv": [ 0.0, 0.0, 2.0, 1.0 ] },
																"east": { "texture": "#glowingslot5", "uv": [ 0.0, 0.0, 1.0, 1.0 ] },
																"south": { "texture": "#glowingslot5", "uv": [ 0.0, 0.0, 2.0, 1.0 ] },
																"west": { "texture": "#glowingslot5", "uv": [ 0.0, 0.0, 1.0, 1.0 ] },
																"up": { "texture": "#glowingslot5", "uv": [ 0.0, 0.0, 2.0, 1.0 ] },
																"down": { "texture": "#glowingslot5", "uv": [ 0.0, 0.0, 2.0, 1.0 ] }
															},
															"children": [
																{
																	"name": "magicfrontbar-12",
																	"from": [ 2.0, 0.0, 0.0 ],
																	"to": [ 4.0, 1.0, 1.0 ],
																	"rotationOrigin": [ 2.05, 0.7, 0.3 ],
																	"faces": {
																		"north": { "texture": "#glowingslot5", "uv": [ 0.0, 0.0, 2.0, 1.0 ] },
																		"east": { "texture": "#glowingslot5", "uv": [ 0.0, 0.0, 1.0, 1.0 ] },
																		"south": { "texture": "#glowingslot5", "uv": [ 0.0, 0.0, 2.0, 1.0 ] },
																		"west": { "texture": "#glowingslot5", "uv": [ 0.0, 0.0, 1.0, 1.0 ] },
																		"up": { "texture": "#glowingslot5", "uv": [ 0.0, 0.0, 2.0, 1.0 ] },
																		"down": { "texture": "#glowingslot5", "uv": [ 0.0, 0.0, 2.0, 1.0 ] }
																	}
																}
															]
														}
													]
												}
											]
										}
									]
								}
							]
						},
						{
							"name": "manastonebar-17",
							"from": [ 1.8, -0.46, 14.5586 ],
							"to": [ 2.2, 0.74, 15.7586 ],
							"rotationOrigin": [ 1.8, 0.24, 14.8586 ],
							"rotationX": 45.0,
							"faces": {
								"north": { "texture": "#material7", "uv": [ 0.0, 0.0, 0.5, 1.0 ] },
								"east": { "texture": "#material7", "uv": [ 0.0, 0.0, 1.0, 1.0 ] },
								"south": { "texture": "#material7", "uv": [ 0.0, 0.0, 0.5, 1.0 ] },
								"west": { "texture": "#material7", "uv": [ 0.0, 0.0, 1.0, 1.0 ] },
								"up": { "texture": "#material7", "uv": [ 0.0, 0.0, 0.5, 1.0 ] },
								"down": { "texture": "#material7", "uv": [ 0.0, 0.0, 0.5, 1.0 ] }
							},
							"children": [
								{
									"name": "manastonebar-18",
									"from": [ 2.0, 0.0, 0.0 ],
									"to": [ 2.4, 1.2, 1.2 ],
									"rotationOrigin": [ 2.05, 0.7, 0.3 ],
									"faces": {
										"north": { "texture": "#material7", "uv": [ 0.0, 0.0, 0.5, 1.0 ] },
										"east": { "texture": "#material7", "uv": [ 0.0, 0.0, 1.0, 1.0 ] },
										"south": { "texture": "#material7", "uv": [ 0.0, 0.0, 0.5, 1.0 ] },
										"west": { "texture": "#material7", "uv": [ 0.0, 0.0, 1.0, 1.0 ] },
										"up": { "texture": "#material7", "uv": [ 0.0, 0.0, 0.5, 1.0 ] },
										"down": { "texture": "#material7", "uv": [ 0.0, 0.0, 0.5, 1.0 ] }
									},
									"children": [
										{
											"name": "manastonebar-19",
											"from": [ 2.0, 0.0, 0.0 ],
											"to": [ 2.4, 1.2, 1.2 ],
											"rotationOrigin": [ 2.05, 0.7, 0.3 ],
											"faces": {
												"north": { "texture": "#material7", "uv": [ 0.0, 0.0, 0.5, 1.0 ] },
												"east": { "texture": "#material7", "uv": [ 0.0, 0.0, 1.0, 1.0 ] },
												"south": { "texture": "#material7", "uv": [ 0.0, 0.0, 0.5, 1.0 ] },
												"west": { "texture": "#material7", "uv": [ 0.0, 0.0, 1.0, 1.0 ] },
												"up": { "texture": "#material7", "uv": [ 0.0, 0.0, 0.5, 1.0 ] },
												"down": { "texture": "#material7", "uv": [ 0.0, 0.0, 0.5, 1.0 ] }
											},
											"children": [
												{
													"name": "manastonebar-20",
													"from": [ 2.0, 0.0, 0.0 ],
													"to": [ 2.4, 1.2, 1.2 ],
													"rotationOrigin": [ 2.05, 0.7, 0.3 ],
													"faces": {
														"north": { "texture": "#material7", "uv": [ 0.0, 0.0, 0.5, 1.0 ] },
														"east": { "texture": "#material7", "uv": [ 0.0, 0.0, 1.0, 1.0 ] },
														"south": { "texture": "#material7", "uv": [ 0.0, 0.0, 0.5, 1.0 ] },
														"west": { "texture": "#material7", "uv": [ 0.0, 0.0, 1.0, 1.0 ] },
														"up": { "texture": "#material7", "uv": [ 0.0, 0.0, 0.5, 1.0 ] },
														"down": { "texture": "#material7", "uv": [ 0.0, 0.0, 0.5, 1.0 ] }
													},
													"children": [
														{
															"name": "manastonebar-21",
															"from": [ 2.0, 0.0, 0.0 ],
															"to": [ 2.4, 1.2, 1.2 ],
															"rotationOrigin": [ 2.05, 0.7, 0.3 ],
															"faces": {
																"north": { "texture": "#material7", "uv": [ 0.0, 0.0, 0.5, 1.0 ] },
																"east": { "texture": "#material7", "uv": [ 0.0, 0.0, 1.0, 1.0 ] },
																"south": { "texture": "#material7", "uv": [ 0.0, 0.0, 0.5, 1.0 ] },
																"west": { "texture": "#material7", "uv": [ 0.0, 0.0, 1.0, 1.0 ] },
																"up": { "texture": "#material7", "uv": [ 0.0, 0.0, 0.5, 1.0 ] },
																"down": { "texture": "#material7", "uv": [ 0.0, 0.0, 0.5, 1.0 ] }
															},
															"children": [
																{
																	"name": "manastonebar-22",
																	"from": [ 2.0, 0.0, 0.0 ],
																	"to": [ 2.4, 1.2, 1.2 ],
																	"rotationOrigin": [ 2.05, 0.7, 0.3 ],
																	"faces": {
																		"north": { "texture": "#material7", "uv": [ 0.0, 0.0, 0.5, 1.0 ] },
																		"east": { "texture": "#material7", "uv": [ 0.0, 0.0, 1.0, 1.0 ] },
																		"south": { "texture": "#material7", "uv": [ 0.0, 0.0, 0.5, 1.0 ] },
																		"west": { "texture": "#material7", "uv": [ 0.0, 0.0, 1.0, 1.0 ] },
																		"up": { "texture": "#material7", "uv": [ 0.0, 0.0, 0.5, 1.0 ] },
																		"down": { "texture": "#material7", "uv": [ 0.0, 0.0, 0.5, 1.0 ] }
																	},
																	"children": [
																		{
																			"name": "manastonebar-23",
																			"from": [ 2.0, 0.0, 0.0 ],
																			"to": [ 2.4, 1.2, 1.2 ],
																			"rotationOrigin": [ 2.05, 0.7, 0.3 ],
																			"faces": {
																				"north": { "texture": "#material7", "uv": [ 0.0, 0.0, 0.5, 1.0 ] },
																				"east": { "texture": "#material7", "uv": [ 0.0, 0.0, 1.0, 1.0 ] },
																				"south": { "texture": "#material7", "uv": [ 0.0, 0.0, 0.5, 1.0 ] },
																				"west": { "texture": "#material7", "uv": [ 0.0, 0.0, 1.0, 1.0 ] },
																				"up": { "texture": "#material7", "uv": [ 0.0, 0.0, 0.5, 1.0 ] },
																				"down": { "texture": "#material7", "uv": [ 0.0, 0.0, 0.5, 1.0 ] }
																			}
																		}
																	]
																}
															]
														}
													]
												}
											]
										}
									]
								}
							]
						}
					]
				},
				{
					"name": "_legs-all",
					"from": [ 0.0, 0.0, 0.0 ],
					"to": [ 0.0, 0.0, 0.0 ],
					"faces": {
						"north": { "texture": "#default", "uv": [ 6.0, 13.0, 6.5, 13.5 ] },
						"east": { "texture": "#default", "uv": [ 2.5, 5.5, 3.0, 6.0 ] },
						"south": { "texture": "#default", "uv": [ 8.5, 0.5, 9.0, 1.0 ] },
						"west": { "texture": "#default", "uv": [ 8.5, 11.5, 9.0, 12.0 ] },
						"up": { "texture": "#default", "uv": [ 9.0, 15.0, 9.5, 15.5 ] },
						"down": { "texture": "#default", "uv": [ 15.0, 6.5, 15.5, 7.0 ] }
					},
					"children": [
						{
							"name": "_legs1",
							"from": [ 0.0, 0.0, 0.0 ],
							"to": [ 0.0, 0.0, 0.0 ],
							"rotationOrigin": [ 8.0, 8.0, 8.0 ],
							"faces": {
								"north": { "texture": "#default", "uv": [ 15.0, 10.0, 15.5, 10.5 ] },
								"east": { "texture": "#default", "uv": [ 14.0, 4.0, 14.5, 4.5 ] },
								"south": { "texture": "#default", "uv": [ 1.5, 13.5, 2.0, 14.0 ] },
								"west": { "texture": "#default", "uv": [ 14.0, 4.5, 14.5, 5.0 ] },
								"up": { "texture": "#default", "uv": [ 13.0, 8.0, 13.5, 8.5 ] },
								"down": { "texture": "#default", "uv": [ 1.5, 2.0, 2.0, 2.5 ] }
							},
							"children": [
								{
									"name": "deco 113",
									"from": [ 0.0, 5.5, 12.0 ],
									"to": [ 4.0, 6.0, 16.0 ],
									"rotationOrigin": [ 0.0, 5.5, 12.0 ],
									"faces": {
										"north": { "texture": "#lead", "uv": [ 4.0, 4.5, 8.0, 5.0 ] },
										"east": { "texture": "#lead", "uv": [ 3.5, 8.0, 7.5, 8.5 ] },
										"south": { "texture": "#lead", "uv": [ 9.0, 14.5, 13.0, 15.0 ] },
										"west": { "texture": "#lead", "uv": [ 7.0, 10.5, 11.0, 11.0 ] },
										"up": { "texture": "#lead", "uv": [ 1.5, 1.0, 5.5, 5.0 ] },
										"down": { "texture": "#lead", "uv": [ 11.5, 2.5, 15.5, 6.5 ] }
									},
									"children": [
										{
											"name": "deco 95",
											"from": [ 0.4, -0.5, 0.4 ],
											"to": [ 3.6, 0.0, 3.6 ],
											"rotationOrigin": [ 0.4, -0.5, 0.4 ],
											"faces": {
												"north": { "texture": "#glowingslot1", "uv": [ 4.0, 11.0, 7.0, 11.5 ] },
												"east": { "texture": "#glowingslot1", "uv": [ 4.0, 9.0, 7.0, 9.5 ] },
												"south": { "texture": "#glowingslot1", "uv": [ 0.5, 4.5, 3.5, 5.0 ] },
												"west": { "texture": "#glowingslot1", "uv": [ 6.0, 13.0, 9.0, 13.5 ] },
												"up": { "texture": "#glowingslot1", "uv": [ 12.5, 7.5, 15.5, 10.5 ] },
												"down": { "texture": "#glowingslot1", "uv": [ 12.0, 4.0, 15.0, 7.0 ] }
											}
										}
									]
								}
							]
						},
						{
							"name": "_legs2",
							"from": [ -0.0028, 0.0, 0.0028 ],
							"to": [ -0.0028, 0.0, 0.0028 ],
							"rotationOrigin": [ 8.0, 8.0, 8.0 ],
							"rotationY": 89.98,
							"faces": {
								"north": { "texture": "#default", "uv": [ 13.0, 11.0, 13.5, 11.5 ] },
								"east": { "texture": "#default", "uv": [ 0.5, 8.5, 1.0, 9.0 ] },
								"south": { "texture": "#default", "uv": [ 12.5, 6.5, 13.0, 7.0 ] },
								"west": { "texture": "#default", "uv": [ 1.0, 10.0, 1.5, 10.5 ] },
								"up": { "texture": "#default", "uv": [ 6.5, 12.0, 7.0, 12.5 ] },
								"down": { "texture": "#default", "uv": [ 5.5, 8.5, 6.0, 9.0 ] }
							},
							"children": [
								{
									"name": "deco 114",
									"from": [ 0.0, 5.5, 12.0 ],
									"to": [ 4.0, 6.0, 16.0 ],
									"rotationOrigin": [ 0.0, 5.5, 12.0 ],
									"faces": {
										"north": { "texture": "#lead", "uv": [ 6.0, 11.5, 10.0, 12.0 ] },
										"east": { "texture": "#lead", "uv": [ 7.5, 9.0, 11.5, 9.5 ] },
										"south": { "texture": "#lead", "uv": [ 11.0, 13.0, 15.0, 13.5 ] },
										"west": { "texture": "#lead", "uv": [ 4.5, 13.5, 8.5, 14.0 ] },
										"up": { "texture": "#lead", "uv": [ 2.0, 0.5, 6.0, 4.5 ] },
										"down": { "texture": "#lead", "uv": [ 5.5, 4.0, 9.5, 8.0 ] }
									},
									"children": [
										{
											"name": "deco 96",
											"from": [ 0.4, -0.5, 0.4 ],
											"to": [ 3.6, 0.0, 3.6 ],
											"rotationOrigin": [ 0.4, -0.5, 0.4 ],
											"faces": {
												"north": { "texture": "#glowingslot1", "uv": [ 10.5, 0.5, 13.5, 1.0 ] },
												"east": { "texture": "#glowingslot1", "uv": [ 3.0, 0.0, 6.0, 0.5 ] },
												"south": { "texture": "#glowingslot1", "uv": [ 8.5, 1.0, 11.5, 1.5 ] },
												"west": { "texture": "#glowingslot1", "uv": [ 9.5, 5.0, 12.5, 5.5 ] },
												"up": { "texture": "#glowingslot1", "uv": [ 5.0, 7.0, 8.0, 10.0 ] },
												"down": { "texture": "#glowingslot1", "uv": [ 4.5, 5.0, 7.5, 8.0 ] }
											}
										}
									]
								}
							]
						},
						{
							"name": "_legs3",
							"from": [ 0.0, 0.0, 0.0 ],
							"to": [ 0.0, 0.0, 0.0 ],
							"rotationOrigin": [ 8.0, 8.0, 8.0 ],
							"rotationX": -180.0,
							"rotationZ": -180.0,
							"faces": {
								"north": { "texture": "#default", "uv": [ 12.0, 14.5, 12.5, 15.0 ] },
								"east": { "texture": "#default", "uv": [ 12.5, 1.5, 13.0, 2.0 ] },
								"south": { "texture": "#default", "uv": [ 6.5, 1.5, 7.0, 2.0 ] },
								"west": { "texture": "#default", "uv": [ 8.0, 10.0, 8.5, 10.5 ] },
								"up": { "texture": "#default", "uv": [ 4.0, 11.0, 4.5, 11.5 ] },
								"down": { "texture": "#default", "uv": [ 9.0, 3.5, 9.5, 4.0 ] }
							},
							"children": [
								{
									"name": "deco 115",
									"from": [ 0.0, 5.5, 12.0 ],
									"to": [ 4.0, 6.0, 16.0 ],
									"rotationOrigin": [ 0.0, 5.5, 12.0 ],
									"faces": {
										"north": { "texture": "#lead", "uv": [ 1.5, 0.0, 5.5, 0.5 ] },
										"east": { "texture": "#lead", "uv": [ 9.0, 10.0, 13.0, 10.5 ] },
										"south": { "texture": "#lead", "uv": [ 6.5, 10.5, 10.5, 11.0 ] },
										"west": { "texture": "#lead", "uv": [ 4.0, 0.5, 8.0, 1.0 ] },
										"up": { "texture": "#lead", "uv": [ 6.0, 3.5, 10.0, 7.5 ] },
										"down": { "texture": "#lead", "uv": [ 7.5, 0.5, 11.5, 4.5 ] }
									},
									"children": [
										{
											"name": "deco 111",
											"from": [ 0.4, -0.5, 0.4 ],
											"to": [ 3.6, 0.0, 3.6 ],
											"rotationOrigin": [ 0.4, -0.5, 0.4 ],
											"faces": {
												"north": { "texture": "#glowingslot1", "uv": [ 9.5, 10.0, 12.5, 10.5 ] },
												"east": { "texture": "#glowingslot1", "uv": [ 5.0, 14.0, 8.0, 14.5 ] },
												"south": { "texture": "#glowingslot1", "uv": [ 9.0, 6.5, 12.0, 7.0 ] },
												"west": { "texture": "#glowingslot1", "uv": [ 0.5, 11.5, 3.5, 12.0 ] },
												"up": { "texture": "#glowingslot1", "uv": [ 12.5, 5.0, 15.5, 8.0 ] },
												"down": { "texture": "#glowingslot1", "uv": [ 2.0, 2.0, 5.0, 5.0 ] }
											}
										}
									]
								}
							]
						},
						{
							"name": "_legs4",
							"from": [ 0.0028, 0.0, -0.0028 ],
							"to": [ 0.0028, 0.0, -0.0028 ],
							"rotationOrigin": [ 8.0, 8.0, 8.0 ],
							"rotationY": -89.98,
							"faces": {
								"north": { "texture": "#default", "uv": [ 2.5, 8.5, 3.0, 9.0 ] },
								"east": { "texture": "#default", "uv": [ 0.5, 8.0, 1.0, 8.5 ] },
								"south": { "texture": "#default", "uv": [ 4.0, 7.5, 4.5, 8.0 ] },
								"west": { "texture": "#default", "uv": [ 6.5, 2.0, 7.0, 2.5 ] },
								"up": { "texture": "#default", "uv": [ 10.5, 15.0, 11.0, 15.5 ] },
								"down": { "texture": "#default", "uv": [ 13.0, 15.0, 13.5, 15.5 ] }
							},
							"children": [
								{
									"name": "deco 119",
									"from": [ 0.0, 5.5, 12.0 ],
									"to": [ 4.0, 6.0, 16.0 ],
									"rotationOrigin": [ 0.0, 5.5, 12.0 ],
									"faces": {
										"north": { "texture": "#lead", "uv": [ 9.5, 7.0, 13.5, 7.5 ] },
										"east": { "texture": "#lead", "uv": [ 9.5, 4.0, 13.5, 4.5 ] },
										"south": { "texture": "#lead", "uv": [ 8.5, 2.0, 12.5, 2.5 ] },
										"west": { "texture": "#lead", "uv": [ 10.0, 15.0, 14.0, 15.5 ] },
										"up": { "texture": "#lead", "uv": [ 1.5, 11.5, 5.5, 15.5 ] },
										"down": { "texture": "#lead", "uv": [ 11.5, 5.5, 15.5, 9.5 ] }
									},
									"children": [
										{
											"name": "deco 118",
											"from": [ 0.4, -0.5, 0.4 ],
											"to": [ 3.6, 0.0, 3.6 ],
											"rotationOrigin": [ 0.4, -0.5, 0.4 ],
											"faces": {
												"north": { "texture": "#glowingslot1", "uv": [ 4.5, 1.0, 7.5, 1.5 ] },
												"east": { "texture": "#glowingslot1", "uv": [ 7.5, 7.5, 10.5, 8.0 ] },
												"south": { "texture": "#glowingslot1", "uv": [ 3.5, 0.0, 6.5, 0.5 ] },
												"west": { "texture": "#glowingslot1", "uv": [ 0.5, 15.0, 3.5, 15.5 ] },
												"up": { "texture": "#glowingslot1", "uv": [ 7.0, 4.5, 10.0, 7.5 ] },
												"down": { "texture": "#glowingslot1", "uv": [ 7.0, 6.0, 10.0, 9.0 ] }
											}
										}
									]
								}
							]
						}
					]
				},
				{
					"name": "_bottombar2",
					"from": [ 0.0, -5.0, 0.0 ],
					"to": [ 0.0, -5.0, 0.0 ],
					"rotationOrigin": [ 8.0, -5.0, 8.0 ],
					"faces": {
						"north": { "texture": "#default", "uv": [ 0.0, 0.0, 0.5, 0.5 ] },
						"east": { "texture": "#default", "uv": [ 0.0, 0.0, 0.5, 0.5 ] },
						"south": { "texture": "#default", "uv": [ 0.0, 0.0, 0.5, 0.5 ] },
						"west": { "texture": "#default", "uv": [ 0.0, 0.0, 0.5, 0.5 ] },
						"up": { "texture": "#default", "uv": [ 0.0, 0.0, 0.5, 0.5 ] },
						"down": { "texture": "#default", "uv": [ 0.0, 0.0, 0.5, 0.5 ] }
					},
					"children": [
						{
							"name": "barbrace-7",
							"from": [ 16.0, 12.0, 16.0 ],
							"to": [ 18.0, 12.25, 20.0 ],
							"rotationOrigin": [ 16.0, 12.0, 16.0 ],
							"rotationX": -180.0,
							"rotationZ": -180.0,
							"faces": {
								"north": { "texture": "#material7", "uv": [ 0.0, 0.0, 2.0, 0.5 ] },
								"east": { "texture": "#material7", "uv": [ 0.0, 0.0, 4.0, 0.5 ] },
								"south": { "texture": "#material7", "uv": [ 0.0, 0.0, 2.0, 0.5 ] },
								"west": { "texture": "#material7", "uv": [ 0.0, 0.0, 4.0, 0.5 ] },
								"up": { "texture": "#material7", "uv": [ 0.0, 0.0, 2.0, 4.0 ] },
								"down": { "texture": "#material7", "uv": [ 0.0, 0.0, 2.0, 4.0 ] }
							},
							"children": [
								{
									"name": "baranchor-5",
									"from": [ 0.0, 0.25, 0.0 ],
									"to": [ 0.75, 1.1, 4.0 ],
									"rotationOrigin": [ 0.6, 0.2, 0.5 ],
									"faces": {
										"north": { "texture": "#material7", "uv": [ 0.0, 0.0, 0.5, 0.5 ] },
										"east": { "texture": "#material7", "uv": [ 0.0, 0.0, 4.0, 0.5 ] },
										"south": { "texture": "#material7", "uv": [ 0.0, 0.0, 0.5, 0.5 ] },
										"west": { "texture": "#material7", "uv": [ 0.0, 0.0, 4.0, 0.5 ] },
										"up": { "texture": "#material7", "uv": [ 0.0, 0.0, 0.5, 4.0 ] },
										"down": { "texture": "#material7", "uv": [ 0.0, 0.0, 0.5, 4.0 ] }
									}
								},
								{
									"name": "baranchor-76",
									"from": [ 1.26, 0.25, 0.0 ],
									"to": [ 2.01, 1.1, 8.0 ],
									"rotationOrigin": [ 0.8, 0.0, 0.5 ],
									"faces": {
										"north": { "texture": "#material7", "uv": [ 0.0, 0.0, 0.5, 0.5 ] },
										"east": { "texture": "#material7", "uv": [ 0.0, 0.0, 8.0, 0.5 ] },
										"south": { "texture": "#material7", "uv": [ 0.0, 0.0, 0.5, 0.5 ] },
										"west": { "texture": "#material7", "uv": [ 0.0, 0.0, 8.0, 0.5 ] },
										"up": { "texture": "#material7", "uv": [ 0.0, 0.0, 0.5, 8.0 ] },
										"down": { "texture": "#material7", "uv": [ 0.0, 0.0, 0.5, 8.0 ] }
									}
								}
							]
						},
						{
							"name": "barbrace-8",
							"from": [ 1.99, 12.0, 16.0 ],
							"to": [ 3.99, 12.25, 20.1 ],
							"rotationOrigin": [ 2.0, 12.0, 16.0 ],
							"rotationX": -180.0,
							"rotationZ": -180.0,
							"faces": {
								"north": { "texture": "#material7", "uv": [ 0.0, 0.0, 2.0, 0.5 ] },
								"east": { "texture": "#material7", "uv": [ 0.0, 0.0, 4.0, 0.5 ] },
								"south": { "texture": "#material7", "uv": [ 0.0, 0.0, 2.0, 0.5 ] },
								"west": { "texture": "#material7", "uv": [ 0.0, 0.0, 4.0, 0.5 ] },
								"up": { "texture": "#material7", "uv": [ 0.0, 0.0, 2.0, 4.0 ] },
								"down": { "texture": "#material7", "uv": [ 0.0, 0.0, 2.0, 4.0 ] }
							}
						},
						{
							"name": "manastonebar-52",
							"from": [ 1.0, 11.55, 8.7 ],
							"to": [ 15.0, 12.55, 9.7 ],
							"rotationOrigin": [ 1.0, 12.25, 9.0 ],
							"rotationX": 45.0,
							"faces": {
								"north": { "texture": "#material7", "uv": [ 0.0, 0.0, 14.0, 1.0 ] },
								"east": { "texture": "#material7", "uv": [ 0.0, 0.0, 1.0, 1.0 ] },
								"south": { "texture": "#material7", "uv": [ 0.0, 0.0, 14.0, 1.0 ] },
								"west": { "texture": "#material7", "uv": [ 0.0, 0.0, 1.0, 1.0 ] },
								"up": { "texture": "#material7", "uv": [ 0.0, 0.0, 14.0, 1.0 ] },
								"down": { "texture": "#material7", "uv": [ 0.0, 0.0, 14.0, 1.0 ] }
							}
						},
						{
							"name": "manastonebar-53",
							"from": [ 15.0, 18.55, 0.5 ],
							"to": [ 25.5, 19.55, 1.5 ],
							"rotationOrigin": [ 15.0, 19.25, 0.8 ],
							"rotationX": 90.0,
							"rotationY": -45.0,
							"rotationZ": 90.0,
							"faces": {
								"north": { "texture": "#manastone", "uv": [ 0.0, 0.0, 10.5, 1.0 ] },
								"east": { "texture": "#manastone", "uv": [ 0.0, 0.0, 1.0, 1.0 ] },
								"south": { "texture": "#manastone", "uv": [ 0.0, 0.0, 10.5, 1.0 ] },
								"west": { "texture": "#manastone", "uv": [ 0.0, 0.0, 1.0, 1.0 ] },
								"up": { "texture": "#manastone", "uv": [ 0.0, 0.0, 10.5, 1.0 ] },
								"down": { "texture": "#manastone", "uv": [ 0.0, 0.0, 10.5, 1.0 ] }
							}
						},
						{
							"name": "manastonebar-54",
							"from": [ 1.0, 18.55, 0.5 ],
							"to": [ 11.5, 19.55, 1.5 ],
							"rotationOrigin": [ 1.0, 19.25, 0.8 ],
							"rotationX": 90.0,
							"rotationY": -45.0,
							"rotationZ": 90.0,
							"faces": {
								"north": { "texture": "#manastone", "uv": [ 0.0, 0.0, 10.5, 1.0 ] },
								"east": { "texture": "#manastone", "uv": [ 0.0, 0.0, 1.0, 1.0 ] },
								"south": { "texture": "#manastone", "uv": [ 0.0, 0.0, 10.5, 1.0 ] },
								"west": { "texture": "#manastone", "uv": [ 0.0, 0.0, 1.0, 1.0 ] },
								"up": { "texture": "#manastone", "uv": [ 0.0, 0.0, 10.5, 1.0 ] },
								"down": { "texture": "#manastone", "uv": [ 0.0, 0.0, 10.5, 1.0 ] }
							}
						},
						{
							"name": "barbrace-55",
							"from": [ 16.0, 19.0, 12.0 ],
							"to": [ 18.0, 19.25, 14.0 ],
							"rotationOrigin": [ 16.0, 19.0, 12.0 ],
							"rotationX": -180.0,
							"rotationZ": -180.0,
							"faces": {
								"north": { "texture": "#material7", "uv": [ 0.0, 0.0, 2.0, 0.5 ] },
								"east": { "texture": "#material7", "uv": [ 0.0, 0.0, 2.0, 0.5 ] },
								"south": { "texture": "#material7", "uv": [ 0.0, 0.0, 2.0, 0.5 ] },
								"west": { "texture": "#material7", "uv": [ 0.0, 0.0, 2.0, 0.5 ] },
								"up": { "texture": "#material7", "uv": [ 0.0, 0.0, 2.0, 2.0 ] },
								"down": { "texture": "#material7", "uv": [ 0.0, 0.0, 2.0, 2.0 ] }
							},
							"children": [
								{
									"name": "baranchor-56",
									"from": [ 0.5, 0.0, 0.5 ],
									"to": [ 1.5, 0.85, 1.5 ],
									"rotationOrigin": [ 1.0, 0.0, 1.0 ],
									"faces": {
										"north": { "texture": "#material7", "uv": [ 0.0, 0.0, 1.0, 0.5 ] },
										"east": { "texture": "#material7", "uv": [ 0.0, 0.0, 1.0, 0.5 ] },
										"south": { "texture": "#material7", "uv": [ 0.0, 0.0, 1.0, 0.5 ] },
										"west": { "texture": "#material7", "uv": [ 0.0, 0.0, 1.0, 0.5 ] },
										"up": { "texture": "#material7", "uv": [ 0.0, 0.0, 1.0, 1.0 ] },
										"down": { "texture": "#material7", "uv": [ 0.0, 0.0, 1.0, 1.0 ] }
									}
								}
							]
						},
						{
							"name": "barbrace-57",
							"from": [ 16.0, 19.0, 2.0 ],
							"to": [ 18.0, 19.25, 4.0 ],
							"rotationOrigin": [ 16.0, 19.0, 2.0 ],
							"rotationX": -180.0,
							"rotationZ": -180.0,
							"faces": {
								"north": { "texture": "#material7", "uv": [ 0.0, 0.0, 2.0, 0.5 ] },
								"east": { "texture": "#material7", "uv": [ 0.0, 0.0, 2.0, 0.5 ] },
								"south": { "texture": "#material7", "uv": [ 0.0, 0.0, 2.0, 0.5 ] },
								"west": { "texture": "#material7", "uv": [ 0.0, 0.0, 2.0, 0.5 ] },
								"up": { "texture": "#material7", "uv": [ 0.0, 0.0, 2.0, 2.0 ] },
								"down": { "texture": "#material7", "uv": [ 0.0, 0.0, 2.0, 2.0 ] }
							},
							"children": [
								{
									"name": "baranchor-58",
									"from": [ 0.5, 0.0, 0.5 ],
									"to": [ 1.5, 0.85, 1.5 ],
									"rotationOrigin": [ 1.0, 0.0, 1.0 ],
									"faces": {
										"north": { "texture": "#material7", "uv": [ 0.0, 0.0, 1.0, 0.5 ] },
										"east": { "texture": "#material7", "uv": [ 0.0, 0.0, 1.0, 0.5 ] },
										"south": { "texture": "#material7", "uv": [ 0.0, 0.0, 1.0, 0.5 ] },
										"west": { "texture": "#material7", "uv": [ 0.0, 0.0, 1.0, 0.5 ] },
										"up": { "texture": "#material7", "uv": [ 0.0, 0.0, 1.0, 1.0 ] },
										"down": { "texture": "#material7", "uv": [ 0.0, 0.0, 1.0, 1.0 ] }
									}
								}
							]
						},
						{
							"name": "barbrace-59",
							"from": [ 2.0, 19.0, 2.0 ],
							"to": [ 4.0, 19.25, 4.0 ],
							"rotationOrigin": [ 2.0, 19.0, 2.0 ],
							"rotationX": -180.0,
							"rotationZ": -180.0,
							"faces": {
								"north": { "texture": "#material7", "uv": [ 0.0, 0.0, 2.0, 0.5 ] },
								"east": { "texture": "#material7", "uv": [ 0.0, 0.0, 2.0, 0.5 ] },
								"south": { "texture": "#material7", "uv": [ 0.0, 0.0, 2.0, 0.5 ] },
								"west": { "texture": "#material7", "uv": [ 0.0, 0.0, 2.0, 0.5 ] },
								"up": { "texture": "#material7", "uv": [ 0.0, 0.0, 2.0, 2.0 ] },
								"down": { "texture": "#material7", "uv": [ 0.0, 0.0, 2.0, 2.0 ] }
							},
							"children": [
								{
									"name": "baranchor-60",
									"from": [ 0.5, 0.0, 0.5 ],
									"to": [ 1.5, 0.85, 1.5 ],
									"rotationOrigin": [ 1.0, 0.0, 1.0 ],
									"faces": {
										"north": { "texture": "#material7", "uv": [ 0.0, 0.0, 1.0, 0.5 ] },
										"east": { "texture": "#material7", "uv": [ 0.0, 0.0, 1.0, 0.5 ] },
										"south": { "texture": "#material7", "uv": [ 0.0, 0.0, 1.0, 0.5 ] },
										"west": { "texture": "#material7", "uv": [ 0.0, 0.0, 1.0, 0.5 ] },
										"up": { "texture": "#material7", "uv": [ 0.0, 0.0, 1.0, 1.0 ] },
										"down": { "texture": "#material7", "uv": [ 0.0, 0.0, 1.0, 1.0 ] }
									}
								}
							]
						},
						{
							"name": "barbrace-60",
							"from": [ 2.0, 19.0, 12.0 ],
							"to": [ 4.0, 19.25, 14.0 ],
							"rotationOrigin": [ 2.0, 19.0, 12.0 ],
							"rotationX": -180.0,
							"rotationZ": -180.0,
							"faces": {
								"north": { "texture": "#material7", "uv": [ 0.0, 0.0, 2.0, 0.5 ] },
								"east": { "texture": "#material7", "uv": [ 0.0, 0.0, 2.0, 0.5 ] },
								"south": { "texture": "#material7", "uv": [ 0.0, 0.0, 2.0, 0.5 ] },
								"west": { "texture": "#material7", "uv": [ 0.0, 0.0, 2.0, 0.5 ] },
								"up": { "texture": "#material7", "uv": [ 0.0, 0.0, 2.0, 2.0 ] },
								"down": { "texture": "#material7", "uv": [ 0.0, 0.0, 2.0, 2.0 ] }
							},
							"children": [
								{
									"name": "baranchor-61",
									"from": [ 0.5, 0.0, 0.5 ],
									"to": [ 1.5, 0.85, 1.5 ],
									"rotationOrigin": [ 1.0, 0.0, 1.0 ],
									"faces": {
										"north": { "texture": "#material7", "uv": [ 0.0, 0.0, 1.0, 0.5 ] },
										"east": { "texture": "#material7", "uv": [ 0.0, 0.0, 1.0, 0.5 ] },
										"south": { "texture": "#material7", "uv": [ 0.0, 0.0, 1.0, 0.5 ] },
										"west": { "texture": "#material7", "uv": [ 0.0, 0.0, 1.0, 0.5 ] },
										"up": { "texture": "#material7", "uv": [ 0.0, 0.0, 1.0, 1.0 ] },
										"down": { "texture": "#material7", "uv": [ 0.0, 0.0, 1.0, 1.0 ] }
									}
								}
							]
						},
						{
							"name": "baranchor-6",
							"from": [ 0.06, 12.25, 15.0 ],
							"to": [ 0.81, 13.1, 19.2 ],
							"rotationOrigin": [ 0.41, 12.2, 15.5 ],
							"rotationX": 180.0,
							"rotationZ": 180.0,
							"faces": {
								"north": { "texture": "#material7", "uv": [ 0.0, 0.0, 0.5, 0.5 ] },
								"east": { "texture": "#material7", "uv": [ 0.0, 0.0, 4.0, 0.5 ] },
								"south": { "texture": "#material7", "uv": [ 0.0, 0.0, 0.5, 0.5 ] },
								"west": { "texture": "#material7", "uv": [ 0.0, 0.0, 4.0, 0.5 ] },
								"up": { "texture": "#material7", "uv": [ 0.0, 0.0, 0.5, 4.0 ] },
								"down": { "texture": "#material7", "uv": [ 0.0, 0.0, 0.5, 4.0 ] }
							}
						},
						{
							"name": "baranchor-77",
							"from": [ 1.21, 12.25, 15.0 ],
							"to": [ 1.96, 13.1, 23.0 ],
							"rotationOrigin": [ 1.61, 12.2, 15.5 ],
							"rotationX": 180.0,
							"rotationZ": 180.0,
							"faces": {
								"north": { "texture": "#material7", "uv": [ 0.0, 0.0, 0.5, 0.5 ] },
								"east": { "texture": "#material7", "uv": [ 0.0, 0.0, 8.0, 0.5 ] },
								"south": { "texture": "#material7", "uv": [ 0.0, 0.0, 0.5, 0.5 ] },
								"west": { "texture": "#material7", "uv": [ 0.0, 0.0, 8.0, 0.5 ] },
								"up": { "texture": "#material7", "uv": [ 0.0, 0.0, 0.5, 8.0 ] },
								"down": { "texture": "#material7", "uv": [ 0.0, 0.0, 0.5, 8.0 ] }
							}
						},
						{
							"name": "manastonebar-15",
							"from": [ 0.75, 11.85, 14.7 ],
							"to": [ 1.75, 12.85, 15.9 ],
							"rotationOrigin": [ 0.8, 12.55, 15.0 ],
							"rotationX": 45.0,
							"faces": {
								"north": { "texture": "#manastone", "uv": [ 0.0, 0.0, 1.0, 1.0 ] },
								"east": { "texture": "#manastone", "uv": [ 0.0, 0.0, 1.0, 1.0 ] },
								"south": { "texture": "#manastone", "uv": [ 0.0, 0.0, 1.0, 1.0 ] },
								"west": { "texture": "#manastone", "uv": [ 0.0, 0.0, 1.0, 1.0 ] },
								"up": { "texture": "#manastone", "uv": [ 0.0, 0.0, 1.0, 1.0 ] },
								"down": { "texture": "#manastone", "uv": [ 0.0, 0.0, 1.0, 1.0 ] }
							}
						},
						{
							"name": "manastonebar-16",
							"from": [ 14.05, 11.85, 14.7 ],
							"to": [ 15.55, 12.85, 15.9 ],
							"rotationOrigin": [ 14.1, 12.55, 15.0 ],
							"rotationX": 45.0,
							"faces": {
								"north": { "texture": "#manastone", "uv": [ 0.0, 0.0, 1.5, 1.0 ] },
								"east": { "texture": "#manastone", "uv": [ 0.0, 0.0, 1.0, 1.0 ] },
								"south": { "texture": "#manastone", "uv": [ 0.0, 0.0, 1.5, 1.0 ] },
								"west": { "texture": "#manastone", "uv": [ 0.0, 0.0, 1.0, 1.0 ] },
								"up": { "texture": "#manastone", "uv": [ 0.0, 0.0, 1.5, 1.0 ] },
								"down": { "texture": "#manastone", "uv": [ 0.0, 0.0, 1.5, 1.0 ] }
							}
						},
						{
							"name": "manastonebar-24",
							"from": [ 0.75, 11.59, 11.84 ],
							"to": [ 1.75, 15.59, 13.04 ],
							"rotationOrigin": [ 0.8, 12.6914, 12.1414 ],
							"rotationX": 90.0,
							"faces": {
								"north": { "texture": "#manastone", "uv": [ 0.0, 0.0, 1.0, 4.0 ] },
								"east": { "texture": "#manastone", "uv": [ 0.0, 0.0, 1.0, 4.0 ] },
								"south": { "texture": "#manastone", "uv": [ 0.0, 0.0, 1.0, 4.0 ] },
								"west": { "texture": "#manastone", "uv": [ 0.0, 0.0, 1.0, 4.0 ] },
								"up": { "texture": "#manastone", "uv": [ 0.0, 0.0, 1.0, 1.0 ] },
								"down": { "texture": "#manastone", "uv": [ 0.0, 0.0, 1.0, 1.0 ] }
							}
						},
						{
							"name": "manastonebar-25",
							"from": [ 14.05, 11.59, 11.84 ],
							"to": [ 15.55, 15.59, 13.04 ],
							"rotationOrigin": [ 14.1, 12.6914, 12.1414 ],
							"rotationX": 90.0,
							"faces": {
								"north": { "texture": "#manastone", "uv": [ 0.0, 0.0, 1.5, 4.0 ] },
								"east": { "texture": "#manastone", "uv": [ 0.0, 0.0, 1.0, 4.0 ] },
								"south": { "texture": "#manastone", "uv": [ 0.0, 0.0, 1.5, 4.0 ] },
								"west": { "texture": "#manastone", "uv": [ 0.0, 0.0, 1.0, 4.0 ] },
								"up": { "texture": "#manastone", "uv": [ 0.0, 0.0, 1.5, 1.0 ] },
								"down": { "texture": "#manastone", "uv": [ 0.0, 0.0, 1.5, 1.0 ] }
							}
						},
						{
							"name": "barbrace-9",
							"from": [ 1.99, 12.0, 11.9 ],
							"to": [ 2.09, 12.25, 15.8 ],
							"rotationOrigin": [ 2.0, 12.0, 11.9 ],
							"rotationX": -180.0,
							"rotationZ": -180.0,
							"faces": {
								"north": { "texture": "#material7", "uv": [ 0.0, 0.0, 0.5, 0.5 ] },
								"east": { "texture": "#material7", "uv": [ 0.0, 0.0, 3.5, 0.5 ] },
								"south": { "texture": "#material7", "uv": [ 0.0, 0.0, 0.5, 0.5 ] },
								"west": { "texture": "#material7", "uv": [ 0.0, 0.0, 3.5, 0.5 ] },
								"up": { "texture": "#material7", "uv": [ 0.0, 0.0, 0.5, 3.5 ] },
								"down": { "texture": "#material7", "uv": [ 0.0, 0.0, 0.5, 3.5 ] }
							}
						},
						{
							"name": "barbrace-10",
							"from": [ 14.11, 12.0, 12.0 ],
							"to": [ 14.21, 12.25, 16.0 ],
							"rotationOrigin": [ 14.1, 12.0, 12.0 ],
							"rotationX": -180.0,
							"rotationZ": -180.0,
							"faces": {
								"north": { "texture": "#material7", "uv": [ 0.0, 0.0, 0.5, 0.5 ] },
								"east": { "texture": "#material7", "uv": [ 0.0, 0.0, 4.0, 0.5 ] },
								"south": { "texture": "#material7", "uv": [ 0.0, 0.0, 0.5, 0.5 ] },
								"west": { "texture": "#material7", "uv": [ 0.0, 0.0, 4.0, 0.5 ] },
								"up": { "texture": "#material7", "uv": [ 0.0, 0.0, 0.5, 4.0 ] },
								"down": { "texture": "#material7", "uv": [ 0.0, 0.0, 0.5, 4.0 ] }
							}
						}
					]
				},
				{
					"name": "Cube2",
					"from": [ 0.0, 6.0, 0.0 ],
					"to": [ 16.0, 7.0, 16.0 ],
					"rotationOrigin": [ 0.0, 6.0, 0.0 ],
					"faces": {
						"north": { "texture": "#material1", "uv": [ 0.0, 0.0, 16.0, 1.0 ] },
						"east": { "texture": "#material1", "uv": [ 0.0, 0.0, 16.0, 1.0 ] },
						"south": { "texture": "#material1", "uv": [ 0.0, 0.0, 16.0, 1.0 ] },
						"west": { "texture": "#material1", "uv": [ 0.0, 0.0, 16.0, 1.0 ] },
						"up": { "texture": "#material1", "uv": [ 0.0, 0.0, 16.0, 16.0 ] },
						"down": { "texture": "#material1", "uv": [ 0.0, 0.0, 16.0, 16.0 ] }
					},
					"children": [
						{
							"name": "Cube3",
							"from": [ 0.0, 1.0, 0.0 ],
							"to": [ 16.0, 8.0, 9.0 ],
							"rotationOrigin": [ 0.0, 1.0, 0.0 ],
							"faces": {
								"north": { "texture": "#material1", "uv": [ 0.0, 0.0, 16.0, 7.0 ] },
								"east": { "texture": "#material1", "uv": [ 0.0, 0.0, 9.0, 7.0 ] },
								"south": { "texture": "#material1", "uv": [ 0.0, 0.0, 16.0, 7.0 ] },
								"west": { "texture": "#material1", "uv": [ 0.0, 0.0, 9.0, 7.0 ] },
								"up": { "texture": "#material1", "uv": [ 0.0, 0.0, 16.0, 9.0 ] },
								"down": { "texture": "#material1", "uv": [ 0.0, 0.0, 16.0, 9.0 ] }
							},
							"children": [
								{
									"name": "Cube4",
									"from": [ 0.0, 0.0, 9.0 ],
									"to": [ 2.0, 6.5, 12.0 ],
									"rotationOrigin": [ 0.0, 0.0, 9.0 ],
									"faces": {
										"north": { "texture": "#material1", "uv": [ 0.0, 0.0, 2.0, 6.5 ] },
										"east": { "texture": "#material1", "uv": [ 0.0, 0.0, 3.0, 6.5 ] },
										"south": { "texture": "#material1", "uv": [ 0.0, 0.0, 2.0, 6.5 ] },
										"west": { "texture": "#material1", "uv": [ 0.0, 0.0, 3.0, 6.5 ] },
										"up": { "texture": "#material1", "uv": [ 0.0, 0.0, 2.0, 3.0 ] },
										"down": { "texture": "#material1", "uv": [ 0.0, 0.0, 2.0, 3.0 ] }
									}
								},
								{
									"name": "Cube5",
									"from": [ 14.0, 0.0, 9.0 ],
									"to": [ 16.0, 6.5, 12.0 ],
									"rotationOrigin": [ 14.0, 0.0, 9.0 ],
									"faces": {
										"north": { "texture": "#material1", "uv": [ 0.0, 0.0, 2.0, 6.5 ] },
										"east": { "texture": "#material1", "uv": [ 0.0, 0.0, 3.0, 6.5 ] },
										"south": { "texture": "#material1", "uv": [ 0.0, 0.0, 2.0, 6.5 ] },
										"west": { "texture": "#material1", "uv": [ 0.0, 0.0, 3.0, 6.5 ] },
										"up": { "texture": "#material1", "uv": [ 0.0, 0.0, 2.0, 3.0 ] },
										"down": { "texture": "#material1", "uv": [ 0.0, 0.0, 2.0, 3.0 ] }
									}
								},
								{
									"name": "Cube6",
									"from": [ 0.0, 6.5, 9.0 ],
									"to": [ 16.0, 7.0, 12.0 ],
									"rotationOrigin": [ 0.0, 6.5, 9.0 ],
									"faces": {
										"north": { "texture": "#material1", "uv": [ 0.0, 0.0, 16.0, 0.5 ] },
										"east": { "texture": "#material1", "uv": [ 0.0, 0.0, 3.0, 0.5 ] },
										"south": { "texture": "#material1", "uv": [ 0.0, 0.0, 16.0, 0.5 ] },
										"west": { "texture": "#material1", "uv": [ 0.0, 0.0, 3.0, 0.5 ] },
										"up": { "texture": "#material1", "uv": [ 0.0, 0.0, 16.0, 3.0 ] },
										"down": { "texture": "#material1", "uv": [ 0.0, 0.0, 16.0, 3.0 ] }
									}
								},
								{
									"name": "Cube7",
									"from": [ -0.01, 0.0, 1.0 ],
									"to": [ 0.99, 6.0, 11.0 ],
									"rotationOrigin": [ 0.0, 0.0, 1.0 ],
									"faces": {
										"north": { "texture": "#material2", "uv": [ 0.0, 0.0, 1.0, 6.0 ] },
										"east": { "texture": "#material2", "uv": [ 0.0, 0.0, 10.0, 6.0 ] },
										"south": { "texture": "#material2", "uv": [ 0.0, 0.0, 1.0, 6.0 ] },
										"west": { "texture": "#material2", "uv": [ 0.0, 0.0, 10.0, 6.0 ] },
										"up": { "texture": "#material2", "uv": [ 0.0, 0.0, 1.0, 10.0 ] },
										"down": { "texture": "#material2", "uv": [ 0.0, 0.0, 1.0, 10.0 ] }
									}
								},
								{
									"name": "Cube8",
									"from": [ 15.01, 0.0, 1.0 ],
									"to": [ 16.01, 6.0, 11.0 ],
									"rotationOrigin": [ 16.0, 0.0, 1.0 ],
									"faces": {
										"north": { "texture": "#material2", "uv": [ 0.0, 0.0, 1.0, 6.0 ] },
										"east": { "texture": "#material2", "uv": [ 0.0, 0.0, 10.0, 6.0 ] },
										"south": { "texture": "#material2", "uv": [ 0.0, 0.0, 1.0, 6.0 ] },
										"west": { "texture": "#material2", "uv": [ 0.0, 0.0, 10.0, 6.0 ] },
										"up": { "texture": "#material2", "uv": [ 0.0, 0.0, 1.0, 10.0 ] },
										"down": { "texture": "#material2", "uv": [ 0.0, 0.0, 1.0, 10.0 ] }
									}
								},
								{
									"name": "Cube9",
									"from": [ 1.0, 0.0, -0.01 ],
									"to": [ 15.0, 6.0, 0.99 ],
									"rotationOrigin": [ 1.0, 0.0, 0.0 ],
									"faces": {
										"north": { "texture": "#material2", "uv": [ 0.0, 0.0, 14.0, 6.0 ] },
										"east": { "texture": "#material2", "uv": [ 0.0, 0.0, 1.0, 6.0 ] },
										"south": { "texture": "#material2", "uv": [ 0.0, 0.0, 14.0, 6.0 ] },
										"west": { "texture": "#material2", "uv": [ 0.0, 0.0, 1.0, 6.0 ] },
										"up": { "texture": "#material2", "uv": [ 0.0, 0.0, 14.0, 1.0 ] },
										"down": { "texture": "#material2", "uv": [ 0.0, 0.0, 14.0, 1.0 ] }
									}
								},
								{
									"name": "Cube10",
									"from": [ 2.0, 6.51, 1.0 ],
									"to": [ 14.0, 7.01, 11.0 ],
									"rotationOrigin": [ 2.0, 6.5, 1.0 ],
									"faces": {
										"north": { "texture": "#material2", "uv": [ 0.0, 0.0, 12.0, 0.5 ] },
										"east": { "texture": "#material2", "uv": [ 0.0, 0.0, 10.0, 0.5 ] },
										"south": { "texture": "#material2", "uv": [ 0.0, 0.0, 12.0, 0.5 ] },
										"west": { "texture": "#material2", "uv": [ 0.0, 0.0, 10.0, 0.5 ] },
										"up": { "texture": "#material2", "uv": [ 0.0, 0.0, 12.0, 10.0 ] },
										"down": { "texture": "#material2", "uv": [ 0.0, 0.0, 12.0, 10.0 ] }
									}
								},
								{
									"name": "Cube11",
									"from": [ 1.0, -1.01, 1.0 ],
									"to": [ 15.0, -0.01, 15.0 ],
									"rotationOrigin": [ 1.0, -2.0, 1.0 ],
									"faces": {
										"north": { "texture": "#material2", "uv": [ 0.0, 0.0, 14.0, 1.0 ] },
										"east": { "texture": "#material2", "uv": [ 0.0, 0.0, 14.0, 1.0 ] },
										"south": { "texture": "#material2", "uv": [ 0.0, 0.0, 14.0, 1.0 ] },
										"west": { "texture": "#material2", "uv": [ 0.0, 0.0, 14.0, 1.0 ] },
										"up": { "texture": "#material2", "uv": [ 0.0, 0.0, 14.0, 14.0 ] },
										"down": { "texture": "#material2", "uv": [ 0.0, 0.0, 14.0, 14.0 ] }
									}
								},
								{
									"name": "Cube12",
									"from": [ 1.0, 0.0, 8.01 ],
									"to": [ 15.0, 6.5, 9.01 ],
									"rotationOrigin": [ 1.0, 0.0, 8.0 ],
									"faces": {
										"north": { "texture": "#material2", "uv": [ 0.0, 0.0, 14.0, 6.5 ] },
										"east": { "texture": "#material2", "uv": [ 0.0, 0.0, 1.0, 6.5 ] },
										"south": { "texture": "#material2", "uv": [ 0.0, 0.0, 14.0, 6.5 ] },
										"west": { "texture": "#material2", "uv": [ 0.0, 0.0, 1.0, 6.5 ] },
										"up": { "texture": "#material2", "uv": [ 0.0, 0.0, 14.0, 1.0 ] },
										"down": { "texture": "#material2", "uv": [ 0.0, 0.0, 14.0, 1.0 ] }
									}
								}
							]
						}
					]
				}
			]
		},
		{
			"name": "deco 103",
			"from": [ 6.0, 0.0, 6.0 ],
			"to": [ 10.0, 0.5, 10.0 ],
			"rotationOrigin": [ 6.0, 0.0, 6.0 ],
			"faces": {
				"north": { "texture": "#lead", "uv": [ 9.0, 6.5, 13.0, 7.0 ] },
				"east": { "texture": "#lead", "uv": [ 6.0, 13.0, 10.0, 13.5 ] },
				"south": { "texture": "#lead", "uv": [ 9.5, 11.5, 13.5, 12.0 ] },
				"west": { "texture": "#lead", "uv": [ 3.5, 10.5, 7.5, 11.0 ] },
				"up": { "texture": "#lead", "uv": [ 0.0, 0.0, 4.0, 4.0 ] },
				"down": { "texture": "#lead", "uv": [ 2.0, 7.0, 6.0, 11.0 ] }
			},
			"children": [
				{
					"name": "deco 104",
					"from": [ 0.4, 0.5, 0.4 ],
					"to": [ 3.6, 1.0, 3.6 ],
					"rotationOrigin": [ 0.4, 0.5, 0.4 ],
					"faces": {
						"north": { "texture": "#glowingslot1", "uv": [ 11.0, 14.5, 14.0, 15.0 ] },
						"east": { "texture": "#glowingslot1", "uv": [ 8.0, 9.0, 11.0, 9.5 ] },
						"south": { "texture": "#glowingslot1", "uv": [ 12.5, 3.5, 15.5, 4.0 ] },
						"west": { "texture": "#glowingslot1", "uv": [ 0.0, 14.5, 3.0, 15.0 ] },
						"up": { "texture": "#glowingslot1", "uv": [ 6.0, 4.5, 9.0, 7.5 ] },
						"down": { "texture": "#glowingslot1", "uv": [ 3.0, 8.0, 6.0, 11.0 ] }
					}
				}
			]
		}
	]}