{
	"editor": {
		"allAngles": false,
		"entityTextureMode": false
	},
	"textureWidth": 16,
	"textureHeight": 16,
	"textureSizes": {
	},
	"textures": {
		"leavessmall": "wildcraftfruit:block/plant/berrybush/small/leaves/blackelder1",
		"flowerberrylarge": "wildcraftfruit:block/plant/berrybush/large/fruit/blackelderlarge",
		"flowerberrysmall": "wildcraftfruit:block/plant/berrybush/small/fruit/blackelder1",
		"branches": "game:block/plant/berrybush/branches/default",
		"leaveslarge": "wildcraftfruit:block/plant/berrybush/large/leaves/blackelderlarge"
	},
	"elements": [
		{
			"name": "Berries",
			"from": [ 0.0, 0.0, 0.0 ], 
			"to": [ 16.0, 16.0, 16.0 ], 
			"faces": {
				"north": { "texture": "#flowerberrysmall", "uv": [ 0.0, 0.0, 16.0, 16.0 ], "windMode": [0,1,1,0], "windData": [0,1,1,0] },
				"east": { "texture": "#flowerberrysmall", "uv": [ 0.0, 0.0, 16.0, 16.0 ], "windMode": [0,1,1,0], "windData": [0,1,1,0] },
				"south": { "texture": "#flowerberrysmall", "uv": [ 0.0, 0.0, 16.0, 16.0 ], "windMode": [0,0,1,1], "windData": [0,0,1,1] },
				"west": { "texture": "#flowerberrysmall", "uv": [ 0.0, 0.0, 16.0, 16.0 ], "windMode": [0,0,1,1], "windData": [0,0,1,1] },
				"up": { "texture": "#flowerberrysmalltop", "uv": [ 0.0, 0.0, 16.0, 16.0 ], "windMode": [1,1,1,1], "windData": [1,1,1,1] },
				"down": { "texture": "#flowerberrysmall", "uv": [ 0.0, 0.0, 16.0, 16.0 ], "enabled": false }
			}
		},
		{
			"name": "branchesN",
			"from": [ 0.0, 0.0, 8.0 ], 
			"to": [ 16.0, 16.0, 8.0 ], 
			"rotationOrigin": [ 8.0, 8.0, 8.0 ],
			"rotationY": 45.0,
			"faces": {
				"north": { "texture": "#branches", "uv": [ 0.0, 0.0, 16.0, 16.0 ], "windMode": [0,1,1,0], "windData": [0,1,1,0] },
				"east": { "texture": "#branches", "uv": [ 0.0, 0.0, 8.0, 16.0 ], "enabled": false },
				"south": { "texture": "#branches", "uv": [ 16.0, 0.0, 0.0, 16.0 ], "windMode": [0,0,1,1], "windData": [0,0,1,1] },
				"west": { "texture": "#branches", "uv": [ 0.0, 0.0, 8.0, 16.0 ], "enabled": false },
				"up": { "texture": "#branches", "uv": [ 0.0, 0.0, 22.6, 8.0 ], "enabled": false },
				"down": { "texture": "#branches", "uv": [ 0.0, 0.0, 22.6, 8.0 ], "enabled": false }
			}
		},
		{
			"name": "branchesS",
			"from": [ 0.0, 0.0, 8.0 ], 
			"to": [ 16.0, 16.0, 8.0 ], 
			"rotationOrigin": [ 8.0, 8.0, 8.0 ],
			"rotationY": -45.0,
			"faces": {
				"north": { "texture": "#branches", "uv": [ 0.0, 0.0, 16.0, 16.0 ], "windMode": [0,1,1,0], "windData": [0,1,1,0] },
				"east": { "texture": "#branches", "uv": [ 0.0, 0.0, 8.0, 16.0 ], "enabled": false },
				"south": { "texture": "#branches", "uv": [ 16.0, 0.0, 0.0, 16.0 ], "windMode": [0,0,1,1], "windData": [0,0,1,1] },
				"west": { "texture": "#branches", "uv": [ 0.0, 0.0, 8.0, 16.0 ], "enabled": false },
				"up": { "texture": "#branches", "uv": [ 0.0, 0.0, 22.6, 8.0 ], "enabled": false },
				"down": { "texture": "#branches", "uv": [ 0.0, 0.0, 22.6, 8.0 ], "enabled": false }
			}
		},
		{
			"name": "Leaves",
			"from": [ 0.1, 0.1, 0.1 ], 
			"to": [ 15.8, 15.8, 15.8 ], 
			"climateColorMap": "climatePlantTint",
			"seasonColorMap": "seasonalElder",
			"faces": {
				"north": { "texture": "#leavessmall", "uv": [ 0.0, 0.0, 15.5, 15.5 ], "windMode": [0,1,1,0] },
				"east": { "texture": "#leavessmall", "uv": [ 0.0, 0.0, 15.5, 15.5 ], "windMode": [0,1,1,0] },
				"south": { "texture": "#leavessmall", "uv": [ 0.0, 0.0, 15.5, 15.5 ], "windMode": [0,0,1,1] },
				"west": { "texture": "#leavessmall", "uv": [ 0.0, 0.0, 15.5, 15.5 ], "windMode": [0,0,1,1] },
				"up": { "texture": "#leavessmall", "uv": [ 0.0, 0.0, 16.0, 16.0 ], "autoUv": false, "windMode": [1,1,1,1] },
				"down": { "texture": "#leavessmall", "uv": [ 0.0, 0.0, 15.5, 15.5 ], "enabled": false }
			}
		},
		{
			"name": "Largeleaves",
			"from": [ 0.0, 0.0, 0.0 ], 
			"to": [ 16.0, 16.0, 16.0 ], 
			"shade": false,
			"climateColorMap": "climatePlantTint",
			"seasonColorMap": "seasonalElder",
			"renderPass": 1,
			"rotationOrigin": [ 8.0, 0.0, 8.0 ],
			"rotationY": -45.0,
			"faces": {
				"north": { "texture": "#leaveslarge", "uv": [ 0.0, 0.0, 16.0, 16.0 ], "enabled": false },
				"east": { "texture": "#leaveslarge", "uv": [ 0.0, 0.0, 16.0, 16.0 ], "enabled": false },
				"south": { "texture": "#leaveslarge", "uv": [ 0.0, 0.0, 16.0, 16.0 ], "enabled": false },
				"west": { "texture": "#leaveslarge", "uv": [ 0.0, 0.0, 16.0, 16.0 ], "enabled": false },
				"up": { "texture": "#leaveslarge", "uv": [ 0.0, 0.0, 16.0, 16.0 ], "enabled": false },
				"down": { "texture": "#leaveslarge", "uv": [ 0.0, 0.0, 16.0, 16.0 ], "enabled": false }
			},
			"children": [
				{
					"name": "Cube9",
					"from": [ -8.0, 0.0, 8.0 ], 
					"to": [ 24.0, 26.0, 8.0 ], 
					"shade": false,
			"climateColorMap": "climatePlantTint",
			"seasonColorMap": "seasonalElder",
					"rotationOrigin": [ 8.0, 16.0, 8.0 ],
					"rotationX": 0.57,
					"rotationY": -67.5,
					"rotationZ": -0.32,
					"faces": {
						"north": { "texture": "#leaveslarge", "uv": [ 0.0, 0.0, 32.0, 26.0 ], "enabled": false },
						"east": { "texture": "#leaveslarge", "uv": [ 0.0, 0.0, 0.25, 26.0 ], "enabled": false },
						"south": { "texture": "#leaveslarge", "uv": [ 0.0, 0.0, 16.0, 13.0 ], "autoUv": false, "windMode": [0,0,1,1], "windData": [0,0,1,1] },
						"west": { "texture": "#leaveslarge", "uv": [ 0.0, 0.0, 0.25, 26.0 ], "enabled": false },
						"up": { "texture": "#leaveslarge", "uv": [ 0.0, 0.0, 32.0, 0.25 ], "enabled": false },
						"down": { "texture": "#leaveslarge", "uv": [ 0.0, 0.0, 32.0, 0.25 ], "enabled": false }
					}
				},
				{
					"name": "Cube10",
					"from": [ -8.0, 0.0, 8.0 ], 
					"to": [ 24.0, 26.0, 8.0 ], 
					"shade": false,
			"climateColorMap": "climatePlantTint",
			"seasonColorMap": "seasonalElder",
					"rotationOrigin": [ 8.0, 8.0, 8.0 ],
					"rotationX": 0.21,
					"rotationY": 22.5,
					"rotationZ": -0.63,
					"faces": {
						"north": { "texture": "#leaveslarge", "uv": [ 0.0, 0.0, 32.0, 26.0 ], "enabled": false },
						"east": { "texture": "#leaveslarge", "uv": [ 0.0, 0.0, 0.25, 26.0 ], "enabled": false },
						"south": { "texture": "#leaveslarge", "uv": [ 0.0, 0.0, 16.0, 13.0 ], "autoUv": false, "windMode": [0,0,1,1], "windData": [0,0,1,1] },
						"west": { "texture": "#leaveslarge", "uv": [ 0.0, 0.0, 0.25, 26.0 ], "enabled": false },
						"up": { "texture": "#leaveslarge", "uv": [ 0.0, 0.0, 32.0, 0.25 ], "enabled": false },
						"down": { "texture": "#leaveslarge", "uv": [ 0.0, 0.0, 32.0, 0.25 ], "enabled": false }
					}
				},
				{
					"name": "Cube7",
					"from": [ -8.0, 0.0, 8.0 ], 
					"to": [ 24.0, 26.0, 8.0 ], 
					"shade": false,					"gradientShade": true,
					"gradientShade": true,
			"climateColorMap": "climatePlantTint",
			"seasonColorMap": "seasonalElder",
					"rotationOrigin": [ 8.0, 8.0, 8.0 ],
					"rotationX": 0.507,
					"rotationY": 67.499,
					"rotationZ": -1.018,
					"faces": {
						"north": { "texture": "#leaveslarge", "uv": [ 0.0, 0.0, 32.0, 26.0 ], "enabled": false },
						"east": { "texture": "#leaveslarge", "uv": [ 0.0, 0.0, 0.25, 26.0 ], "enabled": false },
						"south": { "texture": "#leaveslarge", "uv": [ 0.0, 0.0, 16.0, 13.0 ], "autoUv": false, "windMode": [0,0,1,1], "windData": [0,0,1,1] },
						"west": { "texture": "#leaveslarge", "uv": [ 0.0, 0.0, 0.25, 26.0 ], "enabled": false },
						"up": { "texture": "#leaveslarge", "uv": [ 0.0, 0.0, 32.0, 0.25 ], "enabled": false },
						"down": { "texture": "#leaveslarge", "uv": [ 0.0, 0.0, 32.0, 0.25 ], "enabled": false }
					}
				},
				{
					"name": "Cube6",
					"from": [ -8.0, 0.0, 8.0 ], 
					"to": [ 24.0, 26.0, 8.0 ], 
					"shade": false,					"gradientShade": true,
					"gradientShade": true,
			"climateColorMap": "climatePlantTint",
			"seasonColorMap": "seasonalElder",
					"rotationOrigin": [ 8.0, 16.0, 8.0 ],
					"rotationX": 0.236,
					"rotationY": -22.501,
					"rotationZ": -0.756,
					"faces": {
						"north": { "texture": "#leaveslarge", "uv": [ 0.0, 0.0, 32.0, 26.0 ], "enabled": false },
						"east": { "texture": "#leaveslarge", "uv": [ 0.0, 0.0, 0.25, 26.0 ], "enabled": false },
						"south": { "texture": "#leaveslarge", "uv": [ 0.0, 0.0, 16.0, 13.0 ], "autoUv": false, "windMode": [0,0,1,1], "windData": [0,0,1,1] },
						"west": { "texture": "#leaveslarge", "uv": [ 0.0, 0.0, 0.25, 26.0 ], "enabled": false },
						"up": { "texture": "#leaveslarge", "uv": [ 0.0, 0.0, 32.0, 0.25 ], "enabled": false },
						"down": { "texture": "#leaveslarge", "uv": [ 0.0, 0.0, 32.0, 0.25 ], "enabled": false }
					}
				}
			]
		},
		{
			"name": "Largeberries",
			"from": [ 0.0, 0.0, 0.0 ], 
			"to": [ 16.0, 16.0, 16.0 ], 
			"shade": false,
			"zOffset": 1,
			"renderPass": 1,
			"rotationOrigin": [ 8.0, 0.0, 8.0 ],
			"rotationY": -45.0,
			"faces": {
				"north": { "texture": "#flowerberrylarge", "uv": [ 0.0, 0.0, 16.0, 16.0 ], "enabled": false },
				"east": { "texture": "#flowerberrylarge", "uv": [ 0.0, 0.0, 16.0, 16.0 ], "enabled": false },
				"south": { "texture": "#flowerberrylarge", "uv": [ 0.0, 0.0, 16.0, 16.0 ], "enabled": false },
				"west": { "texture": "#flowerberrylarge", "uv": [ 0.0, 0.0, 16.0, 16.0 ], "enabled": false },
				"up": { "texture": "#flowerberrylarge", "uv": [ 0.0, 0.0, 16.0, 16.0 ], "enabled": false },
				"down": { "texture": "#flowerberrylarge", "uv": [ 0.0, 0.0, 16.0, 16.0 ], "enabled": false }
			},
			"children": [
				{
					"name": "Cube11",
					"from": [ -8.0, 0.0, 8.0 ], 
					"to": [ 24.0, 26.0, 8.0 ], 
					"shade": false,
					"zOffset": 1,
					"rotationOrigin": [ 8.0, 16.0, 8.0 ],
					"rotationX": 0.57,
					"rotationY": -67.5,
					"rotationZ": -0.32,
					"faces": {
						"north": { "texture": "#flowerberrylarge", "uv": [ 0.0, 0.0, 32.0, 26.0 ], "enabled": false },
						"east": { "texture": "#flowerberrylarge", "uv": [ 0.0, 0.0, 0.25, 26.0 ], "enabled": false },
						"south": { "texture": "#flowerberrylarge", "uv": [ 0.0, 0.0, 16.0, 13.0 ], "autoUv": false, "windMode": [0,0,1,1], "windData": [0,0,1,1] },
						"west": { "texture": "#flowerberrylarge", "uv": [ 0.0, 0.0, 0.25, 26.0 ], "enabled": false },
						"up": { "texture": "#flowerberrylarge", "uv": [ 0.0, 0.0, 32.0, 0.25 ], "enabled": false },
						"down": { "texture": "#flowerberrylarge", "uv": [ 0.0, 0.0, 32.0, 0.25 ], "enabled": false }
					}
				},
				{
					"name": "Cube12",
					"from": [ -8.0, 0.0, 8.0 ], 
					"to": [ 24.0, 26.0, 8.0 ], 
					"shade": false,
					"zOffset": 1,
					"rotationOrigin": [ 8.0, 8.0, 8.0 ],
					"rotationX": 0.21,
					"rotationY": 22.5,
					"rotationZ": -0.63,
					"faces": {
						"north": { "texture": "#flowerberrylarge", "uv": [ 0.0, 0.0, 32.0, 26.0 ], "enabled": false },
						"east": { "texture": "#flowerberrylarge", "uv": [ 0.0, 0.0, 0.25, 26.0 ], "enabled": false },
						"south": { "texture": "#flowerberrylarge", "uv": [ 0.0, 0.0, 16.0, 13.0 ], "autoUv": false, "windMode": [0,0,1,1], "windData": [0,0,1,1] },
						"west": { "texture": "#flowerberrylarge", "uv": [ 0.0, 0.0, 0.25, 26.0 ], "enabled": false },
						"up": { "texture": "#flowerberrylarge", "uv": [ 0.0, 0.0, 32.0, 0.25 ], "enabled": false },
						"down": { "texture": "#flowerberrylarge", "uv": [ 0.0, 0.0, 32.0, 0.25 ], "enabled": false }
					}
				},
				{
					"name": "Cube13",
					"from": [ -8.0, 0.0, 8.0 ], 
					"to": [ 24.0, 26.0, 8.0 ], 
					"shade": false,
					"zOffset": 1,
					"rotationOrigin": [ 8.0, 8.0, 8.0 ],
					"rotationX": 0.507,
					"rotationY": 67.499,
					"rotationZ": -1.018,
					"faces": {
						"north": { "texture": "#flowerberrylarge", "uv": [ 0.0, 0.0, 32.0, 26.0 ], "enabled": false },
						"east": { "texture": "#flowerberrylarge", "uv": [ 0.0, 0.0, 0.25, 26.0 ], "enabled": false },
						"south": { "texture": "#flowerberrylarge", "uv": [ 0.0, 0.0, 16.0, 13.0 ], "autoUv": false, "windMode": [0,0,1,1], "windData": [0,0,1,1] },
						"west": { "texture": "#flowerberrylarge", "uv": [ 0.0, 0.0, 0.25, 26.0 ], "enabled": false },
						"up": { "texture": "#flowerberrylarge", "uv": [ 0.0, 0.0, 32.0, 0.25 ], "enabled": false },
						"down": { "texture": "#flowerberrylarge", "uv": [ 0.0, 0.0, 32.0, 0.25 ], "enabled": false }
					}
				},
				{
					"name": "Cube14",
					"from": [ -8.0, 0.0, 8.0 ], 
					"to": [ 24.0, 26.0, 8.0 ], 
					"shade": false,
					"zOffset": 1,
					"rotationOrigin": [ 8.0, 16.0, 8.0 ],
					"rotationX": 0.236,
					"rotationY": -22.501,
					"rotationZ": -0.756,
					"faces": {
						"north": { "texture": "#flowerberrylarge", "uv": [ 0.0, 0.0, 32.0, 26.0 ], "enabled": false },
						"east": { "texture": "#flowerberrylarge", "uv": [ 0.0, 0.0, 0.25, 26.0 ], "enabled": false },
						"south": { "texture": "#flowerberrylarge", "uv": [ 0.0, 0.0, 16.0, 13.0 ], "autoUv": false, "windMode": [0,0,1,1], "windData": [0,0,1,1] },
						"west": { "texture": "#flowerberrylarge", "uv": [ 0.0, 0.0, 0.25, 26.0 ], "enabled": false },
						"up": { "texture": "#flowerberrylarge", "uv": [ 0.0, 0.0, 32.0, 0.25 ], "enabled": false },
						"down": { "texture": "#flowerberrylarge", "uv": [ 0.0, 0.0, 32.0, 0.25 ], "enabled": false }
					}
				}
			]
		}
	]}