{
	"editor": {
		"allAngles": false,
		"entityTextureMode": false
	},
	"textureWidth": 16,
	"textureHeight": 16,
	"textureSizes": {
	},
	"textures": {
		"trunk": "wildcraftfruit:block/plant/berrybush/large/branches/maritatrunk"
	},
	"elements": [
		{
			"name": "Trunk1",
			"from": [ 6.5, 0.0, 6.5 ], 
			"to": [ 9.5, 16.0, 9.5 ], 
			"rotationOrigin": [ 8.0, 0.0, 8.0 ],
			"rotationY": 90.0,
			"faces": {
				"north": { "texture": "#trunk", "uv": [ 1.0, 0.0, 4.0, 16.0 ], "rotation": 180, "windMode": [-1,-1,-1,-1], "windData": [0,1,1,0] },
				"east": { "texture": "#trunk", "uv": [ 0.0, 0.0, 3.0, 16.0 ], "windMode": [-1,-1,-1,-1], "windData": [0,1,1,0] },
				"south": { "texture": "#trunk", "uv": [ 0.5, 0.0, 3.5, 16.0 ], "rotation": 180, "windMode": [-1,-1,-1,-1], "windData": [0,0,1,1] },
				"west": { "texture": "#trunk", "uv": [ 1.0, 0.0, 4.0, 16.0 ], "windMode": [-1,-1,-1,-1], "windData": [0,0,1,1] },
				"up": { "texture": "#trunk", "uv": [ 0.5, 4.0, 3.5, 7.0 ], "windMode": [-1,-1,-1,-1], "windData": [1,1,1,1] },
				"down": { "texture": "#trunk", "uv": [ 0.5, 9.5, 3.5, 12.5 ], "enabled": false, "windMode": [-1,-1,-1,-1] }
			}
		},
		{
			"name": "Root2",
			"from": [ 10.9, -1.0, 5.9 ], 
			"to": [ 12.4, 7.0, 7.4 ], 
			"rotationOrigin": [ 12.5, -1.0, 7.4 ],
			"rotationX": -49.189,
			"rotationY": 60.123,
			"rotationZ": 49.176,
			"faces": {
				"north": { "texture": "#trunk", "uv": [ 0.0, 4.5, 1.5, 12.5 ] },
				"east": { "texture": "#trunk", "uv": [ 1.0, 2.0, 2.5, 10.0 ] },
				"south": { "texture": "#trunk", "uv": [ 2.0, 5.0, 3.5, 13.0 ] },
				"west": { "texture": "#trunk", "uv": [ 1.5, 2.0, 3.0, 10.0 ] },
				"up": { "texture": "#null", "uv": [ 0.0, 0.0, 1.5, 1.5 ], "enabled": false },
				"down": { "texture": "#null", "uv": [ 0.0, 0.0, 1.5, 1.5 ], "enabled": false }
			}
		},
		{
			"name": "Root4",
			"from": [ 4.0, -1.0, 7.0 ], 
			"to": [ 5.0, 3.0, 8.0 ], 
			"rotationOrigin": [ 5.0, -1.0, 7.0 ],
			"rotationX": 68.152,
			"rotationY": 59.154,
			"rotationZ": -62.005,
			"faces": {
				"north": { "texture": "#trunk", "uv": [ 2.0, 4.5, 3.0, 8.5 ] },
				"east": { "texture": "#trunk", "uv": [ 0.5, 2.5, 1.5, 6.5 ] },
				"south": { "texture": "#trunk", "uv": [ 2.5, 9.5, 3.5, 13.5 ] },
				"west": { "texture": "#trunk", "uv": [ 1.0, 5.0, 2.0, 9.0 ] },
				"up": { "texture": "#null", "uv": [ 0.0, 0.0, 1.0, 1.0 ], "enabled": false },
				"down": { "texture": "#null", "uv": [ 0.0, 0.0, 1.0, 1.0 ], "enabled": false }
			}
		},
		{
			"name": "Root3",
			"from": [ 6.0, -1.0, 0.9 ], 
			"to": [ 7.0, 10.0, 1.9 ], 
			"rotationOrigin": [ 7.0, -1.0, 2.0 ],
			"rotationX": -172.236,
			"rotationY": 68.796,
			"rotationZ": -162.32,
			"faces": {
				"north": { "texture": "#trunk", "uv": [ 0.5, 1.0, 1.5, 12.0 ] },
				"east": { "texture": "#trunk", "uv": [ 1.5, 3.5, 2.5, 14.5 ] },
				"south": { "texture": "#trunk", "uv": [ 0.5, 2.0, 1.5, 13.0 ] },
				"west": { "texture": "#trunk", "uv": [ 0.0, 0.0, 1.0, 11.0 ] },
				"up": { "texture": "#null", "uv": [ 0.0, 0.0, 1.0, 1.0 ], "enabled": false },
				"down": { "texture": "#null", "uv": [ 0.0, 0.0, 1.0, 1.0 ], "enabled": false }
			}
		},
		{
			"name": "Root6",
			"from": [ 9.5, -1.0, 10.0 ], 
			"to": [ 10.5, 2.0, 11.0 ], 
			"rotationOrigin": [ 9.5, -1.0, 11.0 ],
			"rotationX": -142.423,
			"rotationY": 78.616,
			"rotationZ": 108.872,
			"faces": {
				"north": { "texture": "#trunk", "uv": [ 0.0, 0.0, 1.0, 3.0 ] },
				"east": { "texture": "#trunk", "uv": [ 1.0, 3.0, 2.0, 6.0 ] },
				"south": { "texture": "#trunk", "uv": [ 2.0, 9.5, 3.0, 12.5 ] },
				"west": { "texture": "#trunk", "uv": [ 1.5, 3.0, 2.5, 6.0 ] },
				"up": { "texture": "#null", "uv": [ 0.0, 0.0, 1.0, 1.0 ], "enabled": false },
				"down": { "texture": "#null", "uv": [ 0.0, 0.0, 1.0, 1.0 ], "enabled": false }
			}
		},
		{
			"name": "Trunk2",
			"from": [ 5.7507, 16.0, 11.7497 ], 
			"to": [ 8.2507, 32.0, 14.2497 ], 
			"rotationOrigin": [ 5.0, 16.0, 10.0 ],
			"rotationY": 89.98,
			"faces": {
				"north": { "texture": "#trunk", "uv": [ 1.0, 0.0, 3.5, 16.0 ], "rotation": 180 },
				"east": { "texture": "#trunk", "uv": [ 0.0, 0.0, 2.5, 16.0 ] },
				"south": { "texture": "#trunk", "uv": [ 1.0, 0.0, 3.5, 16.0 ], "rotation": 180 },
				"west": { "texture": "#trunk", "uv": [ 0.5, 0.0, 3.0, 16.0 ] },
				"up": { "texture": "#trunk", "uv": [ 0.5, 2.5, 3.0, 5.0 ] },
				"down": { "texture": "#trunk", "uv": [ 0.5, 9.5, 3.0, 12.0 ], "enabled": false }
			}
		},
		{
			"name": "Root5",
			"from": [ 9.0, -1.0, 4.0 ], 
			"to": [ 10.0, 4.0, 5.0 ], 
			"rotationOrigin": [ 10.0, -1.0, 5.0 ],
			"rotationX": -61.373,
			"rotationY": 75.264,
			"rotationZ": 81.172,
			"faces": {
				"north": { "texture": "#trunk", "uv": [ 1.0, 2.5, 2.0, 7.5 ] },
				"east": { "texture": "#trunk", "uv": [ 2.5, 3.0, 3.5, 8.0 ] },
				"south": { "texture": "#trunk", "uv": [ 0.0, 3.5, 1.0, 8.5 ] },
				"west": { "texture": "#trunk", "uv": [ 1.5, 8.5, 2.5, 13.5 ] },
				"up": { "texture": "#null", "uv": [ 0.0, 0.0, 1.0, 1.0 ], "enabled": false },
				"down": { "texture": "#null", "uv": [ 0.0, 0.0, 1.0, 1.0 ], "enabled": false }
			}
		},
		{
			"name": "Root1",
			"from": [ 5.2, -1.0, 11.7 ], 
			"to": [ 6.2, 6.0, 12.7 ], 
			"rotationOrigin": [ 5.2, -1.0, 11.7 ],
			"rotationX": 24.475,
			"rotationY": 72.371,
			"rotationZ": -47.531,
			"faces": {
				"north": { "texture": "#trunk", "uv": [ 0.0, 0.0, 1.0, 7.0 ] },
				"east": { "texture": "#trunk", "uv": [ 0.0, 0.0, 1.0, 7.0 ] },
				"south": { "texture": "#trunk", "uv": [ 0.5, 2.0, 1.5, 9.0 ] },
				"west": { "texture": "#trunk", "uv": [ 2.5, 2.5, 3.5, 9.5 ] },
				"up": { "texture": "#null", "uv": [ 0.0, 0.0, 1.0, 1.0 ], "enabled": false },
				"down": { "texture": "#null", "uv": [ 0.0, 0.0, 1.0, 1.0 ], "enabled": false }
			}
		}
	]}