{
  "code": "essencecore",
  "class": "ItemEssenceCoreRM",
  "enabled": true,

  "storageFlags": 131073,

  "creativeinventory": {
    "general": [ "*" ],
    "items": [ "*" ],
    "rustboundmagic": [ "*" ]
  },

  "behaviors": [
    {
      "name": "GroundStorable",
      "properties": {
        "layout": "Quadrants",
        "collisionBox": {
          "x1": 0,
          "y1": 0,
          "z1": 0,
          "x2": 1,
          "y2": 0.125,
          "z2": 1
        }
      }
    }
  ],

  "maxstacksize": 1,
  "materialDensity": 1200,

  //"shapebytype": {
  //  "*": {
  //    "base": "items/arcanus"
  //  }
  //},
  //"texturesByType": {
  //  "*": {
  //   "default": { "base": "default" },
  //    "quartz": { "base": "blocks/arcanus/arcanuscrystal-none" },
  //    "temporal": { "base": "blocks/arcanus/arcanuscrystal-none" }
  //  }
  //},

  "shapebytype": {
    "*": {
      "base": "items/essencecore"
    }
  },
  "texturesByType": {
    "*": {
      "default": { "base": "default" },
      "material": { "base": "blocks/resources/eldrathium/eldrathium" }
    }
  },
  "attributesByType": {
    "*": {
      "displaycaseable": true,
      "onDisplayTransform": {
        "translation": {
          "x": 0,
          "y": -0.125,
          "z": 0
        },
        "scale": 0.75
      },
      "shelvable": true,
      "onshelfTransform": {
        "translation": {
          "x": 0,
          "y": -0.125,
          "z": 0
        },
        "scale": 0.75
      },
      "groundStorageTransform": {
        "origin": {
          "x": 0.5,
          "y": 0,
          "z": 0.5
        },
        "scale": 0.5
      },
      "handbook": {
        "extraSections": [
          {
            "title": "game:Created by",
            "text": "rustboundmagic:handbook-thaumicworkbenchonlytier2-text"
          },
          {
            "title": "rustboundmagic:handbook-elementalattunement-title",
            "text": "rustboundmagic:handbook-elementalattunement-text"
          }
        ]
      }
    }
  },

  "guiTransform": {
    "translation": {
      "x": -0,
      "y": 0,
      "z": 0
    },
    "origin": {
      "x": 0.475,
      "y": 0.17,
      "z": 0.5
    },
    "scale": 2
  },

  "fpHandTransform": {
    "translation": {
      "x": 0.18,
      "y": 0,
      "z": 0
    },
    "rotation": {
      "x": 5,
      "y": 100,
      "z": 0
    },
    "origin": {
      "x": 0.5,
      "y": -0.13,
      "z": 0.5
    },
    "scale": 2.5
  },
  "tpHandTransform": {
    "translation": {
      "x": -0.7799,
      "y": -0.12,
      "z": -0.66
    },
    "rotation": {
      "x": -41,
      "y": -29,
      "z": -60
    },
    "origin": {
      "x": 0.5,
      "y": 0.09,
      "z": 0.5
    },
    "scale": 0.75
  },
  "groundTransform": {
    "translation": {
      "x": 0,
      "y": 0,
      "z": 0
    },
    "rotation": {
      "x": 0,
      "y": 0,
      "z": 0
    },
    "origin": {
      "x": 0.5,
      "y": 0,
      "z": 0.5
    },
    "scale": 3
  }
}
