{
  "code": "essenceashtier2",
  "classByType": {
    "*-neutral": "ItemNeutralEssenceAshRM",
    "*-light": "ItemLightEssenceAshRM",
    "*-dark": "ItemDarkEssenceAshRM"
  },
  "enabled": true,

  "storageFlags": 131073,

  "variantgroups": [
    {
      "code": "type",
      "states": [ "neutral", "light", "dark" ]
    }
  ],
  //"skipVariants": [ "*-fire", "*-water", "*-wind", "*-earth", "*-lightning", "*-frost", "*-nature", "*-arcane" ],

  "behaviors": [
    {
      "name": "GroundStorable",
      "properties": {
        "layout": "Quadrants",
        "collisionBox": {
          "x1": 0,
          "y1": 0,
          "z1": 0,
          "x2": 1,
          "y2": 0.125,
          "z2": 1
        }
      }
    }
  ],

  "creativeinventory": {
    "general": [ "*" ],
    "items": [ "*" ],
    "rustboundmagic": [ "*" ]
  },

  "maxstacksize": 64,
  "materialDensity": 1200,

  "shapebytype": {
    "*": {
      "base": "items/resources/essenceashtier2"
    }
  },
  "texturesByType": {
    "*": {
      "default": { "base": "default" },
      "material1": { "base": "items/resources/{type}/essenceashtier2-{type}" }
    }
  },

  "attributesByType": {
    "*": {
      "displaycaseable": true,
      "onDisplayTransform": {
        "translation": {
          "x": 0,
          "y": -0.125,
          "z": 0
        },
        "scale": 0.75
      },
      "shelvable": true,
      "onshelfTransform": {
        "translation": {
          "x": 0,
          "y": -0.125,
          "z": 0
        },
        "scale": 0.75
      },
      "handbookByType": {
        "*-neutral": {
          "groupBy": [ "essenceashtier2-*" ],
          "extraSections": [
            {
              "title": "game:Created by",
              "text": "rustboundmagic:handbook-thaumicworkbenchneutralessenceinfusion-text"
            },
            {
              "title": "rustboundmagic:handbook-essenceashcatalyst-title",
              "text": "rustboundmagic:handbook-essenceashcatalyst2-text"
            }
          ]
        },
        "*-light": {
          "groupBy": [ "essenceashtier2-*" ],
          "extraSections": [
            {
              "title": "game:Created by",
              "text": "rustboundmagic:handbook-thaumicworkbenchlightessenceinfusion-text"
            },
            {
              "title": "rustboundmagic:handbook-essenceashcatalyst-title",
              "text": "rustboundmagic:handbook-essenceashcatalyst2-text"
            }
          ]
        },
        "*-dark": {
          "groupBy": [ "essenceashtier2-*" ],
          "extraSections": [
            {
              "title": "game:Created by",
              "text": "rustboundmagic:handbook-thaumicworkbenchdarkessenceinfusion-text"
            },
            {
              "title": "rustboundmagic:handbook-essenceashcatalyst-title",
              "text": "rustboundmagic:handbook-essenceashcatalyst2-text"
            }
          ]
        }
      }
    }
  },



  "guiTransform": {
    "translation": {
      "x": 2.5,
      "y": 0,
      "z": 0
    },
    "rotation": {
      "x": 137,
      "y": 131,
      "z": 0
    },
    "origin": {
      "x": 0.5,
      "y": 0.1,
      "z": 0.5
    },
    "scale": 2.5
  },
  "fpHandTransform": {
    "translation": {
      "x": 0,
      "y": 0,
      "z": 0
    },
    "rotation": {
      "x": 51,
      "y": 90,
      "z": -30
    },
    "scale": 1.9
  },
  "tpHandTransform": {
    "translation": {
      "x": -0.05,
      "y": -1.45,
      "z": -1.3
    },
    "rotation": {
      "x": 116,
      "y": -4,
      "z": -69
    },
    "origin": {
      "x": -0.1,
      "y": 0.42,
      "z": 0.73
    },
    "scale": 0.32
  },
  "groundTransform": {
    "translation": {
      "x": 0,
      "y": 0,
      "z": 0
    },
    "rotation": {
      "x": 0,
      "y": 0,
      "z": 0
    },
    "origin": {
      "x": 0.5,
      "y": 0,
      "z": 0.5
    },
    "scale": 3.5
  }
}
