{
  "code": "riftcharge",
  "classByType": {
    "*": "ItemRiftChargeRM"
  },
  "enabled": true,

  "storageFlags": 131073,


  "behaviors": [
    {
      "name": "GroundStorable",
      "properties": {
        "layout": "Quadrants",
        "collisionBox": {
          "x1": 0,
          "y1": 0,
          "z1": 0,
          "x2": 1,
          "y2": 0.125,
          "z2": 1
        }
      }
    }
  ],



  "attributesByType": {
    "*": {
      "displaycaseable": true,
      "onDisplayTransform": {
        "translation": {
          "x": 0,
          "y": -0.35,
          "z": 0.22
        },
        "rotation": {
          "x": 90,
          "y": 0,
          "z": 0
        },
        "scale": 0.75
      },
      "shelvable": true,
      "onshelfTransform": {
        "translation": {
          "x": 0,
          "y": -0.35,
          "z": 0.22
        },
        "rotation": {
          "x": 90,
          "y": 0,
          "z": 0
        },
        "scale": 0.75
      },
      "handbook": {
        "groupByByType": {
          "*": [ "riftcharge-*" ]
        },
        "extraSections": [
          {
            "title": "game:Created by",
            "text": "rustboundmagic:handbook-thaumicworkbenchonlytier2-text"
          },
          {
            "title": "rustboundmagic:handbook-riftcharge-title",
            "text": "rustboundmagic:handbook-riftcharge-text"
          }
        ]
      }
    }
  },

  "creativeinventory": {
    "general": [ "*" ],
    "items": [ "*" ],
    "rustboundmagic": [ "*" ]
  },

  "maxstacksize": 64,
  //"storageFlags": 1,

  "shapebytype": {
    "*": {
      "base": "items/resources/riftcharge"
    }
  },
  "texturesByType": {
    "*": {
      "default": { "base": "default" },
      "material": { "base": "rust-solid" },
      "outerenergy": { "base": "color-blacktransparent" }
    }
  },

  "guiTransform": {
    "translation": {
      "x": 0,
      "y": 0,
      "z": 0
    },
    "rotation": {
      "x": -27,
      "y": 45,
      "z": 180
    },
    "origin": {
      "x": 0.55,
      "y": 0.25,
      "z": 0.5
    }
  },
  "fpHandTransform": {
    "translation": {
      "x": 0,
      "y": 0,
      "z": 0.2
    },
    "rotation": {
      "x": 47,
      "y": -80,
      "z": 33
    },
    "scale": 1.5
  },
  "tpHandTransform": {
    "translation": {
      "x": -1.1,
      "y": -0.85,
      "z": -0.914
    },
    "rotation": {
      "x": 11,
      "y": 12,
      "z": -7
    },
    "scale": 0.5
  },
  "groundTransform": {
    "translation": {
      "x": 0,
      "y": 0,
      "z": 0
    },
    "rotation": {
      "x": 180,
      "y": 33,
      "z": -180
    },
    "origin": {
      "x": 0.5,
      "y": 0,
      "z": 0.5
    },
    "scale": 1.5
  }
}
