[
////////////////////////////////////////////////////////////////////////////////////////////////////
{ "op": "add", "path": "/allowedVariants/-", "value": "ore-rich-adamant-whitemarble", "file": "game:blocktypes/stone/ore-graded.json" },
{ "op": "add", "path": "/allowedVariants/-", "value": "ore-bountiful-adamant-whitemarble", "file": "game:blocktypes/stone/ore-graded.json" },

{ "op": "add", "path": "/allowedVariants/-", "value": "ore-rich-adamant-whitemarble", "file": "game:itemtypes/resource/ore-graded.json" },
{ "op": "add", "path": "/allowedVariants/-", "value": "ore-bountiful-adamant-whitemarble", "file": "game:itemtypes/resource/ore-graded.json" },

{ "op": "add", "path": "/allowedVariants/-", "value": "crystalizedore-poor-adamant-whitemarble", "file": "game:itemtypes/resource/crystalizedore-graded.json" },
{ "op": "add", "path": "/allowedVariants/-", "value": "crystalizedore-medium-adamant-whitemarble", "file": "game:itemtypes/resource/crystalizedore-graded.json" },
{ "op": "add", "path": "/allowedVariants/-", "value": "crystalizedore-rich-adamant-whitemarble", "file": "game:itemtypes/resource/crystalizedore-graded.json" },
{ "op": "add", "path": "/allowedVariants/-", "value": "crystalizedore-bountiful-adamant-whitemarble", "file": "game:itemtypes/resource/crystalizedore-graded.json" },

{ "op": "add", "path": "/allowedVariants/-", "value": "looseores-adamant-whitemarble-free", "file": "game:blocktypes/stone/looseores.json" },
////////////////////////////////////////////////////////////////////////////////////////////////////
{ "op": "add", "path": "/allowedVariants/-", "value": "ore-rich-adamant-greenmarble", "file": "game:blocktypes/stone/ore-graded.json" },
{ "op": "add", "path": "/allowedVariants/-", "value": "ore-bountiful-adamant-greenmarble", "file": "game:blocktypes/stone/ore-graded.json" },

{ "op": "add", "path": "/allowedVariants/-", "value": "ore-rich-adamant-greenmarble", "file": "game:itemtypes/resource/ore-graded.json" },
{ "op": "add", "path": "/allowedVariants/-", "value": "ore-bountiful-adamant-greenmarble", "file": "game:itemtypes/resource/ore-graded.json" },

{ "op": "add", "path": "/allowedVariants/-", "value": "crystalizedore-rich-adamant-greenmarble", "file": "game:itemtypes/resource/crystalizedore-graded.json" },
{ "op": "add", "path": "/allowedVariants/-", "value": "crystalizedore-bountiful-adamant-greenmarble", "file": "game:itemtypes/resource/crystalizedore-graded.json" },

{ "op": "add", "path": "/allowedVariants/-", "value": "looseores-adamant-greenmarble-free", "file": "game:blocktypes/stone/looseores.json" },
////////////////////////////////////////////////////////////////////////////////////////////////////
{ "op": "add", "path": "/allowedVariants/-", "value": "ore-medium-adamant-kimberlite", "file": "game:blocktypes/stone/ore-graded.json" },
{ "op": "add", "path": "/allowedVariants/-", "value": "ore-rich-adamant-kimberlite", "file": "game:blocktypes/stone/ore-graded.json" },

{ "op": "add", "path": "/allowedVariants/-", "value": "ore-medium-adamant-kimberlite", "file": "game:itemtypes/resource/ore-graded.json" },
{ "op": "add", "path": "/allowedVariants/-", "value": "ore-rich-adamant-kimberlite", "file": "game:itemtypes/resource/ore-graded.json" },

{ "op": "add", "path": "/allowedVariants/-", "value": "crystalizedore-medium-adamant-kimberlite", "file": "game:itemtypes/resource/crystalizedore-graded.json" },
{ "op": "add", "path": "/allowedVariants/-", "value": "crystalizedore-rich-adamant-kimberlite", "file": "game:itemtypes/resource/crystalizedore-graded.json" },

{ "op": "add", "path": "/allowedVariants/-", "value": "looseores-adamant-kimberlite-free", "file": "game:blocktypes/stone/looseores.json" },
////////////////////////////////////////////////////////////////////////////////////////////////////
{ "op": "add", "path": "/allowedVariants/-", "value": "ore-poor-adamant-peridotite", "file": "game:blocktypes/stone/ore-graded.json" },
{ "op": "add", "path": "/allowedVariants/-", "value": "ore-poor-adamant-peridotite", "file": "game:itemtypes/resource/ore-graded.json" },
{ "op": "add", "path": "/allowedVariants/-", "value": "crystalizedore-poor-adamant-peridotite", "file": "game:itemtypes/resource/crystalizedore-graded.json" },
{ "op": "add", "path": "/allowedVariants/-", "value": "looseores-adamant-peridotite-free", "file": "game:blocktypes/stone/looseores.json" },
////////////////////////////////////////////////////////////////////////////////////////////////////
{	"op": "add", "path": "/requiredMiningTierByType/ore-*-adamant-*", "value": 8, "file": "game:blocktypes/stone/ore-graded.json" },
{	"op": "add", "path": "/variants/-", "value": { "Code": "adamant"  }, "file": "game:worldproperties/block/ore-graded.json" },
{	"op": "add", "path": "/variants/-", "value": { "Code": "adamant" }, "file": "game:worldproperties/block/ore-nugget.json" },
//{	"op": "add", "path": "/combustiblePropsByType/*-adamant", "value": { "meltingPoint": 1498, "meltingDuration": 30, "smeltedRatio": 30, "smeltedStack": { "type": "item", "code": "game:ingot-adamant" } }, "file": "game:itemtypes/resource/nugget.json" }
//																		melting point can only be at most 1499 in bloomery (?)
]