{
  "code": "cupboardwithlabel",
  "class": "containersbundle.BlockLabeledCupboard",
  "entityclass": "containersbundle.ContainersBundleLabeledContainer",
  "attributes": {
    "reinforcable": true,
    "partialAttachable": true,
    "humanoidTraversalCost": 100,
    "inventoryClassName": "chest",
    "defaultType": "normal-labeled",
    "types": [ "normal-labeled" ],
    "rotatatableInterval": {
      "normal-labeled": "22.5deg"
    },
    "drop": {
      "normal-labeled": true
    },
    "quantitySlots": {
      "normal-labeled": 36
    },
    "quantityColumns": {
      "normal-labeled": 9
    },
    "dialogTitleLangCode": {
      "normal-labeled": "containersbundle:cupboardcontents"
    },
    "storageType": {
      "normal-labeled": 189
    },
    "retrieveOnly": {
      "normal-labeled": false
    },
    "shape": {
      "normal-labeled": "containersbundle:block/wood/cupboard/labeled"
    },
    "typedOpenSound": {
      "normal-labeled": "game:sounds/block/largechestopen"
    },
    "typedCloseSound": {
      "normal-labeled": "game:sounds/block/largechestclose"
    },
    "variantByGroup": "side",
    "variantByGroupInventory": null
  },
  "behaviors": [
    { "name": "HorizontalOrientable" },
    {
      "name": "Multiblock",
      "propertiesByType": {
        "*-north": {
          "sizex": 1,
          "sizey": 2,
          "sizez": 1,
          "cposition": {
            "x": 0,
            "y": 0,
            "z": 0
          }
        },
        "*-east": {
          "sizex": 1,
          "sizey": 2,
          "sizez": 1,
          "cposition": {
            "x": 0,
            "y": 0,
            "z": 0
          }
        },
        "*-south": {
          "sizex": 1,
          "sizey": 2,
          "sizez": 1,
          "cposition": {
            "x": 0,
            "y": 0,
            "z": 0
          }
        },
        "*-west": {
          "sizex": 1,
          "sizey": 2,
          "sizez": 1,
          "cposition": {
            "x": 0,
            "y": 0,
            "z": 0
          }
        }
      }
    },
    { "name": "Lockable" },
    { "name": "Container" }
  ],
  "entityBehaviors": [ { "name": "Animatable" } ],
  "variantgroups": [
    {
      "code": "side",
      "loadFromProperties": "abstract/horizontalorientation"
    }
  ],
  "creativeinventory": {},
  "creativeinventoryStacksByType": {
    "*-east": [
      {
        "tabs": [ "general", "decorative" ],
        "stacks": [
          {
            "type": "block",
            "code": "cupboardwithlabel-east",
            "attributes": { "type": "normal-labeled" }
          }
        ]
      }
    ]
  },
  "heldTpIdleAnimation": "holdunderarm",
  "shapeInventory": {
    "base": "game:block/wood/trunk/normal",
    "rotateY": 270
  },
  "shapeByType": {
    "*-north": {
      "base": "containersbundle:block/wood/cupboard/labeled",
      "rotateY": 0
    },
    "*-east": {
      "base": "containersbundle:block/wood/cupboard/labeled",
      "rotateY": 270
    },
    "*-west": {
      "base": "containersbundle:block/wood/cupboard/labeled",
      "rotateY": 90
    },
    "*-south": {
      "base": "containersbundle:block/wood/cupboard/labeled",
      "rotateY": 180
    }
  },
  "_comment": "Must declare textures so they get added to the block texture atlas",
  "textures": {
    "normal-labeled-iron5": { "base": "game:block/metal/sheet-plain/iron5" },
    "normal-labeled-legs": { "base": "game:block/wood/chair/normal/legs" },
    "normal-labeled-bottom": { "base": "game:block/wood/cupboard/normal/bottom" },
    "normal-labeled-sides": { "base": "game:block/wood/cupboard/normal/sides" },
    "normal-labeled-accessories": { "base": "game:block/wood/trunk/accessories" }
  },
  "blockmaterial": "Wood",
  "replaceable": 900,
  "resistance": 3,
  "lightAbsorption": 0,
  "sideAo": { "all": false },
  "sidesolid": {
    "all": false
  },
  "sideopaque": {
    "all": false
  },
  "collisionSelectionBox": {
    "x1": 0,
    "y1": 0,
    "z1": 0,
    "x2": 1,
    "y2": 1,
    "z2": 1,
    "rotateYByType": {
      "*-east": 270,
      "*-west": 90,
      "*-south": 180
    }
  },
  "combustibleProps": {
    "burnTemperature": 600,
    "burnDuration": 35
  },
  "sounds": {
    "place": "game:block/planks",
    "hit": "game:block/planks",
    "break": "game:block/planks",
    "walk": "game:walk/wood"
  },
  "materialDensity": 600,
  "tpHandTransform": {
    "translation": {
      "x": -1.1,
      "y": -1,
      "z": -1.4
    },
    "rotation": {
      "x": 0,
      "y": -6,
      "z": -95
    },
    "scale": 0.25
  },
  "guiTransform": {
    "translation": {
      "x": -7,
      "y": -3,
      "z": 0
    },
    "origin": {
      "x": 0.5,
      "y": 1,
      "z": 0.97
    },
    "scale": 0.71
  }
}