{
  "code": "exquisitechest",
  "class": "containersbundle.ContainersBundleBlock",
  "entityclass": "containersbundle.ContainersBundleContainer",
  "attributes": {
    "humanoidTraversalCost": 100,
    "reinforcable": true,
    "partialAttachable": true,
    "inventoryClassName": "chest",
    "defaultType": "normal-generic",
    "types": [ "normal-generic" ],
    "rotatatableInterval": {
      "normal-generic": "22.5degnot45deg"
    },
    "drop": {
      "normal-generic": true
    },
    "quantitySlots": {
      "normal-generic": 49
    },
    "quantityColumns": {
      "normal-generic": 7
    },
    "dialogTitleLangCode": {
      "normal-generic": "containersbundle:exquisitechestcontents"
    },
    "storageType": {
      "normal-generic": 189
    },
    "retrieveOnly": {
      "normal-generic": false
    },
    "shape": {
      "normal-generic": "containersbundle:block/wood/exquisitechest"
    },
    "typedOpenSound": {
      "normal-generic": "game:sounds/block/chestopen"
    },
    "typedCloseSound": {
      "normal-generic": "game:sounds/block/chestclose"
    },
    "variantByGroup": "side",
    "variantByGroupInventory": null
  },
  "behaviors": [
    { "name": "Lockable" },
    { "name": "Container" },
    { "name": "BoatableGenericTypedContainer" }
  ],
  "entityBehaviors": [ { "name": "Animatable" } ],
  "variantgroups": [
    {
      "code": "side",
      "loadFromProperties": "abstract/horizontalorientation"
    }
  ],
  "creativeinventory": {},
  "creativeinventoryStacksByType": {
    "*-east": [
      {
        "tabs": [ "general", "decorative" ],
        "stacks": [
          {
            "type": "block",
            "code": "exquisitechest-east",
            "attributes": { "type": "normal-generic" }
          }
        ]
      }
    ]
  },
  "heldTpIdleAnimation": "holdunderarm",
  "shapeInventory": {
    "base": "game:block/wood/chest/normal",
    "rotateY": 270
  },
  "shapeByType": {
    "*-north": {
      "base": "containersbundle:block/wood/exquisitechest",
      "rotateY": 0
    },
    "*-east": {
      "base": "containersbundle:block/wood/exquisitechest",
      "rotateY": 270
    },
    "*-west": {
      "base": "containersbundle:block/wood/exquisitechest",
      "rotateY": 90
    },
    "*-south": {
      "base": "containersbundle:block/wood/exquisitechest",
      "rotateY": 180
    }
  },
  "_comment": "Must declare textures so they get added to the block texture atlas",
  "textures": {
    "normal-generic-plain": { "base": "game:block/cloth/linen/plain" },
    "normal-generic-gold2": { "base": "game:block/metal/sheet-plain/gold2" },
    "normal-generic-iron5": { "base": "game:block/metal/sheet-plain/iron5" },
    "normal-generic-ebony": { "base": "game:block/wood/bark/ebony" },
    "normal-generic-ebony1": { "base": "game:block/wood/planks/ebony1" }
  },
  "blockmaterial": "Wood",
  "replaceable": 900,
  "resistance": 3,
  "lightAbsorption": 0,
  "sideAo": { "all": false },
  "sidesolid": {
    "all": false
  },
  "sideopaque": {
    "all": false
  },
  "collisionbox": {
    "x1": 0.0625,
    "y1": 0,
    "z1": 0.0625,
    "x2": 0.9375,
    "y2": 0.8125,
    "z2": 0.9375
  },
  "selectionbox": {
    "x1": 0.0625,
    "y1": 0,
    "z1": 0.0625,
    "x2": 0.9375,
    "y2": 0.8125,
    "z2": 0.9375
  },
  "combustibleProps": {
    "burnTemperature": 600,
    "burnDuration": 35
  },
  "sounds": {
    "place": "game:block/planks",
    "hit": "game:block/planks",
    "break": "game:block/planks",
    "walk": "game:walk/wood"
  },
  "materialDensity": 600,
  "tpHandTransform": {
    "translation": {
      "x": -0.9,
      "y": -0.5,
      "z": -0.3
    },
    "rotation": {
      "x": 0,
      "y": 90,
      "z": -102
    },
    "scale": 0.56
  },
  "guiTransform": {
    "origin": {
      "x": 0.5,
      "y": 0.4,
      "z": 0.5
    },
    "scale": 1.16
  }
}