{
  "code": "longcrate",
  "class": "containersbundle.ContainersBundleBlockTrunk",
  "entityclass": "containersbundle.ContainersBundleContainer",
  "attributes": {
    "reinforcable": true,
    "partialAttachable": true,
    "humanoidTraversalCost": 100,
    "inventoryClassName": "chest",
    "defaultType": "normal-generic",
    "types": [ "normal-generic" ],
    "rotatatableInterval": {
      "normal-generic": "22.5degnot45deg"
    },
    "drop": {
      "normal-generic": true
    },
    "quantitySlots": {
      "normal-generic": 12
    },
    "quantityColumns": {
      "normal-generic": 4
    },
    "dialogTitleLangCode": {
      "normal-generic": "containersbundle:longcratecontents"
    },
    "storageType": {
      "normal-generic": 189
    },
    "retrieveOnly": {
      "normal-generic": false
    },
    "shape": {
      "normal-generic": "containersbundle:block/wood/longcrate"
    },
    "typedOpenSound": {
      "normal-generic": "game:sounds/walk/wood1"
    },
    "typedCloseSound": {
      "normal-generic": "game:sounds/walk/wood2"
    },
    "variantByGroup": "side",
    "variantByGroupInventory": null
  },
  "behaviors": [
    { "name": "HorizontalOrientable" },
    {
      "name": "Multiblock",
      "propertiesByType": {
        "*-north": {
          "sizex": 2,
          "sizey": 1,
          "sizez": 1,
          "cposition": {
            "x": 0,
            "y": 0,
            "z": 0
          }
        },
        "*-east": {
          "sizex": 1,
          "sizey": 1,
          "sizez": 2,
          "cposition": {
            "x": 0,
            "y": 0,
            "z": 0
          }
        },
        "*-south": {
          "sizex": 2,
          "sizey": 1,
          "sizez": 1,
          "cposition": {
            "x": 1,
            "y": 0,
            "z": 0
          }
        },
        "*-west": {
          "sizex": 1,
          "sizey": 1,
          "sizez": 2,
          "cposition": {
            "x": 0,
            "y": 0,
            "z": 1
          }
        }
      }
    },
    { "name": "Container" }
  ],
  "variantgroups": [
    {
      "code": "side",
      "loadFromProperties": "abstract/horizontalorientation"
    }
  ],
  "creativeinventory": {},
  "creativeinventoryStacksByType": {
    "*-east": [
      {
        "tabs": [ "general", "decorative" ],
        "stacks": [
          {
            "type": "block",
            "code": "longcrate-east",
            "attributes": { "type": "normal-generic" }
          }
        ]
      }
    ]
  },
  "heldTpIdleAnimation": "holdunderarm",
  "shapeInventory": {
    "base": "game:block/wood/trunk/normal",
    "rotateY": 270
  },
  "shapeByType": {
    "*-north": {
      "base": "containersbundle:block/wood/longcrate",
      "rotateY": 0
    },
    "*-east": {
      "base": "containersbundle:block/wood/longcrate",
      "rotateY": 270
    },
    "*-west": {
      "base": "containersbundle:block/wood/longcrate",
      "rotateY": 90
    },
    "*-south": {
      "base": "containersbundle:block/wood/longcrate",
      "rotateY": 180
    }
  },
  "_comment": "Must declare textures so they get added to the block texture atlas",
  "textures": {
    "normal-generic-oak-inside": { "base": "game:block/wood/crate/oak-inside" },
    "normal-generic-oak1": { "base": "game:block/wood/planks/oak1" }
  },
  "blockmaterial": "Wood",
  "replaceable": 900,
  "resistance": 3,
  "lightAbsorption": 0,
  "sideAo": { "all": false },
  "sidesolid": {
    "all": false
  },
  "sideopaque": {
    "all": false
  },
  "collisionSelectionBox": {
    "x1": 0,
    "y1": 0,
    "z1": 0,
    "x2": 1,
    "y2": 0.5625,
    "z2": 1,
    "rotateYByType": {
      "*-east": 270,
      "*-west": 90,
      "*-south": 180
    }
  },
  "combustibleProps": {
    "burnTemperature": 600,
    "burnDuration": 35
  },
  "sounds": {
    "place": "game:block/planks",
    "hit": "game:block/planks",
    "break": "game:block/planks",
    "walk": "game:walk/wood"
  },
  "materialDensity": 600,
  "tpHandTransform": {
    "translation": {
      "x": -0.3,
      "y": -0.5,
      "z": -0.3
    },
    "rotation": {
      "x": 0,
      "y": 90,
      "z": -102
    },
    "scale": 0.56
  },
  "guiTransform": {
    "origin": {
      "x": 0.5,
      "y": 0.5,
      "z": 0.97
    },
    "scale": 0.95
  }
}