{
  "code": "wickerbasket",
  "class": "containersbundle.ContainersBundleBlock",
  "entityclass": "containersbundle.ContainersBundleContainer",
  "attributes": {
    "humanoidTraversalCost": 100,
    "reinforcable": true,
    "partialAttachable": true,
    "inventoryClassName": "chest",
    "defaultType": "normal-generic",
    "types": [ "normal-generic" ],
    "rotatatableInterval": {
      "normal-generic": "22.5deg"
    },
    "drop": {
      "normal-generic": true
    },
    "quantitySlots": {
      "normal-generic": 6
    },
    "quantityColumns": {
      "normal-generic": 3
    },
    "dialogTitleLangCode": {
      "normal-generic": "containersbundle:wickerbasketcontents"
    },
    "storageType": {
      "normal-generic": 189
    },
    "retrieveOnly": {
      "normal-generic": false
    },
    "shape": {
      "normal-generic": "containersbundle:block/wood/wickerbasket"
    },
    "typedOpenSound": {
      "normal-generic": "game:sounds/block/reedtrapshake1"
    },
    "typedCloseSound": {
      "normal-generic": "game:sounds/block/reedtrapshake1"
    },
    "variantByGroup": "side",
    "variantByGroupInventory": null
  },
  "behaviors": [
    { "name": "Container" },
    { "name": "BoatableGenericTypedContainer" }
  ],
  "entityBehaviors": [ { "name": "Animatable" } ],
  "variantgroups": [
    {
      "code": "side",
      "loadFromProperties": "abstract/horizontalorientation"
    }
  ],
  "creativeinventory": {},
  "creativeinventoryStacksByType": {
    "*-east": [
      {
        "tabs": [ "general", "decorative" ],
        "stacks": [
          {
            "type": "block",
            "code": "wickerbasket-east",
            "attributes": { "type": "normal-generic" }
          }
        ]
      }
    ]
  },
  "heldTpIdleAnimation": "holdunderarm",
  "shapeInventory": {
    "base": "game:block/wood/chest/normal",
    "rotateY": 270
  },
  "shapeByType": {
    "*-north": {
      "base": "containersbundle:block/wood/wickerbasket",
      "rotateY": 0
    },
    "*-east": {
      "base": "containersbundle:block/wood/wickerbasket",
      "rotateY": 270
    },
    "*-west": {
      "base": "containersbundle:block/wood/wickerbasket",
      "rotateY": 90
    },
    "*-south": {
      "base": "containersbundle:block/wood/wickerbasket",
      "rotateY": 180
    }
  },
  "_comment": "Must declare textures so they get added to the block texture atlas",
  "textures": {
    "normal-generic-bark": { "base": "game:block/wood/firewood/bark" }
  },
  "blockmaterial": "Wood",
  "replaceable": 900,
  "resistance": 3,
  "lightAbsorption": 0,
  "sideAo": { "all": false },
  "sidesolid": {
    "all": false
  },
  "sideopaque": {
    "all": false
  },
  "collisionbox": {
    "x1": 0.125,
    "y1": 0,
    "z1": 0.125,
    "x2": 0.875,
    "y2": 0.5625,
    "z2": 0.875
  },
  "selectionBox": {
    "x1": 0.125,
    "y1": 0,
    "z1": 0.125,
    "x2": 0.875,
    "y2": 0.5625,
    "z2": 0.875
  },
  "combustibleProps": {
    "burnTemperature": 600,
    "burnDuration": 35
  },
  "sounds": {
    "place": "game:block/loosestick",
    "hit": "game:block/planks",
    "break": "game:block/planks",
    "walk": "game:walk/wood"
  },
  "materialDensity": 600,
  "tpHandTransform": {
    "translation": {
      "x": -0.9,
      "y": -0.5,
      "z": -0.3
    },
    "rotation": {
      "x": 0,
      "y": 90,
      "z": -102
    },
    "scale": 0.56
  },
  "guiTransform": {
    "origin": {
      "x": 0.5,
      "y": 0.4,
      "z": 0.5
    },
    "scale": 1.16
  }
}