{
    "panningBaseExpPerPanning": 30,
    "panningEXPPerLevelBase": 100,
    "panningEXPMultiplyPerLevel": 1.3,
    "panningBaseLootMultiply": 0.0,
    "panningLootMultiplyPerLevel": 0.1,
    "panningBaseChanceToDoubleLoot": 0.0,
    "panningChanceToDoubleLootPerLevel": 0.05,
    "panningBaseChanceToTripleLoot": 0.0,
    "panningChanceToTripleLootPerLevel": 0.03,
    "panningBaseChanceToQuadrupleLoot": 0.0,
    "panningChanceToQuadrupleLootPerLevel": 0.01,
    "panningMaxLevel": 999
}