{
    "game:ore-poor-nativecopper-andesite": 20,
    "game:ore-medium-nativecopper-andesite": 30,
    "game:ore-rich-nativecopper-andesite": 40,
    "game:ore-poor-quartz_nativegold-andesite": 50,
    "game:ore-medium-quartz_nativegold-andesite": 60,
    "game:ore-rich-quartz_nativegold-andesite": 70,
    "game:ore-bountiful-quartz_nativegold-andesite": 80,
    "game:ore-poor-cassiterite-andesite": 20,
    "game:ore-medium-cassiterite-andesite": 40,
    "game:ore-poor-chromite-andesite": 20,
    "game:ore-medium-chromite-andesite": 40,
    "game:ore-poor-ilmenite-andesite": 20,
    "game:ore-medium-ilmenite-andesite": 40,
    "game:ore-poor-sphalerite-andesite": 20,
    "game:ore-medium-sphalerite-andesite": 40,
    "game:ore-poor-quartz_nativesilver-andesite": 20,
    "game:ore-medium-quartz_nativesilver-andesite": 30,
    "game:ore-rich-quartz_nativesilver-andesite": 40,
    "game:ore-bountiful-quartz_nativesilver-andesite": 50,
    "game:ore-poor-bismuthinite-andesite": 20,
    "game:ore-medium-bismuthinite-andesite": 30,
    "game:ore-rich-bismuthinite-andesite": 40,
    "game:ore-poor-magnetite-andesite": 20,
    "game:ore-medium-magnetite-andesite": 30,
    "game:ore-rich-magnetite-andesite": 40,
    "game:ore-poor-pentlandite-andesite": 20,
    "game:ore-medium-pentlandite-andesite": 30,
    "game:ore-poor-uranium-andesite": 40,
    "game:ore-medium-uranium-andesite": 60,
    "game:ore-rich-uranium-andesite": 70,
    "game:ore-poor-nativecopper-chalk": 20,
    "game:ore-medium-nativecopper-chalk": 30,
    "game:ore-poor-quartz_nativegold-chalk": 20,
    "game:ore-medium-quartz_nativegold-chalk": 30,
    "game:ore-rich-quartz_nativegold-chalk": 40,
    "game:ore-bountiful-quartz_nativegold-chalk": 50,
    "game:ore-poor-galena-chalk": 20,
    "game:ore-medium-galena-chalk": 30,
    "game:ore-poor-sphalerite-chalk": 20,
    "game:ore-medium-sphalerite-chalk": 30,
    "game:ore-rich-sphalerite-chalk": 40,
    "game:ore-poor-quartz_nativesilver-chalk": 20,
    "game:ore-medium-quartz_nativesilver-chalk": 30,
    "game:ore-rich-quartz_nativesilver-chalk": 40,
    "game:ore-bountiful-quartz_nativesilver-chalk": 50,
    "game:ore-poor-galena_nativesilver-chalk": 20,
    "game:ore-medium-galena_nativesilver-chalk": 30,
    "game:ore-poor-magnetite-chalk": 20,
    "game:ore-medium-magnetite-chalk": 30,
    "game:ore-poor-uranium-chalk": 20,
    "game:ore-medium-uranium-chalk": 30,
    "game:ore-rich-uranium-chalk": 40,
    "game:ore-poor-rhodochrosite-chalk": 20,
    "game:ore-poor-nativecopper-chert": 20,
    "game:ore-medium-nativecopper-chert": 30,
    "game:ore-poor-limonite-chert": 20,
    "game:ore-medium-limonite-chert": 30,
    "game:ore-rich-limonite-chert": 40,
    "game:ore-bountiful-limonite-chert": 50,
    "game:ore-poor-quartz_nativegold-chert": 20,
    "game:ore-medium-quartz_nativegold-chert": 30,
    "game:ore-rich-quartz_nativegold-chert": 40,
    "game:ore-bountiful-quartz_nativegold-chert": 50,
    "game:ore-poor-galena-chert": 20,
    "game:ore-medium-galena-chert": 30,
    "game:ore-rich-galena-chert": 40,
    "game:ore-bountiful-galena-chert": 50,
    "game:ore-poor-sphalerite-chert": 20,
    "game:ore-medium-sphalerite-chert": 30,
    "game:ore-rich-sphalerite-chert": 40,
    "game:ore-poor-quartz_nativesilver-chert": 20,
    "game:ore-medium-quartz_nativesilver-chert": 30,
    "game:ore-rich-quartz_nativesilver-chert": 40,
    "game:ore-bountiful-quartz_nativesilver-chert": 50,
    "game:ore-poor-galena_nativesilver-chert": 20,
    "game:ore-medium-galena_nativesilver-chert": 30,
    "game:ore-poor-uranium-chert": 20,
    "game:ore-medium-uranium-chert": 30,
    "game:ore-rich-uranium-chert": 40,
    "game:ore-poor-rhodochrosite-chert": 20,
    "game:ore-poor-nativecopper-conglomerate": 20,
    "game:ore-medium-nativecopper-conglomerate": 30,
    "game:ore-poor-quartz_nativegold-conglomerate": 20,
    "game:ore-medium-quartz_nativegold-conglomerate": 30,
    "game:ore-rich-quartz_nativegold-conglomerate": 40,
    "game:ore-bountiful-quartz_nativegold-conglomerate": 50,
    "game:ore-poor-galena-conglomerate": 20,
    "game:ore-medium-galena-conglomerate": 30,
    "game:ore-poor-sphalerite-conglomerate": 20,
    "game:ore-medium-sphalerite-conglomerate": 30,
    "game:ore-rich-sphalerite-conglomerate": 40,
    "game:ore-poor-quartz_nativesilver-conglomerate": 20,
    "game:ore-medium-quartz_nativesilver-conglomerate": 30,
    "game:ore-rich-quartz_nativesilver-conglomerate": 40,
    "game:ore-bountiful-quartz_nativesilver-conglomerate": 50,
    "game:ore-poor-galena_nativesilver-conglomerate": 20,
    "game:ore-medium-galena_nativesilver-conglomerate": 30,
    "game:ore-poor-magnetite-conglomerate": 20,
    "game:ore-medium-magnetite-conglomerate": 30,
    "game:ore-poor-uranium-conglomerate": 20,
    "game:ore-medium-uranium-conglomerate": 30,
    "game:ore-poor-rhodochrosite-conglomerate": 20,
    "game:ore-rich-rhodochrosite-conglomerate": 40,
    "game:ore-poor-quartz_nativegold-limestone": 20,
    "game:ore-medium-quartz_nativegold-limestone": 30,
    "game:ore-rich-quartz_nativegold-limestone": 40,
    "game:ore-bountiful-quartz_nativegold-limestone": 50,
    "game:ore-poor-galena-limestone": 20,
    "game:ore-medium-galena-limestone": 30,
    "game:ore-poor-sphalerite-limestone": 20,
    "game:ore-medium-sphalerite-limestone": 30,
    "game:ore-rich-sphalerite-limestone": 40,
    "game:ore-poor-quartz_nativesilver-limestone": 20,
    "game:ore-medium-quartz_nativesilver-limestone": 30,
    "game:ore-rich-quartz_nativesilver-limestone": 40,
    "game:ore-bountiful-quartz_nativesilver-limestone": 50,
    "game:ore-poor-galena_nativesilver-limestone": 20,
    "game:ore-medium-galena_nativesilver-limestone": 30,
    "game:ore-poor-hematite-limestone": 20,
    "game:ore-medium-hematite-limestone": 30,
    "game:ore-rich-hematite-limestone": 20,
    "game:ore-poor-malachite-limestone": 20,
    "game:ore-medium-malachite-limestone": 30,
    "game:ore-rich-malachite-limestone": 40,
    "game:ore-bountiful-malachite-limestone": 50,
    "game:ore-poor-uranium-limestone": 20,
    "game:ore-medium-uranium-limestone": 30,
    "game:ore-rich-uranium-limestone": 40,
    "game:ore-poor-rhodochrosite-limestone": 20,
    "game:ore-poor-nativecopper-claystone": 20,
    "game:ore-medium-nativecopper-claystone": 30,
    "game:ore-poor-quartz_nativegold-claystone": 20,
    "game:ore-medium-quartz_nativegold-claystone": 30,
    "game:ore-rich-quartz_nativegold-claystone": 40,
    "game:ore-bountiful-quartz_nativegold-claystone": 50,
    "still-adding": 20
}
