{
    "game:armor-head-plate-copper": 0.3,
    "game:armor-body-plate-copper": 0.5,
    "game:armor-legs-plate-copper": 0.2,
    "game:armor-head-plate-tinbronze": 0.3,
    "game:armor-body-plate-tinbronze": 0.5,
    "game:armor-legs-plate-tinbronze": 0.2,
    "game:armor-head-plate-bismuthbronze": 0.3,
    "game:armor-body-plate-bismuthbronze": 0.5,
    "game:armor-legs-plate-bismuthbronze": 0.2,
    "game:armor-head-plate-blackbronze": 0.3,
    "game:armor-body-plate-blackbronze": 0.5,
    "game:armor-legs-plate-blackbronze": 0.2,
    "game:armor-head-plate-iron": 0.3,
    "game:armor-body-plate-iron": 0.5,
    "game:armor-legs-plate-iron": 0.2,
    "game:armor-head-plate-meteoriciron": 0.3,
    "game:armor-body-plate-meteoriciron": 0.5,
    "game:armor-legs-plate-meteoriciron": 0.2,
    "game:armor-head-plate-steel": 0.3,
    "game:armor-body-plate-steel": 0.5,
    "game:armor-legs-plate-steel": 0.2,
    "game:armor-head-plate-gold": 0.3,
    "game:armor-body-plate-gold": 0.5,
    "game:armor-legs-plate-gold": 0.2,
    "game:armor-head-plate-silver": 0.3,
    "game:armor-body-plate-silver": 0.5,
    "game:armor-legs-plate-silver": 0.2
}
