{
    // Tools
    "game:pickaxe-copper": 200,
    "game:pickaxe-tinbronze": 300,
    "game:pickaxe-bismuthbronze": 400,
    "game:pickaxe-blackbronze": 500,
    "game:pickaxe-gold": 600,
    "game:pickaxe-silver": 700,
    "game:pickaxe-iron": 500,
    "game:pickaxe-meteoriciron": 800,
    "game:pickaxe-steel": 1000,
    "game:shovel-chert": 20,
    "game:shovel-granite": 20,
    "game:shovel-andesite": 20,
    "game:shovel-basalt": 20,
    "game:shovel-obsidian": 50,
    "game:shovel-peridotite": 20,
    "game:shovel-flint": 20,
    "game:shovel-copper": 200,
    "game:shovel-tinbronze": 300,
    "game:shovel-bismuthbronze": 400,
    "game:shovel-blackbronze": 500,
    "game:shovel-gold": 600,
    "game:shovel-silver": 700,
    "game:shovel-iron": 500,
    "game:shovel-meteoriciron": 800,
    "game:shovel-steel": 1000,
    "game:axe-chert": 20,
    "game:axe-granite": 20,
    "game:axe-andesite": 20,
    "game:axe-basalt": 20,
    "game:axe-obsidian": 50,
    "game:axe-peridotite": 20,
    "game:axe-flint": 20,
    "game:axe-bone-chert": 40,
    "game:axe-bone-granite": 40,
    "game:axe-bone-andesite": 40,
    "game:axe-bone-basalt": 40,
    "game:axe-bone-obsidian": 100,
    "game:axe-bone-peridotite": 40,
    "game:axe-bone-flint": 40,
    "game:axe-felling-copper": 200,
    "game:axe-felling-tinbronze": 300,
    "game:axe-felling-bismuthbronze": 400,
    "game:axe-felling-blackbronze": 500,
    "game:axe-felling-gold": 600,
    "game:axe-felling-silver": 700,
    "game:axe-felling-iron": 500,
    "game:axe-felling-meteoriciron": 800,
    "game:axe-felling-steel": 1000,
    "game:blade-falx-copper": 200,
    "game:blade-falx-tinbronze": 300,
    "game:blade-falx-bismuthbronze": 400,
    "game:blade-falx-blackbronze": 500,
    "game:blade-falx-gold": 600,
    "game:blade-falx-silver": 700,
    "game:blade-falx-iron": 500,
    "game:blade-falx-meteoriciron": 800,
    "game:blade-falx-steel": 1000,
    "game:knife-generic-chert": 20,
    "game:knife-generic-granite": 20,
    "game:knife-generic-andesite": 20,
    "game:knife-generic-basalt": 20,
    "game:knife-generic-obsidian": 50,
    "game:knife-generic-peridotite": 20,
    "game:knife-generic-flint": 20,
    "game:knife-generic-bonechert": 40,
    "game:knife-generic-bonegranite": 40,
    "game:knife-generic-boneandesite": 40,
    "game:knife-generic-bonebasalt": 40,
    "game:knife-generic-boneobsidian": 100,
    "game:knife-generic-boneperidotite": 40,
    "game:knife-generic-boneflint": 40,
    "game:knife-generic-copper": 200,
    "game:knife-generic-tinbronze": 300,
    "game:knife-generic-bismuthbronze": 400,
    "game:knife-generic-blackbronze": 500,
    "game:knife-generic-gold": 600,
    "game:knife-generic-silver": 700,
    "game:knife-generic-iron": 500,
    "game:knife-generic-meteoriciron": 800,
    "game:knife-generic-steel": 1000,
    "game:hoe-chert": 20,
    "game:hoe-granite": 20,
    "game:hoe-andesite": 20,
    "game:hoe-basalt": 20,
    "game:hoe-obsidian": 50,
    "game:hoe-peridotite": 20,
    "game:hoe-flint": 20,
    "game:hoe-copper": 200,
    "game:hoe-tinbronze": 300,
    "game:hoe-bismuthbronze": 400,
    "game:hoe-blackbronze": 500,
    "game:hoe-gold": 600,
    "game:hoe-silver": 700,
    "game:hoe-iron": 500,
    "game:hoe-meteoriciron": 800,
    "game:hoe-steel": 1000,
    "game:hammer-copper": 200,
    "game:hammer-tinbronze": 300,
    "game:hammer-bismuthbronze": 400,
    "game:hammer-blackbronze": 500,
    "game:hammer-gold": 600,
    "game:hammer-silver": 700,
    "game:hammer-iron": 500,
    "game:hammer-meteoriciron": 800,
    "game:hammer-steel": 1000,
    "game:spear-generic-chert": 20,
    "game:spear-generic-granite": 20,
    "game:spear-generic-andesite": 20,
    "game:spear-generic-basalt": 20,
    "game:spear-generic-obsidian": 50,
    "game:spear-generic-peridotite": 20,
    "game:spear-generic-copper": 100,
    "game:spear-generic-tinbronze": 150,
    "game:spear-generic-bismuthbronze": 200,
    "game:spear-generic-blackbronze": 250,
    "game:spear-generic-ornategold": 300,
    "game:spear-generic-ornatesilver": 300,
    "game:bow-simple": 100,
    "game:bow-crude": 200,
    "game:bow-long": 300,
    "game:bow-recurve": 400,

    // Tools Utils
    "game:shears-copper": 100,
    "game:shears-tinbronze": 200,
    "game:shears-bismuthbronze": 300,
    "game:shears-blackbronze": 400,
    "game:shears-gold": 500,
    "game:shears-silver": 600,
    "game:shears-iron": 400,
    "game:shears-meteoriciron": 700,
    "game:shears-steel": 900,
    "game:chisel-copper": 100,
    "game:chisel-tinbronze": 200,
    "game:chisel-bismuthbronze": 300,
    "game:chisel-blackbronze": 400,
    "game:chisel-gold": 500,
    "game:chisel-silver": 600,
    "game:chisel-iron": 400,
    "game:chisel-meteoriciron": 700,
    "game:chisel-steel": 900,
    "game:wrench-copper": 100,
    "game:wrench-tinbronze": 200,
    "game:wrench-bismuthbronze": 300,
    "game:wrench-blackbronze": 400,
    "game:wrench-gold": 500,
    "game:wrench-silver": 600,
    "game:wrench-iron": 400,
    "game:wrench-meteoriciron": 700,
    "game:wrench-steel": 900,
    "game:saw-copper": 100,
    "game:saw-tinbronze": 200,
    "game:saw-bismuthbronze": 300,
    "game:saw-blackbronze": 400,
    "game:saw-gold": 500,
    "game:saw-silver": 600,
    "game:saw-iron": 400,
    "game:saw-meteoriciron": 700,
    "game:saw-steel": 900,
    "game:scythe-copper": 100,
    "game:scythe-tinbronze": 200,
    "game:scythe-bismuthbronze": 300,
    "game:scythe-blackbronze": 400,
    "game:scythe-gold": 500,
    "game:scythe-silver": 600,
    "game:scythe-iron": 400,
    "game:scythe-meteoriciron": 700,
    "game:scythe-steel": 900,
    "game:cleaver-copper": 100,
    "game:cleaver-tinbronze": 200,
    "game:cleaver-bismuthbronze": 300,
    "game:cleaver-blackbronze": 400,
    "game:cleaver-gold": 500,
    "game:cleaver-silver": 600,
    "game:cleaver-iron": 400,
    "game:cleaver-meteoriciron": 700,
    "game:cleaver-steel": 900,
    "game:arrow-crude": 10,
    "game:arrow-flint": 10,
    "game:arrow-copper": 20,
    "game:arrow-tinbronze": 30,
    "game:arrow-bismuthbronze": 40,
    "game:arrow-blackbronze": 50,
    "game:arrow-gold": 60,
    "game:arrow-silver": 70,
    "game:arrow-iron": 80,
    "game:arrow-meteoriciron": 90,
    "game:arrow-steel": 100,

    // Armors Below (Armors needs to have the level type before the code, so the mod can understand which type is the armor from)

    // Brigandine Armor    
    "BrigandineArmor?game:armor-head-brigandine-copper": 100,
    "BrigandineArmor?game:armor-body-brigandine-copper": 100,
    "BrigandineArmor?game:armor-legs-brigandine-copper": 100,
    "BrigandineArmor?game:armor-head-brigandine-tinbronze": 200,
    "BrigandineArmor?game:armor-body-brigandine-tinbronze": 200,
    "BrigandineArmor?game:armor-legs-brigandine-tinbronze": 200,
    "BrigandineArmor?game:armor-head-brigandine-bismuthbronze": 300,
    "BrigandineArmor?game:armor-body-brigandine-bismuthbronze": 300,
    "BrigandineArmor?game:armor-legs-brigandine-bismuthbronze": 300,
    "BrigandineArmor?game:armor-head-brigandine-blackbronze": 400,
    "BrigandineArmor?game:armor-body-brigandine-blackbronze": 400,
    "BrigandineArmor?game:armor-legs-brigandine-blackbronze": 400,
    "BrigandineArmor?game:armor-head-brigandine-iron": 500,
    "BrigandineArmor?game:armor-body-brigandine-iron": 500,
    "BrigandineArmor?game:armor-legs-brigandine-iron": 500,
    "BrigandineArmor?game:armor-head-brigandine-meteoriciron": 600,
    "BrigandineArmor?game:armor-body-brigandine-meteoriciron": 600,
    "BrigandineArmor?game:armor-legs-brigandine-meteoriciron": 600,
    "BrigandineArmor?game:armor-head-brigandine-steel": 1000,
    "BrigandineArmor?game:armor-body-brigandine-steel": 1000,
    "BrigandineArmor?game:armor-legs-brigandine-steel": 1000,

    // Chain Armor
    "ChainArmor?game:armor-head-chain-copper": 100,
    "ChainArmor?game:armor-body-chain-copper": 100,
    "ChainArmor?game:armor-legs-chain-copper": 100,
    "ChainArmor?game:armor-head-chain-tinbronze": 200,
    "ChainArmor?game:armor-body-chain-tinbronze": 200,
    "ChainArmor?game:armor-legs-chain-tinbronze": 200,
    "ChainArmor?game:armor-head-chain-bismuthbronze": 300,
    "ChainArmor?game:armor-body-chain-bismuthbronze": 300,
    "ChainArmor?game:armor-legs-chain-bismuthbronze": 300,
    "ChainArmor?game:armor-head-chain-blackbronze": 400,
    "ChainArmor?game:armor-body-chain-blackbronze": 400,
    "ChainArmor?game:armor-legs-chain-blackbronze": 400,
    "ChainArmor?game:armor-head-chain-iron": 500,
    "ChainArmor?game:armor-body-chain-iron": 500,
    "ChainArmor?game:armor-legs-chain-iron": 500,
    "ChainArmor?game:armor-head-chain-meteoriciron": 600,
    "ChainArmor?game:armor-body-chain-meteoriciron": 600,
    "ChainArmor?game:armor-legs-chain-meteoriciron": 600,
    "ChainArmor?game:armor-head-chain-steel": 1000,
    "ChainArmor?game:armor-body-chain-steel": 1000,
    "ChainArmor?game:armor-legs-chain-steel": 1000,
    "ChainArmor?game:armor-head-chain-gold": 700,
    "ChainArmor?game:armor-body-chain-gold": 700,
    "ChainArmor?game:armor-legs-chain-gold": 700,
    "ChainArmor?game:armor-head-chain-silver": 700,
    "ChainArmor?game:armor-body-chain-silver": 700,
    "ChainArmor?game:armor-legs-chain-silver": 700,
    
    // Leather Armor    
    "LeatherArmor?game:armor-head-sewn-leather": 150,
    "LeatherArmor?game:armor-body-sewn-leather": 200,
    "LeatherArmor?game:armor-legs-sewn-leather": 150,
    "LeatherArmor?game:clothes-shoulder-stained-leather-poncho": 100,
    "LeatherArmor?game:clothes-hand-heavy-leather-gloves": 100,
    "LeatherArmor?game:clothes-upperbodyover-malefactor-tunic": 100,
    "LeatherArmor?game:armor-body-jerkin-leather": 50,
    "LeatherArmor?game:armor-legs-jerkin-leather": 50,
    "LeatherArmor?game:clothes-foot-high-leather-boots": 75,
    "LeatherArmor?game:clothes-upperbody-raw-hide-mantle": 75,
    "LeatherArmor?game:clothes-lowerbody-raw-hide-trousers": 75,
    "LeatherArmor?game:clothes-foot-knee-high-fur-boots": 75,
    "LeatherArmor?game:clothes-hand-fur-gloves": 75,
    "LeatherArmor?game:clothes-upperbodyover-fur-coat": 50,
    "LeatherArmor?game:clothes-upperbodyover-warm-robe": 50,
    "LeatherArmor?game:clothes-upperbodyover-reindeer-herder-fur-coat": 50,
    "LeatherArmor?game:clothes-foot-fur-lined-reindeer-herder-shoes": 50,

    // Plate Armor    
    "PlateArmor?game:armor-head-plate-copper": 100,
    "PlateArmor?game:armor-body-plate-copper": 100,
    "PlateArmor?game:armor-legs-plate-copper": 100,
    "PlateArmor?game:armor-head-plate-tinbronze": 200,
    "PlateArmor?game:armor-body-plate-tinbronze": 200,
    "PlateArmor?game:armor-legs-plate-tinbronze": 200,
    "PlateArmor?game:armor-head-plate-bismuthbronze": 300,
    "PlateArmor?game:armor-body-plate-bismuthbronze": 300,
    "PlateArmor?game:armor-legs-plate-bismuthbronze": 300,
    "PlateArmor?game:armor-head-plate-blackbronze": 400,
    "PlateArmor?game:armor-body-plate-blackbronze": 400,
    "PlateArmor?game:armor-legs-plate-blackbronze": 400,
    "PlateArmor?game:armor-head-plate-iron": 500,
    "PlateArmor?game:armor-body-plate-iron": 500,
    "PlateArmor?game:armor-legs-plate-iron": 500,
    "PlateArmor?game:armor-head-plate-meteoriciron": 600,
    "PlateArmor?game:armor-body-plate-meteoriciron": 600,
    "PlateArmor?game:armor-legs-plate-meteoriciron": 600,
    "PlateArmor?game:armor-head-plate-steel": 1000,
    "PlateArmor?game:armor-body-plate-steel": 1000,
    "PlateArmor?game:armor-legs-plate-steel": 1000,
    "PlateArmor?game:armor-head-plate-gold": 700,
    "PlateArmor?game:armor-body-plate-gold": 700,
    "PlateArmor?game:armor-legs-plate-gold": 700,
    "PlateArmor?game:armor-head-plate-silver": 700,
    "PlateArmor?game:armor-body-plate-silver": 700,
    "PlateArmor?game:armor-legs-plate-silver": 700,

    // Scale Armor
    "ScaleArmor?game:armor-head-scale-copper": 100,
    "ScaleArmor?game:armor-body-scale-copper": 100,
    "ScaleArmor?game:armor-legs-scale-copper": 100,
    "ScaleArmor?game:armor-head-scale-tinbronze": 200,
    "ScaleArmor?game:armor-body-scale-tinbronze": 200,
    "ScaleArmor?game:armor-legs-scale-tinbronze": 200,
    "ScaleArmor?game:armor-head-scale-bismuthbronze": 300,
    "ScaleArmor?game:armor-body-scale-bismuthbronze": 300,
    "ScaleArmor?game:armor-legs-scale-bismuthbronze": 300,
    "ScaleArmor?game:armor-head-scale-blackbronze": 400,
    "ScaleArmor?game:armor-body-scale-blackbronze": 400,
    "ScaleArmor?game:armor-legs-scale-blackbronze": 400,
    "ScaleArmor?game:armor-head-scale-iron": 500,
    "ScaleArmor?game:armor-body-scale-iron": 500,
    "ScaleArmor?game:armor-legs-scale-iron": 500,
    "ScaleArmor?game:armor-head-scale-meteoriciron": 600,
    "ScaleArmor?game:armor-body-scale-meteoriciron": 600,
    "ScaleArmor?game:armor-legs-scale-meteoriciron": 600,
    "ScaleArmor?game:armor-head-scale-steel": 1000,
    "ScaleArmor?game:armor-body-scale-steel": 1000,
    "ScaleArmor?game:armor-legs-scale-steel": 1000
}
