{
	"editor": {
		"collapsedPaths": "Root/Cube1/Cube16,Root/Cube1/Cube15,Root/Cube1/Cube14,Root/Cube1/Cube9,Root/Cube1/Cube13,Root/Cube1/Cube12,Root/Cube1/Cube11,Root/Cube1/Cube10",
		"allAngles": false,
		"entityTextureMode": false
	},
	"textureWidth": 16,
	"textureHeight": 16,
	"textureSizes": {
	},
	"textures": { "ceramic": "game:block/clay/ceramic"
	},
	"elements": [
		{
			"name": "Cube1",
			"from": [ 1.0, 0.0, 0.0 ],
			"to": [ 15.0, 1.0, 15.0 ],
			"rotationOrigin": [ 1.0, 0.0, -3.0 ],
			"faces": {
				"north": { "texture": "#ceramic", "uv": [ 0.0, 0.0, 14.0, 1.0 ] },
				"east": { "texture": "#ceramic", "uv": [ 0.0, 0.0, 15.0, 1.0 ] },
				"south": { "texture": "#ceramic", "uv": [ 0.0, 0.0, 14.0, 1.0 ] },
				"west": { "texture": "#ceramic", "uv": [ 0.0, 0.0, 15.0, 1.0 ] },
				"up": { "texture": "#ceramic", "uv": [ 0.0, 0.0, 14.0, 15.0 ] },
				"down": { "texture": "#ceramic", "uv": [ 0.0, 0.0, 14.0, 15.0 ] }
			},
			"children": [
				{
					"name": "Cube2",
					"from": [ 0.0, 1.0, 0.0 ],
					"to": [ 13.0, 2.0, 2.0 ],
					"rotationOrigin": [ 0.0, 1.0, 0.0 ],
					"faces": {
						"north": { "texture": "#ceramic", "uv": [ 0.0, 0.0, 13.0, 1.0 ] },
						"east": { "texture": "#ceramic", "uv": [ 0.0, 0.0, 2.0, 1.0 ] },
						"south": { "texture": "#ceramic", "uv": [ 0.0, 0.0, 13.0, 1.0 ] },
						"west": { "texture": "#ceramic", "uv": [ 0.0, 0.0, 2.0, 1.0 ] },
						"up": { "texture": "#ceramic", "uv": [ 0.0, 0.0, 13.0, 2.0 ] },
						"down": { "texture": "#ceramic", "uv": [ 0.0, 0.0, 13.0, 2.0 ] }
					}
				},
				{
					"name": "Cube3",
					"from": [ 0.0, 1.0, 1.0 ],
					"to": [ 1.0, 2.0, 14.0 ],
					"rotationOrigin": [ 0.0, 1.0, 1.0 ],
					"faces": {
						"north": { "texture": "#ceramic", "uv": [ 0.0, 0.0, 1.0, 1.0 ] },
						"east": { "texture": "#ceramic", "uv": [ 0.0, 0.0, 13.0, 1.0 ] },
						"south": { "texture": "#ceramic", "uv": [ 0.0, 0.0, 1.0, 1.0 ] },
						"west": { "texture": "#ceramic", "uv": [ 0.0, 0.0, 13.0, 1.0 ] },
						"up": { "texture": "#ceramic", "uv": [ 0.0, 0.0, 1.0, 13.0 ] },
						"down": { "texture": "#ceramic", "uv": [ 0.0, 0.0, 1.0, 13.0 ] }
					}
				},
				{
					"name": "Cube4",
					"from": [ 0.0, 1.0, 13.0 ],
					"to": [ 13.0, 2.0, 15.0 ],
					"rotationOrigin": [ 0.0, 1.0, 13.0 ],
					"faces": {
						"north": { "texture": "#ceramic", "uv": [ 0.0, 0.0, 13.0, 1.0 ] },
						"east": { "texture": "#ceramic", "uv": [ 0.0, 0.0, 2.0, 1.0 ] },
						"south": { "texture": "#ceramic", "uv": [ 0.0, 0.0, 13.0, 1.0 ] },
						"west": { "texture": "#ceramic", "uv": [ 0.0, 0.0, 2.0, 1.0 ] },
						"up": { "texture": "#ceramic", "uv": [ 0.0, 0.0, 13.0, 2.0 ] },
						"down": { "texture": "#ceramic", "uv": [ 0.0, 0.0, 13.0, 2.0 ] }
					}
				},
				{
					"name": "Cube9",
					"from": [ 11.6, 1.0, 1.0 ],
					"to": [ 13.0, 2.0, 2.0 ],
					"rotationOrigin": [ 11.6, 1.0, 1.0 ],
					"faces": {
						"north": { "texture": "#ceramic", "uv": [ 0.0, 0.0, 1.0, 1.0 ] },
						"east": { "texture": "#ceramic", "uv": [ 0.0, 0.0, 1.0, 1.0 ] },
						"south": { "texture": "#ceramic", "uv": [ 0.0, 0.0, 1.0, 1.0 ] },
						"west": { "texture": "#ceramic", "uv": [ 0.0, 0.0, 1.0, 1.0 ] },
						"up": { "texture": "#ceramic", "uv": [ 0.0, 0.0, 1.0, 1.0 ] },
						"down": { "texture": "#ceramic", "uv": [ 0.0, 0.0, 1.0, 1.0 ] }
					},
					"children": [
						{
							"name": "Cube18",
							"from": [ 0.0, 0.0, 3.0 ],
							"to": [ 1.4, 1.0, 4.0 ],
							"rotationOrigin": [ 0.0, 0.0, 3.0 ],
							"faces": {
								"north": { "texture": "#ceramic", "uv": [ 0.0, 0.0, 1.0, 1.0 ] },
								"east": { "texture": "#ceramic", "uv": [ 0.0, 0.0, 1.0, 1.0 ] },
								"south": { "texture": "#ceramic", "uv": [ 0.0, 0.0, 1.0, 1.0 ] },
								"west": { "texture": "#ceramic", "uv": [ 0.0, 0.0, 1.0, 1.0 ] },
								"up": { "texture": "#ceramic", "uv": [ 0.0, 0.0, 1.0, 1.0 ] },
								"down": { "texture": "#ceramic", "uv": [ 0.0, 0.0, 1.0, 1.0 ] }
							},
							"children": [
								{
									"name": "Cube27",
									"from": [ 0.0, 0.0, 3.0 ],
									"to": [ 1.4, 1.0, 4.0 ],
									"rotationOrigin": [ 0.0, 0.0, 3.0 ],
									"faces": {
										"north": { "texture": "#ceramic", "uv": [ 0.0, 0.0, 1.0, 1.0 ] },
										"east": { "texture": "#ceramic", "uv": [ 0.0, 0.0, 1.0, 1.0 ] },
										"south": { "texture": "#ceramic", "uv": [ 0.0, 0.0, 1.0, 1.0 ] },
										"west": { "texture": "#ceramic", "uv": [ 0.0, 0.0, 1.0, 1.0 ] },
										"up": { "texture": "#ceramic", "uv": [ 0.0, 0.0, 1.0, 1.0 ] },
										"down": { "texture": "#ceramic", "uv": [ 0.0, 0.0, 1.0, 1.0 ] }
									},
									"children": [
										{
											"name": "Cube36",
											"from": [ 0.0, 0.0, 3.0 ],
											"to": [ 1.4, 1.0, 4.0 ],
											"rotationOrigin": [ 0.0, 0.0, 3.0 ],
											"faces": {
												"north": { "texture": "#ceramic", "uv": [ 0.0, 0.0, 1.0, 1.0 ] },
												"east": { "texture": "#ceramic", "uv": [ 0.0, 0.0, 1.0, 1.0 ] },
												"south": { "texture": "#ceramic", "uv": [ 0.0, 0.0, 1.0, 1.0 ] },
												"west": { "texture": "#ceramic", "uv": [ 0.0, 0.0, 1.0, 1.0 ] },
												"up": { "texture": "#ceramic", "uv": [ 0.0, 0.0, 1.0, 1.0 ] },
												"down": { "texture": "#ceramic", "uv": [ 0.0, 0.0, 1.0, 1.0 ] }
											},
											"children": [
												{
													"name": "Cube39",
													"from": [ 0.0, 0.0, 3.0 ],
													"to": [ 1.4, 1.0, 4.0 ],
													"rotationOrigin": [ 0.0, 0.0, 3.0 ],
													"faces": {
														"north": { "texture": "#ceramic", "uv": [ 0.0, 0.0, 1.0, 1.0 ] },
														"east": { "texture": "#ceramic", "uv": [ 0.0, 0.0, 1.0, 1.0 ] },
														"south": { "texture": "#ceramic", "uv": [ 0.0, 0.0, 1.0, 1.0 ] },
														"west": { "texture": "#ceramic", "uv": [ 0.0, 0.0, 1.0, 1.0 ] },
														"up": { "texture": "#ceramic", "uv": [ 0.0, 0.0, 1.0, 1.0 ] },
														"down": { "texture": "#ceramic", "uv": [ 0.0, 0.0, 1.0, 1.0 ] }
													}
												}
											]
										}
									]
								}
							]
						}
					]
				},
				{
					"name": "Cube5",
					"from": [ 13.0, 1.0, 0.0 ],
					"to": [ 14.0, 2.0, 15.0 ],
					"rotationOrigin": [ 13.0, 1.0, 0.0 ],
					"faces": {
						"north": { "texture": "#ceramic", "uv": [ 0.0, 0.0, 1.0, 1.0 ] },
						"east": { "texture": "#ceramic", "uv": [ 0.0, 0.0, 15.0, 1.0 ] },
						"south": { "texture": "#ceramic", "uv": [ 0.0, 0.0, 1.0, 1.0 ] },
						"west": { "texture": "#ceramic", "uv": [ 0.0, 0.0, 15.0, 1.0 ] },
						"up": { "texture": "#ceramic", "uv": [ 0.0, 0.0, 1.0, 15.0 ] },
						"down": { "texture": "#ceramic", "uv": [ 0.0, 0.0, 1.0, 15.0 ] }
					}
				},
				{
					"name": "Cube12",
					"from": [ 10.3, 1.0, 2.0 ],
					"to": [ 11.6, 2.0, 4.0 ],
					"rotationOrigin": [ 10.3, 1.0, 2.0 ],
					"faces": {
						"north": { "texture": "#ceramic", "uv": [ 0.0, 0.0, 1.0, 1.0 ] },
						"east": { "texture": "#ceramic", "uv": [ 0.0, 0.0, 2.0, 1.0 ] },
						"south": { "texture": "#ceramic", "uv": [ 0.0, 0.0, 1.0, 1.0 ] },
						"west": { "texture": "#ceramic", "uv": [ 0.0, 0.0, 2.0, 1.0 ] },
						"up": { "texture": "#ceramic", "uv": [ 0.0, 0.0, 1.0, 2.0 ] },
						"down": { "texture": "#ceramic", "uv": [ 0.0, 0.0, 1.0, 2.0 ] }
					},
					"children": [
						{
							"name": "Cube44",
							"from": [ 0.0, 0.0, 9.0 ],
							"to": [ 1.3, 1.0, 11.0 ],
							"rotationOrigin": [ 0.0, 0.0, 9.0 ],
							"faces": {
								"north": { "texture": "#ceramic", "uv": [ 0.0, 0.0, 1.0, 1.0 ] },
								"east": { "texture": "#ceramic", "uv": [ 0.0, 0.0, 2.0, 1.0 ] },
								"south": { "texture": "#ceramic", "uv": [ 0.0, 0.0, 1.0, 1.0 ] },
								"west": { "texture": "#ceramic", "uv": [ 0.0, 0.0, 2.0, 1.0 ] },
								"up": { "texture": "#ceramic", "uv": [ 0.0, 0.0, 1.0, 2.0 ] },
								"down": { "texture": "#ceramic", "uv": [ 0.0, 0.0, 1.0, 2.0 ] }
							}
						},
						{
							"name": "Cube31",
							"from": [ 0.0, 0.0, 6.0 ],
							"to": [ 1.3, 1.0, 8.0 ],
							"rotationOrigin": [ 0.0, 0.0, 6.0 ],
							"faces": {
								"north": { "texture": "#ceramic", "uv": [ 0.0, 0.0, 1.0, 1.0 ] },
								"east": { "texture": "#ceramic", "uv": [ 0.0, 0.0, 2.0, 1.0 ] },
								"south": { "texture": "#ceramic", "uv": [ 0.0, 0.0, 1.0, 1.0 ] },
								"west": { "texture": "#ceramic", "uv": [ 0.0, 0.0, 2.0, 1.0 ] },
								"up": { "texture": "#ceramic", "uv": [ 0.0, 0.0, 1.0, 2.0 ] },
								"down": { "texture": "#ceramic", "uv": [ 0.0, 0.0, 1.0, 2.0 ] }
							}
						},
						{
							"name": "Cube21",
							"from": [ 0.0, 0.0, 3.0 ],
							"to": [ 1.3, 1.0, 5.0 ],
							"rotationOrigin": [ 0.0, 0.0, 3.0 ],
							"faces": {
								"north": { "texture": "#ceramic", "uv": [ 0.0, 0.0, 1.0, 1.0 ] },
								"east": { "texture": "#ceramic", "uv": [ 0.0, 0.0, 2.0, 1.0 ] },
								"south": { "texture": "#ceramic", "uv": [ 0.0, 0.0, 1.0, 1.0 ] },
								"west": { "texture": "#ceramic", "uv": [ 0.0, 0.0, 2.0, 1.0 ] },
								"up": { "texture": "#ceramic", "uv": [ 0.0, 0.0, 1.0, 2.0 ] },
								"down": { "texture": "#ceramic", "uv": [ 0.0, 0.0, 1.0, 2.0 ] }
							}
						}
					]
				},
				{
					"name": "Cube10",
					"from": [ 8.9, 1.0, 1.0 ],
					"to": [ 10.3, 2.0, 2.0 ],
					"rotationOrigin": [ 8.9, 1.0, 1.0 ],
					"faces": {
						"north": { "texture": "#ceramic", "uv": [ 0.0, 0.0, 1.0, 1.0 ] },
						"east": { "texture": "#ceramic", "uv": [ 0.0, 0.0, 1.0, 1.0 ] },
						"south": { "texture": "#ceramic", "uv": [ 0.0, 0.0, 1.0, 1.0 ] },
						"west": { "texture": "#ceramic", "uv": [ 0.0, 0.0, 1.0, 1.0 ] },
						"up": { "texture": "#ceramic", "uv": [ 0.0, 0.0, 1.0, 1.0 ] },
						"down": { "texture": "#ceramic", "uv": [ 0.0, 0.0, 1.0, 1.0 ] }
					},
					"children": [
						{
							"name": "Cube19",
							"from": [ 0.0, 0.0, 3.0 ],
							"to": [ 1.4, 1.0, 4.0 ],
							"rotationOrigin": [ 0.0, 0.0, 3.0 ],
							"faces": {
								"north": { "texture": "#ceramic", "uv": [ 0.0, 0.0, 1.0, 1.0 ] },
								"east": { "texture": "#ceramic", "uv": [ 0.0, 0.0, 1.0, 1.0 ] },
								"south": { "texture": "#ceramic", "uv": [ 0.0, 0.0, 1.0, 1.0 ] },
								"west": { "texture": "#ceramic", "uv": [ 0.0, 0.0, 1.0, 1.0 ] },
								"up": { "texture": "#ceramic", "uv": [ 0.0, 0.0, 1.0, 1.0 ] },
								"down": { "texture": "#ceramic", "uv": [ 0.0, 0.0, 1.0, 1.0 ] }
							},
							"children": [
								{
									"name": "Cube28",
									"from": [ 0.0, 0.0, 3.0 ],
									"to": [ 1.4, 1.0, 4.0 ],
									"rotationOrigin": [ 0.0, 0.0, 3.0 ],
									"faces": {
										"north": { "texture": "#ceramic", "uv": [ 0.0, 0.0, 1.0, 1.0 ] },
										"east": { "texture": "#ceramic", "uv": [ 0.0, 0.0, 1.0, 1.0 ] },
										"south": { "texture": "#ceramic", "uv": [ 0.0, 0.0, 1.0, 1.0 ] },
										"west": { "texture": "#ceramic", "uv": [ 0.0, 0.0, 1.0, 1.0 ] },
										"up": { "texture": "#ceramic", "uv": [ 0.0, 0.0, 1.0, 1.0 ] },
										"down": { "texture": "#ceramic", "uv": [ 0.0, 0.0, 1.0, 1.0 ] }
									},
									"children": [
										{
											"name": "Cube37",
											"from": [ 0.0, 0.0, 3.0 ],
											"to": [ 1.4, 1.0, 4.0 ],
											"rotationOrigin": [ 0.0, 0.0, 3.0 ],
											"faces": {
												"north": { "texture": "#ceramic", "uv": [ 0.0, 0.0, 1.0, 1.0 ] },
												"east": { "texture": "#ceramic", "uv": [ 0.0, 0.0, 1.0, 1.0 ] },
												"south": { "texture": "#ceramic", "uv": [ 0.0, 0.0, 1.0, 1.0 ] },
												"west": { "texture": "#ceramic", "uv": [ 0.0, 0.0, 1.0, 1.0 ] },
												"up": { "texture": "#ceramic", "uv": [ 0.0, 0.0, 1.0, 1.0 ] },
												"down": { "texture": "#ceramic", "uv": [ 0.0, 0.0, 1.0, 1.0 ] }
											},
											"children": [
												{
													"name": "Cube40",
													"from": [ 0.0, 0.0, 3.0 ],
													"to": [ 1.4, 1.0, 4.0 ],
													"rotationOrigin": [ 0.0, 0.0, 3.0 ],
													"faces": {
														"north": { "texture": "#ceramic", "uv": [ 0.0, 0.0, 1.0, 1.0 ] },
														"east": { "texture": "#ceramic", "uv": [ 0.0, 0.0, 1.0, 1.0 ] },
														"south": { "texture": "#ceramic", "uv": [ 0.0, 0.0, 1.0, 1.0 ] },
														"west": { "texture": "#ceramic", "uv": [ 0.0, 0.0, 1.0, 1.0 ] },
														"up": { "texture": "#ceramic", "uv": [ 0.0, 0.0, 1.0, 1.0 ] },
														"down": { "texture": "#ceramic", "uv": [ 0.0, 0.0, 1.0, 1.0 ] }
													}
												}
											]
										}
									]
								}
							]
						}
					]
				},
				{
					"name": "Cube13",
					"from": [ 7.6, 1.0, 2.0 ],
					"to": [ 8.9, 2.0, 4.0 ],
					"rotationOrigin": [ 7.6, 1.0, 2.0 ],
					"faces": {
						"north": { "texture": "#ceramic", "uv": [ 0.0, 0.0, 1.0, 1.0 ] },
						"east": { "texture": "#ceramic", "uv": [ 0.0, 0.0, 2.0, 1.0 ] },
						"south": { "texture": "#ceramic", "uv": [ 0.0, 0.0, 1.0, 1.0 ] },
						"west": { "texture": "#ceramic", "uv": [ 0.0, 0.0, 2.0, 1.0 ] },
						"up": { "texture": "#ceramic", "uv": [ 0.0, 0.0, 1.0, 2.0 ] },
						"down": { "texture": "#ceramic", "uv": [ 0.0, 0.0, 1.0, 2.0 ] }
					},
					"children": [
						{
							"name": "Cube45",
							"from": [ 0.0, 0.0, 9.0 ],
							"to": [ 1.3, 1.0, 11.0 ],
							"rotationOrigin": [ 0.0, 0.0, 9.0 ],
							"faces": {
								"north": { "texture": "#ceramic", "uv": [ 0.0, 0.0, 1.0, 1.0 ] },
								"east": { "texture": "#ceramic", "uv": [ 0.0, 0.0, 2.0, 1.0 ] },
								"south": { "texture": "#ceramic", "uv": [ 0.0, 0.0, 1.0, 1.0 ] },
								"west": { "texture": "#ceramic", "uv": [ 0.0, 0.0, 2.0, 1.0 ] },
								"up": { "texture": "#ceramic", "uv": [ 0.0, 0.0, 1.0, 2.0 ] },
								"down": { "texture": "#ceramic", "uv": [ 0.0, 0.0, 1.0, 2.0 ] }
							}
						},
						{
							"name": "Cube32",
							"from": [ 0.0, 0.0, 6.0 ],
							"to": [ 1.3, 1.0, 8.0 ],
							"rotationOrigin": [ 0.0, 0.0, 6.0 ],
							"faces": {
								"north": { "texture": "#ceramic", "uv": [ 0.0, 0.0, 1.0, 1.0 ] },
								"east": { "texture": "#ceramic", "uv": [ 0.0, 0.0, 2.0, 1.0 ] },
								"south": { "texture": "#ceramic", "uv": [ 0.0, 0.0, 1.0, 1.0 ] },
								"west": { "texture": "#ceramic", "uv": [ 0.0, 0.0, 2.0, 1.0 ] },
								"up": { "texture": "#ceramic", "uv": [ 0.0, 0.0, 1.0, 2.0 ] },
								"down": { "texture": "#ceramic", "uv": [ 0.0, 0.0, 1.0, 2.0 ] }
							}
						},
						{
							"name": "Cube22",
							"from": [ 0.0, 0.0, 3.0 ],
							"to": [ 1.3, 1.0, 5.0 ],
							"rotationOrigin": [ 0.0, 0.0, 3.0 ],
							"faces": {
								"north": { "texture": "#ceramic", "uv": [ 0.0, 0.0, 1.0, 1.0 ] },
								"east": { "texture": "#ceramic", "uv": [ 0.0, 0.0, 2.0, 1.0 ] },
								"south": { "texture": "#ceramic", "uv": [ 0.0, 0.0, 1.0, 1.0 ] },
								"west": { "texture": "#ceramic", "uv": [ 0.0, 0.0, 2.0, 1.0 ] },
								"up": { "texture": "#ceramic", "uv": [ 0.0, 0.0, 1.0, 2.0 ] },
								"down": { "texture": "#ceramic", "uv": [ 0.0, 0.0, 1.0, 2.0 ] }
							}
						}
					]
				},
				{
					"name": "Cube11",
					"from": [ 6.2, 1.0, 1.0 ],
					"to": [ 7.6, 2.0, 2.0 ],
					"rotationOrigin": [ 6.2, 1.0, 1.0 ],
					"faces": {
						"north": { "texture": "#ceramic", "uv": [ 0.0, 0.0, 1.0, 1.0 ] },
						"east": { "texture": "#ceramic", "uv": [ 0.0, 0.0, 1.0, 1.0 ] },
						"south": { "texture": "#ceramic", "uv": [ 0.0, 0.0, 1.0, 1.0 ] },
						"west": { "texture": "#ceramic", "uv": [ 0.0, 0.0, 1.0, 1.0 ] },
						"up": { "texture": "#ceramic", "uv": [ 0.0, 0.0, 1.0, 1.0 ] },
						"down": { "texture": "#ceramic", "uv": [ 0.0, 0.0, 1.0, 1.0 ] }
					},
					"children": [
						{
							"name": "Cube20",
							"from": [ 0.0, 0.0, 3.0 ],
							"to": [ 1.4, 1.0, 4.0 ],
							"rotationOrigin": [ 0.0, 0.0, 3.0 ],
							"faces": {
								"north": { "texture": "#ceramic", "uv": [ 0.0, 0.0, 1.0, 1.0 ] },
								"east": { "texture": "#ceramic", "uv": [ 0.0, 0.0, 1.0, 1.0 ] },
								"south": { "texture": "#ceramic", "uv": [ 0.0, 0.0, 1.0, 1.0 ] },
								"west": { "texture": "#ceramic", "uv": [ 0.0, 0.0, 1.0, 1.0 ] },
								"up": { "texture": "#ceramic", "uv": [ 0.0, 0.0, 1.0, 1.0 ] },
								"down": { "texture": "#ceramic", "uv": [ 0.0, 0.0, 1.0, 1.0 ] }
							},
							"children": [
								{
									"name": "Cube29",
									"from": [ 0.0, 0.0, 3.0 ],
									"to": [ 1.4, 1.0, 4.0 ],
									"rotationOrigin": [ 0.0, 0.0, 3.0 ],
									"faces": {
										"north": { "texture": "#ceramic", "uv": [ 0.0, 0.0, 1.0, 1.0 ] },
										"east": { "texture": "#ceramic", "uv": [ 0.0, 0.0, 1.0, 1.0 ] },
										"south": { "texture": "#ceramic", "uv": [ 0.0, 0.0, 1.0, 1.0 ] },
										"west": { "texture": "#ceramic", "uv": [ 0.0, 0.0, 1.0, 1.0 ] },
										"up": { "texture": "#ceramic", "uv": [ 0.0, 0.0, 1.0, 1.0 ] },
										"down": { "texture": "#ceramic", "uv": [ 0.0, 0.0, 1.0, 1.0 ] }
									},
									"children": [
										{
											"name": "Cube38",
											"from": [ 0.0, 0.0, 3.0 ],
											"to": [ 1.4, 1.0, 4.0 ],
											"rotationOrigin": [ 0.0, 0.0, 3.0 ],
											"faces": {
												"north": { "texture": "#ceramic", "uv": [ 0.0, 0.0, 1.0, 1.0 ] },
												"east": { "texture": "#ceramic", "uv": [ 0.0, 0.0, 1.0, 1.0 ] },
												"south": { "texture": "#ceramic", "uv": [ 0.0, 0.0, 1.0, 1.0 ] },
												"west": { "texture": "#ceramic", "uv": [ 0.0, 0.0, 1.0, 1.0 ] },
												"up": { "texture": "#ceramic", "uv": [ 0.0, 0.0, 1.0, 1.0 ] },
												"down": { "texture": "#ceramic", "uv": [ 0.0, 0.0, 1.0, 1.0 ] }
											},
											"children": [
												{
													"name": "Cube41",
													"from": [ 0.0, 0.0, 3.0 ],
													"to": [ 1.4, 1.0, 4.0 ],
													"rotationOrigin": [ 0.0, 0.0, 3.0 ],
													"faces": {
														"north": { "texture": "#ceramic", "uv": [ 0.0, 0.0, 1.0, 1.0 ] },
														"east": { "texture": "#ceramic", "uv": [ 0.0, 0.0, 1.0, 1.0 ] },
														"south": { "texture": "#ceramic", "uv": [ 0.0, 0.0, 1.0, 1.0 ] },
														"west": { "texture": "#ceramic", "uv": [ 0.0, 0.0, 1.0, 1.0 ] },
														"up": { "texture": "#ceramic", "uv": [ 0.0, 0.0, 1.0, 1.0 ] },
														"down": { "texture": "#ceramic", "uv": [ 0.0, 0.0, 1.0, 1.0 ] }
													}
												}
											]
										}
									]
								}
							]
						}
					]
				},
				{
					"name": "Cube14",
					"from": [ 4.9, 1.0, 2.0 ],
					"to": [ 6.2, 2.0, 4.0 ],
					"rotationOrigin": [ 4.9, 1.0, 2.0 ],
					"faces": {
						"north": { "texture": "#ceramic", "uv": [ 0.0, 0.0, 1.0, 1.0 ] },
						"east": { "texture": "#ceramic", "uv": [ 0.0, 0.0, 2.0, 1.0 ] },
						"south": { "texture": "#ceramic", "uv": [ 0.0, 0.0, 1.0, 1.0 ] },
						"west": { "texture": "#ceramic", "uv": [ 0.0, 0.0, 2.0, 1.0 ] },
						"up": { "texture": "#ceramic", "uv": [ 0.0, 0.0, 1.0, 2.0 ] },
						"down": { "texture": "#ceramic", "uv": [ 0.0, 0.0, 1.0, 2.0 ] }
					},
					"children": [
						{
							"name": "Cube46",
							"from": [ 0.0, 0.0, 9.0 ],
							"to": [ 1.3, 1.0, 11.0 ],
							"rotationOrigin": [ 0.0, 0.0, 9.0 ],
							"faces": {
								"north": { "texture": "#ceramic", "uv": [ 0.0, 0.0, 1.0, 1.0 ] },
								"east": { "texture": "#ceramic", "uv": [ 0.0, 0.0, 2.0, 1.0 ] },
								"south": { "texture": "#ceramic", "uv": [ 0.0, 0.0, 1.0, 1.0 ] },
								"west": { "texture": "#ceramic", "uv": [ 0.0, 0.0, 2.0, 1.0 ] },
								"up": { "texture": "#ceramic", "uv": [ 0.0, 0.0, 1.0, 2.0 ] },
								"down": { "texture": "#ceramic", "uv": [ 0.0, 0.0, 1.0, 2.0 ] }
							}
						},
						{
							"name": "Cube33",
							"from": [ 0.0, 0.0, 6.0 ],
							"to": [ 1.3, 1.0, 8.0 ],
							"rotationOrigin": [ 0.0, 0.0, 6.0 ],
							"faces": {
								"north": { "texture": "#ceramic", "uv": [ 0.0, 0.0, 1.0, 1.0 ] },
								"east": { "texture": "#ceramic", "uv": [ 0.0, 0.0, 2.0, 1.0 ] },
								"south": { "texture": "#ceramic", "uv": [ 0.0, 0.0, 1.0, 1.0 ] },
								"west": { "texture": "#ceramic", "uv": [ 0.0, 0.0, 2.0, 1.0 ] },
								"up": { "texture": "#ceramic", "uv": [ 0.0, 0.0, 1.0, 2.0 ] },
								"down": { "texture": "#ceramic", "uv": [ 0.0, 0.0, 1.0, 2.0 ] }
							}
						},
						{
							"name": "Cube23",
							"from": [ 0.0, 0.0, 3.0 ],
							"to": [ 1.3, 1.0, 5.0 ],
							"rotationOrigin": [ 0.0, 0.0, 3.0 ],
							"faces": {
								"north": { "texture": "#ceramic", "uv": [ 0.0, 0.0, 1.0, 1.0 ] },
								"east": { "texture": "#ceramic", "uv": [ 0.0, 0.0, 2.0, 1.0 ] },
								"south": { "texture": "#ceramic", "uv": [ 0.0, 0.0, 1.0, 1.0 ] },
								"west": { "texture": "#ceramic", "uv": [ 0.0, 0.0, 2.0, 1.0 ] },
								"up": { "texture": "#ceramic", "uv": [ 0.0, 0.0, 1.0, 2.0 ] },
								"down": { "texture": "#ceramic", "uv": [ 0.0, 0.0, 1.0, 2.0 ] }
							}
						}
					]
				},
				{
					"name": "Cube15",
					"from": [ 3.5, 1.0, 1.0 ],
					"to": [ 4.9, 2.0, 2.0 ],
					"rotationOrigin": [ 3.5, 1.0, 1.0 ],
					"faces": {
						"north": { "texture": "#ceramic", "uv": [ 0.0, 0.0, 1.0, 1.0 ] },
						"east": { "texture": "#ceramic", "uv": [ 0.0, 0.0, 1.0, 1.0 ] },
						"south": { "texture": "#ceramic", "uv": [ 0.0, 0.0, 1.0, 1.0 ] },
						"west": { "texture": "#ceramic", "uv": [ 0.0, 0.0, 1.0, 1.0 ] },
						"up": { "texture": "#ceramic", "uv": [ 0.0, 0.0, 1.0, 1.0 ] },
						"down": { "texture": "#ceramic", "uv": [ 0.0, 0.0, 1.0, 1.0 ] }
					},
					"children": [
						{
							"name": "Cube24",
							"from": [ 0.0, 0.0, 3.0 ],
							"to": [ 1.4, 1.0, 4.0 ],
							"rotationOrigin": [ 0.0, 0.0, 3.0 ],
							"faces": {
								"north": { "texture": "#ceramic", "uv": [ 0.0, 0.0, 1.0, 1.0 ] },
								"east": { "texture": "#ceramic", "uv": [ 0.0, 0.0, 1.0, 1.0 ] },
								"south": { "texture": "#ceramic", "uv": [ 0.0, 0.0, 1.0, 1.0 ] },
								"west": { "texture": "#ceramic", "uv": [ 0.0, 0.0, 1.0, 1.0 ] },
								"up": { "texture": "#ceramic", "uv": [ 0.0, 0.0, 1.0, 1.0 ] },
								"down": { "texture": "#ceramic", "uv": [ 0.0, 0.0, 1.0, 1.0 ] }
							},
							"children": [
								{
									"name": "Cube30",
									"from": [ 0.0, 0.0, 3.0 ],
									"to": [ 1.4, 1.0, 4.0 ],
									"rotationOrigin": [ 0.0, 0.0, 3.0 ],
									"faces": {
										"north": { "texture": "#ceramic", "uv": [ 0.0, 0.0, 1.0, 1.0 ] },
										"east": { "texture": "#ceramic", "uv": [ 0.0, 0.0, 1.0, 1.0 ] },
										"south": { "texture": "#ceramic", "uv": [ 0.0, 0.0, 1.0, 1.0 ] },
										"west": { "texture": "#ceramic", "uv": [ 0.0, 0.0, 1.0, 1.0 ] },
										"up": { "texture": "#ceramic", "uv": [ 0.0, 0.0, 1.0, 1.0 ] },
										"down": { "texture": "#ceramic", "uv": [ 0.0, 0.0, 1.0, 1.0 ] }
									},
									"children": [
										{
											"name": "Cube42",
											"from": [ 0.0, 0.0, 3.0 ],
											"to": [ 1.4, 1.0, 4.0 ],
											"rotationOrigin": [ 0.0, 0.0, 3.0 ],
											"faces": {
												"north": { "texture": "#ceramic", "uv": [ 0.0, 0.0, 1.0, 1.0 ] },
												"east": { "texture": "#ceramic", "uv": [ 0.0, 0.0, 1.0, 1.0 ] },
												"south": { "texture": "#ceramic", "uv": [ 0.0, 0.0, 1.0, 1.0 ] },
												"west": { "texture": "#ceramic", "uv": [ 0.0, 0.0, 1.0, 1.0 ] },
												"up": { "texture": "#ceramic", "uv": [ 0.0, 0.0, 1.0, 1.0 ] },
												"down": { "texture": "#ceramic", "uv": [ 0.0, 0.0, 1.0, 1.0 ] }
											},
											"children": [
												{
													"name": "Cube43",
													"from": [ 0.0, 0.0, 3.0 ],
													"to": [ 1.4, 1.0, 4.0 ],
													"rotationOrigin": [ 0.0, 0.0, 3.0 ],
													"faces": {
														"north": { "texture": "#ceramic", "uv": [ 0.0, 0.0, 1.0, 1.0 ] },
														"east": { "texture": "#ceramic", "uv": [ 0.0, 0.0, 1.0, 1.0 ] },
														"south": { "texture": "#ceramic", "uv": [ 0.0, 0.0, 1.0, 1.0 ] },
														"west": { "texture": "#ceramic", "uv": [ 0.0, 0.0, 1.0, 1.0 ] },
														"up": { "texture": "#ceramic", "uv": [ 0.0, 0.0, 1.0, 1.0 ] },
														"down": { "texture": "#ceramic", "uv": [ 0.0, 0.0, 1.0, 1.0 ] }
													}
												}
											]
										}
									]
								}
							]
						}
					]
				},
				{
					"name": "Cube16",
					"from": [ 2.2, 1.0, 2.0 ],
					"to": [ 3.5, 2.0, 4.0 ],
					"rotationOrigin": [ 2.2, 1.0, 2.0 ],
					"faces": {
						"north": { "texture": "#ceramic", "uv": [ 0.0, 0.0, 1.0, 1.0 ] },
						"east": { "texture": "#ceramic", "uv": [ 0.0, 0.0, 2.0, 1.0 ] },
						"south": { "texture": "#ceramic", "uv": [ 0.0, 0.0, 1.0, 1.0 ] },
						"west": { "texture": "#ceramic", "uv": [ 0.0, 0.0, 2.0, 1.0 ] },
						"up": { "texture": "#ceramic", "uv": [ 0.0, 0.0, 1.0, 2.0 ] },
						"down": { "texture": "#ceramic", "uv": [ 0.0, 0.0, 1.0, 2.0 ] }
					},
					"children": [
						{
							"name": "Cube47",
							"from": [ 0.0, 0.0, 9.0 ],
							"to": [ 1.3, 1.0, 11.0 ],
							"rotationOrigin": [ 0.0, 0.0, 9.0 ],
							"faces": {
								"north": { "texture": "#ceramic", "uv": [ 0.0, 0.0, 1.0, 1.0 ] },
								"east": { "texture": "#ceramic", "uv": [ 0.0, 0.0, 2.0, 1.0 ] },
								"south": { "texture": "#ceramic", "uv": [ 0.0, 0.0, 1.0, 1.0 ] },
								"west": { "texture": "#ceramic", "uv": [ 0.0, 0.0, 2.0, 1.0 ] },
								"up": { "texture": "#ceramic", "uv": [ 0.0, 0.0, 1.0, 2.0 ] },
								"down": { "texture": "#ceramic", "uv": [ 0.0, 0.0, 1.0, 2.0 ] }
							}
						},
						{
							"name": "Cube34",
							"from": [ 0.0, 0.0, 6.0 ],
							"to": [ 1.3, 1.0, 8.0 ],
							"rotationOrigin": [ 0.0, 0.0, 6.0 ],
							"faces": {
								"north": { "texture": "#ceramic", "uv": [ 0.0, 0.0, 1.0, 1.0 ] },
								"east": { "texture": "#ceramic", "uv": [ 0.0, 0.0, 2.0, 1.0 ] },
								"south": { "texture": "#ceramic", "uv": [ 0.0, 0.0, 1.0, 1.0 ] },
								"west": { "texture": "#ceramic", "uv": [ 0.0, 0.0, 2.0, 1.0 ] },
								"up": { "texture": "#ceramic", "uv": [ 0.0, 0.0, 1.0, 2.0 ] },
								"down": { "texture": "#ceramic", "uv": [ 0.0, 0.0, 1.0, 2.0 ] }
							}
						},
						{
							"name": "Cube25",
							"from": [ 0.0, 0.0, 3.0 ],
							"to": [ 1.3, 1.0, 5.0 ],
							"rotationOrigin": [ 0.0, 0.0, 3.0 ],
							"faces": {
								"north": { "texture": "#ceramic", "uv": [ 0.0, 0.0, 1.0, 1.0 ] },
								"east": { "texture": "#ceramic", "uv": [ 0.0, 0.0, 2.0, 1.0 ] },
								"south": { "texture": "#ceramic", "uv": [ 0.0, 0.0, 1.0, 1.0 ] },
								"west": { "texture": "#ceramic", "uv": [ 0.0, 0.0, 2.0, 1.0 ] },
								"up": { "texture": "#ceramic", "uv": [ 0.0, 0.0, 1.0, 2.0 ] },
								"down": { "texture": "#ceramic", "uv": [ 0.0, 0.0, 1.0, 2.0 ] }
							}
						}
					]
				},
				{
					"name": "Cube17",
					"from": [ 0.8, 1.0, 1.0 ],
					"to": [ 2.2, 2.0, 2.0 ],
					"rotationOrigin": [ 0.8, 1.0, 1.0 ],
					"faces": {
						"north": { "texture": "#ceramic", "uv": [ 0.0, 0.0, 1.0, 1.0 ] },
						"east": { "texture": "#ceramic", "uv": [ 0.0, 0.0, 1.0, 1.0 ] },
						"south": { "texture": "#ceramic", "uv": [ 0.0, 0.0, 1.0, 1.0 ] },
						"west": { "texture": "#ceramic", "uv": [ 0.0, 0.0, 1.0, 1.0 ] },
						"up": { "texture": "#ceramic", "uv": [ 0.0, 0.0, 1.0, 1.0 ] },
						"down": { "texture": "#ceramic", "uv": [ 0.0, 0.0, 1.0, 1.0 ] }
					},
					"children": [
						{
							"name": "Cube26",
							"from": [ 0.0, 0.0, 3.0 ],
							"to": [ 1.4, 1.0, 4.0 ],
							"rotationOrigin": [ 0.0, 0.0, 3.0 ],
							"faces": {
								"north": { "texture": "#ceramic", "uv": [ 0.0, 0.0, 1.0, 1.0 ] },
								"east": { "texture": "#ceramic", "uv": [ 0.0, 0.0, 1.0, 1.0 ] },
								"south": { "texture": "#ceramic", "uv": [ 0.0, 0.0, 1.0, 1.0 ] },
								"west": { "texture": "#ceramic", "uv": [ 0.0, 0.0, 1.0, 1.0 ] },
								"up": { "texture": "#ceramic", "uv": [ 0.0, 0.0, 1.0, 1.0 ] },
								"down": { "texture": "#ceramic", "uv": [ 0.0, 0.0, 1.0, 1.0 ] }
							},
							"children": [
								{
									"name": "Cube35",
									"from": [ 0.0, 0.0, 3.0 ],
									"to": [ 1.4, 1.0, 4.0 ],
									"rotationOrigin": [ 0.0, 0.0, 3.0 ],
									"faces": {
										"north": { "texture": "#ceramic", "uv": [ 0.0, 0.0, 1.0, 1.0 ] },
										"east": { "texture": "#ceramic", "uv": [ 0.0, 0.0, 1.0, 1.0 ] },
										"south": { "texture": "#ceramic", "uv": [ 0.0, 0.0, 1.0, 1.0 ] },
										"west": { "texture": "#ceramic", "uv": [ 0.0, 0.0, 1.0, 1.0 ] },
										"up": { "texture": "#ceramic", "uv": [ 0.0, 0.0, 1.0, 1.0 ] },
										"down": { "texture": "#ceramic", "uv": [ 0.0, 0.0, 1.0, 1.0 ] }
									},
									"children": [
										{
											"name": "Cube48",
											"from": [ 0.0, 0.0, 3.0 ],
											"to": [ 1.4, 1.0, 4.0 ],
											"rotationOrigin": [ 0.0, 0.0, 3.0 ],
											"faces": {
												"north": { "texture": "#ceramic", "uv": [ 0.0, 0.0, 1.0, 1.0 ] },
												"east": { "texture": "#ceramic", "uv": [ 0.0, 0.0, 1.0, 1.0 ] },
												"south": { "texture": "#ceramic", "uv": [ 0.0, 0.0, 1.0, 1.0 ] },
												"west": { "texture": "#ceramic", "uv": [ 0.0, 0.0, 1.0, 1.0 ] },
												"up": { "texture": "#ceramic", "uv": [ 0.0, 0.0, 1.0, 1.0 ] },
												"down": { "texture": "#ceramic", "uv": [ 0.0, 0.0, 1.0, 1.0 ] }
											},
											"children": [
												{
													"name": "Cube49",
													"from": [ 0.0, 0.0, 3.0 ],
													"to": [ 1.4, 1.0, 4.0 ],
													"rotationOrigin": [ 0.0, 0.0, 3.0 ],
													"faces": {
														"north": { "texture": "#ceramic", "uv": [ 0.0, 0.0, 1.0, 1.0 ] },
														"east": { "texture": "#ceramic", "uv": [ 0.0, 0.0, 1.0, 1.0 ] },
														"south": { "texture": "#ceramic", "uv": [ 0.0, 0.0, 1.0, 1.0 ] },
														"west": { "texture": "#ceramic", "uv": [ 0.0, 0.0, 1.0, 1.0 ] },
														"up": { "texture": "#ceramic", "uv": [ 0.0, 0.0, 1.0, 1.0 ] },
														"down": { "texture": "#ceramic", "uv": [ 0.0, 0.0, 1.0, 1.0 ] }
													}
												}
											]
										}
									]
								}
							]
						}
					]
				}
			]
		}
	]}