[
  {
    "code": "dye-green",
    "sealHours": 8,
    "ingredients": [
      {
        "type": "item",
        "code": "hydrateordiedrate:wellwaterportion-fresh",
        "litres": 1
      },
      {
        "type": "item",
        "code": "game:drygrass",
        "quantity": 1
      }
    ],
    "output": {
      "type": "item",
      "code": "game:dye-green",
      "litres": 1
    }
  },
  {
    "code": "dye-green",
    "sealHours": 8,
    "ingredients": [
      {
        "type": "item",
        "code": "hydrateordiedrate:wellwaterportion-fresh",
        "litres": 1
      },
      {
        "type": "block",
        "code": "game:flower-lilyofthevalley-free",
        "quantity": 1
      }
    ],
    "output": {
      "type": "item",
      "code": "game:dye-green",
      "litres": 1
    }
  }
]