[
	{
	"ingredientPattern": "MNM,MMM,GGG",
	"requiresTrait": "clothier",
	"ingredients": {
		"N": { "type": "item", "code": "wool:kneedle-*", "isTool": true, "toolDurabilityCost": 2 },
		"M": { "type": "item", "code": "wool:fibers-angora-white", "quantity": 7 },
		"G": { "type": "item", "code": "wool:fibers-angora-white", "quantity": 5 }
	},
	"width": 3,
	"height": 3,
	"output": { "type": "item", "code": "wool:clothes-upperbodyover-sweater-mohair-plain-white" }
	},

	{
	"ingredientPattern": "GNG,PGP,PBP",
	"ingredients": {
		"N": { "type": "item", "code": "wool:kneedle-*", "isTool": true, "toolDurabilityCost": 2 },
		"P": { "type": "item", "code": "wool:twine-wool-plain", "quantity": 3 },
		"G": { "type": "item", "code": "wool:twine-wool-gray", "quantity": 2 },
		"B": { "type": "item", "code": "wool:twine-wool-gray", "quantity": 1 }
	},
	"width": 3,
	"height": 3,
	"output": { "type": "item", "code": "wool:clothes-upperbodyover-sweater-wool-plain-gray" }
	},

	{
	"ingredientPattern": "GNG,PBP,PGP",
	"ingredients": {
		"N": { "type": "item", "code": "wool:kneedle-*", "isTool": true, "toolDurabilityCost": 2 },
		"P": { "type": "item", "code": "wool:twine-wool-white", "quantity": 3 },
		"G": { "type": "item", "code": "wool:twine-wool-gray", "quantity": 2 },
		"B": { "type": "item", "code": "wool:twine-wool-black", "quantity": 1 }
	},
	"width": 3,
	"height": 3,
	"output": { "type": "item", "code": "wool:clothes-upperbodyover-sweater-wool-plain-white" }
	},

	{
	"ingredientPattern": "MNM,MPM,GBG",
	"requiresTrait": "clothier",
	"ingredients": {
		"N": { "type": "item", "code": "wool:kneedle-*", "isTool": true, "toolDurabilityCost": 2 },
		"M": { "type": "item", "code": "wool:twine-wool-plain", "quantity": 3 },
		"G": { "type": "item", "code": "wool:twine-wool-gray", "quantity": 2 },
		"P": { "type": "item", "code": "wool:twine-wool-pink", "quantity": 2 },
		"B": { "type": "item", "code": "wool:twine-wool-blue", "quantity": 1 }
	},
	"width": 3,
	"height": 3,
	"output": { "type": "item", "code": "wool:clothes-upperbodyover-sweater-wool-plain-pinkgray" }
	},

	{
	"ingredientPattern": "NBQ,QPB,BQP",
	"requiresTrait": "clothier",
	"ingredients": {
		"N": { "type": "item", "code": "wool:kneedle-*", "isTool": true, "toolDurabilityCost": 2 },
		"B": { "type": "item", "code": "wool:fibers-generic-redbrown", "quantity": 5 },
		"Q": { "type": "item", "code": "wool:fibers-muskox-brown", "quantity": 7 },
		"P": { "type": "item", "code": "wool:fibers-generic-brown", "quantity": 7 }
	},
	"width": 3,
	"height": 3,
	"output": { "type": "item", "code": "wool:clothes-upperbodyover-sweater-wool-fishbone-brown" }
	},

	{
	"ingredientPattern": "BNB,BBB,LLL",
	"requiresTrait": "clothier",
	"ingredients": {
		"N": { "type": "item", "code": "wool:kneedle-*", "isTool": true, "toolDurabilityCost": 2 },
		"B": { "type": "item", "code": "wool:twine-wool-brown", "quantity": 3 },
		"L": { "type": "item", "code": "wool:twine-wool-brown", "quantity": 2 }
	},
	"width": 3,
	"height": 3,
	"output": { "type": "item", "code": "wool:clothes-upperbodyover-sweater-wool-plain-brown" }
	},

	{
	"ingredientPattern": "MNM,MMM,LLL",
	"requiresTrait": "clothier",
	"ingredients": {
		"N": { "type": "item", "code": "wool:kneedle-*", "isTool": true, "toolDurabilityCost": 2 },
		"M": { "type": "item", "code": "wool:fibers-muskox-brown", "quantity": 7 },
		"L": { "type": "item", "code": "wool:fibers-muskox-brown", "quantity": 5 }
	},
	"width": 3,
	"height": 3,
	"output": { "type": "item", "code": "wool:clothes-upperbodyover-sweater-qivuit-plain-brown" }
	},

	{
	"ingredientPattern": "BNB,BRB,WBW",
	"requiresTrait": "clothier",
	"ingredients": {
		"N": { "type": "item", "code": "wool:kneedle-*", "isTool": true, "toolDurabilityCost": 2 },
		"B": { "type": "item", "code": "wool:twine-wool-blue", "quantity": 3 },
		"R": { "type": "item", "code": "wool:twine-wool-red", "quantity": 2 },
		"W": { "type": "item", "code": "wool:fibers-angora-white", "quantity": 6 }
	},
	"width": 3,
	"height": 3,
	"output": { "type": "item", "code": "wool:clothes-upperbodyover-sweater-wool-plain-bluered" }
	},

	{
	"ingredientPattern": "BNB,BRB,WBW",
	"requiresTrait": "clothier",
	"ingredients": {
		"N": { "type": "item", "code": "wool:kneedle-*", "isTool": true, "toolDurabilityCost": 2 },
		"B": { "type": "item", "code": "wool:twine-wool-blue", "quantity": 3 },
		"R": { "type": "item", "code": "wool:twine-wool-red", "quantity": 2 },
		"W": { "type": "item", "code": "wool:fibers-generic-white", "quantity": 6 }
	},
	"width": 3,
	"height": 3,
	"output": { "type": "item", "code": "wool:clothes-upperbodyover-sweater-wool-plain-bluered" }
	}
]
