[
	{
	"ingredientPattern": "CYC,FYF",
	"ingredients": {
		"Y": { "type": "item", "code": "wool:cloth-wool-gray" },
		"C": { "type": "item", "code": "wool:cloth-wool-plain" },
		"F": { "type": "item", "code": "wool:twine-wool-plain", "quantity": 2 }
	},
	"recipeGroup": 3,
	"width": 3,
	"height": 2,
	"output": { "type": "item", "code": "game:clothes-upperbody-shepherd-tunic" }
	},

	{
	"ingredientPattern": "CCC,SCR",
	"requiresTrait": "clothier",
	"ingredients": {
		"C": { "type": "item", "code": "wool:cloth-wool-brown" },
		"S": { "type": "item", "code": "game:sewingkit" },
		"R": { "type": "item", "code": "wool:twine-wool-red", "quantity": 2 }
	},
	"recipeGroup": 4,
	"width": 3,
	"height": 2,
	"output": { "type": "item", "code": "game:clothes-upperbody-woolen-shirt" }
	},

	{
	"ingredientPattern": "C_C,_C_",
	"ingredients": {
		"C": { "type": "item", "code": "wool:cloth-wool-plain", "quantity": 2 }
	},
	"recipeGroup": 3,
	"width": 3,
	"height": 2,
	"output": { "type": "item", "code": "game:clothes-upperbody-peasent-shirt" }
	},

	{
	"ingredientPattern": "P_B,BRP,TET",
	"ingredients": {
		"P": { "type": "item", "code": "wool:cloth-wool-plain" },
		"R": { "type": "item", "code": "wool:cloth-wool-brown" },
		"B": { "type": "item", "code": "wool:cloth-wool-blue" },
		"E": { "type": "item", "code": "wool:cloth-wool-green" },
		"T": { "type": "item", "code": "wool:twine-wool-brown", "quantity": 2 }
	},
	"recipeGroup": 3,
	"width": 3,
	"height": 3,
	"output": { "type": "item", "code": "game:clothes-upperbody-survivor" }
	},

	{
	"ingredientPattern": "BBB,YBD",
	"ingredients": {
		"B": { "type": "item", "code": "game:cloth-black" },
		"D": { "type": "item", "code": "wool:twine-wool-brown", "quantity": 2 },
		"Y": { "type": "item", "code": "wool:twine-wool-yellow", "quantity": 2 }
	},
	"recipeGroup": 3,
	"width": 3,
	"height": 2,
	"output": { "type": "item", "code": "game:clothes-upperbody-commoner-shirt" }
	},

	{
	"ingredientPattern": "BBB,YBD",
	"ingredients": {
		"B": { "type": "item", "code": "wool:cloth-wool-black" },
		"D": { "type": "item", "code": "wool:twine-wool-brown", "quantity": 2 },
		"Y": { "type": "item", "code": "wool:twine-wool-yellow", "quantity": 2 }
	},
	"recipeGroup": 3,
	"width": 3,
	"height": 2,
	"output": { "type": "item", "code": "game:clothes-upperbody-commoner-shirt" }
	},

	{
	"ingredientPattern": "BSB,CBC",
	"requiresTrait": "clothier",
	"ingredients": {
		"B": { "type": "item", "code": "wool:cloth-wool-blue" },
		"C": { "type": "item", "code": "wool:cloth-wool-plain" },
		"S": { "type": "item", "code": "game:sewingkit" }
	},
	"recipeGroup": 2,
	"width": 3,
	"height": 2,
	"output": { "type": "item", "code": "game:clothes-upperbody-minstrel-shirt" }
	},

	{
	"ingredientPattern": "CCC,NC_",
	"ingredients": {
		"C": { "type": "item", "code": "wool:cloth-wool-plain" },
		"N": { "type": "item", "code": "wool:twine-wool-plain" }
	},
	"recipeGroup": 2,
	"width": 3,
	"height": 2,
	"output": { "type": "item", "code": "game:clothes-upperbody-homespun-shirt" }
	},

	{
	"ingredientPattern": "BOB,DSD,NGN",
	"requiresTrait": "clothier",
	"ingredients": {
		"O": { "type": "item", "code": "wool:twine-wool-plain" },
		"B": { "type": "item", "code": "wool:cloth-wool-black" },
		"D": { "type": "item", "code": "wool:cloth-wool-darkgreen" },
		"G": { "type": "item", "code": "wool:cloth-wool-gray" },
		"N": { "type": "item", "code": "wool:twine-wool-green", "quantity": 2 },
		"S": { "type": "item", "code": "game:sewingkit" }
	},
	"recipeGroup": 3,
	"width": 3,
	"height": 3,
	"output": { "type": "item", "code": "game:clothes-upperbody-merchant-shirt" }
	},

	{
	"name": "miner shirt",
	"ingredientPattern": "CTC,SDB",
	"requiresTrait": "hardy",
	"ingredients": {
		"C": { "type": "item", "code": "wool:cloth-wool-brown" },
		"T": { "type": "item", "code": "wool:cloth-wool-brown","quantity": 2 },
		"D": { "type": "item", "code": "wool:cloth-wool-darkbrown" },
		"S": { "type": "item", "code": "game:sewingkit" },
		"B": { "type": "item", "code": "wool:twine-wool-darkbrown", "quantity": 3 }
	},
	"recipeGroup": 2,
	"width": 3,
	"height": 2,
	"output": { "type": "item", "code": "game:clothes-upperbody-miner" }
	},

	{
	"name": "chateau blouse",
	"ingredientPattern": "CCC,OCS",
	"requiresTrait": "clothier",
	"ingredients": {
		"C": { "type": "item", "code": "wool:cloth-wool-white" },
		"S": { "type": "item", "code": "game:sewingkit" },
		"O": { "type": "item", "code": "wool:twine-wool-white", "quantity": 2 }
	},
	"recipeGroup": 2,
	"width": 3,
	"height": 2,
	"output": { "type": "item", "code": "game:clothes-upperbody-chateau-blouse" }
	}
]
