[
	{
	"ingredientPattern": "GBG,TST",
	"requiresTrait": "clothier",
	"ingredients": {
		"G": { "type": "item", "code": "wool:cloth-wool-green" },
		"S": { "type": "item", "code": "game:sewingkit" },
		"T": { "type": "item", "code": "wool:twine-wool-green" },
		"B": { "type": "item", "code": "wool:twine-wool-plain" }
	},
	"recipeGroup": 3,
	"width": 3,
	"height": 2,
	"output": { "type": "item", "code": "game:clothes-waist-merchant-belt" }
	},

	{
	"ingredientPattern": "RTR,_S_",
	"requiresTrait": "improviser",
	"ingredients": {
		"R": { "type": "item", "code": "wool:cloth-wool-darkblue" },
		"T": { "type": "item", "code": "wool:twine-wool-darkblue" },
		"S": { "type": "item", "code": "wool:twine-wool-blue" }
	},
	"recipeGroup": 3,
	"width": 3,
	"height": 2,
	"output": { "type": "item", "code": "game:clothes-waist-malefactor-sash" }
	},

	{
	"ingredientPattern": "GTG,_S_",
	"requiresTrait": "clothier",
	"ingredients": {
		"G": { "type": "item", "code": "wool:cloth-wool-darkgreen" },
		"T": { "type": "item", "code": "wool:twine-wool-blue" },
		"S": { "type": "item", "code": "game:sewingkit" }
	},
	"recipeGroup": 3,
	"width": 3,
	"height": 2,
	"output": { "type": "item", "code": "game:clothes-waist-noble-sash" }
	}
]
