{
	"code": "creature",
	"class": "ItemCreature",
	"maxstacksize": 64,
	"variantgroups": [
		{ "code": "type", 
			"states": [ 
				"whitehart", 
				"gemsbok-male-adult", "gemsbok-female-adult", "gemsbok-male-baby", "gemsbok-female-baby",
				"hedgehog-male", "hedgehog-female","hedgehog-baby",
				"duck-male", "duck-female","duck-baby",		
				"crab-both","crab-baby",
				"woodlouse",		
				"squirrel-male-brown","squirrel-female-brown","squirrel-baby-brown",
				"squirrel-male-darkbrown","squirrel-female-darkbrown","squirrel-baby-darkbrown",
				"squirrel-male-red","squirrel-female-red","squirrel-baby-red",
				"squirrel-male-black","squirrel-female-black","squirrel-baby-black",		
				"snail",		
				"chipmunk-male","chipmunk-female","chipmunk-baby"		
			] 
		},
	],
	"shapeByType": {
	//Білий олень	
		"*-whitehart": {
			"base": "entity/whitehart"
		},
	//Гемсбок
		"*-gemsbok-*-adult": {
			"base": "entity/gemsbok"
		},
		"*-gemsbok-*-baby": {
			"base": "entity/gemsbokcalf"
		},
	//Їжак
		"*-hedgehog-male": {
			"base": "entity/land/hedgehog/hedgehog-shape-f"
		},		
		"*-hedgehog-female": {
			"base": "entity/land/hedgehog/hedgehog-shape-f"
		},		
		"*-hedgehog-baby": {
			"base": "entity/land/hedgehog/hedgehog-shape-f"
		},	
	//Качки		
		"*-duck-male": {
			"base": "entity/land/duck/duck4_1"
		},		
		"*-duck-female": {
			"base": "entity/land/duck/duck4_1"
		},		
		"*-duck-baby": {
			"base": "entity/land/duck/duck-baby"
		},			
	//Краб	
		"*-crab-both": {
			"base": "entity/land/crab/crab_base1"
		},
		"*-crab-baby": {
			"base": "entity/land/crab/crab_base1"
		},
	//Мокриця
		"*-woodlouse": {
			"base": "entity/land/woodlouse/woodlouse_idea1"
		},		
	//Білка	
		"*-squirrel-male-*": {
			"base": "entity/land/squirrel/squirrel-shape-a4"
		},		
		"*-squirrel-female-*": {
			"base": "entity/land/squirrel/squirrel-shape-a4"
		},		
		"*-squirrel-baby-*": {
			"base": "entity/land/squirrel/squirrel-shape-a4"
		},
	//Бурундук		
		"*-chipmunk-*": {
			"base": "entity/land/chipmunk/chipmunk-shape2"
		},
	},
	"texturesByType": {
		
		"*-whitehart": {
			"skin": { "base": "entity/whitehart" } },
		
		"*-gemsbok-*": { "skin": { "base": "entity/gemsbok" } },
		
		"*-hedgehog-male": {"all": { "base": "entity/hedgehog/hedgehog00" } },
		"*-hedgehog-female": {"all": { "base": "entity/hedgehog/hedgehog00" } },
		"*-hedgehog-baby": {"all": { "base": "entity/hedgehog/hedgehog00" } },

		"*-duck-male": {"all": { "base": "entity/duck/duck-male" } },
		"*-duck-female": {"all": { "base": "entity/duck/duck-female" } },
		"*-duck-baby": {"all": { "base": "entity/duck/duck-baby" } },

		"*-woodlouse":{"all": { "base": "entity/woodlouse/woodlouse1" } },

		"*-crab-both":{"all": { "base": "entity/crab/crab_redx2" } },
		"*-crab-baby":{"all": { "base": "entity/crab/crab_redx3" } },
		
		"*-snail":{"all": { "base": "entity/snail/snail1" } },		

		"*-squirrel-male-brown": {"all": { "base": "entity/squirrel/male-brown" } },
		"*-squirrel-female-brown": {"all": { "base": "entity/squirrel/male-brown" } },
		"*-squirrel-baby-brown": {"all": { "base": "entity/squirrel/male-brown" } },		
				
		"*-squirrel-male-darkbrown": {"all": { "base": "entity/squirrel/male-darkbrown" } },
		"*-squirrel-female-darkbrown": {"all": { "base": "entity/squirrel/male-darkbrown" } },
		"*-squirrel-baby-darkbrown": {"all": { "base": "entity/squirrel/male-darkbrown" } },		
		
		"*-squirrel-male-black": {"all": { "base": "entity/squirrel/male-black" } },
		"*-squirrel-female-black": {"all": { "base": "entity/squirrel/male-black" } },
		"*-squirrel-baby-black": {"all": { "base": "entity/squirrel/male-black" } },		

		"*-squirrel-male-red": {"all": { "base": "entity/squirrel/male-red" } },
		"*-squirrel-female-red": {"all": { "base": "entity/squirrel/male-red" } },
		"*-squirrel-baby-red": {"all": { "base": "entity/squirrel/male-red" } },		

		"*-chipmunk-male": {"all": { "base": "entity/chipmunk/both-darkbrown" } },
		"*-chipmunk-female": {"all": { "base": "entity/chipmunk/both-darkbrown" } },
		"*-chipmunk-baby": {"all": { "base": "entity/chipmunk/both-darkbrown" } },
	},
	"creativeinventory": {
		"general": ["*"],
		"items": ["*"],
		"creatures": ["*"],
		"FendragonSMP": ["*"]
	},
	"materialDensity": 600,
	"guiTransformByType": {
		"creature-whitehart": {
			"rotate": true,
			"translation": { "x": 3, "y": 0, "z": 0 },
			"rotation": { "x": -11, "y": -52, "z": -180 },
			"origin": { "x": 0.5, "y": 0.8, "z": 0.5 },
			"scale": 0.97
		},
		"creature-gemsbok-*-adult": {
			"rotate": true,
			"translation": { "x": 3, "y": 0, "z": 0 },
			"rotation": { "x": -11, "y": -52, "z": -180 },
			"origin": { "x": 0.5, "y": 0.8, "z": 0.5 },
			"scale": 0.97
		},
		"creature-gemsbok-*-baby": {
			"rotate": true,
			"translation": { "x": 1, "y": -1, "z": 0 },
			"rotation": { "x": -11, "y": -52, "z": -180 },
			"origin": { "x": 0.5, "y": 0.4, "z": 0.5 },
			"scale": 1.86
		},
		"*-hedgehog-*": {
			rotate: true,
			translation: { x: 2, y: 0, z: 0 },
			rotation: { x: 4, y: -59, z: -156 },
			origin: { x: 0.5, y: 0.15, z: 0.5 },
			scale: 3.5
		},		
		"*-duck-*": {
			rotate: true,
			translation: { x: 2, y: -0.5, z: 0 },
			rotation: { x: 4, y: -59, z: -156 },
			origin: { x: 0.5, y: 0.25, z: 0.5 },
			scale: 3.5
		},
		"creature-crab-*": {
			rotate: true,
			translation: { x: 2, y: -0.1, z: 0 },
			rotation: { x: 4, y: -59, z: -156 },
			origin: { x: 0.5, y: 0.25, z: 0.5 },
			scale: 3.5
		},	
		"*-snail": {
			rotate: true,
			translation: { x: 2, y: -0.1, z: 0 },
			rotation: { x: 4, y: -59, z: -156 },
			origin: { x: 0.5, y: 0.25, z: 0.5 },
			scale: 3.5
		},	
		"*-woodlouse": {
			rotate: true,
			translation: { x: 2, y: 0, z: 0 },
			rotation: { x: 4, y: -59, z: -156 },
			origin: { x: 0.5, y: 0.15, z: 0.5 },
			scale: 5.5
		},	
		"*-squirrel-*": {
			rotate: true,
			translation: { x: 2, y: -0.5, z: 0 },
			rotation: { x: 4, y: -59, z: -156 },
			origin: { x: 0.5, y: 0.25, z: 0.5 },
			scale: 3.5
		},	
		"*-chipmunk-*": {
			rotate: true,
			translation: { x: 2, y: -0.5, z: 0 },
			rotation: { x: 4, y: -59, z: -156 },
			origin: { x: 0.5, y: 0.25, z: 0.5 },
			scale: 3.5
		},
	},
	"fpHandTransformByType": {
		"creature-whitehart": {
			"translation": { "x": 0.2, "y": 0, "z": 0 },
			"rotation": { "x": -8, "y": -63, "z": -7 }
		},
		"creature-gemsbok-*-adult": {
			"translation": { "x": 0.2, "y": 0, "z": 0 },
			"rotation": { "x": -8, "y": -63, "z": -7 }
		},
		"creature-gemsbok-*-baby": {
			"translation": { "x": 0.4, "y": 0, "z": 0 },
			"rotation": { "x": -8, "y": -63, "z": -7 }
		},
		"*-hedgehog-*": {
			translation: { x: 0.4, y: 0, z: 0 },
			rotation: { x: -180, y: -96, z: -180 },
			scale: 1.16
		},
	
		"*-duck-*": {
			translation: { x: 0.4, y: 0, z: 0 },
			rotation: { x: -180, y: -96, z: -180 },
			scale: 1.16
		},	
		"creature-crab-*": {
			translation: { x: 0.42, y: 0.15, z: 0 },
			rotation: { x: 0, y: -75, z: -25 },
			origin: { x: 0.5, y: 1, z: 0.5 },
			scale: 1.81
		},
		"creature-woodlouse": {
			translation: { x: 0.42, y: 0.15, z: 0 },
			rotation: { x: 0, y: -75, z: -25 },
			origin: { x: 0.5, y: 1, z: 0.5 },
			scale: 1.81
		},			
		"*-squirrel-*": {
			translation: { x: 0.4, y: 0, z: 0 },
			rotation: { x: -180, y: -96, z: -180 },
			scale: 1.16
		},	
	},
	"tpHandTransformByType": {
		"creature-whitehart": {
			"translation": { "x": -0.9, "y": -0.9, "z": -0.7 },
			"rotation": { "x": -180, "y": 0, "z": -156 },
			"scale": 0.45
		},
		"creature-gemsbok-*-adult": {
			"translation": { "x": -0.9, "y": -0.9, "z": -0.7 },
			"rotation": { "x": -180, "y": 0, "z": -156 },
			"scale": 0.45
		},
		"creature-gemsbok-*-baby": {
			"translation": { "x": -0.4, "y": 0, "z": -0.6 },
			"rotation": { "x": -160, "y": -26, "z": -90 },
			"origin": { "x": 0.5, "y": 0.1, "z": 0.5 },
			"scale": 0.73
		},
		"*-hedgehog-*": {
			translation: { x: -0.8, y: -0.4, z: -0.5 },
			rotation: { x: -180, y: 0, z: -156 },
			scale: 0.70
		},
		"*-duck-*": {
			translation: { x: -0.8, y: -0.4, z: -0.5 },
			rotation: { x: -180, y: 0, z: -156 },
			scale: 0.70
		},			
		"creature-crab-*": {
			translation: { x: -1.38, y: -1.26, z: -1.39 },
			rotation: { x: 0, y: 17, z: 82 },
			origin: { x: 0.9, y: 0.8, z: 0.6 },
			scale: 0.66
		},	
		"creature-woodlouse": {
			translation: { x: -1.38, y: -1.26, z: -1.39 },
			rotation: { x: 0, y: 17, z: 82 },
			origin: { x: 0.9, y: 0.8, z: 0.6 },
			scale: 1.56
		},		
		"*-squirrel-*": {
			translation: { x: -0.8, y: -0.4, z: -0.5 },
			rotation: { x: -180, y: 0, z: -156 },
			scale: 0.70
		
		},	
	},
}

	
	
	
	




