[
  {
    "code": "dye-gray",
    "sealHours": 8,
    "ingredients": [
      {
        "type": "item",
        "code": "hydrateordiedrate:wellwaterportion-fresh",
        "litres": 10
      },
      {
        "type": "item",
        "code": "game:gear-rusty",
        "quantity": 1
      }
    ],
    "output": {
      "type": "item",
      "code": "game:dye-gray",
      "litres": 10
    }
  },
  {
    "code": "dye-gray",
    "sealHours": 8,
    "ingredients": [
      {
        "type": "item",
        "code": "hydrateordiedrate:wellwaterportion-fresh",
        "litres": 10
      },
      {
        "type": "block",
        "code": "game:metal-scraps",
        "quantity": 1
      }
    ],
    "output": {
      "type": "item",
      "code": "game:dye-gray",
      "litres": 10
    }
  }
]