{
    "classHunterLevelMultiply": 0.8,
    "classBowLevelMultiply": 0.7,
    "classKnifeLevelMultiply": 1.0,
    "classAxeLevelMultiply": 1.5,
    "classPickaxeLevelMultiply": 2.0,
    "classShovelLevelMultiply": 2.0,
    "classSpearLevelMultiply": 0.7,
    "classHammerLevelMultiply": 1.5,
    "classSwordLevelMultiply": 0.4,
    "classShieldLevelMultiply": 0.6,
    "classHandLevelMultiply": 0.5,
    "classFarmingLevelMultiply": 1.2,
    "classCookingLevelMultiply": 1.0,
    "classPanningLevelMultiply": 1.4,
    "classVitalityLevelMultiply": 0.7,
    "classLeatherArmorLevelMultiply": 1.0,
    "classChainArmorLevelMultiply": 1.0,
    "classBrigandineArmorLevelMultiply": 1.0,
    "classPlateArmorLevelMultiply": 1.0,
    "classScaleArmorLevelMultiply": 1.0,
    "classSmithingLevelMultiply": 2.0

}