{
    "classHunterLevelMultiply": 2.0,
    "classBowLevelMultiply": 2.5,
    "classKnifeLevelMultiply": 1.5,
    "classAxeLevelMultiply": 0.7,
    "classPickaxeLevelMultiply": 0.5,
    "classShovelLevelMultiply": 0.5,
    "classSpearLevelMultiply": 1.8,
    "classHammerLevelMultiply": 0.7,
    "classSwordLevelMultiply": 1.0,
    "classShieldLevelMultiply": 0.9,
    "classHandLevelMultiply": 1.0,
    "classFarmingLevelMultiply": 0.7,
    "classCookingLevelMultiply": 0.6,
    "classPanningLevelMultiply": 0.5,
    "classVitalityLevelMultiply": 0.5,
    "classLeatherArmorLevelMultiply": 2.0,
    "classChainArmorLevelMultiply": 0.4,
    "classBrigandineArmorLevelMultiply": 1.0,
    "classPlateArmorLevelMultiply": 1.0,
    "classScaleArmorLevelMultiply": 1.0,
    "classSmithingLevelMultiply": 0.5

}