{
    "classHunterLevelMultiply": 1.2,
    "classBowLevelMultiply": 0.6,
    "classKnifeLevelMultiply": 1.5,
    "classAxeLevelMultiply": 1.0,
    "classPickaxeLevelMultiply": 1.0,
    "classShovelLevelMultiply": 1.0,
    "classSpearLevelMultiply": 1.0,
    "classHammerLevelMultiply": 1.0,
    "classSwordLevelMultiply": 1.0,
    "classShieldLevelMultiply": 1.0,
    "classHandLevelMultiply": 1.5,
    "classFarmingLevelMultiply": 1.5,
    "classCookingLevelMultiply": 2.0,
    "classPanningLevelMultiply": 1.8,
    "classVitalityLevelMultiply": 0.5,
    "classLeatherArmorLevelMultiply": 1.5,
    "classChainArmorLevelMultiply": 1.5,
    "classBrigandineArmorLevelMultiply": 1.0,
    "classPlateArmorLevelMultiply": 1.0,
    "classScaleArmorLevelMultiply": 1.0,
    "classSmithingLevelMultiply": 0.7
}