{
	code: "pollaxe",
	damagedby: ["attacking"],
	tool: "spear",
	attributes: {
		handbook: { groupBy: ["pollaxe"] },
		toolrackTransform: {
			translation: { x: 0.56, y: 0.02, z: -0.6 },
			rotation: { x: -90, y: 0, z: 0 },
			scale: 1.25
		},
		groundStorageTransform: {
			translation: { x: 0.05, y: 0.55, z: 0.64 },
			rotation: { x: 15, y: -90, z: -90 },
			scaleXyz: { x: -0.8, y: 0.8, z: 0.8 }

		}
	},
	behaviors: [{ 
		name: "GroundStorable",
		properties: {
			layout: 'WallHalves',
			wallOffY: 1,
			sprintKey: true,
			selectionBox: { x1: 0, y1: 0, z1: 0, x2: 1, y2: 0.1, z2: 1 },
			collisionBox: { x1: 0, y1: 0, z1: 0, x2: 0, y2: 0, z2: 0 },
		}
	}, { name: "AnimationAuthoritative" }],
	variantgroups: [ { code: "metal", states: ["iron","meteoriciron","steel"]}, ],
	shape: { base: "polearms/pollaxe" },
	heldTpHitAnimation: "polearmswing",
	heldTpIdleAnimation: "crudeOarIdle",
	textures: { 
	"metal": {base: "game:block/metal/plate/{metal}" },
	"metaltwo": {base: "game:block/metal/plate/{metal}" },	
	"handle": {base: "game:block/wood/charred"}	},
	attackRange: 3.8,
	tooltierbytype: {
		"pollaxe-iron": 4,
		"pollaxe-meteoriciron":4,
		"pollaxe-steel": 5
	},
	durabilitybytype: {
		"pollaxe-iron": 1000,
		"pollaxe-meteoriciron": 1250,
		"pollaxe-steel": 2000
	},
	attackpowerbytype: {
		"pollaxe-iron": 4.7,
		"pollaxe-meteoriciron":5,
		"pollaxe-steel": 5.3
	},
	creativeinventory: { "general": ["*"], "swordz": ["*"]},
	    fpHandTransform: {
		translation: { x: 0.9, y: 0.1, z: -0.2 },
		rotation: { x: -15, y: -160, z: 90 },
		scale: 3
	},
	guiTransform: {
		translation: { x: 3, y: 0, z: 0 },
		rotation: { x: 55, y: -150, z: -41 },
		origin: { x: 1.15, y: -0.1, z: 0.57 },
		scaleXyz: { x: -1.85, y: 1.85, z: 1.85 }
	},
	groundTransform: {
		translation: { x: 0, y: 0.05, z: 0 },
		rotation: { x: 14, y: 0, z: 0 },
		origin: { x: 0.5, y: 0, z: 0.5 },
		scale: 3.4
	},
	tpHandTransform: {
        translation: { x: -0.78, y: 0.155, z: 0.28 },
		rotation: { x: 121, y: -162, z: 168 },
		origin: { x: 0, y: 0, z: 0 },
		scale: 1
    }
}