{
  "ingredient": 
  { 
    "type": "item", 
    "code": "game:clay-*", 
    "name": "type", 
    "allowedVariants": 
    [
      "blue", 
      "fire",
      "red"
    ]
  },
  "pattern": 
  [[
    "###########",
    "###########",
    "###########",
    "###########",
    "###########",
    "###########",
    "###########",
    "###########",
    "###########",
    "###########",
    "###########",
    "###########",
    "###########",
	"###########",
	"###########"
  ],
  [
    "###########",
    "##_#_#_#_##",
    "#_#_#_#_#_#",
    "#_#_#_#_#_#",
    "##_#_#_#_##",
    "#_#_#_#_#_#",
    "#_#_#_#_#_#",
    "##_#_#_#_##",
    "#_#_#_#_#_#",
    "#_#_#_#_#_#",
    "##_#_#_#_##",
    "#_#_#_#_#_#",
    "#_#_#_#_#_#",
	"##_#_#_#_##",
	"###########"
  ]],
  "name": "Chain Mold",
  "output": 
  { 
    "type": "block", 
    "code": "tarmor:tsoolmold-raw-chain"
  }
}