{
	"editor": {
		"collapsedPaths": "Root/blademiddle1/blademiddle2,Root/origin/handle/blademiddle1,Root/origin/handle/hilt/blademiddle1",
		"allAngles": false,
		"entityTextureMode": false
	},
	"textureWidth": 16,
	"textureHeight": 8,
	"textureSizes": {
		"blackbronze": [16,16],
		"metal": [16,16],
		"wood": [16,16],
		"handle": [16,16]
	},
	"textures": {
	},
	"elements": [
		{
			"name": "origin",
			"from": [ 8.0, 0.0, 8.0 ],
			"to": [ 8.0, 0.0, 8.0 ],
			"rotationOrigin": [ 8.0, 0.0, 8.0 ],
			"faces": {
			},
			"children": [
				{
					"name": "hilt",
					"from": [ 4.0, -0.7, -2.0 ],
					"to": [ 5.2, 0.7, 2.0 ],
					"rotationOrigin": [ 4.0, 0.0, 0.0 ],
					"faces": {
						"north": { "texture": "#blackbronze", "uv": [ 1.5, 3.5, 2.5, 4.5 ] },
						"east": { "texture": "#blackbronze", "uv": [ 6.5, 3.0, 10.5, 4.0 ] },
						"south": { "texture": "#blackbronze", "uv": [ 0.5, 0.5, 1.5, 1.5 ] },
						"west": { "texture": "#blackbronze", "uv": [ 7.5, 9.5, 11.5, 10.5 ] },
						"up": { "texture": "#blackbronze", "uv": [ 12.0, 6.0, 13.0, 10.0 ] },
						"down": { "texture": "#blackbronze", "uv": [ 11.5, 10.0, 12.5, 14.0 ] }
					},
					"children": [
						{
							"name": "crossguard",
							"from": [ 0.2, 0.3, -2.5 ],
							"to": [ 1.0, 1.1, 6.5 ],
							"rotationOrigin": [ 0.6, 0.7, 2.0 ],
							"rotationZ": -45.0,
							"faces": {
								"east": { "texture": "#blackbronze", "uv": [ 0.5, 4.5, 9.5, 5.0 ] },
								"west": { "texture": "#blackbronze", "uv": [ 3.0, 11.0, 12.0, 11.5 ] },
								"up": { "texture": "#blackbronze", "uv": [ 2.0, 3.5, 2.5, 12.5 ] },
								"down": { "texture": "#blackbronze", "uv": [ 1.5, 1.0, 2.0, 10.0 ] }
							},
							"children": [
								{
									"name": "hiltcap1",
									"from": [ -0.1, -0.1, -1.0 ],
									"to": [ 0.9, 0.9, 0.0 ],
									"rotationOrigin": [ 0.4, 0.4, 0.0 ],
									"faces": {
										"north": { "texture": "#blackbronze", "uv": [ 13.0, 11.5, 14.0, 12.5 ] },
										"east": { "texture": "#blackbronze", "uv": [ 13.0, 6.0, 14.0, 7.0 ] },
										"south": { "texture": "#blackbronze", "uv": [ 8.5, 3.5, 9.5, 4.5 ] },
										"west": { "texture": "#blackbronze", "uv": [ 1.5, 12.5, 2.5, 13.5 ] },
										"up": { "texture": "#blackbronze", "uv": [ 0.5, 1.5, 1.5, 2.5 ] },
										"down": { "texture": "#blackbronze", "uv": [ 13.5, 3.5, 14.5, 4.5 ] }
									}
								},
								{
									"name": "hiltcap2",
									"from": [ -0.1, -0.1, 9.0 ],
									"to": [ 0.9, 0.9, 10.0 ],
									"rotationOrigin": [ 0.4, 0.4, 9.0 ],
									"faces": {
										"north": { "texture": "#blackbronze", "uv": [ 9.0, 9.5, 10.0, 10.5 ] },
										"east": { "texture": "#blackbronze", "uv": [ 8.0, 5.0, 9.0, 6.0 ] },
										"south": { "texture": "#blackbronze", "uv": [ 7.5, 12.5, 8.5, 13.5 ] },
										"west": { "texture": "#blackbronze", "uv": [ 13.0, 2.5, 14.0, 3.5 ] },
										"up": { "texture": "#blackbronze", "uv": [ 1.5, 4.0, 2.5, 5.0 ] },
										"down": { "texture": "#blackbronze", "uv": [ 3.0, 11.0, 4.0, 12.0 ] }
									}
								}
							]
						}
					]
				}
			]
		}
	]}