﻿[
  {
    "ingredientPattern": "M",
    "ingredients": {
      "M": {
        "type": "item",
        "code": "electricalprogressiveqol:edrilltip"
      }
    },
    "width": 1,
    "height": 1,
    "output": {
      "type": "item",
      "code": "electricalprogressiveequipment:edrilltip"
    }
  },

  {
    "ingredientPattern": "M",
    "ingredients": {
      "M": {
        "type": "item",
        "code": "electricalprogressiveqol:edrill"
      }
    },
    "width": 1,
    "height": 1,
    "output": {
      "type": "item",
      "code": "electricalprogressiveequipment:edrill"
    }
  }
]
