[
  {
    "ingredientPattern": "MHM,MXM,ESE",
    "width": 3,
    "height": 3,
    "ingredients": {
      "E": {
        "type": "item",
        "code": "electricalprogressivebasics:coil",
        "quantity": 2
      },
      "X": {
        "type": "item",
        "code": "game:thatch",
        "quantity": 16
      },
      "H": {
        "type": "item",
        "code": "game:hammer-*",
        "isTool": true,
        "toolDurabilityCost": 8
      },
      "S": {
        "type": "item",
        "code": "electricalprogressivebasics:engineshaft",
        "quantity": 1
      },
      "M": {
        "type": "item",
        "code": "game:metalplate-copper",
        "quantity": 2
      }
    },
    "output": {
      "type": "block",
      "code": "electricalprogressiveqol:efreezer-melted-closed-north",
      "quantity": 1
    }
  }
]