{
	"editor": {
		"collapsedPaths": "Root/origin/handle/collar/shaft/head,Root/origin/handle/spike4",
		"allAngles": false,
		"entityTextureMode": false
	},
	"textureWidth": 16,
	"textureHeight": 16,
	"textureSizes": {
		"bismuthbronze": [16,16],
		"metal": [16,16],
		"wood": [16,16]
	},
	"textures": {
	"wood": "game:item/tool/material/handle"
	},
	"elements": [
		{
			"name": "origin",
			"from": [ 8.0, 0.0, 8.0 ],
			"to": [ 8.0, 0.0, 8.0 ],
			"rotationOrigin": [ 8.0, 0.0, 8.0 ],
			"faces": {
			},
			"children": [
				{
					"name": "Handle1",
					"from": [ -8.0, 0.0, -0.75 ],
					"to": [ 6.0, 1.5, 0.75 ],
					"rotationOrigin": [ -2.0, 0.0, 0.0 ],
					"rotationY": -180.0,
					"faces": {
						"north": { "texture": "#wood", "uv": [ 0.0, 1.5, 14.0, 3.0 ] },
						"east": { "texture": "#wood", "uv": [ 9.0, 10.5, 10.5, 12.0 ] },
						"south": { "texture": "#wood", "uv": [ 0.0, 9.5, 14.0, 11.0 ] },
						"up": { "texture": "#wood", "uv": [ 0.0, 1.5, 14.0, 3.0 ] },
						"down": { "texture": "#wood", "uv": [ 0.0, 8.0, 14.0, 9.5 ] }
					},
					"children": [
						{
							"name": "Handle2",
							"from": [ -4.0, 0.0, 0.0 ],
							"to": [ 0.0, 1.5, 1.5 ],
							"rotationOrigin": [ -4.0, 0.0, 0.0 ],
							"faces": {
								"north": { "texture": "#wood", "uv": [ 2.5, 11.0, 6.5, 12.5 ] },
								"south": { "texture": "#wood", "uv": [ 7.5, 1.0, 11.5, 2.5 ] },
								"west": { "texture": "#wood", "uv": [ 10.5, 6.5, 12.0, 8.0 ] },
								"up": { "texture": "#wood", "uv": [ 0.0, 13.5, 4.0, 15.0 ] },
								"down": { "texture": "#wood", "uv": [ 11.5, 12.5, 15.5, 14.0 ] }
							}
						},
						{
							"name": "socket",
							"from": [ -3.5, -0.2, -0.2 ],
							"to": [ -0.7, 1.7, 1.7 ],
							"rotationOrigin": [ -3.5, 0.8, 0.8 ],
							"faces": {
								"north": { "texture": "#iron", "uv": [ 12.0, 14.0, 14.5, 15.5 ] },
								"east": { "texture": "#iron", "uv": [ 11.5, 10.0, 13.0, 11.5 ] },
								"south": { "texture": "#iron", "uv": [ 12.5, 11.0, 15.0, 12.5 ] },
								"west": { "texture": "#iron", "uv": [ 7.5, 9.5, 9.0, 11.0 ] },
								"up": { "texture": "#iron", "uv": [ 7.0, 13.5, 9.5, 15.0 ] },
								"down": { "texture": "#iron", "uv": [ 11.0, 8.5, 13.5, 10.0 ] }
							},
							"children": [
								{
									"name": "bladeneck",
									"from": [ 0.3, 0.7, 1.9 ],
									"to": [ 2.5, 1.2, 3.4 ],
									"rotationOrigin": [ 0.3, 1.0, 1.9 ],
									"faces": {
										"east": { "texture": "#iron", "uv": [ 10.0, 5.5, 11.5, 6.0 ] },
										"south": { "texture": "#iron", "uv": [ 0.5, 4.0, 2.5, 4.5 ] },
										"west": { "texture": "#iron", "uv": [ 13.0, 1.0, 14.5, 1.5 ] },
										"up": { "texture": "#iron", "uv": [ 5.0, 2.0, 7.0, 3.5 ] },
										"down": { "texture": "#iron", "uv": [ 2.0, 13.0, 4.0, 14.5 ] }
									},
									"children": [
										{
											"name": "blademid",
											"from": [ -0.45, 0.18, 1.45 ],
											"to": [ 3.15, 0.36, 3.25 ],
											"rotationOrigin": [ 0.0, 0.27, 1.45 ],
											"faces": {
												"north": { "texture": "#iron", "uv": [ 11.5, 5.0, 15.0, 5.5 ] },
												"east": { "texture": "#iron", "uv": [ 2.5, 14.5, 4.0, 15.0 ] },
												"south": { "texture": "#iron", "uv": [ 4.0, 5.5, 7.5, 6.0 ] },
												"west": { "texture": "#iron", "uv": [ 13.5, 1.5, 15.0, 2.0 ] },
												"up": { "texture": "#iron", "uv": [ 11.0, 6.0, 14.5, 7.5 ] },
												"down": { "texture": "#iron", "uv": [ 9.0, 11.0, 12.5, 12.5 ] }
											},
											"children": [
												{
													"name": "bladehorn1",
													"from": [ -0.45, 0.0, 0.0 ],
													"to": [ 0.0, 0.18, 1.8 ],
													"rotationOrigin": [ 0.0, 0.09, 1.8 ],
													"rotationY": -14.0,
													"rotationZ": 1.0,
													"faces": {
														"north": { "texture": "#iron", "uv": [ 14.0, 1.5, 14.45, 1.95 ] },
														"south": { "texture": "#iron", "uv": [ 0.5, 0.5, 0.95, 0.95 ] },
														"west": { "texture": "#iron", "uv": [ 9.0, 4.5, 10.8, 4.95 ] },
														"up": { "texture": "#iron", "uv": [ 14.5, 7.5, 14.95, 9.3 ] },
														"down": { "texture": "#iron", "uv": [ 0.5, 13.0, 0.95, 14.8 ] }
													},
													"children": [
														{
															"name": "bladehorn2",
															"from": [ -0.45, 0.0, 0.9 ],
															"to": [ 0.0, 0.18, 1.8 ],
															"rotationOrigin": [ 0.0, 0.09, 1.8 ],
															"rotationY": -27.0,
															"rotationZ": 1.0,
															"faces": {
																"south": { "texture": "#iron", "uv": [ 7.0, 2.0, 7.45, 2.45 ] },
																"west": { "texture": "#iron", "uv": [ 3.0, 12.0, 3.9, 12.45 ] },
																"up": { "texture": "#iron", "uv": [ 11.0, 8.5, 11.45, 9.4 ] },
																"down": { "texture": "#iron", "uv": [ 14.5, 9.0, 14.95, 9.9 ] }
															}
														},
														{
															"name": "bladehorn3",
															"from": [ 7.23, -0.09, -2.355 ],
															"to": [ 7.68, 0.09, -1.555 ],
															"rotationOrigin": [ 7.7, -0.01, -1.5 ],
															"rotationY": 59.0,
															"rotationZ": 1.0,
															"faces": {
																"north": { "texture": "#iron", "uv": [ 6.0, 14.5, 6.5, 15.0 ], "windMode": [-1,-1,-1,-1] },
																"east": { "texture": "#iron", "uv": [ 3.5, 11.5, 4.0, 12.0 ], "windMode": [-1,-1,-1,-1] },
																"south": { "texture": "#iron", "uv": [ 7.0, 2.0, 7.5, 2.5 ], "windMode": [-1,-1,-1,-1] },
																"west": { "texture": "#iron", "uv": [ 3.0, 12.0, 3.5, 12.5 ], "windMode": [-1,-1,-1,-1] },
																"up": { "texture": "#iron", "uv": [ 11.0, 8.5, 11.5, 9.0 ], "windMode": [-1,-1,-1,-1] },
																"down": { "texture": "#iron", "uv": [ 14.5, 9.0, 15.0, 9.5 ], "windMode": [-1,-1,-1,-1] }
															}
														},
														{
															"name": "bladehorn4",
															"from": [ 4.61, -0.09, -2.25 ],
															"to": [ 5.11, 0.09, 0.55 ],
															"rotationOrigin": [ 5.1, -0.01, -1.4 ],
															"rotationX": -2.0,
															"rotationY": 105.0,
															"faces": {
																"north": { "texture": "#iron", "uv": [ 6.0, 14.5, 6.5, 15.0 ] },
																"east": { "texture": "#iron", "uv": [ 3.5, 11.5, 6.0, 12.0 ] },
																"south": { "texture": "#iron", "uv": [ 7.0, 2.0, 7.5, 2.5 ] },
																"west": { "texture": "#iron", "uv": [ 3.0, 12.0, 5.5, 12.5 ] },
																"up": { "texture": "#iron", "uv": [ 11.0, 8.5, 11.5, 11.0 ] },
																"down": { "texture": "#iron", "uv": [ 14.5, 9.0, 15.0, 11.5 ] }
															}
														}
													]
												},
												{
													"name": "bladebeard1",
													"from": [ 3.6, 0.0, 0.0 ],
													"to": [ 4.95, 0.18, 1.8 ],
													"rotationOrigin": [ 3.6, 0.09, 1.8 ],
													"rotationY": 10.0,
													"rotationZ": 1.0,
													"faces": {
														"north": { "texture": "#iron", "uv": [ 8.0, 3.5, 9.35, 3.95 ] },
														"east": { "texture": "#iron", "uv": [ 4.5, 7.5, 6.3, 7.95 ] },
														"south": { "texture": "#iron", "uv": [ 10.0, 4.0, 11.35, 4.45 ] },
														"up": { "texture": "#iron", "uv": [ 6.0, 7.0, 7.35, 8.8 ] },
														"down": { "texture": "#iron", "uv": [ 5.5, 12.0, 6.85, 13.8 ] }
													},
													"children": [
														{
															"name": "bladebeard2",
															"from": [ 1.35, 0.0, 0.45 ],
															"to": [ 2.7, 0.18, 1.8 ],
															"rotationOrigin": [ 1.35, 0.09, 1.8 ],
															"rotationY": 10.0,
															"rotationZ": -1.0,
															"faces": {
																"north": { "texture": "#iron", "uv": [ 5.5, 0.0, 6.85, 0.45 ] },
																"east": { "texture": "#iron", "uv": [ 5.5, 1.5, 6.85, 1.95 ] },
																"south": { "texture": "#iron", "uv": [ 7.5, 11.5, 8.85, 11.95 ] },
																"up": { "texture": "#iron", "uv": [ 1.0, 7.0, 2.35, 8.35 ] },
																"down": { "texture": "#iron", "uv": [ 12.5, 12.5, 13.85, 13.85 ] }
															},
															"children": [
																{
																	"name": "bladebeard3",
																	"from": [ 1.35, 0.0, 0.45 ],
																	"to": [ 2.7, 0.18, 1.35 ],
																	"rotationOrigin": [ 1.35, 0.09, 1.35 ],
																	"faces": {
																		"north": { "texture": "#iron", "uv": [ 5.5, 4.5, 6.85, 4.95 ] },
																		"east": { "texture": "#iron", "uv": [ 5.0, 1.0, 5.9, 1.45 ] },
																		"south": { "texture": "#iron", "uv": [ 7.0, 10.5, 8.35, 10.95 ] },
																		"up": { "texture": "#iron", "uv": [ 9.0, 2.5, 10.35, 3.4 ] },
																		"down": { "texture": "#iron", "uv": [ 6.0, 8.0, 7.35, 8.9 ] }
																	}
																}
															]
														}
													]
												}
											]
										}
									]
								}
							]
						}
					]
				}
			]
		}
	]}