﻿{
  "code": "elamp",
  "class": "BlockELamp",
  "entityClass": "BlockEntityELamp",
  "entityBehaviors": [
    {
      "name": "BEBehaviorELamp"
    },
    {
      "name": "ElectricalProgressive"
    }
  ],

  "attributes": {
    "maxConsumption": 8, //максимальное потребление
    "voltage": 128,
    "maxCurrent": 20.0,
    "isolated": true,
    "isolatedEnvironment": true,
    "handbook": {
      "groupBy": [ "elamp-*" ],
      "extraSections": [
        {
          "title": "electricalprogressiveqol:block-handbooktitle-elamp",
          "text": "electricalprogressiveqol:block-handbooktext-elamp"
        }
      ]
    }
  },

  "attributesByType": {
    "*-3000-*": { "HSV": [ 58, 40, 21 ] },
    "*-4000-*": { "HSV": [ 58, 32, 21 ] },
    "*-5000-*": { "HSV": [ 57, 16, 21 ] },
    "*-6000-*": { "HSV": [ 0, 0, 21 ] },
    "*-7000-*": { "HSV": [ 203, 9, 21 ] },
    "*-8000-*": { "HSV": [ 201, 25, 21 ] },
    "*-9000-*": { "HSV": [ 199, 40, 21 ] }
  },

  "creativeInventory": {
    "general": [
      "*-disabled",
      "*-burned",
    ],
    "electricity": [
      "*-disabled"
    ]
  },

  "variantGroups": [
    {
      "code": "tempK",
      "states": [ "3000", "4000", "5000", "6000", "7000", "8000", "9000" ]
    },
    {
      "code": "state",
      "states": [ "disabled", "enabled", "burned" ]
    }
  ],



  "shape": {
    "base": "block/elamp/elamp-{state}"
  },

  "resistance": 1,
  "drawType": "JSON",
  "lightAbsorption": 0.0,
  "faceCullMode": "NeverCull",
  "renderPass": "OpaqueNoCull",
  "emitSideAo": {
    "all": false
  },
  "sideAo": {
    "all": false
  },
  "sideOpaque": {
    "all": false
  },
  "sideSolid": {
    "all": false
  },
  "sounds": {
    "place": "game:block/anvil",
    "walk": "game:walk/stone"
  },
  "collisionBox": {
    "x1": 0.0,
    "y1": 0.0,
    "z1": 0.0,
    "x2": 1.0,
    "y2": 0.25,
    "z2": 1.0
  },
  "selectionBox": {
    "x1": 0.0,
    "y1": 0.0,
    "z1": 0.0,
    "x2": 1.0,
    "y2": 0.25,
    "z2": 1.0
  },
  "guiTransform": {
    "translation": {
      "x": 0,
      "y": 3,
      "z": 0
    },
    "rotation": {
      "x": -51,
      "y": -63,
      "z": 0
    },
    "origin": {
      "x": 0.5,
      "y": 0.0,
      "z": 0.5
    }
  },
  "groundTransform": {
    "translation": {
      "x": 0,
      "y": 0,
      "z": 0
    },
    "rotation": {
      "x": 0,
      "y": 0,
      "z": 0
    },
    "origin": {
      "x": 0.5,
      "y": 0.0,
      "z": 0.5
    },
    "scale": 2.0
  },
  "heldTpIdleAnimation": "holdbothhandslarge",
  "heldRightReadyAnimation": "heldblockready",
  "heldTpUseAnimation": "twohandplaceblock",
  "tpHandTransform": {
    "translation": {
      "x": -1.43,
      "y": -0.91,
      "z": -0.7
    },
    "rotation": {
      "x": -2,
      "y": 25,
      "z": -78
    },
    "scale": 0.4
  }
}
