{
	"editor": {
		"collapsedPaths": "Root/Origin lid/origin handle,Root/origin upper ring,Root/origin barrel/Verhni obodok,Root/Origin lid,Root/origin lower ring,Root/origin barrel/Origin lid,Root/origin barrel/origin upper ring,Root/Origin lid/Cube14",
		"allAngles": false,
		"entityTextureMode": false
	},
	"textureWidth": 16,
	"textureHeight": 16,
	"textureSizes": {
	},
	"textures": {
		"copper": "game:block/metal/ingot/copper",
		"blackbronze4": "game:block/metal/sheet/blackbronze4",
		"bottom": "game:block/wood/barrel/bottom",
		"aged": "game:block/wood/debarked/aged",
		"ebony3": "game:block/wood/planks/ebony3"
	},
	"elements": [
		{
			"name": "origin barrel",
			"from": [ 14.75, 7.6, 7.6 ],
			"to": [ 14.75, 7.6, 7.6 ],
			"rotationOrigin": [ 14.75, 7.6, 7.6 ],
			"rotationX": 90.0,
			"rotationZ": 90.0,
			"faces": {
			},
			"children": [
				{
					"name": "S 1",
					"from": [ -4.275, 0.0, 5.795 ],
					"to": [ -2.85, 14.25, 6.745 ],
					"rotationOrigin": [ -4.275, 0.0, 5.795 ],
					"faces": {
						"north": { "texture": "#aged", "uv": [ 0.0, 0.0, 14.0, 1.0 ], "rotation": 90 },
						"south": { "texture": "#aged", "uv": [ 0.0, 0.0, 14.0, 1.0 ], "rotation": 90 },
						"up": { "texture": "#aged", "uv": [ 0.0, 0.0, 1.425, 0.95 ] },
						"down": { "texture": "#aged", "uv": [ 0.0, 0.0, 1.425, 0.95 ] }
					}
				},
				{
					"name": "S 2",
					"from": [ -2.85, 0.0, 5.795 ],
					"to": [ 0.0, 14.725, 6.745 ],
					"rotationOrigin": [ -2.85, 0.0, 5.795 ],
					"faces": {
						"north": { "texture": "#aged", "uv": [ 0.0, 5.0, 14.5, 7.5 ], "rotation": 90 },
						"east": { "texture": "#aged", "uv": [ 0.0, 4.5, 14.5, 5.0 ], "rotation": 90 },
						"south": { "texture": "#aged", "uv": [ 0.0, 12.0, 14.5, 14.5 ], "rotation": 90 },
						"west": { "texture": "#aged", "uv": [ 0.0, 4.0, 14.5, 4.5 ], "rotation": 90 },
						"up": { "texture": "#aged", "uv": [ 0.0, 2.5, 2.85, 3.45 ] },
						"down": { "texture": "#aged", "uv": [ 4.0, 9.0, 6.85, 9.95 ] }
					}
				},
				{
					"name": "S 3",
					"from": [ 0.0, 0.0, 5.795 ],
					"to": [ 2.85, 14.25, 6.745 ],
					"rotationOrigin": [ 0.0, 0.0, 5.795 ],
					"faces": {
						"north": { "texture": "#aged", "uv": [ 0.5, 11.0, 14.5, 13.5 ], "rotation": 90 },
						"south": { "texture": "#aged", "uv": [ 0.5, 1.0, 14.5, 3.5 ], "rotation": 90 },
						"up": { "texture": "#aged", "uv": [ 9.5, 11.5, 12.35, 12.45 ] },
						"down": { "texture": "#aged", "uv": [ 7.0, 8.5, 9.85, 9.45 ] }
					}
				},
				{
					"name": "S 4",
					"from": [ 2.85, 0.0, 5.795 ],
					"to": [ 4.275, 14.725, 6.745 ],
					"rotationOrigin": [ 2.85, 0.0, 5.795 ],
					"faces": {
						"north": { "texture": "#aged", "uv": [ 0.0, 1.5, 14.5, 2.5 ], "rotation": 90 },
						"east": { "texture": "#aged", "uv": [ 0.0, 14.0, 14.5, 14.5 ], "rotation": 90 },
						"south": { "texture": "#aged", "uv": [ 0.0, 9.0, 14.5, 10.0 ], "rotation": 90 },
						"west": { "texture": "#aged", "uv": [ 0.0, 13.5, 14.5, 14.0 ], "rotation": 90 },
						"up": { "texture": "#aged", "uv": [ 9.5, 9.5, 10.925, 10.45 ] },
						"down": { "texture": "#aged", "uv": [ 6.0, 9.5, 7.425, 10.45 ] }
					}
				},
				{
					"name": "E 1",
					"from": [ 5.795, 0.0, 2.85 ],
					"to": [ 6.745, 14.25, 4.275 ],
					"rotationOrigin": [ 5.795, 0.0, 2.85 ],
					"faces": {
						"north": { "texture": "#aged", "uv": [ 0.0, 0.0, 14.0, 0.5 ], "rotation": 90, "windMode": [-1,-1,-1,-1] },
						"east": { "texture": "#aged", "uv": [ 0.5, 11.5, 14.5, 12.5 ], "rotation": 90 },
						"west": { "texture": "#aged", "uv": [ 0.0, 12.5, 14.0, 13.5 ], "rotation": 90 },
						"up": { "texture": "#aged", "uv": [ 5.0, 4.0, 5.95, 5.425 ] },
						"down": { "texture": "#aged", "uv": [ 8.0, 5.0, 8.95, 6.425 ] }
					}
				},
				{
					"name": "E 20",
					"from": [ 5.89, 0.0, 0.0 ],
					"to": [ 6.84, 14.725, 2.85 ],
					"rotationOrigin": [ 5.89, 0.0, 1.425 ],
					"faces": {
						"north": { "texture": "#aged", "uv": [ 0.0, 7.5, 14.5, 8.0 ], "rotation": 90 },
						"east": { "texture": "#aged", "uv": [ 0.0, 0.0, 14.5, 2.5 ], "rotation": 90 },
						"south": { "texture": "#aged", "uv": [ 0.0, 5.0, 14.5, 5.5 ], "rotation": 90 },
						"west": { "texture": "#aged", "uv": [ 0.0, 7.5, 14.5, 10.0 ], "rotation": 90 },
						"up": { "texture": "#aged", "uv": [ 7.0, 10.0, 7.95, 12.85 ] },
						"down": { "texture": "#aged", "uv": [ 5.5, 9.5, 6.45, 12.35 ] }
					}
				},
				{
					"name": "E 21",
					"from": [ 5.795, 0.0, -4.275 ],
					"to": [ 6.745, 14.725, -2.85 ],
					"rotationOrigin": [ 5.795, 0.0, -4.275 ],
					"faces": {
						"north": { "texture": "#aged", "uv": [ 0.0, 3.5, 14.5, 4.0 ], "rotation": 90 },
						"east": { "texture": "#aged", "uv": [ 0.0, 11.0, 14.5, 12.0 ], "rotation": 90 },
						"south": { "texture": "#aged", "uv": [ 0.0, 4.5, 14.5, 5.0 ], "rotation": 90 },
						"west": { "texture": "#aged", "uv": [ 0.0, 9.5, 14.5, 10.5 ], "rotation": 90 },
						"up": { "texture": "#aged", "uv": [ 12.0, 7.0, 12.95, 8.425 ] },
						"down": { "texture": "#aged", "uv": [ 3.5, 2.5, 4.45, 3.925 ] }
					}
				},
				{
					"name": "E 22",
					"from": [ 5.605, 0.0, -2.85 ],
					"to": [ 6.555, 14.25, 0.0 ],
					"rotationOrigin": [ 5.605, 0.0, -1.425 ],
					"faces": {
						"north": { "texture": "#aged", "uv": [ 0.0, 10.5, 14.0, 11.0 ], "rotation": 90 },
						"east": { "texture": "#aged", "uv": [ 0.0, 8.0, 14.0, 10.5 ], "rotation": 90 },
						"south": { "texture": "#aged", "uv": [ 0.5, 10.5, 14.5, 11.0 ], "rotation": 90 },
						"west": { "texture": "#aged", "uv": [ 0.0, 7.0, 14.0, 9.5 ], "rotation": 90 },
						"up": { "texture": "#aged", "uv": [ 8.0, 8.0, 8.95, 10.85 ] },
						"down": { "texture": "#aged", "uv": [ 4.0, 8.5, 4.95, 11.35 ] }
					}
				},
				{
					"name": "corner SE",
					"from": [ 4.6075, -0.95, 3.325 ],
					"to": [ 5.5575, 14.2405, 7.125 ],
					"rotationOrigin": [ 5.13, -0.95, 5.225 ],
					"rotationY": -45.0,
					"faces": {
						"north": { "texture": "#aged", "uv": [ 0.0, 11.0, 15.0, 11.5 ], "rotation": 90 },
						"east": { "texture": "#aged", "uv": [ 0.0, 3.5, 15.0, 7.0 ], "rotation": 90 },
						"south": { "texture": "#aged", "uv": [ 0.0, 14.0, 15.0, 14.5 ], "rotation": 90 },
						"west": { "texture": "#aged", "uv": [ 0.5, 3.0, 15.225, 6.8 ], "rotation": 90, "autoUv": false },
						"up": { "texture": "#aged", "uv": [ 12.0, 5.0, 12.95, 8.8 ] },
						"down": { "texture": "#aged", "uv": [ 1.5, 7.5, 2.45, 11.3 ] }
					}
				},
				{
					"name": "N 4",
					"from": [ -4.275, 0.0, -6.745 ],
					"to": [ -2.85, 14.25, -5.795 ],
					"rotationOrigin": [ -4.275, 0.0, -6.745 ],
					"faces": {
						"north": { "texture": "#aged", "uv": [ 0.5, 3.5, 14.5, 4.5 ], "rotation": 90 },
						"east": { "texture": "#aged", "uv": [ 0.0, 3.0, 14.0, 3.5 ], "rotation": 90 },
						"south": { "texture": "#aged", "uv": [ 0.0, 8.0, 14.0, 9.0 ], "rotation": 90 },
						"west": { "texture": "#aged", "uv": [ 0.5, 13.5, 14.5, 14.0 ], "rotation": 90 },
						"up": { "texture": "#aged", "uv": [ 0.5, 7.0, 1.925, 7.95 ] },
						"down": { "texture": "#aged", "uv": [ 4.0, 4.0, 5.425, 4.95 ] }
					}
				},
				{
					"name": "N 3",
					"from": [ -2.85, 0.0, -6.745 ],
					"to": [ 0.0, 14.725, -5.795 ],
					"rotationOrigin": [ -2.85, 0.0, -6.745 ],
					"faces": {
						"north": { "texture": "#aged", "uv": [ 0.0, 11.0, 14.5, 13.5 ], "rotation": 90 },
						"east": { "texture": "#aged", "uv": [ 0.0, 6.0, 14.5, 6.5 ], "rotation": 90 },
						"south": { "texture": "#aged", "uv": [ 0.0, 8.0, 14.5, 10.5 ], "rotation": 90 },
						"west": { "texture": "#aged", "uv": [ 0.0, 0.5, 14.5, 1.0 ], "rotation": 90 },
						"up": { "texture": "#aged", "uv": [ 3.0, 1.0, 5.85, 1.95 ] },
						"down": { "texture": "#aged", "uv": [ 9.0, 6.5, 11.85, 7.45 ] }
					}
				},
				{
					"name": "N 2",
					"from": [ 0.0, 0.0, -6.745 ],
					"to": [ 2.85, 14.25, -5.795 ],
					"rotationOrigin": [ 0.0, 0.0, -6.745 ],
					"faces": {
						"north": { "texture": "#aged", "uv": [ 0.0, 1.5, 14.0, 4.0 ], "rotation": 90 },
						"east": { "texture": "#aged", "uv": [ 0.5, 14.5, 14.5, 15.0 ], "rotation": 90 },
						"south": { "texture": "#aged", "uv": [ 0.5, 5.0, 14.5, 7.5 ], "rotation": 90 },
						"west": { "texture": "#aged", "uv": [ 0.0, 11.0, 14.0, 11.5 ], "rotation": 90 },
						"up": { "texture": "#aged", "uv": [ 4.0, 4.0, 6.85, 4.95 ] },
						"down": { "texture": "#aged", "uv": [ 0.5, 12.0, 3.35, 12.95 ] }
					}
				},
				{
					"name": "N 1",
					"from": [ 2.85, 0.0, -6.745 ],
					"to": [ 4.275, 14.725, -5.795 ],
					"rotationOrigin": [ 2.85, 0.0, -6.745 ],
					"faces": {
						"north": { "texture": "#aged", "uv": [ 0.0, 11.0, 14.5, 12.0 ], "rotation": 90 },
						"east": { "texture": "#aged", "uv": [ 0.0, 0.5, 14.5, 1.0 ], "rotation": 90 },
						"south": { "texture": "#aged", "uv": [ 0.0, 12.0, 14.5, 13.0 ], "rotation": 90 },
						"west": { "texture": "#aged", "uv": [ 0.0, 0.5, 14.5, 1.0 ], "rotation": 90 },
						"up": { "texture": "#aged", "uv": [ 8.5, 10.5, 9.925, 11.45 ] },
						"down": { "texture": "#aged", "uv": [ 9.5, 1.5, 10.925, 2.45 ] }
					}
				},
				{
					"name": "corner NE",
					"from": [ 4.6075, -0.95, -7.125 ],
					"to": [ 5.5575, 14.2405, -3.325 ],
					"rotationOrigin": [ 5.13, -0.95, -5.225 ],
					"rotationY": 45.0,
					"faces": {
						"north": { "texture": "#aged", "uv": [ 0.0, 3.0, 15.0, 3.5 ], "rotation": 90 },
						"east": { "texture": "#aged", "uv": [ 0.5, 8.5, 15.225, 12.3 ], "rotation": 90, "autoUv": false },
						"south": { "texture": "#aged", "uv": [ 0.5, 6.0, 15.225, 6.95 ], "rotation": 90, "autoUv": false },
						"west": { "texture": "#aged", "uv": [ 0.0, 0.5, 14.725, 4.3 ], "rotation": 90, "autoUv": false },
						"up": { "texture": "#aged", "uv": [ 9.5, 5.5, 10.45, 9.3 ] },
						"down": { "texture": "#aged", "uv": [ 0.0, 10.0, 0.95, 13.8 ] }
					}
				},
				{
					"name": "W 4",
					"from": [ -6.745, 0.0, 2.85 ],
					"to": [ -5.795, 14.25, 4.275 ],
					"rotationOrigin": [ -6.745, 0.0, 2.85 ],
					"faces": {
						"north": { "texture": "#aged", "uv": [ 0.0, 13.5, 14.0, 14.0 ], "rotation": 90 },
						"east": { "texture": "#aged", "uv": [ 0.0, 7.5, 14.0, 8.5 ], "rotation": 90 },
						"south": { "texture": "#aged", "uv": [ 0.5, 10.0, 14.5, 10.5 ], "rotation": 90 },
						"west": { "texture": "#aged", "uv": [ 0.5, 2.0, 14.5, 3.0 ], "rotation": 90 },
						"up": { "texture": "#aged", "uv": [ 1.5, 1.0, 2.45, 2.425 ] },
						"down": { "texture": "#aged", "uv": [ 10.5, 5.0, 11.45, 6.425 ] }
					}
				},
				{
					"name": "W 3",
					"from": [ -6.745, 0.0, 0.0 ],
					"to": [ -5.795, 14.725, 2.85 ],
					"rotationOrigin": [ -6.745, 0.0, 0.0 ],
					"faces": {
						"north": { "texture": "#aged", "uv": [ 0.0, 13.0, 14.5, 13.5 ], "rotation": 90 },
						"east": { "texture": "#aged", "uv": [ 0.0, 11.5, 14.5, 14.0 ], "rotation": 90 },
						"south": { "texture": "#aged", "uv": [ 0.0, 9.0, 14.5, 9.5 ], "rotation": 90 },
						"west": { "texture": "#aged", "uv": [ 0.0, 8.5, 14.5, 11.0 ], "rotation": 90 },
						"up": { "texture": "#aged", "uv": [ 5.0, 12.5, 5.95, 15.35 ] },
						"down": { "texture": "#aged", "uv": [ 4.5, 10.5, 5.45, 13.35 ] }
					}
				},
				{
					"name": "W 2",
					"from": [ -6.745, 0.0, -2.85 ],
					"to": [ -5.795, 14.25, 0.0 ],
					"rotationOrigin": [ -6.745, 0.0, -2.85 ],
					"faces": {
						"north": { "texture": "#aged", "uv": [ 0.0, 5.5, 14.0, 6.0 ], "rotation": 90 },
						"east": { "texture": "#aged", "uv": [ 0.5, 0.5, 14.5, 3.0 ], "rotation": 90 },
						"south": { "texture": "#aged", "uv": [ 0.5, 5.0, 14.5, 5.5 ], "rotation": 90 },
						"west": { "texture": "#aged", "uv": [ 0.5, 7.0, 14.5, 9.5 ], "rotation": 90 },
						"up": { "texture": "#aged", "uv": [ 12.0, 7.5, 12.95, 10.35 ] },
						"down": { "texture": "#aged", "uv": [ 11.5, 1.5, 12.45, 4.35 ] }
					}
				},
				{
					"name": "W 1",
					"from": [ -6.745, 0.0, -4.275 ],
					"to": [ -5.795, 14.725, -2.85 ],
					"rotationOrigin": [ -6.745, 0.0, -4.275 ],
					"faces": {
						"north": { "texture": "#aged", "uv": [ 0.0, 13.0, 14.5, 13.5 ], "rotation": 90 },
						"east": { "texture": "#aged", "uv": [ 0.0, 7.5, 14.5, 8.5 ], "rotation": 90 },
						"south": { "texture": "#aged", "uv": [ 0.0, 3.5, 14.5, 4.0 ], "rotation": 90 },
						"west": { "texture": "#aged", "uv": [ 0.0, 11.5, 14.5, 12.5 ], "rotation": 90 },
						"up": { "texture": "#aged", "uv": [ 0.5, 3.5, 1.45, 4.925 ] },
						"down": { "texture": "#aged", "uv": [ 8.5, 8.5, 9.45, 9.925 ] }
					}
				},
				{
					"name": "corner NW",
					"from": [ -5.5575, -0.95, -7.125 ],
					"to": [ -4.6075, 14.2405, -3.325 ],
					"rotationOrigin": [ -5.13, -0.95, -5.225 ],
					"rotationY": -45.0,
					"faces": {
						"north": { "texture": "#aged", "uv": [ 0.5, 12.0, 15.225, 12.95 ], "rotation": 90, "autoUv": false },
						"east": { "texture": "#aged", "uv": [ 0.5, 1.5, 15.225, 5.3 ], "rotation": 90, "autoUv": false },
						"south": { "texture": "#aged", "uv": [ 0.5, 12.5, 15.225, 13.45 ], "rotation": 90, "autoUv": false },
						"west": { "texture": "#aged", "uv": [ 0.5, 5.0, 15.225, 8.8 ], "rotation": 90, "autoUv": false },
						"up": { "texture": "#aged", "uv": [ 14.0, 2.0, 14.95, 5.8 ] },
						"down": { "texture": "#aged", "uv": [ 4.0, 4.0, 4.95, 7.8 ] }
					}
				},
				{
					"name": "corner SW",
					"from": [ -5.5575, -0.95, 3.325 ],
					"to": [ -4.6075, 14.2405, 7.125 ],
					"rotationOrigin": [ -5.13, -0.95, 5.225 ],
					"rotationY": 45.0,
					"faces": {
						"north": { "texture": "#aged", "uv": [ 0.0, 3.0, 15.0, 3.5 ], "rotation": 90 },
						"east": { "texture": "#aged", "uv": [ 0.0, 1.0, 15.0, 4.5 ], "rotation": 90 },
						"south": { "texture": "#aged", "uv": [ 0.0, 6.0, 15.0, 6.5 ], "rotation": 90 },
						"west": { "texture": "#aged", "uv": [ 0.0, 0.5, 15.0, 4.0 ], "rotation": 90 },
						"up": { "texture": "#aged", "uv": [ 9.5, 5.5, 10.45, 9.3 ] },
						"down": { "texture": "#aged", "uv": [ 0.0, 10.0, 0.95, 13.8 ] }
					}
				},
				{
					"name": "floor",
					"from": [ -5.89, 0.095, -5.89 ],
					"to": [ 5.985, 1.045, 5.985 ],
					"rotationOrigin": [ -7.79, 0.095, -7.79 ],
					"faces": {
						"up": { "texture": "#bottom", "uv": [ 0.0, 0.0, 11.875, 11.875 ] },
						"down": { "texture": "#bottom", "uv": [ 0.0, 0.0, 11.875, 11.875 ] }
					}
				},
				{
					"name": "Verhni obodok",
					"from": [ 0.0, 0.57, 0.0 ],
					"to": [ 0.0, 0.57, 0.0 ],
					"rotationOrigin": [ 0.0, 0.57, 0.0 ],
					"faces": {
						"north": { "texture": "#aged", "uv": [ 0.0, 0.0, 0.475, 0.475 ] },
						"east": { "texture": "#aged", "uv": [ 0.0, 0.0, 0.475, 0.475 ] },
						"south": { "texture": "#aged", "uv": [ 0.0, 0.0, 0.475, 0.475 ] },
						"west": { "texture": "#aged", "uv": [ 0.0, 0.0, 0.475, 0.475 ] },
						"up": { "texture": "#aged", "uv": [ 0.0, 0.0, 0.475, 0.475 ] },
						"down": { "texture": "#aged", "uv": [ 0.0, 0.0, 0.475, 0.475 ] }
					},
					"children": [
						{
							"name": "Upper ring S",
							"from": [ -4.275, 10.45, 6.65 ],
							"to": [ 4.275, 12.35, 7.125 ],
							"rotationOrigin": [ 1.425, 11.4, 6.65 ],
							"faces": {
								"east": { "texture": "#blackbronze4", "uv": [ 0.0, 3.0, 0.475, 4.9 ] },
								"south": { "texture": "#blackbronze4", "uv": [ 0.0, 0.5, 8.55, 2.4 ] },
								"west": { "texture": "#blackbronze4", "uv": [ 15.0, 3.0, 15.475, 4.9 ] },
								"up": { "texture": "#blackbronze4", "uv": [ 0.0, 0.0, 8.55, 0.475 ] },
								"down": { "texture": "#blackbronze4", "uv": [ 0.0, 0.0, 8.5, 0.5 ], "rotation": 180 }
							}
						},
						{
							"name": "Upper corner SE",
							"from": [ 3.515, 10.45, 5.415 ],
							"to": [ 7.315, 12.35, 5.89 ],
							"rotationOrigin": [ 5.415, 10.45, 5.415 ],
							"rotationY": 45.0,
							"faces": {
								"east": { "texture": "#blackbronze4", "uv": [ 0.0, 3.0, 0.475, 4.9 ] },
								"south": { "texture": "#blackbronze4", "uv": [ 4.0, 0.5, 7.8, 2.4 ] },
								"west": { "texture": "#blackbronze4", "uv": [ 15.0, 3.0, 15.475, 4.9 ], "windMode": [-1,-1,-1,-1] },
								"up": { "texture": "#blackbronze4", "uv": [ 0.0, 0.0, 3.8, 0.475 ] },
								"down": { "texture": "#blackbronze4", "uv": [ 0.0, 0.0, 3.5, 0.5 ], "rotation": 180 }
							}
						},
						{
							"name": "Upper ring E",
							"from": [ 6.65, 10.45, -4.275 ],
							"to": [ 7.125, 12.35, 4.275 ],
							"rotationOrigin": [ 6.65, 11.4, 0.475 ],
							"faces": {
								"north": { "texture": "#blackbronze4", "uv": [ 0.0, 12.0, 0.475, 13.9 ] },
								"east": { "texture": "#blackbronze4", "uv": [ 3.0, 0.5, 11.55, 2.4 ] },
								"south": { "texture": "#blackbronze4", "uv": [ 0.0, 12.0, 0.475, 13.9 ] },
								"up": { "texture": "#blackbronze4", "uv": [ 1.0, 0.0, 9.5, 0.5 ], "rotation": 270 },
								"down": { "texture": "#blackbronze4", "uv": [ 1.0, 0.0, 9.5, 0.5 ], "rotation": 270 }
							}
						},
						{
							"name": "Upper corner NE",
							"from": [ 3.895, 10.45, -5.795 ],
							"to": [ 7.695, 12.35, -5.32 ],
							"rotationOrigin": [ 5.795, 10.45, -5.795 ],
							"rotationY": -45.0,
							"faces": {
								"north": { "texture": "#blackbronze4", "uv": [ 8.5, 0.5, 12.3, 2.4 ] },
								"east": { "texture": "#blackbronze4", "uv": [ 0.0, 3.0, 0.475, 4.9 ] },
								"west": { "texture": "#blackbronze4", "uv": [ 15.0, 3.0, 15.475, 4.9 ] },
								"up": { "texture": "#blackbronze4", "uv": [ 0.0, 0.0, 3.8, 0.475 ] },
								"down": { "texture": "#blackbronze4", "uv": [ 0.0, 0.0, 3.5, 0.5 ], "rotation": 180 }
							}
						},
						{
							"name": "Upper corner SW",
							"from": [ -7.315, 10.45, 5.415 ],
							"to": [ -3.515, 12.35, 5.89 ],
							"rotationOrigin": [ -5.415, 10.45, 5.415 ],
							"rotationY": -45.0,
							"faces": {
								"east": { "texture": "#blackbronze4", "uv": [ 0.0, 3.0, 0.475, 4.9 ] },
								"south": { "texture": "#blackbronze4", "uv": [ 4.0, 0.5, 7.8, 2.4 ] },
								"west": { "texture": "#blackbronze4", "uv": [ 15.0, 3.0, 15.475, 4.9 ] },
								"up": { "texture": "#blackbronze4", "uv": [ 0.0, 0.0, 3.8, 0.475 ] },
								"down": { "texture": "#blackbronze4", "uv": [ 0.0, 0.0, 3.5, 0.5 ], "rotation": 180 }
							}
						},
						{
							"name": "Upper ring W",
							"from": [ -7.125, 10.45, -4.275 ],
							"to": [ -6.65, 12.35, 4.275 ],
							"rotationOrigin": [ -7.125, 11.4, 0.475 ],
							"faces": {
								"north": { "texture": "#blackbronze4", "uv": [ 0.0, 12.0, 0.475, 13.9 ] },
								"south": { "texture": "#blackbronze4", "uv": [ 0.0, 12.0, 0.475, 13.9 ] },
								"west": { "texture": "#blackbronze4", "uv": [ 3.0, 0.5, 11.55, 2.4 ] },
								"up": { "texture": "#blackbronze4", "uv": [ 1.0, 0.0, 9.5, 0.5 ], "rotation": 270 },
								"down": { "texture": "#blackbronze4", "uv": [ 1.0, 0.0, 9.5, 0.5 ], "rotation": 270 }
							}
						},
						{
							"name": "Upper ring N",
							"from": [ -4.275, 10.45, -7.125 ],
							"to": [ 4.275, 12.35, -6.65 ],
							"rotationOrigin": [ 1.425, 11.4, -7.125 ],
							"faces": {
								"north": { "texture": "#blackbronze4", "uv": [ 3.5, 0.5, 12.05, 2.4 ] },
								"east": { "texture": "#blackbronze4", "uv": [ 0.0, 3.0, 0.475, 4.9 ] },
								"west": { "texture": "#blackbronze4", "uv": [ 15.0, 3.0, 15.475, 4.9 ] },
								"up": { "texture": "#blackbronze4", "uv": [ 0.0, 0.0, 8.55, 0.475 ] },
								"down": { "texture": "#blackbronze4", "uv": [ 0.0, 0.0, 8.5, 0.5 ], "rotation": 180 }
							}
						},
						{
							"name": "Upper corner NW",
							"from": [ -7.695, 10.45, -5.795 ],
							"to": [ -3.895, 12.35, -5.32 ],
							"rotationOrigin": [ -5.795, 10.45, -5.795 ],
							"rotationY": 45.0,
							"faces": {
								"north": { "texture": "#blackbronze4", "uv": [ 4.0, 0.5, 7.8, 2.4 ] },
								"east": { "texture": "#blackbronze4", "uv": [ 0.0, 3.0, 0.475, 4.9 ] },
								"west": { "texture": "#blackbronze4", "uv": [ 15.0, 3.0, 15.475, 4.9 ] },
								"up": { "texture": "#blackbronze4", "uv": [ 0.0, 0.0, 3.8, 0.475 ] },
								"down": { "texture": "#blackbronze4", "uv": [ 0.0, 0.0, 3.5, 0.5 ], "rotation": 180 }
							}
						}
					]
				},
				{
					"name": "Nigni obodok",
					"from": [ 0.0, -9.12, 0.0 ],
					"to": [ 0.0, -9.12, 0.0 ],
					"rotationOrigin": [ 0.0, 1.33, 0.0 ],
					"faces": {
						"north": { "texture": "#aged", "uv": [ 0.0, 0.0, 0.475, 0.475 ] },
						"east": { "texture": "#aged", "uv": [ 0.0, 0.0, 0.475, 0.475 ] },
						"south": { "texture": "#aged", "uv": [ 0.0, 0.0, 0.475, 0.475 ] },
						"west": { "texture": "#aged", "uv": [ 0.0, 0.0, 0.475, 0.475 ] },
						"up": { "texture": "#aged", "uv": [ 0.0, 0.0, 0.475, 0.475 ] },
						"down": { "texture": "#aged", "uv": [ 0.0, 0.0, 0.475, 0.475 ] }
					},
					"children": [
						{
							"name": "Lower ring S",
							"from": [ -4.275, 10.45, 6.65 ],
							"to": [ 4.275, 12.35, 7.125 ],
							"rotationOrigin": [ 1.425, 11.4, 6.65 ],
							"faces": {
								"east": { "texture": "#blackbronze4", "uv": [ 0.0, 3.0, 0.475, 4.9 ] },
								"south": { "texture": "#blackbronze4", "uv": [ 0.0, 0.5, 8.55, 2.4 ] },
								"west": { "texture": "#blackbronze4", "uv": [ 15.0, 3.0, 15.475, 4.9 ] },
								"up": { "texture": "#blackbronze4", "uv": [ 0.0, 0.0, 8.55, 0.475 ] },
								"down": { "texture": "#blackbronze4", "uv": [ 0.0, 0.0, 8.5, 0.5 ], "rotation": 180 }
							}
						},
						{
							"name": "Lower corner SE",
							"from": [ 3.515, 10.45, 5.415 ],
							"to": [ 7.315, 12.35, 5.89 ],
							"rotationOrigin": [ 5.415, 10.45, 5.415 ],
							"rotationY": 45.0,
							"faces": {
								"east": { "texture": "#blackbronze4", "uv": [ 0.0, 3.0, 0.475, 4.9 ] },
								"south": { "texture": "#blackbronze4", "uv": [ 4.0, 0.5, 7.8, 2.4 ] },
								"west": { "texture": "#blackbronze4", "uv": [ 15.0, 3.0, 15.475, 4.9 ] },
								"up": { "texture": "#blackbronze4", "uv": [ 0.0, 0.0, 3.8, 0.475 ] },
								"down": { "texture": "#blackbronze4", "uv": [ 0.0, 0.0, 3.5, 0.5 ], "rotation": 180 }
							}
						},
						{
							"name": "Lower ring E",
							"from": [ 6.65, 10.45, -4.275 ],
							"to": [ 7.125, 12.35, 4.275 ],
							"rotationOrigin": [ 6.65, 11.4, 0.475 ],
							"faces": {
								"north": { "texture": "#blackbronze4", "uv": [ 0.0, 12.0, 0.475, 13.9 ] },
								"east": { "texture": "#blackbronze4", "uv": [ 3.0, 0.5, 11.55, 2.4 ] },
								"south": { "texture": "#blackbronze4", "uv": [ 0.0, 12.0, 0.475, 13.9 ] },
								"up": { "texture": "#blackbronze4", "uv": [ 1.0, 0.0, 9.5, 0.5 ], "rotation": 270 },
								"down": { "texture": "#blackbronze4", "uv": [ 1.0, 0.0, 9.5, 0.5 ], "rotation": 270 }
							}
						},
						{
							"name": "Lower corner NE",
							"from": [ 3.895, 10.45, -5.795 ],
							"to": [ 7.695, 12.35, -5.32 ],
							"rotationOrigin": [ 5.795, 10.45, -5.795 ],
							"rotationY": -45.0,
							"faces": {
								"north": { "texture": "#blackbronze4", "uv": [ 8.5, 0.5, 12.3, 2.4 ] },
								"east": { "texture": "#blackbronze4", "uv": [ 0.0, 3.0, 0.475, 4.9 ] },
								"west": { "texture": "#blackbronze4", "uv": [ 15.0, 3.0, 15.475, 4.9 ] },
								"up": { "texture": "#blackbronze4", "uv": [ 0.0, 0.0, 3.8, 0.475 ] },
								"down": { "texture": "#blackbronze4", "uv": [ 0.0, 0.0, 3.5, 0.5 ], "rotation": 180 }
							}
						},
						{
							"name": "Lower corner SW",
							"from": [ -7.315, 10.45, 5.415 ],
							"to": [ -3.515, 12.35, 5.89 ],
							"rotationOrigin": [ -5.415, 10.45, 5.415 ],
							"rotationY": -45.0,
							"faces": {
								"east": { "texture": "#blackbronze4", "uv": [ 0.0, 3.0, 0.475, 4.9 ] },
								"south": { "texture": "#blackbronze4", "uv": [ 4.0, 0.5, 7.8, 2.4 ] },
								"west": { "texture": "#blackbronze4", "uv": [ 15.0, 3.0, 15.475, 4.9 ] },
								"up": { "texture": "#blackbronze4", "uv": [ 0.0, 0.0, 3.8, 0.475 ] },
								"down": { "texture": "#blackbronze4", "uv": [ 0.0, 0.0, 3.5, 0.5 ], "rotation": 180 }
							}
						},
						{
							"name": "Lower ring W",
							"from": [ -7.125, 10.45, -4.275 ],
							"to": [ -6.65, 12.35, 4.275 ],
							"rotationOrigin": [ -7.125, 11.4, 0.475 ],
							"faces": {
								"north": { "texture": "#blackbronze4", "uv": [ 0.0, 12.0, 0.475, 13.9 ] },
								"south": { "texture": "#blackbronze4", "uv": [ 0.0, 12.0, 0.475, 13.9 ] },
								"west": { "texture": "#blackbronze4", "uv": [ 3.0, 0.5, 11.55, 2.4 ] },
								"up": { "texture": "#blackbronze4", "uv": [ 1.0, 0.0, 9.5, 0.5 ], "rotation": 270 },
								"down": { "texture": "#blackbronze4", "uv": [ 1.0, 0.0, 9.5, 0.5 ], "rotation": 270 }
							}
						},
						{
							"name": "Lower ring N",
							"from": [ -4.275, 10.45, -7.125 ],
							"to": [ 4.275, 12.35, -6.65 ],
							"rotationOrigin": [ 1.425, 11.4, -7.125 ],
							"faces": {
								"north": { "texture": "#blackbronze4", "uv": [ 3.5, 0.5, 12.05, 2.4 ] },
								"east": { "texture": "#blackbronze4", "uv": [ 0.0, 3.0, 0.475, 4.9 ] },
								"west": { "texture": "#blackbronze4", "uv": [ 15.0, 3.0, 15.475, 4.9 ] },
								"up": { "texture": "#blackbronze4", "uv": [ 0.0, 0.0, 8.55, 0.475 ] },
								"down": { "texture": "#blackbronze4", "uv": [ 0.0, 0.0, 8.5, 0.5 ], "rotation": 180 }
							}
						},
						{
							"name": "Lower corner NW",
							"from": [ -7.695, 10.45, -5.795 ],
							"to": [ -3.895, 12.35, -5.32 ],
							"rotationOrigin": [ -5.795, 10.45, -5.795 ],
							"rotationY": 45.0,
							"faces": {
								"north": { "texture": "#blackbronze4", "uv": [ 4.0, 0.5, 7.8, 2.4 ] },
								"east": { "texture": "#blackbronze4", "uv": [ 0.0, 3.0, 0.475, 4.9 ] },
								"west": { "texture": "#blackbronze4", "uv": [ 15.0, 3.0, 15.475, 4.9 ] },
								"up": { "texture": "#blackbronze4", "uv": [ 0.0, 0.0, 3.8, 0.475 ] },
								"down": { "texture": "#blackbronze4", "uv": [ 0.0, 0.0, 3.5, 0.5 ], "rotation": 180 }
							}
						}
					]
				},
				{
					"name": "Krishka",
					"from": [ -5.89, 18.905, -5.89 ],
					"to": [ -5.89, 18.905, -5.89 ],
					"rotationOrigin": [ -0.19, 14.155, -0.19 ],
					"faces": {
						"up": { "texture": "#aged", "uv": [ 9.5, 9.0, 9.975, 9.475 ] },
						"down": { "texture": "#aged", "uv": [ 13.5, 3.0, 13.975, 3.475 ] }
					},
					"children": [
						{
							"name": "origin loop",
							"from": [ 0.475, -5.7, 0.475 ],
							"to": [ 0.475, -5.7, 0.475 ],
							"rotationOrigin": [ 0.475, -5.7, 0.475 ],
							"faces": {
							},
							"children": [
								{
									"name": "Cube2",
									"from": [ 1.425, 0.0, -0.475 ],
									"to": [ 9.5, 0.95, 0.0 ],
									"rotationOrigin": [ 1.425, 0.0, -0.475 ],
									"faces": {
										"north": { "texture": "#aged", "uv": [ 4.5, 1.5, 12.575, 2.45 ] },
										"east": { "texture": "#aged", "uv": [ 14.5, 14.0, 14.975, 14.95 ] },
										"west": { "texture": "#aged", "uv": [ 13.5, 3.0, 13.975, 3.95 ] },
										"up": { "texture": "#aged", "uv": [ 5.5, 10.0, 13.575, 10.475 ] },
										"down": { "texture": "#aged", "uv": [ 2.0, 13.0, 10.075, 13.475 ] }
									}
								},
								{
									"name": "Cube4",
									"from": [ 1.425, 0.0, 10.925 ],
									"to": [ 9.5, 0.95, 11.4 ],
									"rotationOrigin": [ 1.425, 0.0, 10.925 ],
									"faces": {
										"east": { "texture": "#aged", "uv": [ 6.0, 1.5, 6.475, 2.45 ] },
										"south": { "texture": "#aged", "uv": [ 5.0, 4.5, 13.075, 5.45 ] },
										"west": { "texture": "#aged", "uv": [ 14.0, 7.5, 14.475, 8.45 ] },
										"up": { "texture": "#aged", "uv": [ 0.0, 10.0, 8.075, 10.475 ] },
										"down": { "texture": "#aged", "uv": [ 3.5, 5.5, 11.575, 5.975 ] }
									}
								},
								{
									"name": "Cube6",
									"from": [ -0.475, 0.0, 1.425 ],
									"to": [ 0.0, 0.95, 9.5 ],
									"rotationOrigin": [ -0.475, 0.0, 1.425 ],
									"faces": {
										"north": { "texture": "#aged", "uv": [ 3.0, 3.5, 3.475, 4.45 ] },
										"south": { "texture": "#aged", "uv": [ 11.5, 14.0, 11.975, 14.95 ] },
										"west": { "texture": "#aged", "uv": [ 2.0, 6.5, 10.075, 7.45 ] },
										"up": { "texture": "#aged", "uv": [ 14.5, 4.5, 14.975, 12.575 ] },
										"down": { "texture": "#aged", "uv": [ 5.0, 3.5, 5.475, 11.575 ] }
									}
								},
								{
									"name": "Cube7",
									"from": [ 10.925, 0.0, 1.425 ],
									"to": [ 11.4, 0.95, 9.5 ],
									"rotationOrigin": [ 10.925, 0.0, 1.425 ],
									"faces": {
										"north": { "texture": "#aged", "uv": [ 11.0, 14.5, 11.475, 15.45 ] },
										"east": { "texture": "#aged", "uv": [ 0.5, 13.5, 8.575, 14.45 ] },
										"south": { "texture": "#aged", "uv": [ 7.0, 2.5, 7.475, 3.45 ] },
										"up": { "texture": "#aged", "uv": [ 14.5, 4.5, 14.975, 12.575 ] },
										"down": { "texture": "#aged", "uv": [ 11.0, 1.5, 11.475, 9.575 ] }
									}
								},
								{
									"name": "Cube8",
									"from": [ -0.95, 0.0095, 0.475 ],
									"to": [ 1.9, 0.9595, 0.95 ],
									"rotationOrigin": [ 0.475, 0.095, 0.475 ],
									"rotationY": 45.0,
									"faces": {
										"north": { "texture": "#aged", "uv": [ 11.0, 13.5, 13.85, 14.45 ] },
										"east": { "texture": "#aged", "uv": [ 0.5, 6.5, 0.975, 7.45 ] },
										"west": { "texture": "#aged", "uv": [ 3.0, 14.0, 3.475, 14.95 ] },
										"up": { "texture": "#aged", "uv": [ 4.0, 13.0, 6.85, 13.475 ] },
										"down": { "texture": "#aged", "uv": [ 10.5, 3.0, 13.35, 3.475 ] }
									}
								},
								{
									"name": "Cube9",
									"from": [ 9.025, 0.0095, 0.475 ],
									"to": [ 11.875, 0.9595, 0.95 ],
									"rotationOrigin": [ 10.45, 0.0, 0.475 ],
									"rotationY": -45.0,
									"faces": {
										"north": { "texture": "#aged", "uv": [ 5.0, 1.5, 7.85, 2.45 ] },
										"east": { "texture": "#aged", "uv": [ 14.0, 11.5, 14.475, 12.45 ] },
										"west": { "texture": "#aged", "uv": [ 6.0, 2.0, 6.475, 2.95 ] },
										"up": { "texture": "#aged", "uv": [ 9.0, 11.5, 11.85, 11.975 ] },
										"down": { "texture": "#aged", "uv": [ 12.0, 14.0, 14.85, 14.475 ] }
									}
								},
								{
									"name": "Cube10",
									"from": [ -0.665, 0.0095, 10.165 ],
									"to": [ 2.185, 0.9595, 10.64 ],
									"rotationOrigin": [ 0.76, 0.0, 10.165 ],
									"rotationY": -45.0,
									"faces": {
										"east": { "texture": "#aged", "uv": [ 3.0, 14.0, 3.475, 14.95 ] },
										"south": { "texture": "#aged", "uv": [ 4.0, 13.5, 6.85, 14.45 ] },
										"west": { "texture": "#aged", "uv": [ 4.0, 5.0, 4.475, 5.95 ] },
										"up": { "texture": "#aged", "uv": [ 0.5, 14.0, 3.35, 14.475 ] },
										"down": { "texture": "#aged", "uv": [ 2.0, 11.0, 4.85, 11.475 ] }
									}
								},
								{
									"name": "Cube12",
									"from": [ 8.74, 0.0095, 10.07 ],
									"to": [ 11.59, 0.9595, 10.545 ],
									"rotationOrigin": [ 10.165, 0.0, 10.07 ],
									"rotationY": 45.0,
									"faces": {
										"east": { "texture": "#aged", "uv": [ 9.0, 1.5, 9.475, 2.45 ] },
										"south": { "texture": "#aged", "uv": [ 8.5, 1.5, 11.35, 2.45 ] },
										"west": { "texture": "#aged", "uv": [ 2.0, 0.5, 2.475, 1.45 ] },
										"up": { "texture": "#aged", "uv": [ 0.5, 12.5, 3.35, 12.975 ] },
										"down": { "texture": "#aged", "uv": [ 2.0, 2.5, 4.85, 2.975 ] }
									}
								}
							]
						},
						{
							"name": "top lid",
							"from": [ 0.95, -5.7, 0.95 ],
							"to": [ 10.925, -4.75, 10.925 ],
							"rotationOrigin": [ 0.95, -5.7, 0.95 ],
							"faces": {
								"up": { "texture": "#aged", "uv": [ 3.0, 3.5, 12.975, 13.475 ] },
								"down": { "texture": "#aged", "uv": [ 0.0, 5.0, 9.975, 14.975 ], "windMode": [-1,-1,-1,-1] }
							},
							"children": [
								{
									"name": "Cube28",
									"from": [ 0.475, 0.0, -0.475 ],
									"to": [ 9.5, 0.95, 0.0 ],
									"rotationOrigin": [ 0.475, 0.0, -0.475 ],
									"faces": {
										"up": { "texture": "#aged", "uv": [ 5.0, 2.5, 14.025, 2.975 ] },
										"down": { "texture": "#aged", "uv": [ 1.5, 12.0, 10.525, 12.475 ], "windMode": [-1,-1,-1,-1] }
									}
								},
								{
									"name": "Cube29",
									"from": [ 0.475, 0.0, 9.975 ],
									"to": [ 9.5, 0.95, 10.45 ],
									"rotationOrigin": [ 0.475, 0.0, 9.975 ],
									"faces": {
										"up": { "texture": "#aged", "uv": [ 1.0, 13.0, 10.025, 13.475 ] },
										"down": { "texture": "#aged", "uv": [ 5.0, 4.5, 14.025, 4.975 ], "windMode": [-1,-1,-1,-1] }
									}
								},
								{
									"name": "Cube31",
									"from": [ -0.475, 0.0, 0.475 ],
									"to": [ 0.0, 0.95, 9.5 ],
									"rotationOrigin": [ -0.475, 0.0, 0.475 ],
									"faces": {
										"up": { "texture": "#aged", "uv": [ 2.5, 4.0, 2.975, 13.025 ] },
										"down": { "texture": "#aged", "uv": [ 10.0, 2.0, 10.475, 11.025 ], "windMode": [-1,-1,-1,-1] }
									}
								},
								{
									"name": "Cube37",
									"from": [ 9.975, 0.0, 0.475 ],
									"to": [ 10.45, 0.95, 9.5 ],
									"rotationOrigin": [ 9.975, 0.0, 0.475 ],
									"faces": {
										"up": { "texture": "#aged", "uv": [ 14.0, 4.0, 14.475, 13.025 ] },
										"down": { "texture": "#aged", "uv": [ 10.5, 2.5, 10.975, 11.525 ], "windMode": [-1,-1,-1,-1] }
									}
								}
							]
						},
						{
							"name": "origin handle",
							"from": [ 1.425, -3.8, 5.225 ],
							"to": [ 1.425, -3.8, 5.225 ],
							"rotationOrigin": [ 5.7, -3.8, 5.7 ],
							"faces": {
							},
							"children": [
								{
									"name": "handle",
									"from": [ 3.5, -8.04, -6.5 ],
									"to": [ 5.0, -6.54, -5.5 ],
									"rotationOrigin": [ 3.575, -8.045, -6.5 ],
									"rotationZ": -45.0,
									"faces": {
										"north": { "texture": "#blackbronze4", "uv": [ 6.5, 0.5, 8.0, 2.0 ] },
										"east": { "texture": "#blackbronze4", "uv": [ 8.0, 4.5, 9.0, 6.0 ] },
										"south": { "texture": "#blackbronze4", "uv": [ 11.5, 13.0, 13.0, 14.5 ] },
										"west": { "texture": "#blackbronze4", "uv": [ 4.0, 6.0, 5.0, 7.5 ] },
										"up": { "texture": "#blackbronze4", "uv": [ 5.0, 7.5, 6.5, 8.5 ] }
									}
								}
							]
						}
					]
				},
				{
					"name": "Kranik",
					"from": [ 6.65, 3.14, 0.17 ],
					"to": [ 7.03, 11.31, 1.705 ],
					"rotationOrigin": [ 6.65, 3.135, 0.165 ],
					"faces": {
						"north": { "texture": "#blackbronze4", "uv": [ 10.0, 5.5, 10.475, 7.4 ], "autoUv": false },
						"east": { "texture": "#blackbronze4", "uv": [ 14.0, 0.0, 15.425, 6.65 ], "autoUv": false },
						"south": { "texture": "#blackbronze4", "uv": [ 11.0, 2.5, 11.475, 4.4 ], "autoUv": false },
						"west": { "texture": "#blackbronze4", "uv": [ 11.0, 3.0, 11.95, 3.95 ], "autoUv": false },
						"up": { "texture": "#blackbronze4", "uv": [ 10.0, 7.0, 10.95, 9.375 ], "autoUv": false },
						"down": { "texture": "#blackbronze4", "uv": [ 10.5, 3.0, 10.975, 4.9 ], "autoUv": false }
					},
					"children": [
						{
							"name": "Cube5",
							"from": [ 0.19, 3.42, 0.28 ],
							"to": [ 1.84, 4.295, 1.155 ],
							"rotationOrigin": [ 0.19, 3.42, 0.28 ],
							"faces": {
								"north": { "texture": "#copper", "uv": [ 8.0, 5.0, 11.325, 6.425 ], "autoUv": false },
								"east": { "texture": "#copper", "uv": [ 9.5, 5.0, 10.925, 6.425 ], "autoUv": false },
								"south": { "texture": "#copper", "uv": [ 9.0, 5.0, 12.325, 6.425 ], "autoUv": false },
								"west": { "texture": "#copper", "uv": [ 10.0, 4.5, 11.425, 5.925 ], "autoUv": false },
								"up": { "texture": "#copper", "uv": [ 8.5, 4.5, 11.35, 5.925 ], "autoUv": false },
								"down": { "texture": "#copper", "uv": [ 8.5, 4.5, 11.825, 5.925 ], "autoUv": false }
							},
							"children": [
								{
									"name": "Cube11",
									"from": [ 1.99, 0.06, 0.0481 ],
									"to": [ 4.145, 0.84, 0.8281 ],
									"rotationOrigin": [ 1.93, 0.0, 0.0 ],
									"rotationY": -89.98,
									"faces": {
										"north": { "texture": "#copper", "uv": [ 9.5, 5.0, 11.875, 6.425 ], "autoUv": false },
										"east": { "texture": "#copper", "uv": [ 9.5, 5.0, 11.875, 6.425 ], "autoUv": false },
										"south": { "texture": "#copper", "uv": [ 9.5, 5.0, 11.875, 6.425 ], "autoUv": false },
										"west": { "texture": "#copper", "uv": [ 10.5, 5.0, 11.45, 6.425 ], "autoUv": false },
										"up": { "texture": "#copper", "uv": [ 9.5, 5.0, 11.875, 6.425 ], "autoUv": false },
										"down": { "texture": "#copper", "uv": [ 9.5, 4.5, 11.875, 5.925 ], "autoUv": false }
									}
								},
								{
									"name": "Cube13",
									"from": [ 0.9099, 0.33, -0.2371 ],
									"to": [ 1.1949, 0.525, -0.0421 ],
									"rotationOrigin": [ 0.855, 0.39, -0.285 ],
									"rotationY": -89.98,
									"faces": {
										"north": { "texture": "#blackbronze4", "uv": [ 5.5, 1.5, 6.0, 2.0 ] },
										"east": { "texture": "#blackbronze4", "uv": [ 5.5, 1.5, 6.0, 2.0 ] },
										"south": { "texture": "#blackbronze4", "uv": [ 5.5, 1.5, 6.0, 2.0 ] },
										"west": { "texture": "#blackbronze4", "uv": [ 5.5, 1.5, 6.0, 2.0 ] },
										"up": { "texture": "#blackbronze4", "uv": [ 5.5, 1.5, 6.0, 2.0 ] },
										"down": { "texture": "#blackbronze4", "uv": [ 5.5, 1.5, 6.0, 2.0 ] }
									}
								},
								{
									"name": "Cube14",
									"from": [ 0.81, -0.42, -0.4796 ],
									"to": [ 1.2, 0.75, -0.3941 ],
									"rotationOrigin": [ 0.755, -0.39, -0.48 ],
									"rotationY": -89.98,
									"faces": {
										"north": { "texture": "#bottom", "uv": [ 2.0, 11.0, 4.4, 12.4 ], "autoUv": false },
										"east": { "texture": "#bottom", "uv": [ 5.0, 4.0, 10.225, 6.85 ], "autoUv": false },
										"south": { "texture": "#bottom", "uv": [ 4.0, 5.0, 8.75, 7.85 ], "autoUv": false },
										"west": { "texture": "#bottom", "uv": [ 4.5, 3.5, 9.25, 6.35 ], "autoUv": false },
										"up": { "texture": "#bottom", "uv": [ 8.5, 5.0, 9.0, 5.5 ] },
										"down": { "texture": "#bottom", "uv": [ 8.5, 5.5, 9.0, 6.0 ] }
									}
								},
								{
									"name": "Cube15",
									"from": [ 0.0, -0.095, -0.095 ],
									"to": [ 0.285, 0.97, 0.97 ],
									"rotationOrigin": [ 0.0, -0.095, -0.095 ],
									"faces": {
										"north": { "texture": "#copper", "uv": [ 8.0, 5.0, 11.325, 6.425 ], "autoUv": false },
										"east": { "texture": "#copper", "uv": [ 9.5, 5.0, 10.925, 6.425 ], "autoUv": false },
										"south": { "texture": "#copper", "uv": [ 9.0, 5.0, 12.325, 6.425 ], "autoUv": false },
										"west": { "texture": "#copper", "uv": [ 10.0, 4.5, 11.425, 5.925 ], "autoUv": false },
										"up": { "texture": "#copper", "uv": [ 8.5, 4.5, 11.35, 5.925 ], "autoUv": false },
										"down": { "texture": "#copper", "uv": [ 8.5, 4.5, 11.825, 5.925 ], "autoUv": false }
									}
								}
							]
						}
					]
				},
				{
					"name": "Pidstavka vers",
					"from": [ -4.275, 10.9345, 6.84 ],
					"to": [ 4.275, 12.9295, 7.5905 ],
					"rotationOrigin": [ 1.425, 11.875, 6.84 ],
					"faces": {
						"east": { "texture": "#ebony3", "uv": [ 3.0, 3.5, 3.475, 5.4 ] },
						"south": { "texture": "#ebony3", "uv": [ 2.0, 0.5, 10.55, 2.4 ] },
						"west": { "texture": "#ebony3", "uv": [ 8.0, 3.5, 8.475, 5.4 ] },
						"up": { "texture": "#ebony3", "uv": [ 1.5, 2.0, 10.05, 2.475 ] },
						"down": { "texture": "#ebony3", "uv": [ 2.0, 2.0, 10.5, 2.5 ], "rotation": 180 }
					},
					"children": [
						{
							"name": "Upper corner SE2",
							"from": [ 7.6, 0.095, -0.95 ],
							"to": [ 11.4, 1.9, -0.38 ],
							"rotationOrigin": [ 9.5, 0.095, -0.95 ],
							"rotationY": 45.0,
							"faces": {
								"east": { "texture": "#ebony3", "uv": [ 0.0, 7.5, 0.475, 8.925 ] },
								"south": { "texture": "#ebony3", "uv": [ 1.0, 6.5, 4.8, 7.925 ] },
								"west": { "texture": "#ebony3", "uv": [ 10.5, 3.5, 10.975, 4.925 ] },
								"up": { "texture": "#ebony3", "uv": [ 8.0, 2.0, 11.8, 2.475 ] },
								"down": { "texture": "#ebony3", "uv": [ 8.0, 2.0, 11.5, 2.5 ], "rotation": 180 }
							}
						},
						{
							"name": "Upper corner SW2",
							"from": [ -2.945, 0.095, -1.045 ],
							"to": [ 0.855, 1.9, -0.475 ],
							"rotationOrigin": [ -1.045, 0.095, -1.045 ],
							"rotationY": -45.0,
							"faces": {
								"east": { "texture": "#ebony3", "uv": [ 6.5, 2.5, 6.975, 3.925 ] },
								"south": { "texture": "#ebony3", "uv": [ 8.0, 2.5, 11.8, 3.925 ] },
								"west": { "texture": "#ebony3", "uv": [ 10.5, 3.5, 10.975, 4.925 ] },
								"up": { "texture": "#ebony3", "uv": [ 3.0, 2.0, 6.8, 2.475 ] },
								"down": { "texture": "#ebony3", "uv": [ 5.0, 3.0, 8.5, 3.5 ], "rotation": 180 }
							}
						}
					]
				},
				{
					"name": "Pidstavks niz",
					"from": [ -4.275, 1.2445, 6.84 ],
					"to": [ 4.275, 3.2395, 7.5905 ],
					"rotationOrigin": [ 1.425, 2.185, 6.84 ],
					"faces": {
						"east": { "texture": "#ebony3", "uv": [ 3.0, 3.5, 3.475, 5.4 ] },
						"south": { "texture": "#ebony3", "uv": [ 2.0, 0.5, 10.55, 2.4 ] },
						"west": { "texture": "#ebony3", "uv": [ 8.0, 3.5, 8.475, 5.4 ] },
						"up": { "texture": "#ebony3", "uv": [ 1.5, 2.0, 10.05, 2.475 ] },
						"down": { "texture": "#ebony3", "uv": [ 2.0, 2.0, 10.5, 2.5 ], "rotation": 180 }
					},
					"children": [
						{
							"name": "Upper corner SE3",
							"from": [ 7.6, 0.095, -0.95 ],
							"to": [ 11.4, 1.9, -0.38 ],
							"rotationOrigin": [ 9.5, 0.095, -0.95 ],
							"rotationY": 45.0,
							"faces": {
								"east": { "texture": "#ebony3", "uv": [ 0.0, 7.5, 0.475, 8.925 ] },
								"south": { "texture": "#ebony3", "uv": [ 1.0, 6.5, 4.8, 7.925 ] },
								"west": { "texture": "#ebony3", "uv": [ 10.5, 3.5, 10.975, 4.925 ] },
								"up": { "texture": "#ebony3", "uv": [ 8.0, 2.0, 11.8, 2.475 ] },
								"down": { "texture": "#ebony3", "uv": [ 8.0, 2.0, 11.5, 2.5 ], "rotation": 180 }
							}
						},
						{
							"name": "Upper corner SW3",
							"from": [ -2.85, 0.095, -0.95 ],
							"to": [ 0.95, 1.9, -0.38 ],
							"rotationOrigin": [ -0.95, 0.095, -0.95 ],
							"rotationY": -45.0,
							"faces": {
								"east": { "texture": "#ebony3", "uv": [ 6.5, 2.5, 6.975, 3.925 ] },
								"south": { "texture": "#ebony3", "uv": [ 8.0, 2.5, 11.8, 3.925 ] },
								"west": { "texture": "#ebony3", "uv": [ 10.5, 3.5, 10.975, 4.925 ] },
								"up": { "texture": "#ebony3", "uv": [ 3.0, 2.0, 6.8, 2.475 ] },
								"down": { "texture": "#ebony3", "uv": [ 5.0, 3.0, 8.5, 3.5 ], "rotation": 180 }
							}
						}
					]
				}
			]
		}
	]}