{
	"editor": {
		"collapsedPaths": "Root/stickL2/long3,Root/stickR2/long4,Root/stick2,Root/stick1,Root/stickR1/long2,Root/stick6,Root/stick5,Root/stick4,Root/stickUp6,Root/stick3,Root/stickR2,Root/stickR1,Root/stickL1/long,Root/stickUp1,Root/stickUp5,Root/stickUp4,Root/stick1/long5,Root/stickL2,Root/stickUp3,Root/stickL1,Root/stickUp2",
		"allAngles": false,
		"entityTextureMode": false
	},
	"textureWidth": 16,
	"textureHeight": 16,
	"textureSizes": {
	},
	"textures": {
		"oak": "game:block/wood/debarked/aged"
	},
	"elements": [
		{
			"name": "stickL1",
			"from": [ 2.7, 6.4, 16.0 ],
			"to": [ 2.7, 6.4, 16.0 ],
			"rotationOrigin": [ 1.7, 7.4, 15.0 ],
			"rotationX": -90.0,
			"rotationY": -45.0,
			"faces": {
			},
			"children": [
				{
					"name": "long",
					"from": [ -8.8, 0.0, 0.0 ],
					"to": [ 7.2, 1.5, 1.0 ],
					"rotationOrigin": [ 0.0, 0.0, 0.0 ],
					"rotationY": -45.0,
					"faces": {
						"north": { "texture": "#oak", "uv": [ 0.0, 3.5, 16.0, 4.5 ], "autoUv": false },
						"east": { "texture": "#oak", "uv": [ 1.5, 3.0, 2.5, 4.5 ] },
						"south": { "texture": "#oak", "uv": [ 0.0, 13.0, 16.0, 14.5 ] },
						"west": { "texture": "#oak", "uv": [ 1.0, 3.5, 2.0, 5.0 ] },
						"up": { "texture": "#oak", "uv": [ 0.0, 12.5, 16.0, 13.5 ] },
						"down": { "texture": "#oak", "uv": [ 0.0, 2.5, 16.0, 3.5 ], "autoUv": false }
					},
					"children": [
						{
							"name": "Cube1",
							"from": [ -0.5, 0.0, 1.0 ],
							"to": [ 15.1, 1.5, 1.5 ],
							"rotationOrigin": [ -0.5, 0.0, 1.0 ],
							"faces": {
								"east": { "texture": "#oak", "uv": [ 0.0, 0.0, 0.5, 1.5 ] },
								"south": { "texture": "#oak", "uv": [ 0.0, 0.0, 15.5, 1.5 ] },
								"west": { "texture": "#oak", "uv": [ 0.0, 0.0, 0.5, 1.5 ] },
								"up": { "texture": "#oak", "uv": [ 0.0, 0.0, 15.5, 0.5 ] },
								"down": { "texture": "#oak", "uv": [ 0.0, 0.0, 15.5, 0.5 ] }
							}
						},
						{
							"name": "Cube6",
							"from": [ 5.9, -0.1, 0.0 ],
							"to": [ 8.9, 0.9, 0.5 ],
							"rotationOrigin": [ 5.9, -0.1, -0.5 ],
							"rotationY": 22.5,
							"faces": {
								"north": { "texture": "#oak", "uv": [ 0.0, 0.0, 3.0, 1.0 ] },
								"east": { "texture": "#oak", "uv": [ 0.0, 0.0, 0.5, 1.0 ] },
								"up": { "texture": "#oak", "uv": [ 8.5, 11.0, 11.5, 11.5 ] },
								"down": { "texture": "#oak", "uv": [ 0.0, 0.0, 3.0, 0.5 ] }
							}
						},
						{
							"name": "Cube10",
							"from": [ 6.0, -0.1, 0.5 ],
							"to": [ 10.0, 0.9, 1.0 ],
							"rotationOrigin": [ 6.0, -0.1, 0.0 ],
							"rotationY": 22.5,
							"faces": {
								"north": { "texture": "#oak", "uv": [ 0.0, 0.0, 4.0, 1.0 ] },
								"east": { "texture": "#oak", "uv": [ 0.0, 0.0, 0.5, 1.0 ] },
								"south": { "texture": "#oak", "uv": [ 0.0, 0.0, 4.0, 1.0 ] },
								"up": { "texture": "#oak", "uv": [ 1.0, 11.0, 5.0, 11.5 ] },
								"down": { "texture": "#oak", "uv": [ 0.0, 0.0, 4.0, 0.5 ] }
							}
						}
					]
				}
			]
		},
		{
			"name": "stickR1",
			"from": [ 15.3, 6.4, 16.0 ],
			"to": [ 15.3, 6.4, 16.0 ],
			"rotationOrigin": [ 14.3, 7.4, 15.0 ],
			"rotationX": -90.0,
			"rotationY": 45.0,
			"rotationZ": -180.0,
			"faces": {
			},
			"children": [
				{
					"name": "long2",
					"from": [ -8.8, 0.0, 0.0 ],
					"to": [ 7.2, 1.5, 1.0 ],
					"rotationOrigin": [ 0.0, 0.0, 0.0 ],
					"rotationY": -45.0,
					"faces": {
						"north": { "texture": "#oak", "uv": [ 0.0, 3.5, 16.0, 4.5 ], "autoUv": false },
						"east": { "texture": "#oak", "uv": [ 1.5, 3.0, 2.5, 4.5 ] },
						"south": { "texture": "#oak", "uv": [ 0.0, 13.0, 16.0, 14.5 ] },
						"west": { "texture": "#oak", "uv": [ 1.0, 3.5, 2.0, 5.0 ] },
						"up": { "texture": "#oak", "uv": [ 0.0, 12.5, 16.0, 13.5 ] },
						"down": { "texture": "#oak", "uv": [ 0.0, 2.5, 16.0, 3.5 ], "autoUv": false }
					},
					"children": [
						{
							"name": "Cube2",
							"from": [ -0.5, 0.0, 1.0 ],
							"to": [ 15.1, 1.5, 1.5 ],
							"rotationOrigin": [ -0.5, 0.0, 1.0 ],
							"faces": {
								"east": { "texture": "#oak", "uv": [ 0.0, 0.0, 0.5, 1.5 ] },
								"south": { "texture": "#oak", "uv": [ 0.0, 0.0, 15.5, 1.5 ] },
								"west": { "texture": "#oak", "uv": [ 0.0, 0.0, 0.5, 1.5 ] },
								"up": { "texture": "#oak", "uv": [ 0.0, 0.0, 15.5, 0.5 ] },
								"down": { "texture": "#oak", "uv": [ 0.0, 0.0, 15.5, 0.5 ] }
							}
						},
						{
							"name": "Cube7",
							"from": [ 5.9, -0.1, 0.0 ],
							"to": [ 8.9, 0.9, 0.5 ],
							"rotationOrigin": [ 5.9, -0.1, -0.5 ],
							"rotationY": 22.5,
							"faces": {
								"north": { "texture": "#oak", "uv": [ 0.0, 0.0, 3.0, 1.0 ] },
								"east": { "texture": "#oak", "uv": [ 0.0, 0.0, 0.5, 1.0 ] },
								"up": { "texture": "#oak", "uv": [ 8.5, 11.0, 11.5, 11.5 ] },
								"down": { "texture": "#oak", "uv": [ 0.0, 0.0, 3.0, 0.5 ] }
							}
						},
						{
							"name": "Cube11",
							"from": [ 6.0, -0.1, 0.5 ],
							"to": [ 10.0, 0.9, 1.0 ],
							"rotationOrigin": [ 6.0, -0.1, 0.0 ],
							"rotationY": 22.5,
							"faces": {
								"north": { "texture": "#oak", "uv": [ 0.0, 0.0, 4.0, 1.0 ] },
								"east": { "texture": "#oak", "uv": [ 0.0, 0.0, 0.5, 1.0 ] },
								"south": { "texture": "#oak", "uv": [ 0.0, 0.0, 4.0, 1.0 ] },
								"up": { "texture": "#oak", "uv": [ 1.0, 11.0, 5.0, 11.5 ] },
								"down": { "texture": "#oak", "uv": [ 0.0, 0.0, 4.0, 0.5 ] }
							}
						}
					]
				}
			]
		},
		{
			"name": "stickL2",
			"from": [ 2.7, 6.4, 1.6 ],
			"to": [ 2.7, 6.4, 1.6 ],
			"rotationOrigin": [ 1.7, 7.4, 0.6 ],
			"rotationX": -90.0,
			"rotationY": -45.0,
			"faces": {
			},
			"children": [
				{
					"name": "long3",
					"from": [ -8.8, 0.0, 0.0 ],
					"to": [ 7.2, 1.5, 1.0 ],
					"rotationOrigin": [ 0.0, 0.0, 0.0 ],
					"rotationY": -45.0,
					"faces": {
						"north": { "texture": "#oak", "uv": [ 0.0, 3.5, 16.0, 4.5 ], "autoUv": false },
						"east": { "texture": "#oak", "uv": [ 1.5, 3.0, 2.5, 4.5 ] },
						"south": { "texture": "#oak", "uv": [ 0.0, 13.0, 16.0, 14.5 ] },
						"west": { "texture": "#oak", "uv": [ 1.0, 3.5, 2.0, 5.0 ] },
						"up": { "texture": "#oak", "uv": [ 0.0, 12.5, 16.0, 13.5 ] },
						"down": { "texture": "#oak", "uv": [ 0.0, 2.5, 16.0, 3.5 ], "autoUv": false }
					},
					"children": [
						{
							"name": "Cube3",
							"from": [ -0.5, 0.0, 1.0 ],
							"to": [ 15.1, 1.5, 1.5 ],
							"rotationOrigin": [ -0.5, 0.0, 1.0 ],
							"faces": {
								"east": { "texture": "#oak", "uv": [ 0.0, 0.0, 0.5, 1.5 ] },
								"south": { "texture": "#oak", "uv": [ 0.0, 0.0, 15.5, 1.5 ] },
								"west": { "texture": "#oak", "uv": [ 0.0, 0.0, 0.5, 1.5 ] },
								"up": { "texture": "#oak", "uv": [ 0.0, 0.0, 15.5, 0.5 ] },
								"down": { "texture": "#oak", "uv": [ 0.0, 0.0, 15.5, 0.5 ] }
							}
						},
						{
							"name": "Cube8",
							"from": [ 5.9, -0.1, 0.0 ],
							"to": [ 8.9, 0.9, 0.5 ],
							"rotationOrigin": [ 5.9, -0.1, -0.5 ],
							"rotationY": 22.5,
							"faces": {
								"north": { "texture": "#oak", "uv": [ 0.0, 0.0, 3.0, 1.0 ] },
								"east": { "texture": "#oak", "uv": [ 0.0, 0.0, 0.5, 1.0 ] },
								"up": { "texture": "#oak", "uv": [ 8.5, 11.0, 11.5, 11.5 ] },
								"down": { "texture": "#oak", "uv": [ 0.0, 0.0, 3.0, 0.5 ] }
							}
						},
						{
							"name": "Cube12",
							"from": [ 6.0, -0.1, 0.5 ],
							"to": [ 10.0, 0.9, 1.0 ],
							"rotationOrigin": [ 6.0, -0.1, 0.0 ],
							"rotationY": 22.5,
							"faces": {
								"north": { "texture": "#oak", "uv": [ 0.0, 0.0, 4.0, 1.0 ] },
								"east": { "texture": "#oak", "uv": [ 0.0, 0.0, 0.5, 1.0 ] },
								"south": { "texture": "#oak", "uv": [ 0.0, 0.0, 4.0, 1.0 ] },
								"up": { "texture": "#oak", "uv": [ 1.0, 11.0, 5.0, 11.5 ] },
								"down": { "texture": "#oak", "uv": [ 0.0, 0.0, 4.0, 0.5 ] }
							}
						}
					]
				}
			]
		},
		{
			"name": "stickR2",
			"from": [ 15.3, 6.4, 1.6 ],
			"to": [ 15.3, 6.4, 1.6 ],
			"rotationOrigin": [ 14.3, 7.4, 0.6 ],
			"rotationX": -90.0,
			"rotationY": 45.0,
			"rotationZ": -180.0,
			"faces": {
			},
			"children": [
				{
					"name": "long4",
					"from": [ -8.8, 0.0, 0.0 ],
					"to": [ 7.2, 1.5, 1.0 ],
					"rotationOrigin": [ 0.0, 0.0, 0.0 ],
					"rotationY": -45.0,
					"faces": {
						"north": { "texture": "#oak", "uv": [ 0.0, 3.5, 16.0, 4.5 ], "autoUv": false },
						"east": { "texture": "#oak", "uv": [ 1.5, 3.0, 2.5, 4.5 ] },
						"south": { "texture": "#oak", "uv": [ 0.0, 13.0, 16.0, 14.5 ] },
						"west": { "texture": "#oak", "uv": [ 1.0, 3.5, 2.0, 5.0 ] },
						"up": { "texture": "#oak", "uv": [ 0.0, 12.5, 16.0, 13.5 ] },
						"down": { "texture": "#oak", "uv": [ 0.0, 2.5, 16.0, 3.5 ], "autoUv": false }
					},
					"children": [
						{
							"name": "Cube4",
							"from": [ -0.5, 0.0, 1.0 ],
							"to": [ 15.1, 1.5, 1.5 ],
							"rotationOrigin": [ -0.5, 0.0, 1.0 ],
							"faces": {
								"east": { "texture": "#oak", "uv": [ 0.0, 0.0, 0.5, 1.5 ] },
								"south": { "texture": "#oak", "uv": [ 0.0, 0.0, 15.5, 1.5 ] },
								"west": { "texture": "#oak", "uv": [ 0.0, 0.0, 0.5, 1.5 ] },
								"up": { "texture": "#oak", "uv": [ 0.0, 0.0, 15.5, 0.5 ] },
								"down": { "texture": "#oak", "uv": [ 0.0, 0.0, 15.5, 0.5 ] }
							}
						},
						{
							"name": "Cube9",
							"from": [ 5.9, -0.1, 0.0 ],
							"to": [ 8.9, 0.9, 0.5 ],
							"rotationOrigin": [ 5.9, -0.1, -0.5 ],
							"rotationY": 22.5,
							"faces": {
								"north": { "texture": "#oak", "uv": [ 0.0, 0.0, 3.0, 1.0 ] },
								"east": { "texture": "#oak", "uv": [ 0.0, 0.0, 0.5, 1.0 ] },
								"up": { "texture": "#oak", "uv": [ 8.5, 11.0, 11.5, 11.5 ] },
								"down": { "texture": "#oak", "uv": [ 0.0, 0.0, 3.0, 0.5 ] }
							}
						},
						{
							"name": "Cube13",
							"from": [ 6.0, -0.1, 0.5 ],
							"to": [ 10.0, 0.9, 1.0 ],
							"rotationOrigin": [ 6.0, -0.1, 0.0 ],
							"rotationY": 22.5,
							"faces": {
								"north": { "texture": "#oak", "uv": [ 0.0, 0.0, 4.0, 1.0 ] },
								"east": { "texture": "#oak", "uv": [ 0.0, 0.0, 0.5, 1.0 ] },
								"south": { "texture": "#oak", "uv": [ 0.0, 0.0, 4.0, 1.0 ] },
								"up": { "texture": "#oak", "uv": [ 1.0, 11.0, 5.0, 11.5 ] },
								"down": { "texture": "#oak", "uv": [ 0.0, 0.0, 4.0, 0.5 ] }
							}
						}
					]
				}
			]
		},
		{
			"name": "stick1",
			"from": [ 8.6, 2.3, 16.6 ],
			"to": [ 8.6, 2.3, 16.6 ],
			"rotationOrigin": [ 7.6, 3.3, 15.6 ],
			"rotationX": 112.5,
			"rotationY": 45.0,
			"rotationZ": -3.0,
			"faces": {
			},
			"children": [
				{
					"name": "long5",
					"from": [ -8.8, 0.0, 0.0 ],
					"to": [ 7.2, 1.5, 1.0 ],
					"rotationOrigin": [ 0.0, 0.0, 0.0 ],
					"rotationY": -45.0,
					"faces": {
						"north": { "texture": "#oak", "uv": [ 0.0, 3.5, 16.0, 4.5 ], "autoUv": false },
						"east": { "texture": "#oak", "uv": [ 1.5, 3.0, 2.5, 4.5 ] },
						"south": { "texture": "#oak", "uv": [ 0.0, 13.0, 16.0, 14.5 ] },
						"west": { "texture": "#oak", "uv": [ 1.0, 3.5, 2.0, 5.0 ] },
						"up": { "texture": "#oak", "uv": [ 0.0, 12.5, 16.0, 13.5 ] },
						"down": { "texture": "#oak", "uv": [ 0.0, 2.5, 16.0, 3.5 ], "autoUv": false }
					},
					"children": [
						{
							"name": "Cube5",
							"from": [ -0.5, 0.0, 1.0 ],
							"to": [ 15.1, 1.5, 1.5 ],
							"rotationOrigin": [ -0.5, 0.0, 1.0 ],
							"faces": {
								"east": { "texture": "#oak", "uv": [ 0.0, 0.0, 0.5, 1.5 ] },
								"south": { "texture": "#oak", "uv": [ 0.0, 0.0, 15.5, 1.5 ] },
								"west": { "texture": "#oak", "uv": [ 0.0, 0.0, 0.5, 1.5 ] },
								"up": { "texture": "#oak", "uv": [ 0.0, 0.0, 15.5, 0.5 ] },
								"down": { "texture": "#oak", "uv": [ 0.0, 0.0, 15.5, 0.5 ] }
							}
						},
						{
							"name": "Cube14",
							"from": [ 5.9, -0.1, 0.0 ],
							"to": [ 8.9, 0.9, 0.5 ],
							"rotationOrigin": [ 5.9, -0.1, -0.5 ],
							"rotationY": 22.5,
							"faces": {
								"north": { "texture": "#oak", "uv": [ 0.0, 0.0, 3.0, 1.0 ] },
								"east": { "texture": "#oak", "uv": [ 0.0, 0.0, 0.5, 1.0 ] },
								"up": { "texture": "#oak", "uv": [ 8.5, 11.0, 11.5, 11.5 ] },
								"down": { "texture": "#oak", "uv": [ 0.0, 0.0, 3.0, 0.5 ] }
							}
						},
						{
							"name": "Cube15",
							"from": [ 6.0, -0.1, 0.5 ],
							"to": [ 10.0, 0.9, 1.0 ],
							"rotationOrigin": [ 6.0, -0.1, 0.0 ],
							"rotationY": 22.5,
							"faces": {
								"north": { "texture": "#oak", "uv": [ 0.0, 0.0, 4.0, 1.0 ] },
								"east": { "texture": "#oak", "uv": [ 0.0, 0.0, 0.5, 1.0 ] },
								"south": { "texture": "#oak", "uv": [ 0.0, 0.0, 4.0, 1.0 ] },
								"up": { "texture": "#oak", "uv": [ 1.0, 11.0, 5.0, 11.5 ] },
								"down": { "texture": "#oak", "uv": [ 0.0, 0.0, 4.0, 0.5 ] }
							}
						}
					]
				}
			]
		},
		{
			"name": "stick2",
			"from": [ 8.6, 8.0, 15.7 ],
			"to": [ 8.6, 8.0, 15.7 ],
			"rotationOrigin": [ 7.6, 9.0, 14.7 ],
			"rotationX": -67.5,
			"rotationY": 45.0,
			"rotationZ": 3.0,
			"faces": {
			},
			"children": [
				{
					"name": "long6",
					"from": [ -8.8, 0.0, 0.0 ],
					"to": [ 7.2, 1.5, 1.0 ],
					"rotationOrigin": [ 0.0, 0.0, 0.0 ],
					"rotationY": -45.0,
					"faces": {
						"north": { "texture": "#oak", "uv": [ 0.0, 3.5, 16.0, 4.5 ], "autoUv": false },
						"east": { "texture": "#oak", "uv": [ 1.5, 3.0, 2.5, 4.5 ] },
						"south": { "texture": "#oak", "uv": [ 0.0, 13.0, 16.0, 14.5 ] },
						"west": { "texture": "#oak", "uv": [ 1.0, 3.5, 2.0, 5.0 ] },
						"up": { "texture": "#oak", "uv": [ 0.0, 12.5, 16.0, 13.5 ] },
						"down": { "texture": "#oak", "uv": [ 0.0, 2.5, 16.0, 3.5 ], "autoUv": false }
					},
					"children": [
						{
							"name": "Cube16",
							"from": [ -0.5, 0.0, 1.0 ],
							"to": [ 15.1, 1.5, 1.5 ],
							"rotationOrigin": [ -0.5, 0.0, 1.0 ],
							"faces": {
								"east": { "texture": "#oak", "uv": [ 0.0, 0.0, 0.5, 1.5 ] },
								"south": { "texture": "#oak", "uv": [ 0.0, 0.0, 15.5, 1.5 ] },
								"west": { "texture": "#oak", "uv": [ 0.0, 0.0, 0.5, 1.5 ] },
								"up": { "texture": "#oak", "uv": [ 0.0, 0.0, 15.5, 0.5 ] },
								"down": { "texture": "#oak", "uv": [ 0.0, 0.0, 15.5, 0.5 ] }
							}
						},
						{
							"name": "Cube17",
							"from": [ 5.9, -0.1, 0.0 ],
							"to": [ 8.9, 0.9, 0.5 ],
							"rotationOrigin": [ 5.9, -0.1, -0.5 ],
							"rotationY": 22.5,
							"faces": {
								"north": { "texture": "#oak", "uv": [ 0.0, 0.0, 3.0, 1.0 ] },
								"east": { "texture": "#oak", "uv": [ 0.0, 0.0, 0.5, 1.0 ] },
								"up": { "texture": "#oak", "uv": [ 8.5, 11.0, 11.5, 11.5 ] },
								"down": { "texture": "#oak", "uv": [ 0.0, 0.0, 3.0, 0.5 ] }
							}
						},
						{
							"name": "Cube18",
							"from": [ 6.0, -0.1, 0.5 ],
							"to": [ 10.0, 0.9, 1.0 ],
							"rotationOrigin": [ 6.0, -0.1, 0.0 ],
							"rotationY": 22.5,
							"faces": {
								"north": { "texture": "#oak", "uv": [ 0.0, 0.0, 4.0, 1.0 ] },
								"east": { "texture": "#oak", "uv": [ 0.0, 0.0, 0.5, 1.0 ] },
								"south": { "texture": "#oak", "uv": [ 0.0, 0.0, 4.0, 1.0 ] },
								"up": { "texture": "#oak", "uv": [ 1.0, 11.0, 5.0, 11.5 ] },
								"down": { "texture": "#oak", "uv": [ 0.0, 0.0, 4.0, 0.5 ] }
							}
						}
					]
				}
			]
		},
		{
			"name": "stickUp1",
			"from": [ 8.4, 13.4, 15.8 ],
			"to": [ 8.4, 13.4, 15.8 ],
			"rotationOrigin": [ 7.4, 14.4, 14.8 ],
			"rotationX": -88.0,
			"rotationY": 45.0,
			"rotationZ": 2.0,
			"faces": {
			},
			"children": [
				{
					"name": "long7",
					"from": [ -8.8, 0.0, 0.0 ],
					"to": [ 7.2, 1.5, 1.0 ],
					"rotationOrigin": [ 0.0, 0.0, 0.0 ],
					"rotationY": -45.0,
					"faces": {
						"north": { "texture": "#oak", "uv": [ 0.0, 3.5, 16.0, 4.5 ], "autoUv": false },
						"east": { "texture": "#oak", "uv": [ 1.5, 3.0, 2.5, 4.5 ] },
						"south": { "texture": "#oak", "uv": [ 0.0, 13.0, 16.0, 14.5 ] },
						"west": { "texture": "#oak", "uv": [ 1.0, 3.5, 2.0, 5.0 ] },
						"up": { "texture": "#oak", "uv": [ 0.0, 12.5, 16.0, 13.5 ] },
						"down": { "texture": "#oak", "uv": [ 0.0, 2.5, 16.0, 3.5 ], "autoUv": false }
					},
					"children": [
						{
							"name": "Cube19",
							"from": [ -0.5, 0.0, 1.0 ],
							"to": [ 15.1, 1.5, 1.5 ],
							"rotationOrigin": [ -0.5, 0.0, 1.0 ],
							"faces": {
								"east": { "texture": "#oak", "uv": [ 0.0, 0.0, 0.5, 1.5 ] },
								"south": { "texture": "#oak", "uv": [ 0.0, 0.0, 15.5, 1.5 ] },
								"west": { "texture": "#oak", "uv": [ 0.0, 0.0, 0.5, 1.5 ] },
								"up": { "texture": "#oak", "uv": [ 0.0, 0.0, 15.5, 0.5 ] },
								"down": { "texture": "#oak", "uv": [ 0.0, 0.0, 15.5, 0.5 ] }
							}
						},
						{
							"name": "Cube20",
							"from": [ 5.9, -0.1, 0.0 ],
							"to": [ 8.9, 0.9, 0.5 ],
							"rotationOrigin": [ 5.9, -0.1, -0.5 ],
							"rotationY": 22.5,
							"faces": {
								"north": { "texture": "#oak", "uv": [ 0.0, 0.0, 3.0, 1.0 ] },
								"east": { "texture": "#oak", "uv": [ 0.0, 0.0, 0.5, 1.0 ] },
								"up": { "texture": "#oak", "uv": [ 8.5, 11.0, 11.5, 11.5 ] },
								"down": { "texture": "#oak", "uv": [ 0.0, 0.0, 3.0, 0.5 ] }
							}
						},
						{
							"name": "Cube21",
							"from": [ 6.0, -0.1, 0.5 ],
							"to": [ 10.0, 0.9, 1.0 ],
							"rotationOrigin": [ 6.0, -0.1, 0.0 ],
							"rotationY": 22.5,
							"faces": {
								"north": { "texture": "#oak", "uv": [ 0.0, 0.0, 4.0, 1.0 ] },
								"east": { "texture": "#oak", "uv": [ 0.0, 0.0, 0.5, 1.0 ] },
								"south": { "texture": "#oak", "uv": [ 0.0, 0.0, 4.0, 1.0 ] },
								"up": { "texture": "#oak", "uv": [ 1.0, 11.0, 5.0, 11.5 ] },
								"down": { "texture": "#oak", "uv": [ 0.0, 0.0, 4.0, 0.5 ] }
							}
						}
					]
				}
			]
		},
		{
			"name": "stickUp2",
			"from": [ 8.6, 13.3, 1.3 ],
			"to": [ 8.6, 13.3, 1.3 ],
			"rotationOrigin": [ 7.6, 14.3, 0.3 ],
			"rotationX": -88.0,
			"rotationY": 45.0,
			"rotationZ": 1.0,
			"faces": {
			},
			"children": [
				{
					"name": "long8",
					"from": [ -8.8, 0.0, 0.0 ],
					"to": [ 7.2, 1.5, 1.0 ],
					"rotationOrigin": [ 0.0, 0.0, 0.0 ],
					"rotationY": -45.0,
					"faces": {
						"north": { "texture": "#oak", "uv": [ 0.0, 3.5, 16.0, 4.5 ], "autoUv": false },
						"east": { "texture": "#oak", "uv": [ 1.5, 3.0, 2.5, 4.5 ] },
						"south": { "texture": "#oak", "uv": [ 0.0, 13.0, 16.0, 14.5 ] },
						"west": { "texture": "#oak", "uv": [ 1.0, 3.5, 2.0, 5.0 ] },
						"up": { "texture": "#oak", "uv": [ 0.0, 12.5, 16.0, 13.5 ] },
						"down": { "texture": "#oak", "uv": [ 0.0, 2.5, 16.0, 3.5 ], "autoUv": false }
					},
					"children": [
						{
							"name": "Cube22",
							"from": [ -0.5, 0.0, 1.0 ],
							"to": [ 15.1, 1.5, 1.5 ],
							"rotationOrigin": [ -0.5, 0.0, 1.0 ],
							"faces": {
								"east": { "texture": "#oak", "uv": [ 0.0, 0.0, 0.5, 1.5 ] },
								"south": { "texture": "#oak", "uv": [ 0.0, 0.0, 15.5, 1.5 ] },
								"west": { "texture": "#oak", "uv": [ 0.0, 0.0, 0.5, 1.5 ] },
								"up": { "texture": "#oak", "uv": [ 0.0, 0.0, 15.5, 0.5 ] },
								"down": { "texture": "#oak", "uv": [ 0.0, 0.0, 15.5, 0.5 ] }
							}
						},
						{
							"name": "Cube23",
							"from": [ 5.9, -0.1, 0.0 ],
							"to": [ 8.9, 0.9, 0.5 ],
							"rotationOrigin": [ 5.9, -0.1, -0.5 ],
							"rotationY": 22.5,
							"faces": {
								"north": { "texture": "#oak", "uv": [ 0.0, 0.0, 3.0, 1.0 ] },
								"east": { "texture": "#oak", "uv": [ 0.0, 0.0, 0.5, 1.0 ] },
								"up": { "texture": "#oak", "uv": [ 8.5, 11.0, 11.5, 11.5 ] },
								"down": { "texture": "#oak", "uv": [ 0.0, 0.0, 3.0, 0.5 ] }
							}
						},
						{
							"name": "Cube24",
							"from": [ 6.0, -0.1, 0.5 ],
							"to": [ 10.0, 0.9, 1.0 ],
							"rotationOrigin": [ 6.0, -0.1, 0.0 ],
							"rotationY": 22.5,
							"faces": {
								"north": { "texture": "#oak", "uv": [ 0.0, 0.0, 4.0, 1.0 ] },
								"east": { "texture": "#oak", "uv": [ 0.0, 0.0, 0.5, 1.0 ] },
								"south": { "texture": "#oak", "uv": [ 0.0, 0.0, 4.0, 1.0 ] },
								"up": { "texture": "#oak", "uv": [ 1.0, 11.0, 5.0, 11.5 ] },
								"down": { "texture": "#oak", "uv": [ 0.0, 0.0, 4.0, 0.5 ] }
							}
						}
					]
				}
			]
		},
		{
			"name": "stickUp3",
			"from": [ 2.8, 13.6, 9.4 ],
			"to": [ 2.8, 13.6, 9.4 ],
			"rotationOrigin": [ 1.8, 14.6, 8.4 ],
			"rotationX": -180.0,
			"rotationY": -45.0,
			"faces": {
			},
			"children": [
				{
					"name": "long9",
					"from": [ -8.8, 0.0, 0.0 ],
					"to": [ 7.2, 1.5, 1.0 ],
					"rotationOrigin": [ 0.0, 0.0, 0.0 ],
					"rotationY": -45.0,
					"faces": {
						"north": { "texture": "#oak", "uv": [ 0.0, 3.5, 16.0, 4.5 ], "autoUv": false },
						"east": { "texture": "#oak", "uv": [ 1.5, 3.0, 2.5, 4.5 ] },
						"south": { "texture": "#oak", "uv": [ 0.0, 13.0, 16.0, 14.5 ] },
						"west": { "texture": "#oak", "uv": [ 1.0, 3.5, 2.0, 5.0 ] },
						"up": { "texture": "#oak", "uv": [ 0.0, 12.5, 16.0, 13.5 ] },
						"down": { "texture": "#oak", "uv": [ 0.0, 2.5, 16.0, 3.5 ], "autoUv": false }
					},
					"children": [
						{
							"name": "Cube25",
							"from": [ -0.5, 0.0, 1.0 ],
							"to": [ 15.1, 1.5, 1.5 ],
							"rotationOrigin": [ -0.5, 0.0, 1.0 ],
							"faces": {
								"east": { "texture": "#oak", "uv": [ 0.0, 0.0, 0.5, 1.5 ] },
								"south": { "texture": "#oak", "uv": [ 0.0, 0.0, 15.5, 1.5 ] },
								"west": { "texture": "#oak", "uv": [ 0.0, 0.0, 0.5, 1.5 ] },
								"up": { "texture": "#oak", "uv": [ 0.0, 0.0, 15.5, 0.5 ] },
								"down": { "texture": "#oak", "uv": [ 0.0, 0.0, 15.5, 0.5 ] }
							}
						},
						{
							"name": "Cube26",
							"from": [ 5.9, -0.1, 0.0 ],
							"to": [ 8.9, 0.9, 0.5 ],
							"rotationOrigin": [ 5.9, -0.1, -0.5 ],
							"rotationY": 22.5,
							"faces": {
								"north": { "texture": "#oak", "uv": [ 0.0, 0.0, 3.0, 1.0 ] },
								"east": { "texture": "#oak", "uv": [ 0.0, 0.0, 0.5, 1.0 ] },
								"up": { "texture": "#oak", "uv": [ 8.5, 11.0, 11.5, 11.5 ] },
								"down": { "texture": "#oak", "uv": [ 0.0, 0.0, 3.0, 0.5 ] }
							}
						},
						{
							"name": "Cube27",
							"from": [ 6.0, -0.1, 0.5 ],
							"to": [ 10.0, 0.9, 1.0 ],
							"rotationOrigin": [ 6.0, -0.1, 0.0 ],
							"rotationY": 22.5,
							"faces": {
								"north": { "texture": "#oak", "uv": [ 0.0, 0.0, 4.0, 1.0 ] },
								"east": { "texture": "#oak", "uv": [ 0.0, 0.0, 0.5, 1.0 ] },
								"south": { "texture": "#oak", "uv": [ 0.0, 0.0, 4.0, 1.0 ] },
								"up": { "texture": "#oak", "uv": [ 1.0, 11.0, 5.0, 11.5 ] },
								"down": { "texture": "#oak", "uv": [ 0.0, 0.0, 4.0, 0.5 ] }
							}
						}
					]
				}
			]
		},
		{
			"name": "stickUp4",
			"from": [ 15.7, 13.4, 8.4 ],
			"to": [ 15.7, 13.4, 8.4 ],
			"rotationOrigin": [ 14.7, 14.4, 7.4 ],
			"rotationX": -180.0,
			"rotationY": 135.0,
			"rotationZ": 3.0,
			"faces": {
			},
			"children": [
				{
					"name": "long10",
					"from": [ -8.8, 0.0, 0.0 ],
					"to": [ 7.2, 1.5, 1.0 ],
					"rotationOrigin": [ 0.0, 0.0, 0.0 ],
					"rotationY": -45.0,
					"faces": {
						"north": { "texture": "#oak", "uv": [ 0.0, 3.5, 16.0, 4.5 ], "autoUv": false },
						"east": { "texture": "#oak", "uv": [ 1.5, 3.0, 2.5, 4.5 ] },
						"south": { "texture": "#oak", "uv": [ 0.0, 13.0, 16.0, 14.5 ] },
						"west": { "texture": "#oak", "uv": [ 1.0, 3.5, 2.0, 5.0 ] },
						"up": { "texture": "#oak", "uv": [ 0.0, 12.5, 16.0, 13.5 ] },
						"down": { "texture": "#oak", "uv": [ 0.0, 2.5, 16.0, 3.5 ], "autoUv": false }
					},
					"children": [
						{
							"name": "Cube28",
							"from": [ -0.5, 0.0, 1.0 ],
							"to": [ 15.1, 1.5, 1.5 ],
							"rotationOrigin": [ -0.5, 0.0, 1.0 ],
							"faces": {
								"east": { "texture": "#oak", "uv": [ 0.0, 0.0, 0.5, 1.5 ] },
								"south": { "texture": "#oak", "uv": [ 0.0, 0.0, 15.5, 1.5 ] },
								"west": { "texture": "#oak", "uv": [ 0.0, 0.0, 0.5, 1.5 ] },
								"up": { "texture": "#oak", "uv": [ 0.0, 0.0, 15.5, 0.5 ] },
								"down": { "texture": "#oak", "uv": [ 0.0, 0.0, 15.5, 0.5 ] }
							}
						},
						{
							"name": "Cube29",
							"from": [ 5.9, -0.1, 0.0 ],
							"to": [ 8.9, 0.9, 0.5 ],
							"rotationOrigin": [ 5.9, -0.1, -0.5 ],
							"rotationY": 22.5,
							"faces": {
								"north": { "texture": "#oak", "uv": [ 0.0, 0.0, 3.0, 1.0 ] },
								"east": { "texture": "#oak", "uv": [ 0.0, 0.0, 0.5, 1.0 ] },
								"up": { "texture": "#oak", "uv": [ 8.5, 11.0, 11.5, 11.5 ] },
								"down": { "texture": "#oak", "uv": [ 0.0, 0.0, 3.0, 0.5 ] }
							}
						},
						{
							"name": "Cube30",
							"from": [ 6.0, -0.1, 0.5 ],
							"to": [ 10.0, 0.9, 1.0 ],
							"rotationOrigin": [ 6.0, -0.1, 0.0 ],
							"rotationY": 22.5,
							"faces": {
								"north": { "texture": "#oak", "uv": [ 0.0, 0.0, 4.0, 1.0 ] },
								"east": { "texture": "#oak", "uv": [ 0.0, 0.0, 0.5, 1.0 ] },
								"south": { "texture": "#oak", "uv": [ 0.0, 0.0, 4.0, 1.0 ] },
								"up": { "texture": "#oak", "uv": [ 1.0, 11.0, 5.0, 11.5 ] },
								"down": { "texture": "#oak", "uv": [ 0.0, 0.0, 4.0, 0.5 ] }
							}
						}
					]
				}
			]
		},
		{
			"name": "stickUp5",
			"from": [ 6.9, 13.2, 8.8 ],
			"to": [ 6.9, 13.2, 8.8 ],
			"rotationOrigin": [ 5.9, 14.2, 7.8 ],
			"rotationX": 157.5,
			"rotationY": 67.0,
			"rotationZ": 16.0,
			"faces": {
			},
			"children": [
				{
					"name": "long11",
					"from": [ -8.8, 0.0, 0.0 ],
					"to": [ 11.2, 1.5, 1.0 ],
					"rotationOrigin": [ 0.0, 0.0, 0.0 ],
					"rotationY": -45.0,
					"faces": {
						"north": { "texture": "#oak", "uv": [ 0.5, 3.5, 16.0, 4.5 ], "autoUv": false },
						"east": { "texture": "#oak", "uv": [ 1.5, 3.0, 2.5, 4.5 ] },
						"south": { "texture": "#oak", "uv": [ 0.5, 13.0, 16.0, 14.5 ], "autoUv": false },
						"west": { "texture": "#oak", "uv": [ 1.0, 3.5, 2.0, 5.0 ] },
						"up": { "texture": "#oak", "uv": [ 0.5, 12.5, 16.0, 13.5 ], "autoUv": false },
						"down": { "texture": "#oak", "uv": [ 0.5, 2.5, 16.0, 3.5 ], "autoUv": false }
					},
					"children": [
						{
							"name": "Cube31",
							"from": [ -0.5, 0.0, 1.0 ],
							"to": [ 18.1, 1.5, 1.5 ],
							"rotationOrigin": [ -0.5, 0.0, 1.0 ],
							"faces": {
								"east": { "texture": "#oak", "uv": [ 0.0, 0.0, 0.5, 1.5 ] },
								"south": { "texture": "#oak", "uv": [ 0.0, 0.0, 16.0, 2.0 ], "autoUv": false },
								"west": { "texture": "#oak", "uv": [ 0.0, 0.0, 0.5, 1.5 ] },
								"up": { "texture": "#oak", "uv": [ 0.0, 0.0, 16.0, 0.5 ], "autoUv": false },
								"down": { "texture": "#oak", "uv": [ 0.0, 0.0, 16.0, 0.5 ], "autoUv": false }
							}
						}
					]
				}
			]
		},
		{
			"name": "stickUp6",
			"from": [ 8.6, 14.1, 6.6 ],
			"to": [ 8.6, 14.1, 6.6 ],
			"rotationOrigin": [ 7.6, 15.1, 5.6 ],
			"rotationY": -60.0,
			"faces": {
			},
			"children": [
				{
					"name": "long12",
					"from": [ -8.8, 0.0, 0.0 ],
					"to": [ 10.2, 1.5, 1.0 ],
					"rotationOrigin": [ 0.0, 0.0, 0.0 ],
					"rotationY": -45.0,
					"faces": {
						"north": { "texture": "#oak", "uv": [ 0.5, 3.5, 16.0, 4.5 ], "autoUv": false },
						"east": { "texture": "#oak", "uv": [ 1.5, 3.0, 2.5, 4.5 ] },
						"south": { "texture": "#oak", "uv": [ 0.5, 13.0, 16.0, 14.5 ], "autoUv": false },
						"west": { "texture": "#oak", "uv": [ 1.0, 3.5, 2.0, 5.0 ] },
						"up": { "texture": "#oak", "uv": [ 0.5, 12.5, 16.0, 13.5 ], "autoUv": false },
						"down": { "texture": "#oak", "uv": [ 0.5, 2.5, 16.0, 3.5 ], "autoUv": false }
					},
					"children": [
						{
							"name": "Cube34",
							"from": [ -0.5, 0.0, 1.0 ],
							"to": [ 19.5, 1.5, 1.5 ],
							"rotationOrigin": [ -0.5, 0.0, 1.0 ],
							"faces": {
								"east": { "texture": "#oak", "uv": [ 0.0, 0.0, 0.5, 1.5 ] },
								"south": { "texture": "#oak", "uv": [ 0.0, 0.0, 16.0, 2.0 ], "autoUv": false },
								"west": { "texture": "#oak", "uv": [ 0.0, 0.0, 0.5, 1.5 ] },
								"up": { "texture": "#oak", "uv": [ 0.0, 0.0, 16.0, 0.5 ], "autoUv": false },
								"down": { "texture": "#oak", "uv": [ 0.0, 0.0, 16.0, 0.5 ], "autoUv": false }
							}
						}
					]
				}
			]
		},
		{
			"name": "stick3",
			"from": [ 8.6, 2.3, 2.0 ],
			"to": [ 8.6, 2.3, 2.0 ],
			"rotationOrigin": [ 7.6, 3.3, 1.0 ],
			"rotationX": 93.5,
			"rotationY": 49.0,
			"rotationZ": -3.0,
			"faces": {
			},
			"children": [
				{
					"name": "long13",
					"from": [ -8.8, 0.0, 0.0 ],
					"to": [ 7.2, 1.5, 1.0 ],
					"rotationOrigin": [ 0.0, 0.0, 0.0 ],
					"rotationY": -45.0,
					"faces": {
						"north": { "texture": "#oak", "uv": [ 0.0, 3.5, 16.0, 4.5 ], "autoUv": false },
						"east": { "texture": "#oak", "uv": [ 1.5, 3.0, 2.5, 4.5 ] },
						"south": { "texture": "#oak", "uv": [ 0.0, 13.0, 16.0, 14.5 ] },
						"west": { "texture": "#oak", "uv": [ 1.0, 3.5, 2.0, 5.0 ] },
						"up": { "texture": "#oak", "uv": [ 0.0, 12.5, 16.0, 13.5 ] },
						"down": { "texture": "#oak", "uv": [ 0.0, 2.5, 16.0, 3.5 ], "autoUv": false }
					},
					"children": [
						{
							"name": "Cube32",
							"from": [ -0.5, 0.0, 1.0 ],
							"to": [ 15.1, 1.5, 1.5 ],
							"rotationOrigin": [ -0.5, 0.0, 1.0 ],
							"faces": {
								"east": { "texture": "#oak", "uv": [ 0.0, 0.0, 0.5, 1.5 ] },
								"south": { "texture": "#oak", "uv": [ 0.0, 0.0, 15.5, 1.5 ] },
								"west": { "texture": "#oak", "uv": [ 0.0, 0.0, 0.5, 1.5 ] },
								"up": { "texture": "#oak", "uv": [ 0.0, 0.0, 15.5, 0.5 ] },
								"down": { "texture": "#oak", "uv": [ 0.0, 0.0, 15.5, 0.5 ] }
							}
						},
						{
							"name": "Cube33",
							"from": [ 5.9, -0.1, 0.0 ],
							"to": [ 8.9, 0.9, 0.5 ],
							"rotationOrigin": [ 5.9, -0.1, -0.5 ],
							"rotationY": 22.5,
							"faces": {
								"north": { "texture": "#oak", "uv": [ 0.0, 0.0, 3.0, 1.0 ] },
								"east": { "texture": "#oak", "uv": [ 0.0, 0.0, 0.5, 1.0 ] },
								"up": { "texture": "#oak", "uv": [ 8.5, 11.0, 11.5, 11.5 ] },
								"down": { "texture": "#oak", "uv": [ 0.0, 0.0, 3.0, 0.5 ] }
							}
						},
						{
							"name": "Cube35",
							"from": [ 6.0, -0.1, 0.5 ],
							"to": [ 10.0, 0.9, 1.0 ],
							"rotationOrigin": [ 6.0, -0.1, 0.0 ],
							"rotationY": 22.5,
							"faces": {
								"north": { "texture": "#oak", "uv": [ 0.0, 0.0, 4.0, 1.0 ] },
								"east": { "texture": "#oak", "uv": [ 0.0, 0.0, 0.5, 1.0 ] },
								"south": { "texture": "#oak", "uv": [ 0.0, 0.0, 4.0, 1.0 ] },
								"up": { "texture": "#oak", "uv": [ 1.0, 11.0, 5.0, 11.5 ] },
								"down": { "texture": "#oak", "uv": [ 0.0, 0.0, 4.0, 0.5 ] }
							}
						}
					]
				}
			]
		},
		{
			"name": "stick4",
			"from": [ 8.4, 9.4, 2.0 ],
			"to": [ 8.4, 9.4, 2.0 ],
			"rotationOrigin": [ 7.4, 10.4, 1.0 ],
			"rotationX": 90.0,
			"rotationY": 45.0,
			"rotationZ": -4.0,
			"faces": {
			},
			"children": [
				{
					"name": "long14",
					"from": [ -8.8, 0.0, 0.0 ],
					"to": [ 7.2, 1.5, 1.0 ],
					"rotationOrigin": [ 0.0, 0.0, 0.0 ],
					"rotationY": -45.0,
					"faces": {
						"north": { "texture": "#oak", "uv": [ 0.0, 3.5, 16.0, 4.5 ], "autoUv": false },
						"east": { "texture": "#oak", "uv": [ 1.5, 3.0, 2.5, 4.5 ] },
						"south": { "texture": "#oak", "uv": [ 0.0, 13.0, 16.0, 14.5 ] },
						"west": { "texture": "#oak", "uv": [ 1.0, 3.5, 2.0, 5.0 ] },
						"up": { "texture": "#oak", "uv": [ 0.0, 12.5, 16.0, 13.5 ] },
						"down": { "texture": "#oak", "uv": [ 0.0, 2.5, 16.0, 3.5 ], "autoUv": false }
					},
					"children": [
						{
							"name": "Cube36",
							"from": [ -0.5, 0.0, 1.0 ],
							"to": [ 15.1, 1.5, 1.5 ],
							"rotationOrigin": [ -0.5, 0.0, 1.0 ],
							"faces": {
								"east": { "texture": "#oak", "uv": [ 0.0, 0.0, 0.5, 1.5 ] },
								"south": { "texture": "#oak", "uv": [ 0.0, 0.0, 15.5, 1.5 ] },
								"west": { "texture": "#oak", "uv": [ 0.0, 0.0, 0.5, 1.5 ] },
								"up": { "texture": "#oak", "uv": [ 0.0, 0.0, 15.5, 0.5 ] },
								"down": { "texture": "#oak", "uv": [ 0.0, 0.0, 15.5, 0.5 ] }
							}
						}
					]
				}
			]
		},
		{
			"name": "stick5",
			"from": [ 2.8, 2.6, 7.0 ],
			"to": [ 2.8, 2.6, 7.0 ],
			"rotationOrigin": [ 1.8, 3.6, 6.0 ],
			"rotationY": -45.0,
			"rotationZ": -3.0,
			"faces": {
			},
			"children": [
				{
					"name": "long15",
					"from": [ -8.8, 0.0, 0.0 ],
					"to": [ 10.2, 1.5, 1.0 ],
					"rotationOrigin": [ 0.0, 0.0, 0.0 ],
					"rotationY": -45.0,
					"faces": {
						"north": { "texture": "#oak", "uv": [ 0.0, 3.5, 16.0, 4.5 ], "autoUv": false },
						"east": { "texture": "#oak", "uv": [ 1.5, 3.0, 2.5, 4.5 ] },
						"south": { "texture": "#oak", "uv": [ 0.0, 13.0, 16.0, 14.5 ], "autoUv": false },
						"west": { "texture": "#oak", "uv": [ 1.0, 3.5, 2.0, 5.0 ] },
						"up": { "texture": "#oak", "uv": [ 0.0, 12.5, 16.0, 13.5 ], "autoUv": false },
						"down": { "texture": "#oak", "uv": [ 0.0, 2.5, 16.0, 3.5 ], "autoUv": false }
					},
					"children": [
						{
							"name": "Cube37",
							"from": [ -0.5, 0.0, 1.0 ],
							"to": [ 18.1, 1.5, 1.5 ],
							"rotationOrigin": [ -0.5, 0.0, 1.0 ],
							"faces": {
								"east": { "texture": "#oak", "uv": [ 0.0, 0.0, 0.5, 1.5 ] },
								"south": { "texture": "#oak", "uv": [ 0.0, 0.0, 16.0, 1.5 ], "autoUv": false },
								"west": { "texture": "#oak", "uv": [ 0.0, 0.0, 0.5, 1.5 ] },
								"up": { "texture": "#oak", "uv": [ 0.0, 0.0, 16.0, 0.5 ], "autoUv": false },
								"down": { "texture": "#oak", "uv": [ 0.0, 0.0, 16.0, 0.5 ], "autoUv": false }
							}
						}
					]
				}
			]
		},
		{
			"name": "stick6",
			"from": [ 1.8, 9.8, 8.3 ],
			"to": [ 1.8, 9.8, 8.3 ],
			"rotationOrigin": [ 0.8, 10.8, 7.3 ],
			"rotationX": 45.0,
			"rotationZ": 90.0,
			"faces": {
			},
			"children": [
				{
					"name": "long16",
					"from": [ -8.8, 0.0, 0.0 ],
					"to": [ 7.2, 1.5, 1.0 ],
					"rotationOrigin": [ 0.0, 0.0, 0.0 ],
					"rotationY": -45.0,
					"faces": {
						"north": { "texture": "#oak", "uv": [ 0.0, 3.5, 16.0, 4.5 ], "autoUv": false },
						"east": { "texture": "#oak", "uv": [ 1.5, 3.0, 2.5, 4.5 ] },
						"south": { "texture": "#oak", "uv": [ 0.0, 13.0, 16.0, 14.5 ] },
						"west": { "texture": "#oak", "uv": [ 1.0, 3.5, 2.0, 5.0 ] },
						"up": { "texture": "#oak", "uv": [ 0.0, 12.5, 16.0, 13.5 ] },
						"down": { "texture": "#oak", "uv": [ 0.0, 2.5, 16.0, 3.5 ], "autoUv": false }
					},
					"children": [
						{
							"name": "Cube38",
							"from": [ -0.5, 0.0, 1.0 ],
							"to": [ 15.1, 1.5, 1.5 ],
							"rotationOrigin": [ -0.5, 0.0, 1.0 ],
							"faces": {
								"east": { "texture": "#oak", "uv": [ 0.0, 0.0, 0.5, 1.5 ] },
								"south": { "texture": "#oak", "uv": [ 0.0, 0.0, 15.5, 1.5 ] },
								"west": { "texture": "#oak", "uv": [ 0.0, 0.0, 0.5, 1.5 ] },
								"up": { "texture": "#oak", "uv": [ 0.0, 0.0, 15.5, 0.5 ] },
								"down": { "texture": "#oak", "uv": [ 0.0, 0.0, 15.5, 0.5 ] }
							}
						},
						{
							"name": "Cube39",
							"from": [ 5.9, -0.1, 0.0 ],
							"to": [ 8.9, 0.9, 0.5 ],
							"rotationOrigin": [ 5.9, -0.1, -0.5 ],
							"rotationY": 22.5,
							"faces": {
								"north": { "texture": "#oak", "uv": [ 0.0, 0.0, 3.0, 1.0 ] },
								"east": { "texture": "#oak", "uv": [ 0.0, 0.0, 0.5, 1.0 ] },
								"up": { "texture": "#oak", "uv": [ 8.5, 11.0, 11.5, 11.5 ] },
								"down": { "texture": "#oak", "uv": [ 0.0, 0.0, 3.0, 0.5 ] }
							}
						},
						{
							"name": "Cube40",
							"from": [ 6.0, -0.1, 0.5 ],
							"to": [ 10.0, 0.9, 1.0 ],
							"rotationOrigin": [ 6.0, -0.1, 0.0 ],
							"rotationY": 22.5,
							"faces": {
								"north": { "texture": "#oak", "uv": [ 0.0, 0.0, 4.0, 1.0 ] },
								"east": { "texture": "#oak", "uv": [ 0.0, 0.0, 0.5, 1.0 ] },
								"south": { "texture": "#oak", "uv": [ 0.0, 0.0, 4.0, 1.0 ] },
								"up": { "texture": "#oak", "uv": [ 1.0, 11.0, 5.0, 11.5 ] },
								"down": { "texture": "#oak", "uv": [ 0.0, 0.0, 4.0, 0.5 ] }
							}
						}
					]
				}
			]
		},
		{
			"name": "stick7",
			"from": [ 16.5, 2.8, 8.1 ],
			"to": [ 16.5, 2.8, 8.1 ],
			"rotationOrigin": [ 15.5, 3.8, 7.1 ],
			"rotationY": -45.0,
			"faces": {
			},
			"children": [
				{
					"name": "long17",
					"from": [ -8.8, 0.0, 0.0 ],
					"to": [ 7.2, 1.5, 1.0 ],
					"rotationOrigin": [ 0.0, 0.0, 0.0 ],
					"rotationY": -45.0,
					"faces": {
						"north": { "texture": "#oak", "uv": [ 0.0, 3.5, 16.0, 4.5 ], "autoUv": false },
						"east": { "texture": "#oak", "uv": [ 1.5, 3.0, 2.5, 4.5 ] },
						"south": { "texture": "#oak", "uv": [ 0.0, 13.0, 16.0, 14.5 ] },
						"west": { "texture": "#oak", "uv": [ 1.0, 3.5, 2.0, 5.0 ] },
						"up": { "texture": "#oak", "uv": [ 0.0, 12.5, 16.0, 13.5 ] },
						"down": { "texture": "#oak", "uv": [ 0.0, 2.5, 16.0, 3.5 ], "autoUv": false }
					},
					"children": [
						{
							"name": "Cube41",
							"from": [ -0.5, 0.0, 1.0 ],
							"to": [ 15.1, 1.5, 1.5 ],
							"rotationOrigin": [ -0.5, 0.0, 1.0 ],
							"faces": {
								"east": { "texture": "#oak", "uv": [ 0.0, 0.0, 0.5, 1.5 ] },
								"south": { "texture": "#oak", "uv": [ 0.0, 0.0, 15.5, 1.5 ] },
								"west": { "texture": "#oak", "uv": [ 0.0, 0.0, 0.5, 1.5 ] },
								"up": { "texture": "#oak", "uv": [ 0.0, 0.0, 15.5, 0.5 ] },
								"down": { "texture": "#oak", "uv": [ 0.0, 0.0, 15.5, 0.5 ] }
							}
						},
						{
							"name": "Cube42",
							"from": [ 5.9, -0.1, 0.0 ],
							"to": [ 8.9, 0.9, 0.5 ],
							"rotationOrigin": [ 5.9, -0.1, -0.5 ],
							"rotationY": 22.5,
							"faces": {
								"north": { "texture": "#oak", "uv": [ 0.0, 0.0, 3.0, 1.0 ] },
								"east": { "texture": "#oak", "uv": [ 0.0, 0.0, 0.5, 1.0 ] },
								"up": { "texture": "#oak", "uv": [ 8.5, 11.0, 11.5, 11.5 ] },
								"down": { "texture": "#oak", "uv": [ 0.0, 0.0, 3.0, 0.5 ] }
							}
						},
						{
							"name": "Cube43",
							"from": [ 6.0, -0.1, 0.5 ],
							"to": [ 10.0, 0.9, 1.0 ],
							"rotationOrigin": [ 6.0, -0.1, 0.0 ],
							"rotationY": 22.5,
							"faces": {
								"north": { "texture": "#oak", "uv": [ 0.0, 0.0, 4.0, 1.0 ] },
								"east": { "texture": "#oak", "uv": [ 0.0, 0.0, 0.5, 1.0 ] },
								"south": { "texture": "#oak", "uv": [ 0.0, 0.0, 4.0, 1.0 ] },
								"up": { "texture": "#oak", "uv": [ 1.0, 11.0, 5.0, 11.5 ] },
								"down": { "texture": "#oak", "uv": [ 0.0, 0.0, 4.0, 0.5 ] }
							}
						}
					]
				}
			]
		},
		{
			"name": "stick8",
			"from": [ 16.7, 8.8, 7.2 ],
			"to": [ 16.7, 8.8, 7.2 ],
			"rotationOrigin": [ 15.7, 9.8, 6.2 ],
			"rotationY": -45.0,
			"faces": {
			},
			"children": [
				{
					"name": "long18",
					"from": [ -8.8, 0.0, 0.0 ],
					"to": [ 9.2, 1.5, 1.0 ],
					"rotationOrigin": [ 0.0, 0.0, 0.0 ],
					"rotationY": -45.0,
					"faces": {
						"north": { "texture": "#oak", "uv": [ 0.0, 3.5, 16.0, 4.5 ], "autoUv": false },
						"east": { "texture": "#oak", "uv": [ 1.5, 3.0, 2.5, 4.5 ] },
						"south": { "texture": "#oak", "uv": [ 0.0, 13.0, 16.0, 14.5 ], "autoUv": false },
						"west": { "texture": "#oak", "uv": [ 1.0, 3.5, 2.0, 5.0 ] },
						"up": { "texture": "#oak", "uv": [ 0.0, 12.5, 16.0, 13.5 ], "autoUv": false },
						"down": { "texture": "#oak", "uv": [ 0.0, 2.5, 16.0, 3.5 ], "autoUv": false }
					},
					"children": [
						{
							"name": "Cube44",
							"from": [ -0.5, 0.0, 1.0 ],
							"to": [ 17.5, 1.5, 1.5 ],
							"rotationOrigin": [ -0.5, 0.0, 1.0 ],
							"faces": {
								"east": { "texture": "#oak", "uv": [ 0.0, 0.0, 0.5, 1.5 ] },
								"south": { "texture": "#oak", "uv": [ 0.0, 0.0, 16.0, 1.5 ], "autoUv": false },
								"west": { "texture": "#oak", "uv": [ 0.0, 0.0, 0.5, 1.5 ] },
								"up": { "texture": "#oak", "uv": [ 0.0, 0.0, 15.5, 0.5 ], "autoUv": false },
								"down": { "texture": "#oak", "uv": [ 0.0, 0.0, 15.5, 0.5 ], "autoUv": false }
							}
						}
					]
				}
			]
		}
	]}