{
	"editor": {
		"collapsedPaths": "Root/Origin lid/origin handle,Root/origin lower ring,Root/origin barrel/Origin lid,Root/Origin lid/Cube14",
		"allAngles": false,
		"entityTextureMode": false
	},
	"textureWidth": 16,
	"textureHeight": 16,
	"textureSizes": {
	},
	"textures": {
		"blackbronze4": "game:block/metal/sheet/blackbronze4",
		"bottom": "game:block/wood/barrel/bottom",
		"aged": "game:block/wood/debarked/aged"
	},
	"elements": [
		{
			"name": "origin barrel",
			"from": [ 8.0, 1.0, 8.0 ],
			"to": [ 8.0, 1.0, 8.0 ],
			"rotationOrigin": [ 8.0, 1.0, 8.0 ],
			"faces": {
			},
			"children": [
				{
					"name": "S 1",
					"from": [ -4.5, 0.0, 6.1 ],
					"to": [ -3.0, 15.0, 7.1 ],
					"rotationOrigin": [ -4.5, 0.0, 6.1 ],
					"faces": {
						"north": { "texture": "#aged", "uv": [ 0.0, 0.0, 15.0, 1.5 ], "rotation": 90 },
						"south": { "texture": "#aged", "uv": [ 0.0, 0.0, 15.0, 1.5 ], "rotation": 90 },
						"up": { "texture": "#aged", "uv": [ 0.0, 0.0, 1.5, 1.0 ] },
						"down": { "texture": "#aged", "uv": [ 0.0, 0.0, 1.5, 1.0 ] }
					}
				},
				{
					"name": "S 2",
					"from": [ -3.0, 0.0, 6.1 ],
					"to": [ 0.0, 15.5, 7.1 ],
					"rotationOrigin": [ -3.0, 0.0, 6.1 ],
					"faces": {
						"north": { "texture": "#aged", "uv": [ 0.0, 5.0, 15.5, 8.0 ], "rotation": 90 },
						"east": { "texture": "#aged", "uv": [ 0.0, 4.5, 15.5, 5.5 ], "rotation": 90 },
						"south": { "texture": "#aged", "uv": [ 0.0, 12.0, 15.5, 15.0 ], "rotation": 90 },
						"west": { "texture": "#aged", "uv": [ 0.0, 4.0, 15.5, 5.0 ], "rotation": 90 },
						"up": { "texture": "#aged", "uv": [ 0.0, 2.5, 3.0, 3.5 ] },
						"down": { "texture": "#aged", "uv": [ 4.0, 9.0, 7.0, 10.0 ] }
					}
				},
				{
					"name": "S 3",
					"from": [ 0.0, 0.0, 6.1 ],
					"to": [ 3.0, 15.0, 7.1 ],
					"rotationOrigin": [ 0.0, 0.0, 6.1 ],
					"faces": {
						"north": { "texture": "#aged", "uv": [ 0.5, 11.0, 15.5, 14.0 ], "rotation": 90 },
						"south": { "texture": "#aged", "uv": [ 0.5, 1.0, 15.5, 4.0 ], "rotation": 90 },
						"up": { "texture": "#aged", "uv": [ 9.5, 11.5, 12.5, 12.5 ] },
						"down": { "texture": "#aged", "uv": [ 7.0, 8.5, 10.0, 9.5 ] }
					}
				},
				{
					"name": "S 4",
					"from": [ 3.0, 0.0, 6.1 ],
					"to": [ 4.5, 15.5, 7.1 ],
					"rotationOrigin": [ 3.0, 0.0, 6.1 ],
					"faces": {
						"north": { "texture": "#aged", "uv": [ 0.0, 1.5, 15.5, 3.0 ], "rotation": 90 },
						"east": { "texture": "#aged", "uv": [ 0.0, 14.0, 15.5, 15.0 ], "rotation": 90 },
						"south": { "texture": "#aged", "uv": [ 0.0, 9.0, 15.5, 10.5 ], "rotation": 90 },
						"west": { "texture": "#aged", "uv": [ 0.0, 13.5, 15.5, 14.5 ], "rotation": 90 },
						"up": { "texture": "#aged", "uv": [ 9.5, 9.5, 11.0, 10.5 ] },
						"down": { "texture": "#aged", "uv": [ 6.0, 9.5, 7.5, 10.5 ] }
					}
				},
				{
					"name": "E 1",
					"from": [ 6.1, 0.0, 3.0 ],
					"to": [ 7.1, 15.0, 4.5 ],
					"rotationOrigin": [ 6.1, 0.0, 3.0 ],
					"faces": {
						"north": { "texture": "#aged", "uv": [ 0.0, 0.0, 15.0, 1.0 ], "rotation": 90, "windMode": [-1,-1,-1,-1] },
						"east": { "texture": "#aged", "uv": [ 0.5, 11.5, 15.5, 13.0 ], "rotation": 90 },
						"west": { "texture": "#aged", "uv": [ 0.0, 12.5, 15.0, 14.0 ], "rotation": 90 },
						"up": { "texture": "#aged", "uv": [ 5.0, 4.0, 6.0, 5.5 ] },
						"down": { "texture": "#aged", "uv": [ 8.0, 5.0, 9.0, 6.5 ] }
					}
				},
				{
					"name": "E 20",
					"from": [ 6.2, 0.0, 0.0 ],
					"to": [ 7.2, 15.5, 3.0 ],
					"rotationOrigin": [ 6.2, 0.0, 1.5 ],
					"faces": {
						"north": { "texture": "#aged", "uv": [ 0.0, 7.5, 15.5, 8.5 ], "rotation": 90 },
						"east": { "texture": "#aged", "uv": [ 0.0, 0.0, 15.5, 3.0 ], "rotation": 90 },
						"south": { "texture": "#aged", "uv": [ 0.0, 5.0, 15.5, 6.0 ], "rotation": 90 },
						"west": { "texture": "#aged", "uv": [ 0.0, 7.5, 15.5, 10.5 ], "rotation": 90 },
						"up": { "texture": "#aged", "uv": [ 7.0, 10.0, 8.0, 13.0 ] },
						"down": { "texture": "#aged", "uv": [ 5.5, 9.5, 6.5, 12.5 ] }
					}
				},
				{
					"name": "E 21",
					"from": [ 6.1, 0.0, -4.5 ],
					"to": [ 7.1, 15.5, -3.0 ],
					"rotationOrigin": [ 6.1, 0.0, -4.5 ],
					"faces": {
						"north": { "texture": "#aged", "uv": [ 0.0, 3.5, 15.5, 4.5 ], "rotation": 90 },
						"east": { "texture": "#aged", "uv": [ 0.0, 11.0, 15.5, 12.5 ], "rotation": 90 },
						"south": { "texture": "#aged", "uv": [ 0.0, 4.5, 15.5, 5.5 ], "rotation": 90 },
						"west": { "texture": "#aged", "uv": [ 0.0, 9.5, 15.5, 11.0 ], "rotation": 90 },
						"up": { "texture": "#aged", "uv": [ 12.0, 7.0, 13.0, 8.5 ] },
						"down": { "texture": "#aged", "uv": [ 3.5, 2.5, 4.5, 4.0 ] }
					}
				},
				{
					"name": "E 22",
					"from": [ 5.9, 0.0, -3.0 ],
					"to": [ 6.9, 15.0, 0.0 ],
					"rotationOrigin": [ 5.9, 0.0, -1.5 ],
					"faces": {
						"north": { "texture": "#aged", "uv": [ 0.0, 10.5, 15.0, 11.5 ], "rotation": 90 },
						"east": { "texture": "#aged", "uv": [ 0.0, 8.0, 15.0, 11.0 ], "rotation": 90 },
						"south": { "texture": "#aged", "uv": [ 0.5, 10.5, 15.5, 11.5 ], "rotation": 90 },
						"west": { "texture": "#aged", "uv": [ 0.0, 7.0, 15.0, 10.0 ], "rotation": 90 },
						"up": { "texture": "#aged", "uv": [ 8.0, 8.0, 9.0, 11.0 ] },
						"down": { "texture": "#aged", "uv": [ 4.0, 8.5, 5.0, 11.5 ] }
					}
				},
				{
					"name": "corner SE",
					"from": [ 4.85, -1.0, 3.5 ],
					"to": [ 5.85, 15.0, 7.5 ],
					"rotationOrigin": [ 5.4, -1.0, 5.5 ],
					"rotationY": -45.0,
					"faces": {
						"north": { "texture": "#aged", "uv": [ 0.0, 11.0, 16.0, 12.0 ], "rotation": 90 },
						"east": { "texture": "#aged", "uv": [ 0.0, 3.5, 16.0, 7.5 ], "rotation": 90 },
						"south": { "texture": "#aged", "uv": [ 0.0, 14.0, 16.0, 15.0 ], "rotation": 90 },
						"west": { "texture": "#aged", "uv": [ 0.5, 3.0, 16.5, 7.0 ], "rotation": 90 },
						"up": { "texture": "#aged", "uv": [ 12.0, 5.0, 13.0, 9.0 ] },
						"down": { "texture": "#aged", "uv": [ 1.5, 7.5, 2.5, 11.5 ] }
					}
				},
				{
					"name": "N 4",
					"from": [ -4.5, 0.0, -7.1 ],
					"to": [ -3.0, 15.0, -6.1 ],
					"rotationOrigin": [ -4.5, 0.0, -7.1 ],
					"faces": {
						"north": { "texture": "#aged", "uv": [ 0.5, 3.5, 15.5, 5.0 ], "rotation": 90 },
						"east": { "texture": "#aged", "uv": [ 0.0, 3.0, 15.0, 4.0 ], "rotation": 90 },
						"south": { "texture": "#aged", "uv": [ 0.0, 8.0, 15.0, 9.5 ], "rotation": 90 },
						"west": { "texture": "#aged", "uv": [ 0.5, 13.5, 15.5, 14.5 ], "rotation": 90 },
						"up": { "texture": "#aged", "uv": [ 0.5, 7.0, 2.0, 8.0 ] },
						"down": { "texture": "#aged", "uv": [ 4.0, 4.0, 5.5, 5.0 ] }
					}
				},
				{
					"name": "N 3",
					"from": [ -3.0, 0.0, -7.1 ],
					"to": [ 0.0, 15.5, -6.1 ],
					"rotationOrigin": [ -3.0, 0.0, -7.1 ],
					"faces": {
						"north": { "texture": "#aged", "uv": [ 0.0, 11.0, 15.5, 14.0 ], "rotation": 90 },
						"east": { "texture": "#aged", "uv": [ 0.0, 6.0, 15.5, 7.0 ], "rotation": 90 },
						"south": { "texture": "#aged", "uv": [ 0.0, 8.0, 15.5, 11.0 ], "rotation": 90 },
						"west": { "texture": "#aged", "uv": [ 0.0, 0.5, 15.5, 1.5 ], "rotation": 90 },
						"up": { "texture": "#aged", "uv": [ 3.0, 1.0, 6.0, 2.0 ] },
						"down": { "texture": "#aged", "uv": [ 9.0, 6.5, 12.0, 7.5 ] }
					}
				},
				{
					"name": "N 2",
					"from": [ 0.0, 0.0, -7.1 ],
					"to": [ 3.0, 15.0, -6.1 ],
					"rotationOrigin": [ 0.0, 0.0, -7.1 ],
					"faces": {
						"north": { "texture": "#aged", "uv": [ 0.0, 1.5, 15.0, 4.5 ], "rotation": 90 },
						"east": { "texture": "#aged", "uv": [ 0.5, 14.5, 15.5, 15.5 ], "rotation": 90 },
						"south": { "texture": "#aged", "uv": [ 0.5, 5.0, 15.5, 8.0 ], "rotation": 90 },
						"west": { "texture": "#aged", "uv": [ 0.0, 11.0, 15.0, 12.0 ], "rotation": 90 },
						"up": { "texture": "#aged", "uv": [ 4.0, 4.0, 7.0, 5.0 ] },
						"down": { "texture": "#aged", "uv": [ 0.5, 12.0, 3.5, 13.0 ] }
					}
				},
				{
					"name": "N 1",
					"from": [ 3.0, 0.0, -7.1 ],
					"to": [ 4.5, 15.5, -6.1 ],
					"rotationOrigin": [ 3.0, 0.0, -7.1 ],
					"faces": {
						"north": { "texture": "#aged", "uv": [ 0.0, 11.0, 15.5, 12.5 ], "rotation": 90 },
						"east": { "texture": "#aged", "uv": [ 0.0, 0.5, 15.5, 1.5 ], "rotation": 90 },
						"south": { "texture": "#aged", "uv": [ 0.0, 12.0, 15.5, 13.5 ], "rotation": 90 },
						"west": { "texture": "#aged", "uv": [ 0.0, 0.5, 15.5, 1.5 ], "rotation": 90 },
						"up": { "texture": "#aged", "uv": [ 8.5, 10.5, 10.0, 11.5 ] },
						"down": { "texture": "#aged", "uv": [ 9.5, 1.5, 11.0, 2.5 ] }
					}
				},
				{
					"name": "corner NE",
					"from": [ 4.85, -1.0, -7.5 ],
					"to": [ 5.85, 15.0, -3.5 ],
					"rotationOrigin": [ 5.4, -1.0, -5.5 ],
					"rotationY": 45.0,
					"faces": {
						"north": { "texture": "#aged", "uv": [ 0.0, 3.0, 16.0, 4.0 ], "rotation": 90 },
						"east": { "texture": "#aged", "uv": [ 0.5, 8.5, 16.5, 12.5 ], "rotation": 90 },
						"south": { "texture": "#aged", "uv": [ 0.5, 6.0, 16.5, 7.0 ], "rotation": 90 },
						"west": { "texture": "#aged", "uv": [ 0.0, 0.5, 16.0, 4.5 ], "rotation": 90 },
						"up": { "texture": "#aged", "uv": [ 9.5, 5.5, 10.5, 9.5 ] },
						"down": { "texture": "#aged", "uv": [ 0.0, 10.0, 1.0, 14.0 ] }
					}
				},
				{
					"name": "W 4",
					"from": [ -7.1, 0.0, 3.0 ],
					"to": [ -6.1, 15.0, 4.5 ],
					"rotationOrigin": [ -7.1, 0.0, 3.0 ],
					"faces": {
						"north": { "texture": "#aged", "uv": [ 0.0, 13.5, 15.0, 14.5 ], "rotation": 90 },
						"east": { "texture": "#aged", "uv": [ 0.0, 7.5, 15.0, 9.0 ], "rotation": 90 },
						"south": { "texture": "#aged", "uv": [ 0.5, 10.0, 15.5, 11.0 ], "rotation": 90 },
						"west": { "texture": "#aged", "uv": [ 0.5, 2.0, 15.5, 3.5 ], "rotation": 90 },
						"up": { "texture": "#aged", "uv": [ 1.5, 1.0, 2.5, 2.5 ] },
						"down": { "texture": "#aged", "uv": [ 10.5, 5.0, 11.5, 6.5 ] }
					}
				},
				{
					"name": "W 3",
					"from": [ -7.1, 0.0, 0.0 ],
					"to": [ -6.1, 15.5, 3.0 ],
					"rotationOrigin": [ -7.1, 0.0, 0.0 ],
					"faces": {
						"north": { "texture": "#aged", "uv": [ 0.0, 13.0, 15.5, 14.0 ], "rotation": 90 },
						"east": { "texture": "#aged", "uv": [ 0.0, 11.5, 15.5, 14.5 ], "rotation": 90 },
						"south": { "texture": "#aged", "uv": [ 0.0, 9.0, 15.5, 10.0 ], "rotation": 90 },
						"west": { "texture": "#aged", "uv": [ 0.0, 8.5, 15.5, 11.5 ], "rotation": 90 },
						"up": { "texture": "#aged", "uv": [ 5.0, 12.5, 6.0, 15.5 ] },
						"down": { "texture": "#aged", "uv": [ 4.5, 10.5, 5.5, 13.5 ] }
					}
				},
				{
					"name": "W 2",
					"from": [ -7.1, 0.0, -3.0 ],
					"to": [ -6.1, 15.0, 0.0 ],
					"rotationOrigin": [ -7.1, 0.0, -3.0 ],
					"faces": {
						"north": { "texture": "#aged", "uv": [ 0.0, 5.5, 15.0, 6.5 ], "rotation": 90 },
						"east": { "texture": "#aged", "uv": [ 0.5, 0.5, 15.5, 3.5 ], "rotation": 90 },
						"south": { "texture": "#aged", "uv": [ 0.5, 5.0, 15.5, 6.0 ], "rotation": 90 },
						"west": { "texture": "#aged", "uv": [ 0.5, 7.0, 15.5, 10.0 ], "rotation": 90 },
						"up": { "texture": "#aged", "uv": [ 12.0, 7.5, 13.0, 10.5 ] },
						"down": { "texture": "#aged", "uv": [ 11.5, 1.5, 12.5, 4.5 ] }
					}
				},
				{
					"name": "W 1",
					"from": [ -7.1, 0.0, -4.5 ],
					"to": [ -6.1, 15.5, -3.0 ],
					"rotationOrigin": [ -7.1, 0.0, -4.5 ],
					"faces": {
						"north": { "texture": "#aged", "uv": [ 0.0, 13.0, 15.5, 14.0 ], "rotation": 90 },
						"east": { "texture": "#aged", "uv": [ 0.0, 7.5, 15.5, 9.0 ], "rotation": 90 },
						"south": { "texture": "#aged", "uv": [ 0.0, 3.5, 15.5, 4.5 ], "rotation": 90 },
						"west": { "texture": "#aged", "uv": [ 0.0, 11.5, 15.5, 13.0 ], "rotation": 90 },
						"up": { "texture": "#aged", "uv": [ 0.5, 3.5, 1.5, 5.0 ] },
						"down": { "texture": "#aged", "uv": [ 8.5, 8.5, 9.5, 10.0 ] }
					}
				},
				{
					"name": "corner NW",
					"from": [ -5.85, -1.0, -7.5 ],
					"to": [ -4.85, 15.0, -3.5 ],
					"rotationOrigin": [ -5.4, -1.0, -5.5 ],
					"rotationY": -45.0,
					"faces": {
						"north": { "texture": "#aged", "uv": [ 0.5, 12.0, 16.5, 13.0 ], "rotation": 90 },
						"east": { "texture": "#aged", "uv": [ 0.5, 1.5, 16.5, 5.5 ], "rotation": 90 },
						"south": { "texture": "#aged", "uv": [ 0.5, 12.5, 16.5, 13.5 ], "rotation": 90 },
						"west": { "texture": "#aged", "uv": [ 0.5, 5.0, 16.5, 9.0 ], "rotation": 90 },
						"up": { "texture": "#aged", "uv": [ 14.0, 2.0, 15.0, 6.0 ] },
						"down": { "texture": "#aged", "uv": [ 4.0, 4.0, 5.0, 8.0 ] }
					}
				},
				{
					"name": "corner SW",
					"from": [ -5.85, -1.0, 3.5 ],
					"to": [ -4.85, 15.0, 7.5 ],
					"rotationOrigin": [ -5.4, -1.0, 5.5 ],
					"rotationY": 45.0,
					"faces": {
						"north": { "texture": "#aged", "uv": [ 0.0, 3.0, 16.0, 4.0 ], "rotation": 90 },
						"east": { "texture": "#aged", "uv": [ 1.0, 1.0, 17.0, 5.0 ], "rotation": 90 },
						"south": { "texture": "#aged", "uv": [ 0.5, 6.0, 16.5, 7.0 ], "rotation": 90 },
						"west": { "texture": "#aged", "uv": [ 0.0, 0.5, 16.0, 4.5 ], "rotation": 90 },
						"up": { "texture": "#aged", "uv": [ 9.5, 5.5, 10.5, 9.5 ] },
						"down": { "texture": "#aged", "uv": [ 0.0, 10.0, 1.0, 14.0 ] }
					}
				},
				{
					"name": "floor",
					"from": [ -6.2, 0.1, -6.2 ],
					"to": [ 6.3, 1.1, 6.3 ],
					"rotationOrigin": [ -8.2, 0.1, -8.2 ],
					"faces": {
						"up": { "texture": "#bottom", "uv": [ 0.0, 0.0, 12.5, 12.5 ] },
						"down": { "texture": "#bottom", "uv": [ 0.0, 0.0, 12.5, 12.5 ] }
					}
				}
			]
		},
		{
			"name": "origin upper ring",
			"from": [ 8.0, 0.0, 8.0 ],
			"to": [ 8.0, 0.0, 8.0 ],
			"rotationOrigin": [ 8.0, 0.0, 8.0 ],
			"faces": {
				"north": { "texture": "#aged", "uv": [ 0.0, 0.0, 0.5, 0.5 ] },
				"east": { "texture": "#aged", "uv": [ 0.0, 0.0, 0.5, 0.5 ] },
				"south": { "texture": "#aged", "uv": [ 0.0, 0.0, 0.5, 0.5 ] },
				"west": { "texture": "#aged", "uv": [ 0.0, 0.0, 0.5, 0.5 ] },
				"up": { "texture": "#aged", "uv": [ 0.0, 0.0, 0.5, 0.5 ] },
				"down": { "texture": "#aged", "uv": [ 0.0, 0.0, 0.5, 0.5 ] }
			},
			"children": [
				{
					"name": "Upper ring S",
					"from": [ -4.5, 11.0, 7.0 ],
					"to": [ 4.5, 13.0, 7.5 ],
					"rotationOrigin": [ 1.5, 12.0, 7.0 ],
					"faces": {
						"east": { "texture": "#blackbronze4", "uv": [ 0.0, 3.0, 0.5, 5.0 ] },
						"south": { "texture": "#blackbronze4", "uv": [ 0.0, 0.5, 9.0, 2.5 ] },
						"west": { "texture": "#blackbronze4", "uv": [ 15.0, 3.0, 15.5, 5.0 ] },
						"up": { "texture": "#blackbronze4", "uv": [ 0.0, 0.0, 9.0, 0.5 ] },
						"down": { "texture": "#blackbronze4", "uv": [ 0.0, 0.0, 9.0, 0.5 ], "rotation": 180 }
					}
				},
				{
					"name": "Upper corner SE",
					"from": [ 3.7, 11.0, 5.7 ],
					"to": [ 7.7, 13.0, 6.2 ],
					"rotationOrigin": [ 5.7, 11.0, 5.7 ],
					"rotationY": 45.0,
					"faces": {
						"east": { "texture": "#blackbronze4", "uv": [ 0.0, 3.0, 0.5, 5.0 ] },
						"south": { "texture": "#blackbronze4", "uv": [ 4.0, 0.5, 8.0, 2.5 ] },
						"west": { "texture": "#blackbronze4", "uv": [ 15.0, 3.0, 15.5, 5.0 ], "windMode": [-1,-1,-1,-1] },
						"up": { "texture": "#blackbronze4", "uv": [ 0.0, 0.0, 4.0, 0.5 ] },
						"down": { "texture": "#blackbronze4", "uv": [ 0.0, 0.0, 4.0, 0.5 ], "rotation": 180 }
					}
				},
				{
					"name": "Upper ring E",
					"from": [ 7.0, 11.0, -4.5 ],
					"to": [ 7.5, 13.0, 4.5 ],
					"rotationOrigin": [ 7.0, 12.0, 0.5 ],
					"faces": {
						"north": { "texture": "#blackbronze4", "uv": [ 0.0, 12.0, 0.5, 14.0 ] },
						"east": { "texture": "#blackbronze4", "uv": [ 3.0, 0.5, 12.0, 2.5 ] },
						"south": { "texture": "#blackbronze4", "uv": [ 0.0, 12.0, 0.5, 14.0 ] },
						"up": { "texture": "#blackbronze4", "uv": [ 1.0, 0.0, 10.0, 0.5 ], "rotation": 270 },
						"down": { "texture": "#blackbronze4", "uv": [ 1.0, 0.0, 10.0, 0.5 ], "rotation": 270 }
					}
				},
				{
					"name": "Upper corner NE",
					"from": [ 4.1, 11.0, -6.1 ],
					"to": [ 8.1, 13.0, -5.6 ],
					"rotationOrigin": [ 6.1, 11.0, -6.1 ],
					"rotationY": -45.0,
					"faces": {
						"north": { "texture": "#blackbronze4", "uv": [ 8.5, 0.5, 12.5, 2.5 ] },
						"east": { "texture": "#blackbronze4", "uv": [ 0.0, 3.0, 0.5, 5.0 ] },
						"west": { "texture": "#blackbronze4", "uv": [ 15.0, 3.0, 15.5, 5.0 ] },
						"up": { "texture": "#blackbronze4", "uv": [ 0.0, 0.0, 4.0, 0.5 ] },
						"down": { "texture": "#blackbronze4", "uv": [ 0.0, 0.0, 4.0, 0.5 ], "rotation": 180 }
					}
				},
				{
					"name": "Upper corner SW",
					"from": [ -7.7, 11.0, 5.7 ],
					"to": [ -3.7, 13.0, 6.2 ],
					"rotationOrigin": [ -5.7, 11.0, 5.7 ],
					"rotationY": -45.0,
					"faces": {
						"east": { "texture": "#blackbronze4", "uv": [ 0.0, 3.0, 0.5, 5.0 ] },
						"south": { "texture": "#blackbronze4", "uv": [ 4.0, 0.5, 8.0, 2.5 ] },
						"west": { "texture": "#blackbronze4", "uv": [ 15.0, 3.0, 15.5, 5.0 ] },
						"up": { "texture": "#blackbronze4", "uv": [ 0.0, 0.0, 4.0, 0.5 ] },
						"down": { "texture": "#blackbronze4", "uv": [ 0.0, 0.0, 4.0, 0.5 ], "rotation": 180 }
					}
				},
				{
					"name": "Upper ring W",
					"from": [ -7.5, 11.0, -4.5 ],
					"to": [ -7.0, 13.0, 4.5 ],
					"rotationOrigin": [ -7.5, 12.0, 0.5 ],
					"faces": {
						"north": { "texture": "#blackbronze4", "uv": [ 0.0, 12.0, 0.5, 14.0 ] },
						"south": { "texture": "#blackbronze4", "uv": [ 0.0, 12.0, 0.5, 14.0 ] },
						"west": { "texture": "#blackbronze4", "uv": [ 3.0, 0.5, 12.0, 2.5 ] },
						"up": { "texture": "#blackbronze4", "uv": [ 1.0, 0.0, 10.0, 0.5 ], "rotation": 270 },
						"down": { "texture": "#blackbronze4", "uv": [ 1.0, 0.0, 10.0, 0.5 ], "rotation": 270 }
					}
				},
				{
					"name": "Upper ring N",
					"from": [ -4.5, 11.0, -7.5 ],
					"to": [ 4.5, 13.0, -7.0 ],
					"rotationOrigin": [ 1.5, 12.0, -7.5 ],
					"faces": {
						"north": { "texture": "#blackbronze4", "uv": [ 3.5, 0.5, 12.5, 2.5 ] },
						"east": { "texture": "#blackbronze4", "uv": [ 0.0, 3.0, 0.5, 5.0 ] },
						"west": { "texture": "#blackbronze4", "uv": [ 15.0, 3.0, 15.5, 5.0 ] },
						"up": { "texture": "#blackbronze4", "uv": [ 0.0, 0.0, 9.0, 0.5 ] },
						"down": { "texture": "#blackbronze4", "uv": [ 0.0, 0.0, 9.0, 0.5 ], "rotation": 180 }
					}
				},
				{
					"name": "Upper corner NW",
					"from": [ -8.1, 11.0, -6.1 ],
					"to": [ -4.1, 13.0, -5.6 ],
					"rotationOrigin": [ -6.1, 11.0, -6.1 ],
					"rotationY": 45.0,
					"faces": {
						"north": { "texture": "#blackbronze4", "uv": [ 4.0, 0.5, 8.0, 2.5 ] },
						"east": { "texture": "#blackbronze4", "uv": [ 0.0, 3.0, 0.5, 5.0 ] },
						"west": { "texture": "#blackbronze4", "uv": [ 15.0, 3.0, 15.5, 5.0 ] },
						"up": { "texture": "#blackbronze4", "uv": [ 0.0, 0.0, 4.0, 0.5 ] },
						"down": { "texture": "#blackbronze4", "uv": [ 0.0, 0.0, 4.0, 0.5 ], "rotation": 180 }
					}
				}
			]
		},
		{
			"name": "origin lower ring",
			"from": [ 8.0, -8.5, 8.0 ],
			"to": [ 8.0, -8.5, 8.0 ],
			"rotationOrigin": [ 8.0, 2.5, 8.0 ],
			"faces": {
				"north": { "texture": "#aged", "uv": [ 0.0, 0.0, 0.5, 0.5 ] },
				"east": { "texture": "#aged", "uv": [ 0.0, 0.0, 0.5, 0.5 ] },
				"south": { "texture": "#aged", "uv": [ 0.0, 0.0, 0.5, 0.5 ] },
				"west": { "texture": "#aged", "uv": [ 0.0, 0.0, 0.5, 0.5 ] },
				"up": { "texture": "#aged", "uv": [ 0.0, 0.0, 0.5, 0.5 ] },
				"down": { "texture": "#aged", "uv": [ 0.0, 0.0, 0.5, 0.5 ] }
			},
			"children": [
				{
					"name": "Lower ring S",
					"from": [ -4.5, 11.0, 7.0 ],
					"to": [ 4.5, 13.0, 7.5 ],
					"rotationOrigin": [ 1.5, 12.0, 7.0 ],
					"faces": {
						"east": { "texture": "#blackbronze4", "uv": [ 0.0, 3.0, 0.5, 5.0 ] },
						"south": { "texture": "#blackbronze4", "uv": [ 0.0, 0.5, 9.0, 2.5 ] },
						"west": { "texture": "#blackbronze4", "uv": [ 15.0, 3.0, 15.5, 5.0 ] },
						"up": { "texture": "#blackbronze4", "uv": [ 0.0, 0.0, 9.0, 0.5 ] },
						"down": { "texture": "#blackbronze4", "uv": [ 0.0, 0.0, 9.0, 0.5 ], "rotation": 180 }
					}
				},
				{
					"name": "Lower corner SE",
					"from": [ 3.7, 11.0, 5.7 ],
					"to": [ 7.7, 13.0, 6.2 ],
					"rotationOrigin": [ 5.7, 11.0, 5.7 ],
					"rotationY": 45.0,
					"faces": {
						"east": { "texture": "#blackbronze4", "uv": [ 0.0, 3.0, 0.5, 5.0 ] },
						"south": { "texture": "#blackbronze4", "uv": [ 4.0, 0.5, 8.0, 2.5 ] },
						"west": { "texture": "#blackbronze4", "uv": [ 15.0, 3.0, 15.5, 5.0 ] },
						"up": { "texture": "#blackbronze4", "uv": [ 0.0, 0.0, 4.0, 0.5 ] },
						"down": { "texture": "#blackbronze4", "uv": [ 0.0, 0.0, 4.0, 0.5 ], "rotation": 180 }
					}
				},
				{
					"name": "Lower ring E",
					"from": [ 7.0, 11.0, -4.5 ],
					"to": [ 7.5, 13.0, 4.5 ],
					"rotationOrigin": [ 7.0, 12.0, 0.5 ],
					"faces": {
						"north": { "texture": "#blackbronze4", "uv": [ 0.0, 12.0, 0.5, 14.0 ] },
						"east": { "texture": "#blackbronze4", "uv": [ 3.0, 0.5, 12.0, 2.5 ] },
						"south": { "texture": "#blackbronze4", "uv": [ 0.0, 12.0, 0.5, 14.0 ] },
						"up": { "texture": "#blackbronze4", "uv": [ 1.0, 0.0, 10.0, 0.5 ], "rotation": 270 },
						"down": { "texture": "#blackbronze4", "uv": [ 1.0, 0.0, 10.0, 0.5 ], "rotation": 270 }
					}
				},
				{
					"name": "Lower corner NE",
					"from": [ 4.1, 11.0, -6.1 ],
					"to": [ 8.1, 13.0, -5.6 ],
					"rotationOrigin": [ 6.1, 11.0, -6.1 ],
					"rotationY": -45.0,
					"faces": {
						"north": { "texture": "#blackbronze4", "uv": [ 8.5, 0.5, 12.5, 2.5 ] },
						"east": { "texture": "#blackbronze4", "uv": [ 0.0, 3.0, 0.5, 5.0 ] },
						"west": { "texture": "#blackbronze4", "uv": [ 15.0, 3.0, 15.5, 5.0 ] },
						"up": { "texture": "#blackbronze4", "uv": [ 0.0, 0.0, 4.0, 0.5 ] },
						"down": { "texture": "#blackbronze4", "uv": [ 0.0, 0.0, 4.0, 0.5 ], "rotation": 180 }
					}
				},
				{
					"name": "Lower corner SW",
					"from": [ -7.7, 11.0, 5.7 ],
					"to": [ -3.7, 13.0, 6.2 ],
					"rotationOrigin": [ -5.7, 11.0, 5.7 ],
					"rotationY": -45.0,
					"faces": {
						"east": { "texture": "#blackbronze4", "uv": [ 0.0, 3.0, 0.5, 5.0 ] },
						"south": { "texture": "#blackbronze4", "uv": [ 4.0, 0.5, 8.0, 2.5 ] },
						"west": { "texture": "#blackbronze4", "uv": [ 15.0, 3.0, 15.5, 5.0 ] },
						"up": { "texture": "#blackbronze4", "uv": [ 0.0, 0.0, 4.0, 0.5 ] },
						"down": { "texture": "#blackbronze4", "uv": [ 0.0, 0.0, 4.0, 0.5 ], "rotation": 180 }
					}
				},
				{
					"name": "Lower ring W",
					"from": [ -7.5, 11.0, -4.5 ],
					"to": [ -7.0, 13.0, 4.5 ],
					"rotationOrigin": [ -7.5, 12.0, 0.5 ],
					"faces": {
						"north": { "texture": "#blackbronze4", "uv": [ 0.0, 12.0, 0.5, 14.0 ] },
						"south": { "texture": "#blackbronze4", "uv": [ 0.0, 12.0, 0.5, 14.0 ] },
						"west": { "texture": "#blackbronze4", "uv": [ 3.0, 0.5, 12.0, 2.5 ] },
						"up": { "texture": "#blackbronze4", "uv": [ 1.0, 0.0, 10.0, 0.5 ], "rotation": 270 },
						"down": { "texture": "#blackbronze4", "uv": [ 1.0, 0.0, 10.0, 0.5 ], "rotation": 270 }
					}
				},
				{
					"name": "Lower ring N",
					"from": [ -4.5, 11.0, -7.5 ],
					"to": [ 4.5, 13.0, -7.0 ],
					"rotationOrigin": [ 1.5, 12.0, -7.5 ],
					"faces": {
						"north": { "texture": "#blackbronze4", "uv": [ 3.5, 0.5, 12.5, 2.5 ] },
						"east": { "texture": "#blackbronze4", "uv": [ 0.0, 3.0, 0.5, 5.0 ] },
						"west": { "texture": "#blackbronze4", "uv": [ 15.0, 3.0, 15.5, 5.0 ] },
						"up": { "texture": "#blackbronze4", "uv": [ 0.0, 0.0, 9.0, 0.5 ] },
						"down": { "texture": "#blackbronze4", "uv": [ 0.0, 0.0, 9.0, 0.5 ], "rotation": 180 }
					}
				},
				{
					"name": "Lower corner NW",
					"from": [ -8.1, 11.0, -6.1 ],
					"to": [ -4.1, 13.0, -5.6 ],
					"rotationOrigin": [ -6.1, 11.0, -6.1 ],
					"rotationY": 45.0,
					"faces": {
						"north": { "texture": "#blackbronze4", "uv": [ 4.0, 0.5, 8.0, 2.5 ] },
						"east": { "texture": "#blackbronze4", "uv": [ 0.0, 3.0, 0.5, 5.0 ] },
						"west": { "texture": "#blackbronze4", "uv": [ 15.0, 3.0, 15.5, 5.0 ] },
						"up": { "texture": "#blackbronze4", "uv": [ 0.0, 0.0, 4.0, 0.5 ] },
						"down": { "texture": "#blackbronze4", "uv": [ 0.0, 0.0, 4.0, 0.5 ], "rotation": 180 }
					}
				}
			]
		},
		{
			"name": "Origin lid",
			"from": [ 1.8, 22.0, 1.8 ],
			"to": [ 1.8, 22.0, 1.8 ],
			"rotationOrigin": [ 7.8, 17.0, 7.8 ],
			"faces": {
				"up": { "texture": "#aged", "uv": [ 9.5, 9.0, 10.0, 9.5 ] },
				"down": { "texture": "#aged", "uv": [ 13.5, 3.0, 14.0, 3.5 ] }
			},
			"children": [
				{
					"name": "origin loop",
					"from": [ 0.5, -6.0, 0.5 ],
					"to": [ 0.5, -6.0, 0.5 ],
					"rotationOrigin": [ 0.5, -6.0, 0.5 ],
					"faces": {
					},
					"children": [
						{
							"name": "Cube2",
							"from": [ 1.5, 0.0, -0.5 ],
							"to": [ 10.0, 1.0, 0.0 ],
							"rotationOrigin": [ 1.5, 0.0, -0.5 ],
							"faces": {
								"north": { "texture": "#aged", "uv": [ 4.5, 1.5, 13.0, 2.5 ] },
								"east": { "texture": "#aged", "uv": [ 14.5, 14.0, 15.0, 15.0 ] },
								"west": { "texture": "#aged", "uv": [ 13.5, 3.0, 14.0, 4.0 ] },
								"up": { "texture": "#aged", "uv": [ 5.5, 10.0, 14.0, 10.5 ] },
								"down": { "texture": "#aged", "uv": [ 2.0, 13.0, 10.5, 13.5 ] }
							}
						},
						{
							"name": "Cube4",
							"from": [ 1.5, 0.0, 11.5 ],
							"to": [ 10.0, 1.0, 12.0 ],
							"rotationOrigin": [ 1.5, 0.0, 11.5 ],
							"faces": {
								"east": { "texture": "#aged", "uv": [ 6.0, 1.5, 6.5, 2.5 ] },
								"south": { "texture": "#aged", "uv": [ 5.0, 4.5, 13.5, 5.5 ] },
								"west": { "texture": "#aged", "uv": [ 14.0, 7.5, 14.5, 8.5 ] },
								"up": { "texture": "#aged", "uv": [ 0.0, 10.0, 8.5, 10.5 ] },
								"down": { "texture": "#aged", "uv": [ 3.5, 5.5, 12.0, 6.0 ] }
							}
						},
						{
							"name": "Cube6",
							"from": [ -0.5, 0.0, 1.5 ],
							"to": [ 0.0, 1.0, 10.0 ],
							"rotationOrigin": [ -0.5, 0.0, 1.5 ],
							"faces": {
								"north": { "texture": "#aged", "uv": [ 3.0, 3.5, 3.5, 4.5 ] },
								"south": { "texture": "#aged", "uv": [ 11.5, 14.0, 12.0, 15.0 ] },
								"west": { "texture": "#aged", "uv": [ 2.0, 6.5, 10.5, 7.5 ] },
								"up": { "texture": "#aged", "uv": [ 14.5, 4.5, 15.0, 13.0 ] },
								"down": { "texture": "#aged", "uv": [ 5.0, 3.5, 5.5, 12.0 ] }
							}
						},
						{
							"name": "Cube7",
							"from": [ 11.5, 0.0, 1.5 ],
							"to": [ 12.0, 1.0, 10.0 ],
							"rotationOrigin": [ 11.5, 0.0, 1.5 ],
							"faces": {
								"north": { "texture": "#aged", "uv": [ 11.0, 14.5, 11.5, 15.5 ] },
								"east": { "texture": "#aged", "uv": [ 0.5, 13.5, 9.0, 14.5 ] },
								"south": { "texture": "#aged", "uv": [ 7.0, 2.5, 7.5, 3.5 ] },
								"up": { "texture": "#aged", "uv": [ 14.5, 4.5, 15.0, 13.0 ] },
								"down": { "texture": "#aged", "uv": [ 11.0, 1.5, 11.5, 10.0 ] }
							}
						},
						{
							"name": "Cube8",
							"from": [ -1.0, 0.01, 0.5 ],
							"to": [ 2.0, 1.01, 1.0 ],
							"rotationOrigin": [ 0.5, 0.1, 0.5 ],
							"rotationY": 45.0,
							"faces": {
								"north": { "texture": "#aged", "uv": [ 11.0, 13.5, 14.0, 14.5 ] },
								"east": { "texture": "#aged", "uv": [ 0.5, 6.5, 1.0, 7.5 ] },
								"west": { "texture": "#aged", "uv": [ 3.0, 14.0, 3.5, 15.0 ] },
								"up": { "texture": "#aged", "uv": [ 4.0, 13.0, 7.0, 13.5 ] },
								"down": { "texture": "#aged", "uv": [ 10.5, 3.0, 13.5, 3.5 ] }
							}
						},
						{
							"name": "Cube9",
							"from": [ 9.5, 0.01, 0.5 ],
							"to": [ 12.5, 1.01, 1.0 ],
							"rotationOrigin": [ 11.0, 0.0, 0.5 ],
							"rotationY": -45.0,
							"faces": {
								"north": { "texture": "#aged", "uv": [ 5.0, 1.5, 8.0, 2.5 ] },
								"east": { "texture": "#aged", "uv": [ 14.0, 11.5, 14.5, 12.5 ] },
								"west": { "texture": "#aged", "uv": [ 6.0, 2.0, 6.5, 3.0 ] },
								"up": { "texture": "#aged", "uv": [ 9.0, 11.5, 12.0, 12.0 ] },
								"down": { "texture": "#aged", "uv": [ 12.0, 14.0, 15.0, 14.5 ] }
							}
						},
						{
							"name": "Cube10",
							"from": [ -0.7, 0.01, 10.7 ],
							"to": [ 2.3, 1.01, 11.2 ],
							"rotationOrigin": [ 0.8, 0.0, 10.7 ],
							"rotationY": -45.0,
							"faces": {
								"east": { "texture": "#aged", "uv": [ 3.0, 14.0, 3.5, 15.0 ] },
								"south": { "texture": "#aged", "uv": [ 4.0, 13.5, 7.0, 14.5 ] },
								"west": { "texture": "#aged", "uv": [ 4.0, 5.0, 4.5, 6.0 ] },
								"up": { "texture": "#aged", "uv": [ 0.5, 14.0, 3.5, 14.5 ] },
								"down": { "texture": "#aged", "uv": [ 2.0, 11.0, 5.0, 11.5 ] }
							}
						},
						{
							"name": "Cube12",
							"from": [ 9.2, 0.01, 10.6 ],
							"to": [ 12.2, 1.01, 11.1 ],
							"rotationOrigin": [ 10.7, 0.0, 10.6 ],
							"rotationY": 45.0,
							"faces": {
								"east": { "texture": "#aged", "uv": [ 9.0, 1.5, 9.5, 2.5 ] },
								"south": { "texture": "#aged", "uv": [ 8.5, 1.5, 11.5, 2.5 ] },
								"west": { "texture": "#aged", "uv": [ 2.0, 0.5, 2.5, 1.5 ] },
								"up": { "texture": "#aged", "uv": [ 0.5, 12.5, 3.5, 13.0 ] },
								"down": { "texture": "#aged", "uv": [ 2.0, 2.5, 5.0, 3.0 ] }
							}
						}
					]
				},
				{
					"name": "top lid",
					"from": [ 1.0, -6.0, 1.0 ],
					"to": [ 11.5, -5.0, 11.5 ],
					"rotationOrigin": [ 1.0, -6.0, 1.0 ],
					"faces": {
						"up": { "texture": "#aged", "uv": [ 3.0, 3.5, 13.5, 14.0 ] },
						"down": { "texture": "#aged", "uv": [ 0.0, 5.0, 10.5, 15.5 ], "windMode": [-1,-1,-1,-1] }
					},
					"children": [
						{
							"name": "Cube28",
							"from": [ 0.5, 0.0, -0.5 ],
							"to": [ 10.0, 1.0, 0.0 ],
							"rotationOrigin": [ 0.5, 0.0, -0.5 ],
							"faces": {
								"up": { "texture": "#aged", "uv": [ 5.0, 2.5, 14.5, 3.0 ] },
								"down": { "texture": "#aged", "uv": [ 1.5, 12.0, 11.0, 12.5 ], "windMode": [-1,-1,-1,-1] }
							}
						},
						{
							"name": "Cube29",
							"from": [ 0.5, 0.0, 10.5 ],
							"to": [ 10.0, 1.0, 11.0 ],
							"rotationOrigin": [ 0.5, 0.0, 10.5 ],
							"faces": {
								"up": { "texture": "#aged", "uv": [ 1.0, 13.0, 10.5, 13.5 ] },
								"down": { "texture": "#aged", "uv": [ 5.0, 4.5, 14.5, 5.0 ], "windMode": [-1,-1,-1,-1] }
							}
						},
						{
							"name": "Cube31",
							"from": [ -0.5, 0.0, 0.5 ],
							"to": [ 0.0, 1.0, 10.0 ],
							"rotationOrigin": [ -0.5, 0.0, 0.5 ],
							"faces": {
								"up": { "texture": "#aged", "uv": [ 2.5, 4.0, 3.0, 13.5 ] },
								"down": { "texture": "#aged", "uv": [ 10.0, 2.0, 10.5, 11.5 ], "windMode": [-1,-1,-1,-1] }
							}
						},
						{
							"name": "Cube37",
							"from": [ 10.5, 0.0, 0.5 ],
							"to": [ 11.0, 1.0, 10.0 ],
							"rotationOrigin": [ 10.5, 0.0, 0.5 ],
							"faces": {
								"up": { "texture": "#aged", "uv": [ 14.0, 4.0, 14.5, 13.5 ] },
								"down": { "texture": "#aged", "uv": [ 10.5, 2.5, 11.0, 12.0 ], "windMode": [-1,-1,-1,-1] }
							}
						}
					]
				},
				{
					"name": "origin handle",
					"from": [ 1.5, -4.0, 5.5 ],
					"to": [ 1.5, -4.0, 5.5 ],
					"rotationOrigin": [ 6.0, -4.0, 6.0 ],
					"faces": {
					},
					"children": [
						{
							"name": "handle",
							"from": [ 2.5, -1.1, 0.0 ],
							"to": [ 6.5, -0.1, 1.0 ],
							"rotationOrigin": [ 2.5, -1.1, 0.0 ],
							"faces": {
								"north": { "texture": "#blackbronze4", "uv": [ 6.5, 0.5, 10.5, 1.5 ] },
								"east": { "texture": "#blackbronze4", "uv": [ 8.0, 4.5, 9.0, 5.5 ] },
								"south": { "texture": "#blackbronze4", "uv": [ 11.5, 13.0, 15.5, 14.0 ] },
								"west": { "texture": "#blackbronze4", "uv": [ 4.0, 6.0, 5.0, 7.0 ] },
								"up": { "texture": "#blackbronze4", "uv": [ 5.0, 7.5, 9.0, 8.5 ] }
							}
						}
					]
				}
			]
		}
	]}