{
	"editor": {
		"allAngles": false,
		"entityTextureMode": false
	},
	"textureWidth": 16,
	"textureHeight": 16,
	"textureSizes": {
	},
	"textures": {
		"rope": "fendragonsmp:block/cloth/rope_bridge"
	},
	"elements": [
		{
			"name": "plank1",
			"from": [ 0.0, 0.0, 1.0 ],
			"to": [ 16.0, 2.0, 3.0 ],
			"rotationOrigin": [ 0.0, 0.0, -1.0 ],
			"faces": {
				"north": { "texture": "#plank", "uv": [ 0.0, 2.5, 16.0, 4.5 ] },
				"east": { "texture": "#plank", "uv": [ 5.0, 2.5, 7.0, 4.5 ] },
				"south": { "texture": "#plank", "uv": [ 0.0, 2.5, 16.0, 4.5 ] },
				"west": { "texture": "#plank", "uv": [ 5.0, 2.5, 7.0, 4.5 ] },
				"up": { "texture": "#plank", "uv": [ 0.0, 1.0, 16.0, 6.0 ], "autoUv": false },
				"down": { "texture": "#plank", "uv": [ 0.0, 1.0, 16.0, 6.0 ], "autoUv": false }
			}
		},
		{
			"name": "rope_bl",
			"from": [ 1.0, 0.5, 0.0 ],
			"to": [ 2.0, 1.5, 16.0 ],
			"rotationOrigin": [ 1.0, 1.0, 8.0 ],
			"faces": {
				"north": { "texture": "#rope", "uv": [ 0.0, 0.0, 1.0, 1.0 ] },
				"east": { "texture": "#rope", "uv": [ 0.0, 0.0, 16.0, 1.0 ] },
				"south": { "texture": "#rope", "uv": [ 0.0, 0.0, 1.0, 1.0 ] },
				"west": { "texture": "#rope", "uv": [ 0.0, 0.0, 16.0, 1.0 ] },
				"up": { "texture": "#rope", "uv": [ 0.0, 0.0, 16.0, 1.0 ], "rotation": 90 },
				"down": { "texture": "#rope", "uv": [ 0.0, 0.0, 16.0, 1.0 ], "rotation": 90 }
			}
		},
		{
			"name": "rope_br",
			"from": [ 14.0, 0.5, 0.0 ],
			"to": [ 15.0, 1.5, 16.0 ],
			"rotationOrigin": [ 15.0, 1.0, 8.0 ],
			"faces": {
				"north": { "texture": "#rope", "uv": [ 0.0, 0.0, 1.0, 1.0 ] },
				"east": { "texture": "#rope", "uv": [ 0.0, 0.0, 16.0, 1.0 ] },
				"south": { "texture": "#rope", "uv": [ 0.0, 0.0, 1.0, 1.0 ] },
				"west": { "texture": "#rope", "uv": [ 0.0, 0.0, 16.0, 1.0 ] },
				"up": { "texture": "#rope", "uv": [ 0.0, 0.0, 16.0, 1.0 ], "rotation": 90 },
				"down": { "texture": "#rope", "uv": [ 0.0, 0.0, 16.0, 1.0 ], "rotation": 90 }
			}
		},
		{
			"name": "rope_ul",
			"from": [ 1.0, 13.0, 0.0 ],
			"to": [ 2.0, 14.0, 16.0 ],
			"rotationOrigin": [ 1.0, 12.0, 1.5 ],
			"faces": {
				"north": { "texture": "#rope", "uv": [ 0.0, 0.0, 1.0, 1.0 ] },
				"east": { "texture": "#rope", "uv": [ 0.0, 0.0, 16.0, 1.0 ] },
				"south": { "texture": "#rope", "uv": [ 0.0, 0.0, 1.0, 1.0 ] },
				"west": { "texture": "#rope", "uv": [ 0.0, 0.0, 16.0, 1.0 ] },
				"up": { "texture": "#rope", "uv": [ 0.0, 0.0, 16.0, 1.0 ], "rotation": 90 },
				"down": { "texture": "#rope", "uv": [ 0.0, 0.0, 16.0, 1.0 ], "rotation": 90 }
			}
		},
		{
			"name": "rope_ur",
			"from": [ 14.0, 13.0, 0.0 ],
			"to": [ 15.0, 14.0, 16.0 ],
			"rotationOrigin": [ 14.0, 11.0, 1.5 ],
			"faces": {
				"north": { "texture": "#rope", "uv": [ 0.0, 0.0, 1.0, 1.0 ] },
				"east": { "texture": "#rope", "uv": [ 0.0, 0.0, 16.0, 1.0 ] },
				"south": { "texture": "#rope", "uv": [ 0.0, 0.0, 1.0, 1.0 ] },
				"west": { "texture": "#rope", "uv": [ 0.0, 0.0, 16.0, 1.0 ] },
				"up": { "texture": "#rope", "uv": [ 0.0, 0.0, 16.0, 1.0 ], "rotation": 90 },
				"down": { "texture": "#rope", "uv": [ 0.0, 0.0, 16.0, 1.0 ], "rotation": 90 }
			}
		},
		{
			"name": "rope_vbl",
			"from": [ 1.1, 0.5, 4.0 ],
			"to": [ 1.9, 13.5, 4.8 ],
			"rotationOrigin": [ 1.0, 15.0, 4.0 ],
			"rotationX": -6.0,
			"faces": {
				"north": { "texture": "#rope", "uv": [ 0.0, 0.0, 15.0, 1.0 ], "rotation": 90, "autoUv": false },
				"east": { "texture": "#rope", "uv": [ 0.0, 0.0, 15.0, 1.0 ], "rotation": 90, "autoUv": false },
				"south": { "texture": "#rope", "uv": [ 0.0, 0.0, 15.0, 1.0 ], "rotation": 90, "autoUv": false },
				"west": { "texture": "#rope", "uv": [ 0.0, 0.0, 15.0, 1.0 ], "rotation": 90, "autoUv": false },
				"up": { "texture": "#rope", "uv": [ 0.0, 0.0, 0.75, 0.75 ] },
				"down": { "texture": "#rope", "uv": [ 0.0, 0.0, 0.75, 0.75 ] }
			},
			"children": [
				{
					"name": "rope_vbl2",
					"from": [ 0.0, 0.0, -0.8 ],
					"to": [ 0.8, 13.0, 0.0 ],
					"rotationOrigin": [ 0.0, 15.0, 0.0 ],
					"rotationX": 12.0,
					"faces": {
						"north": { "texture": "#rope", "uv": [ 0.0, 0.0, 15.0, 1.0 ], "rotation": 90, "autoUv": false },
						"east": { "texture": "#rope", "uv": [ 0.0, 0.0, 15.0, 1.0 ], "rotation": 90, "autoUv": false },
						"south": { "texture": "#rope", "uv": [ 0.0, 0.0, 15.0, 1.0 ], "rotation": 90, "autoUv": false },
						"west": { "texture": "#rope", "uv": [ 0.0, 0.0, 15.0, 1.0 ], "rotation": 90, "autoUv": false },
						"up": { "texture": "#rope", "uv": [ 0.0, 0.0, 0.75, 0.75 ] },
						"down": { "texture": "#rope", "uv": [ 0.0, 0.0, 0.75, 0.75 ] }
					}
				}
			]
		},
		{
			"name": "rope_vbr",
			"from": [ 14.1, 0.5, 4.0 ],
			"to": [ 14.9, 13.5, 4.8 ],
			"rotationOrigin": [ 1.0, 15.0, 4.0 ],
			"rotationX": -6.0,
			"faces": {
				"north": { "texture": "#rope", "uv": [ 0.0, 0.0, 15.0, 1.0 ], "rotation": 90, "autoUv": false },
				"east": { "texture": "#rope", "uv": [ 0.0, 0.0, 15.0, 1.0 ], "rotation": 90, "autoUv": false },
				"south": { "texture": "#rope", "uv": [ 0.0, 0.0, 15.0, 1.0 ], "rotation": 90, "autoUv": false },
				"west": { "texture": "#rope", "uv": [ 0.0, 0.0, 15.0, 1.0 ], "rotation": 90, "autoUv": false },
				"up": { "texture": "#rope", "uv": [ 0.0, 0.0, 0.75, 0.75 ] },
				"down": { "texture": "#rope", "uv": [ 0.0, 0.0, 0.75, 0.75 ] }
			},
			"children": [
				{
					"name": "rope_vbr2",
					"from": [ 0.0, 0.0, -0.8 ],
					"to": [ 0.8, 13.0, 0.0 ],
					"rotationOrigin": [ 0.0, 15.0, 0.0 ],
					"rotationX": 12.0,
					"faces": {
						"north": { "texture": "#rope", "uv": [ 0.0, 0.0, 15.0, 1.0 ], "rotation": 90, "autoUv": false },
						"east": { "texture": "#rope", "uv": [ 0.0, 0.0, 15.0, 1.0 ], "rotation": 90, "autoUv": false },
						"south": { "texture": "#rope", "uv": [ 0.0, 0.0, 15.0, 1.0 ], "rotation": 90, "autoUv": false },
						"west": { "texture": "#rope", "uv": [ 0.0, 0.0, 15.0, 1.0 ], "rotation": 90, "autoUv": false },
						"up": { "texture": "#rope", "uv": [ 0.0, 0.0, 0.75, 0.75 ] },
						"down": { "texture": "#rope", "uv": [ 0.0, 0.0, 0.75, 0.75 ] }
					}
				}
			]
		},
		{
			"name": "rope_vfl",
			"from": [ 1.1, 0.5, 12.0 ],
			"to": [ 1.9, 13.5, 12.8 ],
			"rotationOrigin": [ 1.0, 15.0, 12.0 ],
			"rotationX": -6.0,
			"faces": {
				"north": { "texture": "#rope", "uv": [ 0.0, 0.0, 15.0, 1.0 ], "rotation": 90, "autoUv": false },
				"east": { "texture": "#rope", "uv": [ 0.0, 0.0, 15.0, 1.0 ], "rotation": 90, "autoUv": false },
				"south": { "texture": "#rope", "uv": [ 0.0, 0.0, 15.0, 1.0 ], "rotation": 90, "autoUv": false },
				"west": { "texture": "#rope", "uv": [ 0.0, 0.0, 15.0, 1.0 ], "rotation": 90, "autoUv": false },
				"up": { "texture": "#rope", "uv": [ 0.0, 0.0, 0.75, 0.75 ] },
				"down": { "texture": "#rope", "uv": [ 0.0, 0.0, 0.75, 0.75 ] }
			},
			"children": [
				{
					"name": "rope_vfl2",
					"from": [ 0.0, 0.0, -0.8 ],
					"to": [ 0.8, 13.0, 0.0 ],
					"rotationOrigin": [ 0.0, 15.0, 0.0 ],
					"rotationX": 12.0,
					"faces": {
						"north": { "texture": "#rope", "uv": [ 0.0, 0.0, 15.0, 1.0 ], "rotation": 90, "autoUv": false },
						"east": { "texture": "#rope", "uv": [ 0.0, 0.0, 15.0, 1.0 ], "rotation": 90, "autoUv": false },
						"south": { "texture": "#rope", "uv": [ 0.0, 0.0, 15.0, 1.0 ], "rotation": 90, "autoUv": false },
						"west": { "texture": "#rope", "uv": [ 0.0, 0.0, 15.0, 1.0 ], "rotation": 90, "autoUv": false },
						"up": { "texture": "#rope", "uv": [ 0.0, 0.0, 0.75, 0.75 ] },
						"down": { "texture": "#rope", "uv": [ 0.0, 0.0, 0.75, 0.75 ] }
					}
				}
			]
		},
		{
			"name": "rope_vfr",
			"from": [ 14.1, 0.5, 12.0 ],
			"to": [ 14.9, 13.5, 12.8 ],
			"rotationOrigin": [ 1.0, 15.0, 12.0 ],
			"rotationX": -6.0,
			"faces": {
				"north": { "texture": "#rope", "uv": [ 0.0, 0.0, 15.0, 1.0 ], "rotation": 90, "autoUv": false },
				"east": { "texture": "#rope", "uv": [ 0.0, 0.0, 15.0, 1.0 ], "rotation": 90, "autoUv": false },
				"south": { "texture": "#rope", "uv": [ 0.0, 0.0, 15.0, 1.0 ], "rotation": 90, "autoUv": false },
				"west": { "texture": "#rope", "uv": [ 0.0, 0.0, 15.0, 1.0 ], "rotation": 90, "autoUv": false },
				"up": { "texture": "#rope", "uv": [ 0.0, 0.0, 0.75, 0.75 ] },
				"down": { "texture": "#rope", "uv": [ 0.0, 0.0, 0.75, 0.75 ] }
			},
			"children": [
				{
					"name": "rope_vfr2",
					"from": [ 0.0, 0.0, -0.8 ],
					"to": [ 0.8, 13.0, 0.0 ],
					"rotationOrigin": [ 0.0, 15.0, 0.0 ],
					"rotationX": 12.0,
					"faces": {
						"north": { "texture": "#rope", "uv": [ 0.0, 0.0, 15.0, 0.75 ], "rotation": 90, "autoUv": false },
						"east": { "texture": "#rope", "uv": [ 0.0, 0.0, 15.0, 1.0 ], "rotation": 90, "autoUv": false },
						"south": { "texture": "#rope", "uv": [ 0.0, 0.0, 15.0, 1.0 ], "rotation": 90, "autoUv": false },
						"west": { "texture": "#rope", "uv": [ 0.0, 0.0, 15.0, 1.0 ], "rotation": 90, "autoUv": false },
						"up": { "texture": "#rope", "uv": [ 0.0, 0.0, 0.75, 0.75 ] },
						"down": { "texture": "#rope", "uv": [ 0.0, 0.0, 0.75, 0.75 ] }
					}
				}
			]
		},
		{
			"name": "plank2",
			"from": [ 0.0, 0.0, 9.5 ],
			"to": [ 16.0, 2.0, 14.5 ],
			"rotationOrigin": [ 0.0, 0.0, 8.0 ],
			"faces": {
				"north": { "texture": "#plank", "uv": [ 0.0, 7.5, 16.0, 9.5 ] },
				"east": { "texture": "#plank", "uv": [ 5.0, 7.0, 10.0, 9.0 ] },
				"south": { "texture": "#plank", "uv": [ 0.0, 7.5, 16.0, 9.5 ] },
				"west": { "texture": "#plank", "uv": [ 5.0, 7.0, 10.0, 9.0 ] },
				"up": { "texture": "#plank", "uv": [ 0.0, 6.0, 16.0, 11.0 ], "autoUv": false },
				"down": { "texture": "#plank", "uv": [ 0.0, 6.0, 16.0, 11.0 ], "autoUv": false }
			}
		},
		{
			"name": "plank3",
			"from": [ 0.0, 0.0, 3.75 ],
			"to": [ 16.0, 2.0, 7.75 ],
			"rotationOrigin": [ 0.0, 0.0, 2.0 ],
			"faces": {
				"north": { "texture": "#plank", "uv": [ 0.0, 7.5, 16.0, 9.5 ] },
				"east": { "texture": "#plank", "uv": [ 5.0, 7.0, 9.0, 9.0 ] },
				"south": { "texture": "#plank", "uv": [ 0.0, 7.5, 16.0, 9.5 ] },
				"west": { "texture": "#plank", "uv": [ 5.0, 7.0, 9.0, 9.0 ] },
				"up": { "texture": "#plank", "uv": [ 0.0, 6.0, 16.0, 11.0 ], "autoUv": false },
				"down": { "texture": "#plank", "uv": [ 0.0, 6.0, 16.0, 11.0 ], "autoUv": false }
			}
		}
	]}