{
	"editor": {
		"allAngles": false,
		"entityTextureMode": false
	},
	"textureWidth": 16,
	"textureHeight": 16,
	"textureSizes": {
	},
	"textures": {
			"rope": "fendragonsmp:block/cloth/rope_bridge"
	},
	"elements": [
		{
			"name": "post3",
			"from": [ 12.0, 0.0, 0.0 ],
			"to": [ 15.0, 15.0, 3.0 ],
			"rotationOrigin": [ 13.0, 0.0, 0.0 ],
			"rotationY": 5.0,
			"rotationZ": -3.0,
			"faces": {
				"north": { "texture": "#plank", "uv": [ 0.0, 12.5, 15.0, 15.5 ], "rotation": 90 },
				"east": { "texture": "#plank", "uv": [ 0.0, 12.5, 15.0, 15.5 ], "rotation": 90 },
				"south": { "texture": "#plank", "uv": [ 0.0, 12.5, 15.0, 15.5 ], "rotation": 90 },
				"west": { "texture": "#plank", "uv": [ 0.0, 12.5, 15.0, 15.5 ], "rotation": 90 },
				"up": { "texture": "#plank", "uv": [ 6.0, 12.5, 9.0, 15.5 ], "autoUv": false },
				"down": { "texture": "#plank", "uv": [ 6.0, 12.5, 9.0, 15.5 ], "autoUv": false }
			}
		},
		{
			"name": "rope_right",
			"from": [ 14.0, 7.5, 0.0 ],
			"to": [ 15.0, 8.5, 16.0 ],
			"rotationOrigin": [ 14.0, 8.0, 8.0 ],
			"rotationX": 45.0,
			"faces": {
				"north": { "texture": "#rope", "uv": [ 0.0, 0.0, 1.0, 1.0 ] },
				"east": { "texture": "#rope", "uv": [ 0.0, 0.0, 16.0, 1.0 ] },
				"south": { "texture": "#rope", "uv": [ 0.0, 0.0, 1.0, 1.0 ] },
				"west": { "texture": "#rope", "uv": [ 0.0, 0.0, 16.0, 1.0 ] },
				"up": { "texture": "#rope", "uv": [ 0.0, 0.0, 16.0, 1.0 ], "rotation": 90 },
				"down": { "texture": "#rope", "uv": [ 0.0, 0.0, 16.0, 1.0 ], "rotation": 90 }
			}
		},
		{
			"name": "post4",
			"from": [ 13.0, 0.0, 13.0 ],
			"to": [ 16.0, 4.0, 16.0 ],
			"rotationOrigin": [ 13.0, 0.0, 8.0 ],
			"rotationZ": -4.0,
			"faces": {
				"north": { "texture": "#plank", "uv": [ 6.0, 7.0, 10.0, 10.0 ], "rotation": 90 },
				"east": { "texture": "#plank", "uv": [ 6.0, 7.0, 10.0, 10.0 ], "rotation": 90 },
				"south": { "texture": "#plank", "uv": [ 6.0, 7.0, 10.0, 10.0 ], "rotation": 90 },
				"west": { "texture": "#plank", "uv": [ 6.0, 7.0, 10.0, 10.0 ], "rotation": 90 },
				"up": { "texture": "#plank", "uv": [ 3.0, 7.0, 6.0, 10.0 ], "autoUv": false },
				"down": { "texture": "#plank", "uv": [ 3.0, 7.0, 6.0, 10.0 ] }
			}
		}
	]}