{
	"editor": {
		"allAngles": false,
		"entityTextureMode": false
	},
	"textureWidth": 16,
	"textureHeight": 16,
	"textureSizes": {
	},
	"textures": {
			"corners": "game:block/wood/chest/aged/corners",
			"bituminouscoal": "game:item/resource/ungraded/bituminouscoal"
	},
	"elements": [
		{
			"name": "Base",
			"from": [ 0.0, 0.0, 0.0 ],
			"to": [ 16.0, 15.0, 13.0 ],
			"faces": {
				"north": { "texture": "#corners", "uv": [ 0.0, 0.0, 16.0, 15.5 ], "autoUv": false },
				"east": { "texture": "#corners", "uv": [ 2.0, 0.5, 16.0, 16.0 ], "autoUv": false },
				"south": { "texture": "#corners", "uv": [ 0.0, 0.0, 15.0, 15.5 ], "autoUv": false },
				"west": { "texture": "#corners", "uv": [ 0.5, 0.5, 14.0, 15.5 ], "autoUv": false },
				"up": { "texture": "#corners", "uv": [ 0.0, 0.0, 15.5, 16.0 ], "autoUv": false },
				"down": { "texture": "#corners", "uv": [ 0.0, 0.0, 16.0, 15.5 ], "autoUv": false }
			},
			"children": [
				{
					"name": "Molding 1",
					"from": [ 0.0, 0.0, 13.0 ],
					"to": [ 16.0, 15.0, 15.0 ],
					"rotationOrigin": [ 0.0, 0.0, 13.0 ],
					"faces": {
						"north": { "texture": "#corners", "uv": [ 0.0, 0.0, 16.0, 15.5 ], "autoUv": false },
						"east": { "texture": "#corners", "uv": [ 0.5, 0.0, 2.5, 15.5 ], "autoUv": false },
						"south": { "texture": "#corners", "uv": [ 0.0, 0.0, 16.0, 15.0 ] },
						"west": { "texture": "#corners", "uv": [ 13.5, 0.0, 15.5, 15.5 ], "autoUv": false },
						"up": { "texture": "#corners", "uv": [ 0.0, 0.0, 16.0, 2.0 ] },
						"down": { "texture": "#corners", "uv": [ 0.0, 0.0, 16.0, 2.0 ] }
					},
					"children": [
						{
							"name": "Molding2",
							"from": [ 0.0, 0.0, 2.0 ],
							"to": [ 16.0, 1.0, 3.0 ],
							"rotationOrigin": [ 0.0, 0.0, 2.0 ],
							"faces": {
								"north": { "texture": "#corners", "uv": [ 0.0, 0.0, 16.0, 1.0 ] },
								"east": { "texture": "#corners", "uv": [ 0.0, 0.0, 1.0, 1.0 ] },
								"south": { "texture": "#corners", "uv": [ 0.0, 0.0, 16.0, 1.0 ] },
								"west": { "texture": "#corners", "uv": [ 0.0, 0.0, 1.0, 1.0 ] },
								"up": { "texture": "#corners", "uv": [ 0.0, 0.0, 16.0, 1.0 ] },
								"down": { "texture": "#corners", "uv": [ 0.0, 0.0, 16.0, 1.0 ] }
							}
						}
					]
				},
				{
					"name": "Door",
					"from": [ 0.5, 1.5, 15.0 ],
					"to": [ 7.5, 7.5, 15.5 ],
					"rotationOrigin": [ 0.25, 5.5, 14.0 ],
					"faces": {
						"north": { "texture": "#plank", "uv": [ 3.5, 2.5, 9.5, 9.5 ], "rotation": 90 },
						"east": { "texture": "#plank", "uv": [ 3.5, 4.5, 12.0, 9.0 ], "rotation": 90, "autoUv": false },
						"south": { "texture": "#plank", "uv": [ 0.5, 1.0, 15.0, 15.5 ], "rotation": 90, "autoUv": false },
						"west": { "texture": "#plank", "uv": [ 1.0, 2.0, 9.0, 5.5 ], "rotation": 90, "autoUv": false },
						"up": { "texture": "#plank", "uv": [ 0.5, 2.5, 11.5, 6.5 ], "autoUv": false },
						"down": { "texture": "#plank", "uv": [ 2.5, 3.5, 10.5, 6.5 ], "autoUv": false }
					},
					"children": [
						{
							"name": "Handle",
							"from": [ 6.0, 3.5, 0.5 ],
							"to": [ 6.5, 5.0, 1.0 ],
							"rotationOrigin": [ 6.0, 3.5, 0.5 ],
							"faces": {
								"east": { "texture": "#rock", "uv": [ 8.5, 8.5, 15.0, 14.5 ], "autoUv": false },
								"south": { "texture": "#rock", "uv": [ 6.0, 9.0, 12.0, 14.0 ], "autoUv": false },
								"west": { "texture": "#rock", "uv": [ 4.5, 3.5, 13.0, 10.5 ], "autoUv": false },
								"up": { "texture": "#rock", "uv": [ 8.0, 8.0, 15.0, 15.0 ], "autoUv": false },
								"down": { "texture": "#rock", "uv": [ 8.0, 9.0, 12.5, 14.0 ], "autoUv": false }
							}
						},
						{
							"name": "hINGE",
							"from": [ -0.25, 1.0, 0.0 ],
							"to": [ 0.0, 2.0, 0.25 ],
							"rotationOrigin": [ 0.0, 0.5, 0.0 ],
							"faces": {
								"north": { "texture": "#bituminouscoal", "uv": [ 10.5, 10.5, 11.0, 11.5 ] },
								"east": { "texture": "#bituminouscoal", "uv": [ 11.0, 10.5, 11.5, 11.5 ] },
								"south": { "texture": "#bituminouscoal", "uv": [ 10.5, 10.5, 11.0, 11.5 ] },
								"west": { "texture": "#bituminouscoal", "uv": [ 11.5, 10.0, 12.0, 11.0 ] },
								"up": { "texture": "#bituminouscoal", "uv": [ 10.5, 9.5, 11.0, 10.0 ] },
								"down": { "texture": "#bituminouscoal", "uv": [ 7.5, 8.5, 8.0, 9.0 ] }
							}
						},
						{
							"name": "hINGE7",
							"from": [ -0.25, 4.0, 0.0 ],
							"to": [ 0.0, 5.0, 0.25 ],
							"rotationOrigin": [ 0.0, 4.0, 0.0 ],
							"faces": {
								"north": { "texture": "#bituminouscoal", "uv": [ 10.5, 10.0, 11.0, 11.0 ] },
								"east": { "texture": "#bituminouscoal", "uv": [ 11.5, 10.5, 12.0, 11.5 ] },
								"south": { "texture": "#bituminouscoal", "uv": [ 10.0, 10.0, 10.5, 11.0 ] },
								"west": { "texture": "#bituminouscoal", "uv": [ 11.0, 10.0, 11.5, 11.0 ] },
								"up": { "texture": "#bituminouscoal", "uv": [ 11.0, 10.5, 11.5, 11.0 ] },
								"down": { "texture": "#bituminouscoal", "uv": [ 11.0, 10.0, 11.5, 10.5 ] }
							}
						}
					]
				},
				{
					"name": "Countertop",
					"from": [ 0.0, 15.0, 0.0 ],
					"to": [ 16.0, 16.0, 16.0 ],
					"rotationOrigin": [ 0.0, 15.0, 0.0 ],
					"faces": {
						"north": { "texture": "#rock", "uv": [ 0.0, 0.0, 16.0, 1.0 ] },
						"east": { "texture": "#rock", "uv": [ 0.0, 0.0, 16.0, 1.0 ] },
						"south": { "texture": "#rock", "uv": [ 0.0, 0.0, 16.0, 1.0 ] },
						"west": { "texture": "#rock", "uv": [ 0.0, 0.0, 16.0, 1.0 ] },
						"up": { "texture": "#rock", "uv": [ 0.0, 0.0, 16.0, 16.0 ] },
						"down": { "texture": "#rock", "uv": [ 0.0, 0.0, 16.0, 16.0 ] }
					}
				},
				{
					"name": "Door2",
					"from": [ 15.5, 1.5, 16.5 ],
					"to": [ 22.5, 7.5, 17.0 ],
					"rotationOrigin": [ 15.25, 4.5, 16.0 ],
					"rotationY": -180.0,
					"faces": {
						"north": { "texture": "#plank", "uv": [ 1.5, 1.0, 15.0, 15.0 ], "rotation": 90, "autoUv": false },
						"east": { "texture": "#plank", "uv": [ 0.5, 2.0, 9.0, 5.0 ], "rotation": 90, "autoUv": false },
						"south": { "texture": "#plank", "uv": [ 0.5, 1.5, 15.5, 15.5 ], "rotation": 90, "autoUv": false },
						"west": { "texture": "#plank", "uv": [ 2.5, 2.5, 9.5, 5.0 ], "rotation": 90, "autoUv": false },
						"up": { "texture": "#plank", "uv": [ 1.0, 2.0, 12.0, 5.0 ], "autoUv": false },
						"down": { "texture": "#plank", "uv": [ 1.0, 2.5, 11.0, 5.5 ], "autoUv": false }
					},
					"children": [
						{
							"name": "Handle2",
							"from": [ 6.0, 2.0, 0.98 ],
							"to": [ 6.5, 3.5, 1.48 ],
							"rotationOrigin": [ 6.0, 3.5, 0.5 ],
							"rotationX": -180.0,
							"faces": {
								"east": { "texture": "#rock", "uv": [ 11.0, 9.0, 13.5, 12.5 ], "autoUv": false },
								"south": { "texture": "#rock", "uv": [ 10.5, 10.0, 12.5, 12.5 ], "autoUv": false },
								"west": { "texture": "#rock", "uv": [ 10.0, 9.0, 12.5, 12.0 ], "autoUv": false },
								"up": { "texture": "#rock", "uv": [ 9.5, 9.0, 12.5, 12.5 ], "autoUv": false },
								"down": { "texture": "#rock", "uv": [ 10.5, 10.0, 12.5, 13.5 ], "autoUv": false }
							}
						},
						{
							"name": "hINGE2",
							"from": [ -0.25, 1.0, 0.25 ],
							"to": [ 0.0, 2.0, 0.5 ],
							"rotationOrigin": [ 0.0, -0.5, 0.0 ],
							"faces": {
								"north": { "texture": "#bituminouscoal", "uv": [ 11.5, 11.0, 12.0, 12.0 ] },
								"east": { "texture": "#bituminouscoal", "uv": [ 11.5, 11.5, 12.0, 12.5 ] },
								"south": { "texture": "#bituminouscoal", "uv": [ 11.5, 10.0, 12.0, 11.0 ] },
								"west": { "texture": "#bituminouscoal", "uv": [ 10.0, 11.0, 10.5, 12.0 ] },
								"up": { "texture": "#bituminouscoal", "uv": [ 10.5, 11.0, 11.0, 11.5 ] },
								"down": { "texture": "#bituminouscoal", "uv": [ 11.0, 11.5, 11.5, 12.0 ] }
							}
						},
						{
							"name": "hINGE8",
							"from": [ -0.25, 4.0, 0.25 ],
							"to": [ 0.0, 5.0, 0.5 ],
							"rotationOrigin": [ 0.0, 4.0, 1.0 ],
							"faces": {
								"north": { "texture": "#bituminouscoal", "uv": [ 10.5, 10.5, 11.0, 11.5 ] },
								"east": { "texture": "#bituminouscoal", "uv": [ 11.0, 10.5, 11.5, 11.5 ] },
								"south": { "texture": "#bituminouscoal", "uv": [ 12.0, 10.5, 12.5, 11.5 ] },
								"west": { "texture": "#bituminouscoal", "uv": [ 11.5, 10.5, 12.0, 11.5 ] },
								"up": { "texture": "#bituminouscoal", "uv": [ 11.0, 10.5, 11.5, 11.0 ] },
								"down": { "texture": "#bituminouscoal", "uv": [ 11.0, 11.5, 11.5, 12.0 ] }
							}
						}
					]
				},
				{
					"name": "Door4",
					"from": [ 0.5, 8.0, 15.0 ],
					"to": [ 7.5, 14.0, 15.5 ],
					"rotationOrigin": [ 0.25, 12.5, 14.0 ],
					"faces": {
						"north": { "texture": "#plank", "uv": [ 3.5, 2.5, 9.5, 9.5 ], "rotation": 90 },
						"east": { "texture": "#plank", "uv": [ 3.5, 4.5, 12.0, 9.0 ], "rotation": 90, "autoUv": false },
						"south": { "texture": "#plank", "uv": [ 0.5, 1.0, 15.0, 15.5 ], "rotation": 90, "autoUv": false },
						"west": { "texture": "#plank", "uv": [ 1.0, 2.0, 9.0, 5.5 ], "rotation": 90, "autoUv": false },
						"up": { "texture": "#plank", "uv": [ 0.5, 2.5, 11.5, 6.5 ], "autoUv": false },
						"down": { "texture": "#plank", "uv": [ 2.5, 3.5, 10.5, 6.5 ], "autoUv": false }
					},
					"children": [
						{
							"name": "Handle4",
							"from": [ 6.0, 3.5, 0.5 ],
							"to": [ 6.5, 5.0, 1.0 ],
							"rotationOrigin": [ 6.0, 3.5, 0.5 ],
							"faces": {
								"east": { "texture": "#rock", "uv": [ 8.5, 8.5, 15.0, 14.5 ], "autoUv": false },
								"south": { "texture": "#rock", "uv": [ 6.0, 9.0, 12.0, 14.0 ], "autoUv": false },
								"west": { "texture": "#rock", "uv": [ 4.5, 3.5, 13.0, 10.5 ], "autoUv": false },
								"up": { "texture": "#rock", "uv": [ 8.0, 8.0, 15.0, 15.0 ], "autoUv": false },
								"down": { "texture": "#rock", "uv": [ 8.0, 9.0, 12.5, 14.0 ], "autoUv": false }
							}
						},
						{
							"name": "hINGE4",
							"from": [ -0.25, 1.0, 0.0 ],
							"to": [ 0.0, 2.0, 0.25 ],
							"rotationOrigin": [ 0.0, 0.5, 0.0 ],
							"faces": {
								"north": { "texture": "#bituminouscoal", "uv": [ 10.5, 10.5, 11.0, 11.5 ] },
								"east": { "texture": "#bituminouscoal", "uv": [ 11.0, 10.5, 11.5, 11.5 ] },
								"south": { "texture": "#bituminouscoal", "uv": [ 10.5, 10.5, 11.0, 11.5 ] },
								"west": { "texture": "#bituminouscoal", "uv": [ 11.5, 10.0, 12.0, 11.0 ] },
								"up": { "texture": "#bituminouscoal", "uv": [ 10.5, 9.5, 11.0, 10.0 ] },
								"down": { "texture": "#bituminouscoal", "uv": [ 7.5, 8.5, 8.0, 9.0 ] }
							}
						},
						{
							"name": "hINGE9",
							"from": [ -0.25, 4.0, 0.0 ],
							"to": [ 0.0, 5.0, 0.25 ],
							"rotationOrigin": [ 0.0, 4.0, 0.0 ],
							"faces": {
								"north": { "texture": "#bituminouscoal", "uv": [ 10.5, 10.0, 11.0, 11.0 ] },
								"east": { "texture": "#bituminouscoal", "uv": [ 11.5, 10.5, 12.0, 11.5 ] },
								"south": { "texture": "#bituminouscoal", "uv": [ 10.0, 10.0, 10.5, 11.0 ] },
								"west": { "texture": "#bituminouscoal", "uv": [ 11.0, 10.0, 11.5, 11.0 ] },
								"up": { "texture": "#bituminouscoal", "uv": [ 11.0, 10.5, 11.5, 11.0 ] },
								"down": { "texture": "#bituminouscoal", "uv": [ 11.0, 10.0, 11.5, 10.5 ] }
							}
						}
					]
				},
				{
					"name": "Door5",
					"from": [ 15.5, 8.0, 16.5 ],
					"to": [ 22.5, 14.0, 17.0 ],
					"rotationOrigin": [ 15.25, 10.5, 16.0 ],
					"rotationY": -180.0,
					"faces": {
						"north": { "texture": "#plank", "uv": [ 1.5, 1.0, 15.0, 15.0 ], "rotation": 90, "autoUv": false },
						"east": { "texture": "#plank", "uv": [ 0.5, 2.0, 9.0, 5.0 ], "rotation": 90, "autoUv": false },
						"south": { "texture": "#plank", "uv": [ 0.5, 1.5, 15.5, 15.5 ], "rotation": 90, "autoUv": false },
						"west": { "texture": "#plank", "uv": [ 2.5, 2.5, 9.5, 5.0 ], "rotation": 90, "autoUv": false },
						"up": { "texture": "#plank", "uv": [ 1.0, 2.0, 12.0, 5.0 ], "autoUv": false },
						"down": { "texture": "#plank", "uv": [ 1.0, 2.5, 11.0, 5.5 ], "autoUv": false }
					},
					"children": [
						{
							"name": "Handle5",
							"from": [ 6.0, 2.0, 0.98 ],
							"to": [ 6.5, 3.5, 1.48 ],
							"rotationOrigin": [ 6.0, 3.5, 0.5 ],
							"rotationX": -180.0,
							"faces": {
								"east": { "texture": "#rock", "uv": [ 11.0, 9.0, 13.5, 12.5 ], "autoUv": false },
								"south": { "texture": "#rock", "uv": [ 10.5, 10.0, 12.5, 12.5 ], "autoUv": false },
								"west": { "texture": "#rock", "uv": [ 10.0, 9.0, 12.5, 12.0 ], "autoUv": false },
								"up": { "texture": "#rock", "uv": [ 9.5, 9.0, 12.5, 12.5 ], "autoUv": false },
								"down": { "texture": "#rock", "uv": [ 10.5, 10.0, 12.5, 13.5 ], "autoUv": false }
							}
						},
						{
							"name": "hINGE5",
							"from": [ -0.25, 1.0, 0.25 ],
							"to": [ 0.0, 2.0, 0.5 ],
							"rotationOrigin": [ 0.0, -0.5, 0.0 ],
							"faces": {
								"north": { "texture": "#bituminouscoal", "uv": [ 11.5, 11.0, 12.0, 12.0 ] },
								"east": { "texture": "#bituminouscoal", "uv": [ 11.5, 11.5, 12.0, 12.5 ] },
								"south": { "texture": "#bituminouscoal", "uv": [ 11.5, 10.0, 12.0, 11.0 ] },
								"west": { "texture": "#bituminouscoal", "uv": [ 10.0, 11.0, 10.5, 12.0 ] },
								"up": { "texture": "#bituminouscoal", "uv": [ 10.5, 11.0, 11.0, 11.5 ] },
								"down": { "texture": "#bituminouscoal", "uv": [ 11.0, 11.5, 11.5, 12.0 ] }
							}
						},
						{
							"name": "hINGE10",
							"from": [ -0.25, 4.0, 0.25 ],
							"to": [ 0.0, 5.0, 0.5 ],
							"rotationOrigin": [ 0.0, 4.0, 1.0 ],
							"faces": {
								"north": { "texture": "#bituminouscoal", "uv": [ 10.5, 10.5, 11.0, 11.5 ] },
								"east": { "texture": "#bituminouscoal", "uv": [ 11.0, 10.5, 11.5, 11.5 ] },
								"south": { "texture": "#bituminouscoal", "uv": [ 12.0, 10.5, 12.5, 11.5 ] },
								"west": { "texture": "#bituminouscoal", "uv": [ 11.5, 10.5, 12.0, 11.5 ] },
								"up": { "texture": "#bituminouscoal", "uv": [ 11.0, 10.5, 11.5, 11.0 ] },
								"down": { "texture": "#bituminouscoal", "uv": [ 11.0, 11.5, 11.5, 12.0 ] }
							}
						}
					]
				}
			]
		}
	]}