[
{
    "ingredientPattern": "___,PSP,PPP",
    "width": 3,
    "height" : 3,
  "ingredients": {
    "P": {
      "type": "item",
      "code": "game:firewood",
      "quantity": 2
    },
    "S": {
      "type": "item",
      "code": "game:axe-*-*",
      "quantity": 1,
      "isTool": true,
      "toolDurabilityCost": 3
    }
  },
  "output": {
    "type": "block",
    "code": "game:palisadewall-four-lower-cornerout-west",
    "quantity": 2
  }
},
{
    "ingredientPattern": "__P,_SP,PPP",
    "width": 3,
    "height" : 3,
  "ingredients": {
    "P": {
      "type": "item",
      "code": "game:firewood",
      "quantity": 2
    },
    "S": {
      "type": "item",
      "code": "game:axe-*",
      "quantity": 1,
      "isTool": true,
      "toolDurabilityCost": 3
    }
  },
  "output": {
    "type": "block",
    "code": "game:palisadewall-four-lowerspiked-wall-west",
    "quantity": 2
  }
}
]