[
{
    "ingredientPattern": "PRP,PSP,___",
    "width": 3,
    "height" : 3,
  "ingredients": {
    "P": {
      "type": "item",
      "code": "game:firewood",
      "quantity": 2
    },
	"R": {
      "type": "item",
      "code": "game:rope",
      "quantity": 2
    },
    "S": {
      "type": "item",
      "code": "game:axe-*",
      "quantity": 1,
      "isTool": true,
      "toolDurabilityCost": 3
    }
  },
  "output": {
    "type": "block",
    "code": "game:palisadewall-four-toproped-wall-west",
    "quantity": 2
  }
},
{
    "ingredientPattern": "PRP,PS_,___",
    "width": 3,
    "height" : 3,
  "ingredients": {
    "P": {
      "type": "item",
      "code": "game:firewood",
      "quantity": 2
    },
	"R": {
      "type": "item",
      "code": "game:rope",
      "quantity": 2
    },
    "S": {
      "type": "item",
      "code": "game:axe-*",
      "quantity": 1,
      "isTool": true,
      "toolDurabilityCost": 3
    }
  },
  "output": {
    "type": "block",
    "code": "game:palisadewall-three-toproped-wall-west",
    "quantity": 2
  }
},
]