[{
    "ingredientPattern": "P__,PS_,PP_",
    "width": 3,
    "height" : 3,
  "ingredients": {
    "P": {
      "type": "item",
      "code": "game:firewood",
      "quantity": 2
    },
    "S": {
      "type": "item",
      "code": "game:axe-*",
      "quantity": 1,
      "isTool": true,
      "toolDurabilityCost": 3
    }
  },
    "output": {
        "type": "block",
        "code": "game:palisadewall-four-lower-wall-west",
        "quantity": 2
    }
},
{
    "ingredientPattern": "P__,PS_,P__",
    "width": 3,
    "height" : 3,
  "ingredients": {
    "P": {
      "type": "item",
      "code": "game:firewood",
      "quantity": 2
    },
    "S": {
      "type": "item",
      "code": "game:axe-*",
      "quantity": 1,
      "isTool": true,
      "toolDurabilityCost": 3
    }
  },
  "output": {
    "type": "block",
    "code": "game:palisadewall-three-lower-wall-west",
    "quantity": 2
  }
}
]