[{
    "ingredientPattern": "PPP,SP_,___",
    "width": 3,
    "height" : 3,
  "ingredients": {
    "P": {
      "type": "item",
      "code": "game:firewood",
      "quantity": 2
    },
    "S": {
      "type": "item",
      "code": "game:axe-*",
      "quantity": 1,
      "isTool": true,
      "toolDurabilityCost": 3
    }
  },
    "output": {
        "type": "block",
        "code": "game:palisadewall-four-top-wall-west",
        "quantity": 2
    }
},
{
    "ingredientPattern": "PPP,S__,___",
    "width": 3,
    "height" : 3,
  "ingredients": {
    "P": {
      "type": "item",
      "code": "game:firewood",
      "quantity": 2
    },
    "S": {
      "type": "item",
      "code": "game:axe-*",
      "quantity": 1,
      "isTool": true,
      "toolDurabilityCost": 3
    }
  },
    "output": {
        "type": "block",
        "code": "game:palisadewall-three-top-wall-west",
        "quantity": 2
    }
}
]