{
	"editor": {
		"collapsedPaths": "Root/Body/neck/head",
		"allAngles": true,
		"entityTextureMode": false
	},
	"textureWidth": 32,
	"textureHeight": 64,
	"textureSizes": {
		"gemsbok": [32,32]
	},
	"textures": {
	},
	"elements": [
		{
			"name": "Body",
			"from": [ 1.0, -1.5, 5.5 ],
			"to": [ 11.0, 2.5, 10.5 ],
			"rotationOrigin": [ 7.0, 0.5, 8.0 ],
			"rotationZ": 86.0,
			"faces": {
				"north": { "texture": "#gemsbok", "uv": [ 5.5, 8.5, 15.5, 12.5 ], "rotation": 180 },
				"east": { "texture": "#gemsbok", "uv": [ 23.5, 8.5, 28.5, 12.5 ] },
				"south": { "texture": "#gemsbok", "uv": [ 5.0, 8.5, 15.0, 12.5 ], "rotation": 180 },
				"west": { "texture": "#gemsbok", "uv": [ 8.0, 8.5, 13.0, 12.5 ], "rotation": 180 },
				"up": { "texture": "#gemsbok", "uv": [ 25.0, 7.0, 30.0, 17.0 ], "rotation": 90 },
				"down": { "texture": "#gemsbok", "uv": [ 5.0, 2.5, 14.0, 7.5 ], "rotation": 180, "autoUv": false }
			},
			"children": [
				{
					"name": "neck",
					"from": [ -2.8, 0.6, 1.5 ],
					"to": [ 2.2, 3.6, 3.5 ],
					"rotationOrigin": [ 2.1, 2.2, 2.5 ],
					"rotationZ": -64.0,
					"faces": {
						"north": { "texture": "#gemsbok", "uv": [ 13.5, 11.5, 16.5, 16.5 ], "rotation": 90 },
						"south": { "texture": "#gemsbok", "uv": [ 14.5, 12.0, 17.5, 17.0 ], "rotation": 270 },
						"west": { "texture": "#gemsbok", "uv": [ 17.0, 13.5, 19.0, 16.5 ] },
						"up": { "texture": "#gemsbok", "uv": [ 24.0, 7.0, 26.0, 12.0 ], "rotation": 270 },
						"down": { "texture": "#gemsbok", "uv": [ 14.5, 11.5, 16.5, 16.5 ], "rotation": 90 }
					},
					"children": [
						{
							"name": "head",
							"from": [ -1.2, 0.0, -0.5 ],
							"to": [ 1.8, 3.0, 2.5 ],
							"rotationOrigin": [ 1.3, 1.6, 1.0 ],
							"rotationZ": -28.0,
							"faces": {
								"north": { "texture": "#gemsbok", "uv": [ 15.5, 20.0, 18.5, 23.0 ], "rotation": 90 },
								"east": { "texture": "#gemsbok", "uv": [ 10.5, 3.5, 13.5, 6.5 ], "rotation": 180 },
								"south": { "texture": "#gemsbok", "uv": [ 26.0, 20.0, 29.0, 23.0 ], "rotation": 270 },
								"west": { "texture": "#gemsbok", "uv": [ 2.0, 25.0, 5.0, 28.0 ], "rotation": 90 },
								"up": { "texture": "#gemsbok", "uv": [ 25.0, 4.0, 28.0, 7.0 ], "rotation": 270 },
								"down": { "texture": "#gemsbok", "uv": [ 13.5, 2.5, 16.5, 5.5 ], "rotation": 90 }
							},
							"children": [
								{
									"name": "mouth",
									"from": [ 0.5, -2.0, 0.4 ],
									"to": [ 2.75, 1.0, 2.6 ],
									"rotationOrigin": [ 1.2, 0.5, 1.5 ],
									"rotationZ": 8.0,
									"faces": {
										"north": { "texture": "#gemsbok", "uv": [ 26.0, 26.5, 29.0, 28.5 ], "rotation": 90 },
										"east": { "texture": "#gemsbok", "uv": [ 25.5, 29.0, 28.5, 31.0 ], "rotation": 90 },
										"south": { "texture": "#gemsbok", "uv": [ 24.0, 26.5, 27.0, 28.5 ], "rotation": 270 },
										"west": { "texture": "#gemsbok", "uv": [ 5.5, 24.0, 8.5, 26.0 ], "rotation": 90 },
										"down": { "texture": "#gemsbok", "uv": [ 23.0, 29.0, 25.0, 31.0 ] }
									}
								},
								{
									"name": "R ear",
									"from": [ -1.0, 2.0, 0.0 ],
									"to": [ 1.0, 3.0, 1.0 ],
									"rotationOrigin": [ 1.0, 2.5, 0.5 ],
									"rotationX": 25.0,
									"rotationY": -70.0,
									"faces": {
										"north": { "texture": "#gemsbok", "uv": [ 9.0, 3.5, 10.0, 5.5 ], "rotation": 90 },
										"south": { "texture": "#gemsbok", "uv": [ 10.5, 3.0, 11.5, 5.0 ], "rotation": 270 },
										"west": { "texture": "#gemsbok", "uv": [ 11.5, 4.0, 12.5, 5.0 ] },
										"up": { "texture": "#gemsbok", "uv": [ 11.0, 4.5, 12.0, 6.5 ], "rotation": 270 },
										"down": { "texture": "#gemsbok", "uv": [ 2.5, 23.5, 4.5, 24.5 ] }
									}
								},
								{
									"name": "L ear",
									"from": [ -1.0, 2.0, 2.0 ],
									"to": [ 1.0, 3.0, 3.0 ],
									"rotationOrigin": [ 1.0, 2.5, 2.5 ],
									"rotationX": -25.0,
									"rotationY": 70.0,
									"faces": {
										"north": { "texture": "#gemsbok", "uv": [ 13.0, 4.0, 14.0, 6.0 ], "rotation": 90 },
										"south": { "texture": "#gemsbok", "uv": [ 13.0, 3.0, 14.0, 5.0 ], "rotation": 270 },
										"west": { "texture": "#gemsbok", "uv": [ 12.0, 6.5, 13.0, 7.5 ] },
										"up": { "texture": "#gemsbok", "uv": [ 14.0, 4.5, 15.0, 6.5 ], "rotation": 270 },
										"down": { "texture": "#gemsbok", "uv": [ 2.5, 23.5, 4.5, 24.5 ] }
									}
								},
								{
									"name": "HornR",
									"from": [ -1.0, 2.0, 0.0 ],
									"to": [ 0.0, 3.0, 1.0 ],
									"rotationOrigin": [ -1.0, 2.0, 0.0 ],
									"faces": {
										"north": { "texture": "#gemsbok", "uv": [ 8.0, 30.0, 9.0, 31.0 ] },
										"south": { "texture": "#gemsbok", "uv": [ 5.0, 30.5, 6.0, 31.5 ] },
										"west": { "texture": "#gemsbok", "uv": [ 7.0, 30.5, 8.0, 31.5 ] },
										"up": { "texture": "#gemsbok", "uv": [ 7.0, 31.0, 8.0, 32.0 ] },
										"down": { "texture": "#gemsbok", "uv": [ 7.5, 30.0, 8.5, 31.0 ] }
									}
								},
								{
									"name": "HornL",
									"from": [ -1.0, 2.0, 2.0 ],
									"to": [ 0.0, 3.0, 3.0 ],
									"rotationOrigin": [ -1.0, 2.0, 2.0 ],
									"faces": {
										"north": { "texture": "#gemsbok", "uv": [ 7.0, 31.0, 8.0, 32.0 ] },
										"south": { "texture": "#gemsbok", "uv": [ 13.5, 29.5, 14.5, 30.5 ] },
										"west": { "texture": "#gemsbok", "uv": [ 7.5, 30.0, 8.5, 31.0 ] },
										"up": { "texture": "#gemsbok", "uv": [ 10.5, 30.5, 11.5, 31.5 ] },
										"down": { "texture": "#gemsbok", "uv": [ 8.0, 31.0, 9.0, 32.0 ] }
									}
								}
							]
						}
					]
				},
				{
					"name": "R front leg",
					"from": [ 1.0, -1.7, 0.2 ],
					"to": [ 3.0, 1.3, 2.2 ],
					"rotationOrigin": [ 2.0, 1.3, 1.2 ],
					"rotationZ": -122.0,
					"faces": {
						"north": { "texture": "#gemsbok", "uv": [ 15.5, 12.0, 17.5, 15.0 ] },
						"east": { "texture": "#gemsbok", "uv": [ 17.5, 13.0, 19.5, 16.0 ] },
						"south": { "texture": "#gemsbok", "uv": [ 12.0, 11.5, 14.0, 14.5 ] },
						"west": { "texture": "#gemsbok", "uv": [ 10.5, 12.0, 12.5, 15.0 ] },
						"down": { "texture": "#gemsbok", "uv": [ 10.5, 14.5, 12.5, 16.5 ], "rotation": 90 }
					},
					"children": [
						{
							"name": "R front foot",
							"from": [ 0.1, -3.5, 0.1 ],
							"to": [ 1.9, 0.5, 1.9 ],
							"rotationOrigin": [ 1.1, 0.5, 1.1 ],
							"rotationZ": 4.0,
							"faces": {
								"north": { "texture": "#gemsbok", "uv": [ 4.5, 25.0, 8.5, 26.5 ], "rotation": 90 },
								"east": { "texture": "#gemsbok", "uv": [ 4.5, 24.5, 8.5, 26.0 ], "rotation": 90 },
								"south": { "texture": "#gemsbok", "uv": [ 4.5, 24.5, 8.5, 26.0 ], "rotation": 90 },
								"west": { "texture": "#gemsbok", "uv": [ 4.5, 24.5, 8.5, 26.0 ], "rotation": 90 },
								"up": { "texture": "#gemsbok", "uv": [ 10.5, 5.0, 12.0, 6.5 ], "rotation": 90 },
								"down": { "texture": "#gemsbok", "uv": [ 23.5, 6.0, 25.0, 7.5 ], "rotation": 90 }
							}
						}
					]
				},
				{
					"name": "L front leg",
					"from": [ 1.0, -1.7, 2.8 ],
					"to": [ 3.0, 1.3, 4.8 ],
					"rotationOrigin": [ 2.0, 1.3, 3.8 ],
					"rotationZ": -97.0,
					"faces": {
						"north": { "texture": "#gemsbok", "uv": [ 12.0, 12.5, 14.0, 15.5 ] },
						"east": { "texture": "#gemsbok", "uv": [ 15.0, 12.5, 17.0, 15.5 ] },
						"south": { "texture": "#gemsbok", "uv": [ 10.0, 13.5, 12.0, 16.5 ] },
						"west": { "texture": "#gemsbok", "uv": [ 13.0, 12.0, 15.0, 15.0 ] },
						"down": { "texture": "#gemsbok", "uv": [ 11.5, 11.5, 13.5, 13.5 ], "rotation": 90 }
					},
					"children": [
						{
							"name": "L front foot",
							"from": [ 0.1, -3.5, 0.1 ],
							"to": [ 1.9, 0.5, 1.9 ],
							"rotationOrigin": [ 1.1, 0.5, 1.1 ],
							"rotationZ": 4.0,
							"faces": {
								"north": { "texture": "#gemsbok", "uv": [ 4.5, 25.0, 8.5, 26.5 ], "rotation": 90 },
								"east": { "texture": "#gemsbok", "uv": [ 4.5, 24.5, 8.5, 26.0 ], "rotation": 90 },
								"south": { "texture": "#gemsbok", "uv": [ 4.5, 25.5, 8.5, 27.0 ], "rotation": 90 },
								"west": { "texture": "#gemsbok", "uv": [ 4.5, 25.0, 8.5, 26.5 ], "rotation": 90 },
								"up": { "texture": "#gemsbok", "uv": [ 10.5, 3.0, 12.0, 4.5 ], "rotation": 90 },
								"down": { "texture": "#gemsbok", "uv": [ 24.0, 6.0, 25.5, 7.5 ], "rotation": 90 }
							}
						}
					]
				},
				{
					"name": "R back leg",
					"from": [ 6.9, -2.4, -0.3 ],
					"to": [ 9.9, 1.6, 1.7 ],
					"rotationOrigin": [ 8.4, 1.6, 0.4 ],
					"rotationY": -10.0,
					"rotationZ": 98.0,
					"faces": {
						"north": { "texture": "#gemsbok", "uv": [ 9.0, 13.0, 12.0, 17.0 ] },
						"east": { "texture": "#gemsbok", "uv": [ 8.0, 12.5, 10.0, 16.5 ] },
						"south": { "texture": "#gemsbok", "uv": [ 8.5, 13.5, 11.5, 17.5 ] },
						"west": { "texture": "#gemsbok", "uv": [ 10.0, 13.0, 12.0, 17.0 ] },
						"up": { "texture": "#gemsbok", "uv": [ 9.0, 12.5, 11.0, 15.5 ], "rotation": 270 },
						"down": { "texture": "#gemsbok", "uv": [ 7.5, 12.5, 9.5, 15.5 ], "rotation": 270 }
					},
					"children": [
						{
							"name": "R back foot",
							"from": [ 0.8, -4.8, 0.2 ],
							"to": [ 2.6, 1.2, 2.0 ],
							"rotationOrigin": [ 1.5, 1.5, 1.1 ],
							"rotationX": 4.0,
							"rotationZ": -15.0,
							"faces": {
								"north": { "texture": "#gemsbok", "uv": [ 3.0, 24.0, 9.0, 25.5 ], "rotation": 90 },
								"east": { "texture": "#gemsbok", "uv": [ 3.0, 24.5, 9.0, 26.0 ], "rotation": 90 },
								"south": { "texture": "#gemsbok", "uv": [ 3.0, 25.0, 9.0, 26.5 ], "rotation": 90 },
								"west": { "texture": "#gemsbok", "uv": [ 3.0, 24.5, 9.0, 26.0 ], "rotation": 90 },
								"down": { "texture": "#gemsbok", "uv": [ 23.5, 4.0, 25.0, 5.5 ], "rotation": 90 }
							}
						}
					]
				},
				{
					"name": "L back leg",
					"from": [ 7.0, -2.4, 3.1 ],
					"to": [ 10.0, 1.6, 5.1 ],
					"rotationOrigin": [ 8.5, 1.6, 4.4 ],
					"rotationX": 5.0,
					"rotationY": 10.0,
					"rotationZ": 102.0,
					"faces": {
						"north": { "texture": "#gemsbok", "uv": [ 13.0, 12.0, 16.0, 16.0 ] },
						"east": { "texture": "#gemsbok", "uv": [ 15.0, 10.5, 17.0, 14.5 ] },
						"south": { "texture": "#gemsbok", "uv": [ 11.5, 12.5, 14.5, 16.5 ] },
						"west": { "texture": "#gemsbok", "uv": [ 16.0, 13.0, 18.0, 17.0 ] },
						"up": { "texture": "#gemsbok", "uv": [ 12.5, 11.0, 14.5, 14.0 ], "rotation": 270 },
						"down": { "texture": "#gemsbok", "uv": [ 13.5, 15.0, 15.5, 18.0 ], "rotation": 270 }
					},
					"children": [
						{
							"name": "L back foot",
							"from": [ 0.8, -4.8, 0.0 ],
							"to": [ 2.6, 1.2, 1.8 ],
							"rotationOrigin": [ 1.5, 1.5, 1.0 ],
							"rotationX": -4.0,
							"rotationZ": -15.0,
							"faces": {
								"north": { "texture": "#gemsbok", "uv": [ 3.0, 25.0, 9.0, 26.5 ], "rotation": 90 },
								"east": { "texture": "#gemsbok", "uv": [ 3.0, 25.5, 9.0, 27.0 ], "rotation": 90 },
								"south": { "texture": "#gemsbok", "uv": [ 3.0, 25.5, 9.0, 27.0 ], "rotation": 90 },
								"west": { "texture": "#gemsbok", "uv": [ 3.0, 25.5, 9.0, 27.0 ], "rotation": 90 },
								"down": { "texture": "#gemsbok", "uv": [ 24.5, 6.5, 26.0, 8.0 ], "rotation": 270 }
							}
						}
					]
				},
				{
					"name": "tail",
					"from": [ 9.0, 2.5, 2.0 ],
					"to": [ 14.0, 3.5, 3.0 ],
					"rotationOrigin": [ 9.8, 2.8, 2.5 ],
					"rotationZ": -50.0,
					"faces": {
						"north": { "texture": "#gemsbok", "uv": [ 8.0, 18.5, 13.0, 19.5 ] },
						"east": { "texture": "#gemsbok", "uv": [ 6.5, 18.5, 7.5, 19.5 ], "rotation": 180 },
						"south": { "texture": "#gemsbok", "uv": [ 9.5, 18.5, 14.5, 19.5 ] },
						"up": { "texture": "#gemsbok", "uv": [ 8.0, 18.5, 13.0, 19.5 ] },
						"down": { "texture": "#gemsbok", "uv": [ 7.0, 18.5, 12.0, 19.5 ] }
					}
				}
			],
			"attachmentpoints": [
				{
					"code": "Center",
					"posX": "5.0","posY": "2.0","posZ": "2.0",
					"rotationX": "0.0","rotationY": "0.0","rotationZ": "0.0"
				}
			]
		}
	],
	"animations": [
		{
			"name": "Walk",
			"code": "walk",
			"quantityframes": 90,
			"onActivityStopped": "EaseOut",
			"onAnimationEnd": "Repeat",
			"keyframes": [
				{
					"frame": 0,
					"elements": {
						"Body": { "offsetX": 0.0, "offsetY": 0.0, "offsetZ": 0.0, "rotationX": -2.0, "rotationY": -1.0, "rotationZ": -2.0 },
						"neck": { "offsetX": 0.0, "offsetY": 0.0, "offsetZ": 0.0, "rotationX": 2.0, "rotationY": 0.0, "rotationZ": 23.0 },
						"head": { "offsetX": 0.0, "offsetY": 0.0, "offsetZ": 0.0, "rotationX": 0.0, "rotationY": 0.0, "rotationZ": -13.0 },
						"R ear": { "offsetX": 0.0, "offsetY": 0.0, "offsetZ": 0.0, "rotationX": 0.0, "rotationY": 0.0, "rotationZ": 0.0 },
						"L ear": { "offsetX": 0.0, "offsetY": 0.0, "offsetZ": 0.0, "rotationX": 0.0, "rotationY": 0.0, "rotationZ": 0.0 },
						"R front leg": { "offsetX": 0.0, "offsetY": 0.0, "offsetZ": 0.0, "rotationX": 2.0, "rotationY": 0.0, "rotationZ": 8.0 },
						"R front foot": { "offsetX": 0.0, "offsetY": 0.0, "offsetZ": 0.0, "rotationX": 0.0, "rotationY": 0.0, "rotationZ": 0.0 },
						"L front leg": { "offsetX": -0.5, "offsetY": -0.5, "offsetZ": 0.0, "rotationX": 0.0, "rotationY": 1.0, "rotationZ": -33.0 },
						"L front foot": { "offsetX": 0.0, "offsetY": 0.0, "offsetZ": 0.0, "rotationX": 0.0, "rotationY": 0.0, "rotationZ": 39.0 },
						"R back leg": { "offsetX": -1.0, "offsetY": 1.0, "offsetZ": 0.0, "rotationX": 2.0, "rotationY": 0.0, "rotationZ": 11.0 },
						"R back foot": { "offsetX": 0.0, "offsetY": 0.0, "offsetZ": 0.0, "rotationX": 0.0, "rotationY": 0.0, "rotationZ": -30.0 },
						"L back leg": { "offsetX": 0.0, "offsetY": -0.3, "offsetZ": 0.0, "rotationX": 0.0, "rotationY": 2.0, "rotationZ": 8.0 },
						"L back foot": { "offsetX": 0.0, "offsetY": 0.0, "offsetZ": 0.0, "rotationX": 0.0, "rotationY": 0.0, "rotationZ": 0.0 },
						"tail": { "offsetX": 0.0, "offsetY": 0.0, "offsetZ": 0.0, "rotationX": 0.0, "rotationY": 0.0, "rotationZ": 0.0 }
					}
				},
				{
					"frame": 15,
					"elements": {
						"Body": { "offsetX": 0.0, "offsetY": 0.0, "offsetZ": 0.0, "rotationX": 2.0, "rotationY": -1.0, "rotationZ": 2.0 },
						"neck": { "offsetX": 0.0, "offsetY": 0.0, "offsetZ": 0.0, "rotationX": -2.0, "rotationY": 0.0, "rotationZ": 29.0 },
						"head": { "offsetX": 0.0, "offsetY": 0.0, "offsetZ": 0.0, "rotationX": 0.0, "rotationY": 0.0, "rotationZ": -24.0 },
						"R ear": { "offsetX": 0.0, "offsetY": 0.0, "offsetZ": 0.0, "rotationX": 8.0, "rotationY": 0.0, "rotationZ": -14.0 },
						"L ear": { "offsetX": 0.0, "offsetY": 0.0, "offsetZ": 0.0, "rotationX": -8.0, "rotationY": 0.0, "rotationZ": -14.0 },
						"R front leg": { "offsetX": 0.0, "offsetY": -0.5, "offsetZ": 0.0, "rotationX": 0.0, "rotationY": 0.0, "rotationZ": 14.0 },
						"R front foot": { "offsetX": 0.0, "offsetY": 0.0, "offsetZ": 0.0, "rotationX": 0.0, "rotationY": 0.0, "rotationZ": 0.0 },
						"L front leg": { "offsetX": -1.0, "offsetY": -0.7, "offsetZ": 0.0, "rotationX": -2.0, "rotationY": 1.0, "rotationZ": -17.0 },
						"L front foot": { "offsetX": 0.0, "offsetY": 0.0, "offsetZ": 0.0, "rotationX": 0.0, "rotationY": 0.0, "rotationZ": -6.0 },
						"R back leg": { "offsetX": -2.0, "offsetY": 0.3, "offsetZ": 0.0, "rotationX": 0.0, "rotationY": 0.0, "rotationZ": 8.0 },
						"R back foot": { "offsetX": 0.0, "offsetY": 0.0, "offsetZ": 0.0, "rotationX": 0.0, "rotationY": 0.0, "rotationZ": -33.0 },
						"L back leg": { "offsetX": 0.0, "offsetY": -1.0, "offsetZ": 0.0, "rotationX": -2.0, "rotationY": 1.0, "rotationZ": 14.0 },
						"L back foot": { "offsetX": 0.0, "offsetY": 0.0, "offsetZ": 0.0, "rotationX": 0.0, "rotationY": 0.0, "rotationZ": -2.0 },
						"tail": { "offsetX": 0.0, "offsetY": 0.0, "offsetZ": 0.0, "rotationX": 0.0, "rotationY": 0.0, "rotationZ": 19.0 }
					}
				},
				{
					"frame": 30,
					"elements": {
						"Body": { "offsetX": 0.0, "offsetY": 0.0, "offsetZ": 0.0, "rotationX": 0.0, "rotationY": 0.0, "rotationZ": 0.0 },
						"neck": { "offsetX": 0.0, "offsetY": 0.0, "offsetZ": 0.0, "rotationX": -2.0, "rotationY": 0.0, "rotationZ": 26.0 },
						"head": { "offsetX": 0.0, "offsetY": 0.0, "offsetZ": 0.0, "rotationX": 0.0, "rotationY": 0.0, "rotationZ": -18.0 },
						"R front leg": { "offsetX": 0.0, "offsetY": 0.0, "offsetZ": 0.0, "rotationX": 0.0, "rotationY": 0.0, "rotationZ": -8.0 },
						"R front foot": { "offsetX": 0.0, "offsetY": 0.0, "offsetZ": 0.0, "rotationX": 0.0, "rotationY": 0.0, "rotationZ": 30.0 },
						"L back leg": { "offsetX": 0.0, "offsetY": -0.5, "offsetZ": 0.0, "rotationX": 0.0, "rotationY": 0.0, "rotationZ": 17.0 },
						"L back foot": { "offsetX": 0.0, "offsetY": 0.0, "offsetZ": 0.0, "rotationX": 0.0, "rotationY": 0.0, "rotationZ": -19.0 },
						"tail": { "offsetX": 0.0, "offsetY": 0.0, "offsetZ": 0.0, "rotationX": 0.0, "rotationY": 0.0, "rotationZ": 11.0 }
					}
				},
				{
					"frame": 45,
					"elements": {
						"Body": { "offsetX": 0.0, "offsetY": 0.0, "offsetZ": 0.0, "rotationX": 2.0, "rotationY": 1.0, "rotationZ": -2.0 },
						"neck": { "offsetX": 0.0, "offsetY": 0.0, "offsetZ": 0.0, "rotationX": -2.0, "rotationY": 0.0, "rotationZ": 23.0 },
						"head": { "offsetX": 0.0, "offsetY": 0.0, "offsetZ": 0.0, "rotationX": 0.0, "rotationY": 0.0, "rotationZ": -13.0 },
						"R ear": { "offsetX": 0.0, "offsetY": 0.0, "offsetZ": 0.0, "rotationX": 0.0, "rotationY": 0.0, "rotationZ": 0.0 },
						"L ear": { "offsetX": 0.0, "offsetY": 0.0, "offsetZ": 0.0, "rotationX": 0.0, "rotationY": 0.0, "rotationZ": 0.0 },
						"R front leg": { "offsetX": -0.5, "offsetY": -0.5, "offsetZ": 0.0, "rotationX": 0.0, "rotationY": -1.0, "rotationZ": -33.0 },
						"R front foot": { "offsetX": 0.0, "offsetY": 0.3, "offsetZ": 0.0, "rotationX": 0.0, "rotationY": 0.0, "rotationZ": 39.0 },
						"L front leg": { "offsetX": -1.0, "offsetY": 0.0, "offsetZ": 0.0, "rotationX": -2.0, "rotationY": 0.0, "rotationZ": 8.0 },
						"L front foot": { "offsetX": 0.0, "offsetY": 0.0, "offsetZ": 0.0, "rotationX": 0.0, "rotationY": 0.0, "rotationZ": 0.0 },
						"R back leg": { "offsetX": 0.0, "offsetY": -0.3, "offsetZ": 0.0, "rotationX": 0.0, "rotationY": -2.0, "rotationZ": 8.0 },
						"R back foot": { "offsetX": 0.0, "offsetY": 0.0, "offsetZ": 0.0, "rotationX": 0.0, "rotationY": 0.0, "rotationZ": 0.0 },
						"L back leg": { "offsetX": -1.5, "offsetY": 1.5, "offsetZ": 0.0, "rotationX": -2.0, "rotationY": 0.0, "rotationZ": 11.0 },
						"L back foot": { "offsetX": 0.0, "offsetY": 0.0, "offsetZ": 0.0, "rotationX": 0.0, "rotationY": 0.0, "rotationZ": -30.0 },
						"tail": { "offsetX": 0.0, "offsetY": 0.0, "offsetZ": 0.0, "rotationX": 0.0, "rotationY": 0.0, "rotationZ": 0.0 }
					}
				},
				{
					"frame": 60,
					"elements": {
						"Body": { "offsetX": 0.0, "offsetY": 0.0, "offsetZ": 0.0, "rotationX": -2.0, "rotationY": 1.0, "rotationZ": 2.0 },
						"neck": { "offsetX": 0.0, "offsetY": 0.0, "offsetZ": 0.0, "rotationX": 2.0, "rotationY": 0.0, "rotationZ": 29.0 },
						"head": { "offsetX": 0.0, "offsetY": 0.0, "offsetZ": 0.0, "rotationX": 0.0, "rotationY": 0.0, "rotationZ": -24.0 },
						"R ear": { "offsetX": 0.0, "offsetY": 0.0, "offsetZ": 0.0, "rotationX": 8.0, "rotationY": 0.0, "rotationZ": -14.0 },
						"L ear": { "offsetX": 0.0, "offsetY": 0.0, "offsetZ": 0.0, "rotationX": -8.0, "rotationY": 0.0, "rotationZ": -14.0 },
						"R front leg": { "offsetX": -1.0, "offsetY": -0.7, "offsetZ": 0.0, "rotationX": 2.0, "rotationY": -1.0, "rotationZ": -17.0 },
						"R front foot": { "offsetX": 0.0, "offsetY": 0.0, "offsetZ": 0.0, "rotationX": 0.0, "rotationY": 0.0, "rotationZ": -6.0 },
						"L front leg": { "offsetX": 0.0, "offsetY": -0.5, "offsetZ": 0.0, "rotationX": 0.0, "rotationY": 0.0, "rotationZ": 14.0 },
						"L front foot": { "offsetX": 0.0, "offsetY": 0.0, "offsetZ": 0.0, "rotationX": 0.0, "rotationY": 0.0, "rotationZ": 0.0 },
						"R back leg": { "offsetX": 0.0, "offsetY": -1.0, "offsetZ": 0.0, "rotationX": 2.0, "rotationY": -1.0, "rotationZ": 14.0 },
						"R back foot": { "offsetX": 0.0, "offsetY": 0.0, "offsetZ": 0.0, "rotationX": 0.0, "rotationY": 0.0, "rotationZ": -2.0 },
						"L back leg": { "offsetX": -2.0, "offsetY": 0.4, "offsetZ": 0.0, "rotationX": 0.0, "rotationY": 0.0, "rotationZ": 8.0 },
						"L back foot": { "offsetX": 0.0, "offsetY": 0.0, "offsetZ": 0.0, "rotationX": 0.0, "rotationY": 0.0, "rotationZ": -33.0 },
						"tail": { "offsetX": 0.0, "offsetY": 0.0, "offsetZ": 0.0, "rotationX": 0.0, "rotationY": 0.0, "rotationZ": 14.0 }
					}
				},
				{
					"frame": 75,
					"elements": {
						"Body": { "offsetX": 0.0, "offsetY": 0.0, "offsetZ": 0.0, "rotationX": 0.0, "rotationY": 0.0, "rotationZ": 0.0 },
						"neck": { "offsetX": 0.0, "offsetY": 0.0, "offsetZ": 0.0, "rotationX": 2.0, "rotationY": 0.0, "rotationZ": 26.0 },
						"head": { "offsetX": 0.0, "offsetY": 0.0, "offsetZ": 0.0, "rotationX": 0.0, "rotationY": 0.0, "rotationZ": -18.0 },
						"L front leg": { "offsetX": 0.0, "offsetY": 0.0, "offsetZ": 0.0, "rotationX": 0.0, "rotationY": 0.0, "rotationZ": -8.0 },
						"L front foot": { "offsetX": 0.0, "offsetY": 0.0, "offsetZ": 0.0, "rotationX": 0.0, "rotationY": 0.0, "rotationZ": 30.0 },
						"R back leg": { "offsetX": 0.0, "offsetY": -0.5, "offsetZ": 0.0, "rotationX": 0.0, "rotationY": 0.0, "rotationZ": 17.0 },
						"R back foot": { "offsetX": 0.0, "offsetY": 0.0, "offsetZ": 0.0, "rotationX": 0.0, "rotationY": 0.0, "rotationZ": -19.0 },
						"tail": { "offsetX": 0.0, "offsetY": 0.0, "offsetZ": 0.0, "rotationX": 0.0, "rotationY": 0.0, "rotationZ": 11.0 }
					}
				}
			]
		},

		{
			"name": "Run",
			"code": "run",
			"quantityframes": 60,
			"onActivityStopped": "EaseOut",
			"onAnimationEnd": "Repeat",
			"keyframes": [
				{
					"frame": 0,
					"elements": {
						"Body": { "offsetX": 1.0, "offsetY": -1.1, "offsetZ": 0.0, "rotationX": 0.0, "rotationY": 0.0, "rotationZ": -16.0 },
						"neck": { "offsetX": 0.0, "offsetY": 0.0, "offsetZ": 0.0, "rotationX": 0.0, "rotationY": 0.0, "rotationZ": 22.0 },
						"head": { "offsetX": 0.0, "offsetY": 0.0, "offsetZ": 0.0, "rotationX": 0.0, "rotationY": 0.0, "rotationZ": -17.0 },
						"R ear": { "offsetX": 0.0, "offsetY": 0.0, "offsetZ": 0.0, "rotationX": 0.0, "rotationY": 0.0, "rotationZ": 0.0 },
						"L ear": { "offsetX": 0.0, "offsetY": 0.0, "offsetZ": 0.0, "rotationX": 0.0, "rotationY": 0.0, "rotationZ": 0.0 },
						"R front leg": { "offsetX": 0.0, "offsetY": 0.0, "offsetZ": 0.0, "rotationX": 0.0, "rotationY": 0.0, "rotationZ": -7.0 },
						"R front foot": { "offsetX": 0.0, "offsetY": 0.0, "offsetZ": 0.0, "rotationX": 0.0, "rotationY": 0.0, "rotationZ": 30.0 },
						"L front leg": { "offsetX": 0.0, "offsetY": 0.0, "offsetZ": 0.0, "rotationX": 0.0, "rotationY": 0.0, "rotationZ": -7.0 },
						"L front foot": { "offsetX": 0.0, "offsetY": 0.0, "offsetZ": 0.0, "rotationX": 0.0, "rotationY": 0.0, "rotationZ": 11.0 },
						"R back leg": { "offsetX": 0.0, "offsetY": 1.0, "offsetZ": 0.0, "rotationX": 0.0, "rotationY": 0.0, "rotationZ": 45.0 },
						"R back foot": { "offsetX": 0.0, "offsetY": 0.8, "offsetZ": 0.0, "rotationX": 0.0, "rotationY": 0.0, "rotationZ": -44.0 },
						"L back leg": { "offsetX": 0.0, "offsetY": 1.5, "offsetZ": 0.0, "rotationX": 0.0, "rotationY": 0.0, "rotationZ": 25.0 },
						"L back foot": { "offsetX": 0.0, "offsetY": 0.4, "offsetZ": 0.0, "rotationX": 0.0, "rotationY": 0.0, "rotationZ": -6.0 },
						"tail": { "offsetX": 0.0, "offsetY": 0.0, "offsetZ": 0.0, "rotationX": 0.0, "rotationY": 0.0, "rotationZ": 19.0 }
					}
				},
				{
					"frame": 15,
					"elements": {
						"Body": { "offsetX": -2.0, "offsetY": 1.4, "offsetZ": 0.0, "rotationX": 0.0, "rotationY": 0.0, "rotationZ": -12.0 },
						"neck": { "offsetX": 0.0, "offsetY": 0.0, "offsetZ": 0.0, "rotationX": 0.0, "rotationY": 0.0, "rotationZ": 22.0 },
						"head": { "offsetX": 0.0, "offsetY": 0.0, "offsetZ": 0.0, "rotationX": 0.0, "rotationY": 0.0, "rotationZ": -25.0 },
						"R ear": { "offsetX": 0.0, "offsetY": 0.0, "offsetZ": 0.0, "rotationX": 22.0, "rotationY": 6.0, "rotationZ": -6.0 },
						"L ear": { "offsetX": 0.0, "offsetY": 0.0, "offsetZ": 0.0, "rotationX": -22.0, "rotationY": -6.0, "rotationZ": -6.0 },
						"R front leg": { "offsetX": 0.0, "offsetY": 0.0, "offsetZ": 0.0, "rotationX": 0.0, "rotationY": 0.0, "rotationZ": 36.0 },
						"R front foot": { "offsetX": 0.0, "offsetY": 0.4, "offsetZ": 0.0, "rotationX": 0.0, "rotationY": 0.0, "rotationZ": 50.0 },
						"L front leg": { "offsetX": 0.0, "offsetY": 0.0, "offsetZ": 0.0, "rotationX": 0.0, "rotationY": 0.0, "rotationZ": 23.0 },
						"L front foot": { "offsetX": 0.0, "offsetY": 0.0, "offsetZ": 0.0, "rotationX": 0.0, "rotationY": 0.0, "rotationZ": 28.0 },
						"R back leg": { "offsetX": 0.0, "offsetY": 0.0, "offsetZ": 0.0, "rotationX": 0.0, "rotationY": 0.0, "rotationZ": 38.0 },
						"R back foot": { "offsetX": 0.0, "offsetY": 0.0, "offsetZ": 0.0, "rotationX": 0.0, "rotationY": 0.0, "rotationZ": -6.0 },
						"L back leg": { "offsetX": 0.0, "offsetY": 0.0, "offsetZ": 0.0, "rotationX": 0.0, "rotationY": 0.0, "rotationZ": 36.0 },
						"L back foot": { "offsetX": 0.0, "offsetY": 0.0, "offsetZ": 0.0, "rotationX": 0.0, "rotationY": 0.0, "rotationZ": -11.0 },
						"tail": { "offsetX": 0.0, "offsetY": 0.0, "offsetZ": 0.0, "rotationX": 0.0, "rotationY": 0.0, "rotationZ": 0.0 }
					}
				},
				{
					"frame": 30,
					"elements": {
						"Body": { "offsetX": -2.5, "offsetY": 0.0, "offsetZ": 0.0, "rotationX": 0.0, "rotationY": 0.0, "rotationZ": -6.0 },
						"neck": { "offsetX": 0.0, "offsetY": 0.0, "offsetZ": 0.0, "rotationX": 0.0, "rotationY": 0.0, "rotationZ": 30.0 },
						"head": { "offsetX": 0.0, "offsetY": 0.0, "offsetZ": 0.0, "rotationX": 0.0, "rotationY": 0.0, "rotationZ": -17.0 },
						"R front leg": { "offsetX": 0.0, "offsetY": 0.0, "offsetZ": 0.0, "rotationX": 0.0, "rotationY": 0.0, "rotationZ": -41.0 },
						"R front foot": { "offsetX": 0.0, "offsetY": 1.0, "offsetZ": 0.0, "rotationX": 0.0, "rotationY": 0.0, "rotationZ": 80.0 },
						"L front leg": { "offsetX": 0.0, "offsetY": 0.0, "offsetZ": 0.0, "rotationX": 0.0, "rotationY": 0.0, "rotationZ": -2.0 },
						"L front foot": { "offsetX": 0.0, "offsetY": 0.6, "offsetZ": 0.0, "rotationX": 0.0, "rotationY": 0.0, "rotationZ": 61.0 },
						"R back leg": { "offsetX": 0.0, "offsetY": 1.0, "offsetZ": 0.0, "rotationX": 0.0, "rotationY": 0.0, "rotationZ": 34.0 },
						"R back foot": { "offsetX": 0.0, "offsetY": 0.0, "offsetZ": 0.0, "rotationX": 0.0, "rotationY": 0.0, "rotationZ": -61.0 },
						"L back leg": { "offsetX": 0.0, "offsetY": 1.0, "offsetZ": 0.0, "rotationX": 0.0, "rotationY": 0.0, "rotationZ": 42.0 },
						"L back foot": { "offsetX": 0.0, "offsetY": 0.0, "offsetZ": 0.0, "rotationX": 0.0, "rotationY": 0.0, "rotationZ": -55.0 },
						"tail": { "offsetX": 0.0, "offsetY": 0.0, "offsetZ": 0.0, "rotationX": 0.0, "rotationY": 0.0, "rotationZ": 17.0 }
					}
				},
				{
					"frame": 45,
					"elements": {
						"Body": { "offsetX": -3.0, "offsetY": -1.0, "offsetZ": 0.0, "rotationX": 0.0, "rotationY": 0.0, "rotationZ": -2.0 },
						"neck": { "offsetX": 0.0, "offsetY": 0.0, "offsetZ": 0.0, "rotationX": 0.0, "rotationY": 0.0, "rotationZ": 24.0 },
						"head": { "offsetX": 0.0, "offsetY": 0.0, "offsetZ": 0.0, "rotationX": 0.0, "rotationY": 0.0, "rotationZ": -25.0 },
						"R front leg": { "offsetX": 0.0, "offsetY": -1.0, "offsetZ": 0.0, "rotationX": 0.0, "rotationY": 0.0, "rotationZ": -47.0 },
						"R front foot": { "offsetX": 0.0, "offsetY": 0.0, "offsetZ": 0.0, "rotationX": 0.0, "rotationY": 0.0, "rotationZ": 17.0 },
						"L front leg": { "offsetX": 0.0, "offsetY": 0.0, "offsetZ": 0.0, "rotationX": 0.0, "rotationY": 0.0, "rotationZ": -41.0 },
						"L front foot": { "offsetX": 0.0, "offsetY": 0.0, "offsetZ": 0.0, "rotationX": 0.0, "rotationY": 0.0, "rotationZ": 28.0 },
						"R back leg": { "offsetX": 0.0, "offsetY": 0.3, "offsetZ": 0.0, "rotationX": 0.0, "rotationY": 0.0, "rotationZ": -11.0 },
						"R back foot": { "offsetX": 0.0, "offsetY": 0.0, "offsetZ": 0.0, "rotationX": 0.0, "rotationY": 0.0, "rotationZ": -30.0 },
						"L back leg": { "offsetX": 0.0, "offsetY": 0.5, "offsetZ": 0.0, "rotationX": 0.0, "rotationY": 0.0, "rotationZ": 0.0 },
						"L back foot": { "offsetX": 0.0, "offsetY": 0.3, "offsetZ": 0.0, "rotationX": 0.0, "rotationY": 0.0, "rotationZ": -32.0 },
						"tail": { "offsetX": 0.0, "offsetY": 0.0, "offsetZ": 0.0, "rotationX": 0.0, "rotationY": 0.0, "rotationZ": 8.0 }
					}
				}
			]
		},

		{
			"name": "Idle",
			"code": "idle",
			"quantityframes": 80,
			"onActivityStopped": "EaseOut",
			"onAnimationEnd": "Repeat",
			"keyframes": [
				{
					"frame": 0,
					"elements": {
						"Body": { "offsetX": 0.0, "offsetY": 0.0, "offsetZ": 0.0, "rotationX": 0.0, "rotationY": 0.0, "rotationZ": 0.0 },
						"neck": { "offsetX": 0.0, "offsetY": 0.0, "offsetZ": 0.0, "rotationX": 0.0, "rotationY": 0.0, "rotationZ": 20.0 },
						"head": { "offsetX": 0.0, "offsetY": 0.0, "offsetZ": 0.0, "rotationX": 0.0, "rotationY": 0.0, "rotationZ": -10.0 },
						"R front leg": { "offsetX": 0.0, "offsetY": 0.0, "offsetZ": 0.0, "rotationX": 0.0, "rotationY": 0.0, "rotationZ": 0.0 },
						"R front foot": { "offsetX": 0.0, "offsetY": 0.0, "offsetZ": 0.0, "rotationX": 0.0, "rotationY": 0.0, "rotationZ": 0.0 },
						"L front leg": { "offsetX": 0.0, "offsetY": 0.0, "offsetZ": 0.0, "rotationX": 0.0, "rotationY": 0.0, "rotationZ": 0.0 },
						"L front foot": { "offsetX": 0.0, "offsetY": 0.0, "offsetZ": 0.0, "rotationX": 0.0, "rotationY": 0.0, "rotationZ": 0.0 },
						"R back leg": { "offsetX": 0.0, "offsetY": 0.0, "offsetZ": 0.0, "rotationX": 0.0, "rotationY": 0.0, "rotationZ": 0.0 },
						"R back foot": { "offsetX": 0.0, "offsetY": 0.0, "offsetZ": 0.0, "rotationX": 0.0, "rotationY": 0.0, "rotationZ": 0.0 },
						"L back leg": { "offsetX": 0.0, "offsetY": 0.0, "offsetZ": 0.0, "rotationX": 0.0, "rotationY": 0.0, "rotationZ": 0.0 },
						"L back foot": { "offsetX": 0.0, "offsetY": 0.0, "offsetZ": 0.0, "rotationX": 0.0, "rotationY": 0.0, "rotationZ": 0.0 },
						"tail": { "offsetX": 0.0, "offsetY": 0.0, "offsetZ": 0.0, "rotationX": 0.0, "rotationY": 0.0, "rotationZ": 0.0 }
					}
				},
				{
					"frame": 40,
					"elements": {
						"Body": { "offsetX": 0.0, "offsetY": 0.0, "offsetZ": 0.0, "rotationX": 0.0, "rotationY": 0.0, "rotationZ": -1.0 },
						"neck": { "offsetX": 0.0, "offsetY": 0.0, "offsetZ": 0.0, "rotationX": 0.0, "rotationY": 0.0, "rotationZ": 19.0 },
						"head": { "offsetX": 0.0, "offsetY": 0.0, "offsetZ": 0.0, "rotationX": 0.0, "rotationY": 0.0, "rotationZ": -7.0 },
						"R front leg": { "offsetX": 0.0, "offsetY": 0.0, "offsetZ": 0.0, "rotationX": 0.0, "rotationY": 0.0, "rotationZ": 2.0 },
						"R front foot": { "offsetX": 0.0, "offsetY": 0.0, "offsetZ": 0.0, "rotationX": 0.0, "rotationY": 0.0, "rotationZ": 0.0 },
						"L front leg": { "offsetX": 0.0, "offsetY": 0.0, "offsetZ": 0.0, "rotationX": 0.0, "rotationY": 0.0, "rotationZ": 2.0 },
						"L front foot": { "offsetX": 0.0, "offsetY": 0.0, "offsetZ": 0.0, "rotationX": 0.0, "rotationY": 0.0, "rotationZ": 0.0 },
						"R back leg": { "offsetX": 0.0, "offsetY": 0.0, "offsetZ": 0.0, "rotationX": 0.0, "rotationY": 0.0, "rotationZ": 2.0 },
						"R back foot": { "offsetX": 0.0, "offsetY": 0.0, "offsetZ": 0.0, "rotationX": 0.0, "rotationY": 0.0, "rotationZ": 0.0 },
						"L back leg": { "offsetX": 0.0, "offsetY": 0.0, "offsetZ": 0.0, "rotationX": 0.0, "rotationY": 0.0, "rotationZ": 2.0 },
						"L back foot": { "offsetX": 0.0, "offsetY": 0.0, "offsetZ": 0.0, "rotationX": 0.0, "rotationY": 0.0, "rotationZ": 0.0 },
						"tail": { "offsetX": 0.0, "offsetY": 0.0, "offsetZ": 0.0, "rotationX": 0.0, "rotationY": 0.0, "rotationZ": 6.0 }
					}
				}
			]
		},

		{
			"name": "Die",
			"code": "die",
			"quantityframes": 90,
			"onActivityStopped": "Stop",
			"onAnimationEnd": "Hold",
			"keyframes": [
				{
					"frame": 0,
					"elements": {
						"Body": { "offsetX": 0.0, "offsetY": 0.0, "offsetZ": 0.0, "rotationX": 0.0, "rotationY": 0.0, "rotationZ": 0.0 },
						"neck": { "offsetX": 0.0, "offsetY": 0.0, "offsetZ": 0.0, "rotationX": 0.0, "rotationY": 0.0, "rotationZ": 20.0 },
						"head": { "offsetX": 0.0, "offsetY": 0.0, "offsetZ": 0.0, "rotationX": 0.0, "rotationY": 0.0, "rotationZ": -10.0 },
						"R ear": { "offsetX": 0.0, "offsetY": 0.0, "offsetZ": 0.0, "rotationX": 0.0, "rotationY": 0.0, "rotationZ": 0.0 },
						"L ear": { "offsetX": 0.0, "offsetY": 0.0, "offsetZ": 0.0, "rotationX": 0.0, "rotationY": 0.0, "rotationZ": 0.0 },
						"R front leg": { "offsetX": 0.0, "offsetY": 0.0, "offsetZ": 0.0, "rotationX": 0.0, "rotationY": 0.0, "rotationZ": 0.0 },
						"R front foot": { "offsetX": 0.0, "offsetY": 0.0, "offsetZ": 0.0, "rotationX": 0.0, "rotationY": 0.0, "rotationZ": 0.0 },
						"L front leg": { "offsetX": 0.0, "offsetY": 0.0, "offsetZ": 0.0, "rotationX": 0.0, "rotationY": 0.0, "rotationZ": 0.0 },
						"L front foot": { "offsetX": 0.0, "offsetY": 0.0, "offsetZ": 0.0, "rotationX": 0.0, "rotationY": 0.0, "rotationZ": 0.0 },
						"R back leg": { "offsetX": 0.0, "offsetY": 0.0, "offsetZ": 0.0, "rotationX": 0.0, "rotationY": 0.0, "rotationZ": 0.0 },
						"R back foot": { "offsetX": 0.0, "offsetY": 0.0, "offsetZ": 0.0, "rotationX": 0.0, "rotationY": 0.0, "rotationZ": 0.0 },
						"L back leg": { "offsetX": 0.0, "offsetY": 0.0, "offsetZ": 0.0, "rotationX": 0.0, "rotationY": 0.0, "rotationZ": 0.0 },
						"L back foot": { "offsetX": 0.0, "offsetY": 0.0, "offsetZ": 0.0, "rotationX": 0.0, "rotationY": 0.0, "rotationZ": 0.0 },
						"tail": { "offsetX": 0.0, "offsetY": 0.0, "offsetZ": 0.0, "rotationX": 0.0, "rotationY": 0.0, "rotationZ": 0.0 }
					}
				},
				{
					"frame": 15,
					"elements": {
						"Body": { "offsetX": 2.0, "offsetY": -2.0, "offsetZ": 0.0, "rotationX": 0.0, "rotationY": 0.0, "rotationZ": 19.0 },
						"neck": { "offsetX": 0.0, "offsetY": 0.0, "offsetZ": 0.0, "rotationX": -14.0, "rotationY": -14.0, "rotationZ": -8.0 },
						"head": { "offsetX": 0.0, "offsetY": 0.0, "offsetZ": 0.0, "rotationX": 28.0, "rotationY": 25.0, "rotationZ": 19.0 },
						"R ear": { "offsetX": 0.0, "offsetY": 0.0, "offsetZ": 0.0, "rotationX": 22.0, "rotationY": 6.0, "rotationZ": -3.0 },
						"L ear": { "offsetX": 0.0, "offsetY": 0.0, "offsetZ": 0.0, "rotationX": -22.0, "rotationY": -6.0, "rotationZ": -3.0 },
						"R front leg": { "offsetX": 0.0, "offsetY": 0.0, "offsetZ": 0.0, "rotationX": 8.0, "rotationY": -18.0, "rotationZ": -39.0 },
						"R front foot": { "offsetX": 0.0, "offsetY": 0.0, "offsetZ": 0.0, "rotationX": 0.0, "rotationY": 0.0, "rotationZ": -30.0 },
						"L front leg": { "offsetX": 0.0, "offsetY": 0.0, "offsetZ": 0.0, "rotationX": 14.0, "rotationY": 17.0, "rotationZ": -58.0 },
						"L front foot": { "offsetX": 0.0, "offsetY": 0.0, "offsetZ": 0.0, "rotationX": 0.0, "rotationY": 0.0, "rotationZ": -22.0 },
						"R back leg": { "offsetX": 0.0, "offsetY": 0.0, "offsetZ": 0.0, "rotationX": 8.0, "rotationY": -30.0, "rotationZ": -14.0 },
						"R back foot": { "offsetX": 0.0, "offsetY": 0.0, "offsetZ": 0.0, "rotationX": 0.0, "rotationY": 0.0, "rotationZ": -14.0 },
						"L back leg": { "offsetX": 0.0, "offsetY": 0.0, "offsetZ": 0.0, "rotationX": -14.0, "rotationY": 17.0, "rotationZ": -11.0 },
						"L back foot": { "offsetX": 0.0, "offsetY": 0.0, "offsetZ": 0.0, "rotationX": 0.0, "rotationY": 0.0, "rotationZ": -19.0 },
						"tail": { "offsetX": 0.0, "offsetY": 0.0, "offsetZ": 0.0, "rotationX": 0.0, "rotationY": 0.0, "rotationZ": 64.0 }
					}
				},
				{
					"frame": 35,
					"elements": {
						"Body": { "offsetX": 2.0, "offsetY": -2.0, "offsetZ": 0.0, "rotationX": 0.0, "rotationY": 0.0, "rotationZ": 14.0 },
						"neck": { "offsetX": 0.0, "offsetY": 0.0, "offsetZ": 0.0, "rotationX": -11.0, "rotationY": -11.0, "rotationZ": -5.0 },
						"head": { "offsetX": 0.0, "offsetY": 0.0, "offsetZ": 0.0, "rotationX": 23.0, "rotationY": 21.0, "rotationZ": 16.0 },
						"R ear": { "offsetX": 0.0, "offsetY": 0.0, "offsetZ": 0.0, "rotationX": 19.0, "rotationY": 5.0, "rotationZ": -2.0 },
						"L ear": { "offsetX": 0.0, "offsetY": 0.0, "offsetZ": 0.0, "rotationX": -19.0, "rotationY": -5.0, "rotationZ": -2.0 },
						"R front leg": { "offsetX": 0.0, "offsetY": 0.0, "offsetZ": 0.0, "rotationX": 7.0, "rotationY": -15.0, "rotationZ": -34.0 },
						"R front foot": { "offsetX": 0.0, "offsetY": 0.0, "offsetZ": 0.0, "rotationX": 0.0, "rotationY": 0.0, "rotationZ": -26.0 },
						"L front leg": { "offsetX": 0.0, "offsetY": 0.0, "offsetZ": 0.0, "rotationX": 12.0, "rotationY": 15.0, "rotationZ": -50.0 },
						"L front foot": { "offsetX": 0.0, "offsetY": 0.0, "offsetZ": 0.0, "rotationX": 0.0, "rotationY": 0.0, "rotationZ": -19.0 },
						"R back leg": { "offsetX": 0.0, "offsetY": 0.0, "offsetZ": 0.0, "rotationX": 7.0, "rotationY": -25.0, "rotationZ": -13.0 },
						"R back foot": { "offsetX": 0.0, "offsetY": 0.0, "offsetZ": 0.0, "rotationX": 0.0, "rotationY": 0.0, "rotationZ": -12.0 },
						"L back leg": { "offsetX": 0.0, "offsetY": 0.0, "offsetZ": 0.0, "rotationX": -12.0, "rotationY": 14.0, "rotationZ": -9.0 },
						"L back foot": { "offsetX": 0.0, "offsetY": 0.0, "offsetZ": 0.0, "rotationX": 0.0, "rotationY": 0.0, "rotationZ": -16.0 },
						"tail": { "offsetX": 0.0, "offsetY": 0.0, "offsetZ": 0.0, "rotationX": 0.0, "rotationY": 0.0, "rotationZ": 47.0 }
					}
				},
				{
					"frame": 55,
					"elements": {
						"Body": { "offsetX": 5.0, "offsetY": -4.0, "offsetZ": 0.0, "rotationX": 0.0, "rotationY": 0.0, "rotationZ": 0.0 },
						"neck": { "offsetX": 0.0, "offsetY": 0.0, "offsetZ": 0.0, "rotationX": -18.0, "rotationY": -18.0, "rotationZ": 72.0 },
						"head": { "offsetX": 0.0, "offsetY": 0.0, "offsetZ": 0.0, "rotationX": 19.0, "rotationY": -11.0, "rotationZ": -30.0 },
						"R ear": { "offsetX": 0.0, "offsetY": 0.0, "offsetZ": 0.0, "rotationX": 28.0, "rotationY": -64.0, "rotationZ": 11.0 },
						"L ear": { "offsetX": 0.0, "offsetY": 0.0, "offsetZ": 0.0, "rotationX": -47.0, "rotationY": 58.0, "rotationZ": 30.0 },
						"R front leg": { "offsetX": 0.0, "offsetY": 0.0, "offsetZ": 0.0, "rotationX": 8.0, "rotationY": -22.0, "rotationZ": -30.0 },
						"R front foot": { "offsetX": 0.0, "offsetY": 0.0, "offsetZ": 0.0, "rotationX": 0.0, "rotationY": 0.0, "rotationZ": -42.0 },
						"L front leg": { "offsetX": 0.0, "offsetY": 0.0, "offsetZ": 0.0, "rotationX": 14.0, "rotationY": 22.0, "rotationZ": -42.0 },
						"L front foot": { "offsetX": 0.0, "offsetY": 0.0, "offsetZ": 0.0, "rotationX": 0.0, "rotationY": 0.0, "rotationZ": -33.0 },
						"R back leg": { "offsetX": 0.0, "offsetY": 0.0, "offsetZ": 0.0, "rotationX": 8.0, "rotationY": -36.0, "rotationZ": -30.0 },
						"R back foot": { "offsetX": 0.0, "offsetY": 0.0, "offsetZ": 0.0, "rotationX": 0.0, "rotationY": 0.0, "rotationZ": -36.0 },
						"L back leg": { "offsetX": 0.0, "offsetY": 0.0, "offsetZ": 0.0, "rotationX": -14.0, "rotationY": 28.0, "rotationZ": -33.0 },
						"L back foot": { "offsetX": 0.0, "offsetY": 0.0, "offsetZ": 0.0, "rotationX": 0.0, "rotationY": 0.0, "rotationZ": -28.0 },
						"tail": { "offsetX": 0.0, "offsetY": 0.0, "offsetZ": 0.0, "rotationX": 0.0, "rotationY": 0.0, "rotationZ": 6.0 }
					}
				},
				{
					"frame": 89,
					"elements": {
						"Body": { "offsetX": 5.0, "offsetY": -4.0, "offsetZ": 0.0, "rotationX": 0.0, "rotationY": 0.0, "rotationZ": 0.0 },
						"neck": { "offsetX": 0.0, "offsetY": 0.0, "offsetZ": 0.0, "rotationX": -18.0, "rotationY": -18.0, "rotationZ": 72.0 },
						"head": { "offsetX": 0.0, "offsetY": 0.0, "offsetZ": 0.0, "rotationX": 19.0, "rotationY": -11.0, "rotationZ": -30.0 },
						"R ear": { "offsetX": 0.0, "offsetY": 0.0, "offsetZ": 0.0, "rotationX": 28.0, "rotationY": -64.0, "rotationZ": 11.0 },
						"L ear": { "offsetX": 0.0, "offsetY": 0.0, "offsetZ": 0.0, "rotationX": -47.0, "rotationY": 58.0, "rotationZ": 30.0 },
						"R front leg": { "offsetX": 0.0, "offsetY": 0.0, "offsetZ": 0.0, "rotationX": 8.0, "rotationY": -22.0, "rotationZ": -30.0 },
						"R front foot": { "offsetX": 0.0, "offsetY": 0.0, "offsetZ": 0.0, "rotationX": 0.0, "rotationY": 0.0, "rotationZ": -42.0 },
						"L front leg": { "offsetX": 0.0, "offsetY": 0.0, "offsetZ": 0.0, "rotationX": 14.0, "rotationY": 22.0, "rotationZ": -42.0 },
						"L front foot": { "offsetX": 0.0, "offsetY": 0.0, "offsetZ": 0.0, "rotationX": 0.0, "rotationY": 0.0, "rotationZ": -33.0 },
						"R back leg": { "offsetX": 0.0, "offsetY": 0.0, "offsetZ": 0.0, "rotationX": 8.0, "rotationY": -36.0, "rotationZ": -30.0 },
						"R back foot": { "offsetX": 0.0, "offsetY": 0.0, "offsetZ": 0.0, "rotationX": 0.0, "rotationY": 0.0, "rotationZ": -36.0 },
						"L back leg": { "offsetX": 0.0, "offsetY": 0.0, "offsetZ": 0.0, "rotationX": -14.0, "rotationY": 28.0, "rotationZ": -33.0 },
						"L back foot": { "offsetX": 0.0, "offsetY": 0.0, "offsetZ": 0.0, "rotationX": 0.0, "rotationY": 0.0, "rotationZ": -28.0 },
						"tail": { "offsetX": 0.0, "offsetY": 0.0, "offsetZ": 0.0, "rotationX": 0.0, "rotationY": 0.0, "rotationZ": 6.0 }
					}
				}
			]
		},

		{
			"name": "Eat",
			"code": "eat",
			"quantityframes": 120,
			"onActivityStopped": "Stop",
			"onAnimationEnd": "Stop",
			"keyframes": [
				{
					"frame": 0,
					"elements": {
						"Body": { "offsetX": 0.0, "offsetY": 0.0, "offsetZ": 0.0, "rotationX": 0.0, "rotationY": 0.0, "rotationZ": 0.0 },
						"neck": { "offsetX": 0.0, "offsetY": 0.0, "offsetZ": 0.0, "rotationX": 0.0, "rotationY": 0.0, "rotationZ": 20.0 },
						"head": { "offsetX": 0.0, "offsetY": 0.0, "offsetZ": 0.0, "rotationX": 0.0, "rotationY": 0.0, "rotationZ": -10.0 },
						"R front leg": { "offsetX": 0.0, "offsetY": 0.0, "offsetZ": 0.0, "rotationX": 0.0, "rotationY": 0.0, "rotationZ": 0.0 },
						"R front foot": { "offsetX": 0.0, "offsetY": 0.0, "offsetZ": 0.0, "rotationX": 0.0, "rotationY": 0.0, "rotationZ": 0.0 },
						"L front leg": { "offsetX": 0.0, "offsetY": 0.0, "offsetZ": 0.0, "rotationX": 0.0, "rotationY": 0.0, "rotationZ": 0.0 },
						"L front foot": { "offsetX": 0.0, "offsetY": 0.0, "offsetZ": 0.0, "rotationX": 0.0, "rotationY": 0.0, "rotationZ": 0.0 },
						"R back leg": { "offsetX": 0.0, "offsetY": 0.0, "offsetZ": 0.0, "rotationX": 0.0, "rotationY": 0.0, "rotationZ": 0.0 },
						"R back foot": { "offsetX": 0.0, "offsetY": 0.0, "offsetZ": 0.0, "rotationX": 0.0, "rotationY": 0.0, "rotationZ": 0.0 },
						"L back leg": { "offsetX": 0.0, "offsetY": 0.0, "offsetZ": 0.0, "rotationX": 0.0, "rotationY": 0.0, "rotationZ": 0.0 },
						"L back foot": { "offsetX": 0.0, "offsetY": 0.0, "offsetZ": 0.0, "rotationX": 0.0, "rotationY": 0.0, "rotationZ": 0.0 }
					}
				},
				{
					"frame": 8,
					"elements": {
						"L back leg": { "offsetX": 0.0, "offsetY": 0.0, "offsetZ": 0.0 }
					}
				},
				{
					"frame": 17,
					"elements": {
						"R front leg": { "offsetX": 0.0, "offsetY": 1.5, "offsetZ": 0.0 }
					}
				},
				{
					"frame": 35,
					"elements": {
						"Body": { "offsetX": 0.0, "offsetY": -1.0, "offsetZ": 0.0, "rotationX": -3.0, "rotationY": 2.0, "rotationZ": 20.0 },
						"neck": { "offsetX": 0.0, "offsetY": 0.0, "offsetZ": 0.0, "rotationX": 3.0, "rotationY": -2.0, "rotationZ": 75.0 },
						"head": { "offsetX": 0.5, "offsetY": 0.0, "offsetZ": 0.0, "rotationX": 0.0, "rotationY": 0.0, "rotationZ": -40.0 },
						"R front leg": { "offsetX": 0.0, "offsetY": 2.0, "offsetZ": 0.0, "rotationX": 3.0, "rotationY": 0.0, "rotationZ": 10.0 },
						"R front foot": { "offsetX": 0.0, "offsetY": 0.0, "offsetZ": 0.0, "rotationX": 0.0, "rotationY": 0.0, "rotationZ": -10.0 },
						"L front leg": { "offsetX": 0.0, "offsetY": 2.0, "offsetZ": 0.0, "rotationX": 0.0, "rotationY": 0.0, "rotationZ": -15.0 },
						"L front foot": { "offsetX": 0.0, "offsetY": 0.0, "offsetZ": 0.0, "rotationX": 0.0, "rotationY": 0.0, "rotationZ": -10.0 },
						"R back leg": { "offsetX": 0.0, "offsetY": 0.2, "offsetZ": 0.0, "rotationX": 3.0, "rotationY": 0.0, "rotationZ": -22.5 },
						"R back foot": { "offsetX": 0.0, "offsetY": 0.0, "offsetZ": 0.0, "rotationX": 0.0, "rotationY": 0.0, "rotationZ": 0.0 },
						"L back leg": { "offsetX": -1.0, "offsetY": 0.0, "offsetZ": 0.0, "rotationX": 0.0, "rotationY": 0.0, "rotationZ": 0.0 },
						"L back foot": { "offsetX": 0.0, "offsetY": 0.0, "offsetZ": 0.0, "rotationX": 0.0, "rotationY": 0.0, "rotationZ": 0.0 }
					}
				},
				{
					"frame": 45,
					"elements": {
						"Body": { "offsetX": 0.0, "offsetY": -1.0, "offsetZ": 0.0, "rotationX": -3.0, "rotationY": 2.0, "rotationZ": 22.0 },
						"neck": { "offsetX": 0.0, "offsetY": 0.0, "offsetZ": 0.0, "rotationX": 3.0, "rotationY": -2.0, "rotationZ": 80.0 },
						"head": { "offsetX": 0.5, "offsetY": 0.0, "offsetZ": 0.0, "rotationX": 0.0, "rotationY": 0.0, "rotationZ": -50.0 },
						"mouth": { "rotationX": 0.0, "rotationY": 0.0, "rotationZ": 0.0 },
						"R front leg": { "offsetX": 0.0, "offsetY": 2.0, "offsetZ": 0.0, "rotationX": 3.0, "rotationY": 0.0, "rotationZ": 8.0 },
						"R front foot": { "offsetX": 0.0, "offsetY": 0.0, "offsetZ": 0.0, "rotationX": 0.0, "rotationY": 0.0, "rotationZ": -10.0 },
						"L front leg": { "offsetX": 0.0, "offsetY": 2.0, "offsetZ": 0.0, "rotationX": 0.0, "rotationY": 0.0, "rotationZ": -17.0 },
						"L front foot": { "offsetX": 0.0, "offsetY": 0.0, "offsetZ": 0.0, "rotationX": 0.0, "rotationY": 0.0, "rotationZ": -10.0 },
						"R back leg": { "offsetX": 0.0, "offsetY": 0.0, "offsetZ": 0.0, "rotationX": 3.0, "rotationY": 0.0, "rotationZ": -24.5 },
						"R back foot": { "offsetX": 0.0, "offsetY": 0.0, "offsetZ": 0.0, "rotationX": 0.0, "rotationY": 0.0, "rotationZ": 0.0 },
						"L back leg": { "offsetX": -1.0, "offsetY": -0.2, "offsetZ": 0.0, "rotationX": 0.0, "rotationY": 0.0, "rotationZ": -2.0 },
						"L back foot": { "offsetX": 0.0, "offsetY": 0.0, "offsetZ": 0.0, "rotationX": 0.0, "rotationY": 0.0, "rotationZ": 0.0 }
					}
				},
				{
					"frame": 55,
					"elements": {
						"Body": { "offsetX": 0.0, "offsetY": -1.0, "offsetZ": 0.0, "rotationX": -3.0, "rotationY": 2.0, "rotationZ": 20.0 },
						"neck": { "offsetX": 0.0, "offsetY": 0.0, "offsetZ": 0.0, "rotationX": 3.0, "rotationY": -2.0, "rotationZ": 75.0 },
						"head": { "offsetX": 0.5, "offsetY": -0.3, "offsetZ": 0.0, "rotationX": 0.0, "rotationY": 0.0, "rotationZ": -60.0 },
						"mouth": { "rotationX": 0.0, "rotationY": 0.0, "rotationZ": -10.0 },
						"R front leg": { "offsetX": 0.0, "offsetY": 2.0, "offsetZ": 0.0, "rotationX": 3.0, "rotationY": 0.0, "rotationZ": 10.0 },
						"R front foot": { "offsetX": 0.0, "offsetY": 0.0, "offsetZ": 0.0, "rotationX": 0.0, "rotationY": 0.0, "rotationZ": -10.0 },
						"L front leg": { "offsetX": 0.0, "offsetY": 2.0, "offsetZ": 0.0, "rotationX": 0.0, "rotationY": 0.0, "rotationZ": -15.0 },
						"L front foot": { "offsetX": 0.0, "offsetY": 0.0, "offsetZ": 0.0, "rotationX": 0.0, "rotationY": 0.0, "rotationZ": -10.0 },
						"R back leg": { "offsetX": 0.0, "offsetY": 0.2, "offsetZ": 0.0, "rotationX": 3.0, "rotationY": 0.0, "rotationZ": -22.5 },
						"R back foot": { "offsetX": 0.0, "offsetY": 0.0, "offsetZ": 0.0, "rotationX": 0.0, "rotationY": 0.0, "rotationZ": 0.0 },
						"L back leg": { "offsetX": -1.0, "offsetY": 0.0, "offsetZ": 0.0, "rotationX": 0.0, "rotationY": 0.0, "rotationZ": 0.0 },
						"L back foot": { "offsetX": 0.0, "offsetY": 0.0, "offsetZ": 0.0, "rotationX": 0.0, "rotationY": 0.0, "rotationZ": 0.0 }
					}
				},
				{
					"frame": 75,
					"elements": {
						"L back leg": { "offsetX": 0.0, "offsetY": 0.0, "offsetZ": 0.0 },
						"mouth": { "rotationX": 0.0, "rotationY": 0.0, "rotationZ": 0.0 }
					}
				},
				{
					"frame": 79,
					"elements": {
						"R front leg": { "offsetX": 0.0, "offsetY": 1.5, "offsetZ": 0.0 }
					}
				},
				{
					"frame": 110,
					"elements": {
						"Body": { "offsetX": 0.0, "offsetY": 0.0, "offsetZ": 0.0, "rotationX": 0.0, "rotationY": 0.0, "rotationZ": 0.0 },
						"neck": { "offsetX": 0.0, "offsetY": 0.0, "offsetZ": 0.0, "rotationX": 0.0, "rotationY": 0.0, "rotationZ": 0.0 },
						"head": { "offsetX": 0.0, "offsetY": 0.0, "offsetZ": 0.0, "rotationX": 0.0, "rotationY": 0.0, "rotationZ": 0.0 },
						"R front leg": { "offsetX": 0.0, "offsetY": 0.0, "offsetZ": 0.0, "rotationX": 0.0, "rotationY": 0.0, "rotationZ": 0.0 },
						"R front foot": { "offsetX": 0.0, "offsetY": 0.0, "offsetZ": 0.0, "rotationX": 0.0, "rotationY": 0.0, "rotationZ": 0.0 },
						"L front leg": { "offsetX": 0.0, "offsetY": 0.0, "offsetZ": 0.0, "rotationX": 0.0, "rotationY": 0.0, "rotationZ": 0.0 },
						"L front foot": { "offsetX": 0.0, "offsetY": 0.0, "offsetZ": 0.0, "rotationX": 0.0, "rotationY": 0.0, "rotationZ": 0.0 },
						"R back leg": { "offsetX": 0.0, "offsetY": 0.0, "offsetZ": 0.0, "rotationX": 0.0, "rotationY": 0.0, "rotationZ": 0.0 },
						"R back foot": { "offsetX": 0.0, "offsetY": 0.0, "offsetZ": 0.0, "rotationX": 0.0, "rotationY": 0.0, "rotationZ": 0.0 },
						"L back leg": { "offsetX": 0.0, "offsetY": 0.0, "offsetZ": 0.0, "rotationX": 0.0, "rotationY": 0.0, "rotationZ": 0.0 },
						"L back foot": { "offsetX": 0.0, "offsetY": 0.0, "offsetZ": 0.0, "rotationX": 0.0, "rotationY": 0.0, "rotationZ": 0.0 }
					}
				}
			]
		},

		{
			"name": "Hurt",
			"code": "hurt",
			"quantityframes": 30,
			"onActivityStopped": "PlayTillEnd",
			"onAnimationEnd": "Stop",
			"keyframes": [
				{
					"frame": 0,
					"elements": {
						"Body": { "offsetX": 0.0, "offsetY": 0.0, "offsetZ": 0.0, "rotationX": 0.0, "rotationY": 0.0, "rotationZ": 0.0 },
						"neck": { "offsetX": 0.0, "offsetY": 0.0, "offsetZ": 0.0, "rotationX": 0.0, "rotationY": 0.0, "rotationZ": 20.0 },
						"head": { "offsetX": 0.0, "offsetY": 0.0, "offsetZ": 0.0, "rotationX": 0.0, "rotationY": 0.0, "rotationZ": -10.0 },
						"R front leg": { "offsetX": 0.0, "offsetY": 0.0, "offsetZ": 0.0, "rotationX": 0.0, "rotationY": 0.0, "rotationZ": 0.0 },
						"R front foot": { "offsetX": 0.0, "offsetY": 0.0, "offsetZ": 0.0, "rotationX": 0.0, "rotationY": 0.0, "rotationZ": 0.0 },
						"L front leg": { "offsetX": 0.0, "offsetY": 0.0, "offsetZ": 0.0, "rotationX": 0.0, "rotationY": 0.0, "rotationZ": 0.0 },
						"L front foot": { "offsetX": 0.0, "offsetY": 0.0, "offsetZ": 0.0, "rotationX": 0.0, "rotationY": 0.0, "rotationZ": 0.0 },
						"R back leg": { "offsetX": 0.0, "offsetY": 0.0, "offsetZ": 0.0, "rotationX": 0.0, "rotationY": 0.0, "rotationZ": 0.0 },
						"R back foot": { "offsetX": 0.0, "offsetY": 0.0, "offsetZ": 0.0, "rotationX": 0.0, "rotationY": 0.0, "rotationZ": 0.0 },
						"L back leg": { "offsetX": 0.0, "offsetY": 0.0, "offsetZ": 0.0, "rotationX": 0.0, "rotationY": 0.0, "rotationZ": 0.0 },
						"L back foot": { "offsetX": 0.0, "offsetY": 0.0, "offsetZ": 0.0, "rotationX": 0.0, "rotationY": 0.0, "rotationZ": 0.0 }
					}
				},
				{
					"frame": 6,
					"elements": {
						"Body": { "offsetX": 0.0, "offsetY": 0.0, "offsetZ": 0.0, "rotationX": 1.0, "rotationY": -5.0, "rotationZ": -10.0 },
						"neck": { "offsetX": 0.0, "offsetY": 0.0, "offsetZ": 0.0, "rotationX": -2.0, "rotationY": 2.0, "rotationZ": 15.0 },
						"head": { "offsetX": 0.0, "offsetY": 0.0, "offsetZ": 0.0, "rotationX": 0.0, "rotationY": 0.0, "rotationZ": 5.0 },
						"R front leg": { "offsetX": 0.0, "offsetY": -0.8, "offsetZ": 0.0, "rotationX": -3.0, "rotationY": 0.0, "rotationZ": 5.0 },
						"R front foot": { "offsetX": 0.0, "offsetY": 0.0, "offsetZ": 0.0, "rotationX": 0.0, "rotationY": 0.0, "rotationZ": 5.0 },
						"L front leg": { "offsetX": 0.0, "offsetY": 0.0, "offsetZ": 0.0, "rotationX": 0.0, "rotationY": 0.0, "rotationZ": -5.0 },
						"L front foot": { "offsetX": 0.0, "offsetY": 0.0, "offsetZ": 0.0, "rotationX": 0.0, "rotationY": 0.0, "rotationZ": 25.0 },
						"R back leg": { "offsetX": 0.0, "offsetY": 0.3, "offsetZ": 0.0, "rotationX": 2.0, "rotationY": 0.0, "rotationZ": 15.0 },
						"R back foot": { "offsetX": 0.0, "offsetY": 0.0, "offsetZ": 0.0, "rotationX": 0.0, "rotationY": 0.0, "rotationZ": -7.0 },
						"L back leg": { "offsetX": 0.0, "offsetY": 0.3, "offsetZ": 0.0, "rotationX": 1.0, "rotationY": 0.0, "rotationZ": 15.0 },
						"L back foot": { "offsetX": 0.0, "offsetY": 0.0, "offsetZ": 0.0, "rotationX": 0.0, "rotationY": 0.0, "rotationZ": -5.0 }
					}
				}
			]
		},

		{
			"name": "Sit",
			"code": "sit",
			"quantityframes": 30,
			"onActivityStopped": "EaseOut",
			"onAnimationEnd": "Repeat",
			"keyframes": [
				{
					"frame": 0,
					"elements": {
						"Body": { "offsetX": 0.0, "offsetY": -5.0, "offsetZ": 1.0, "rotationX": 9.0, "rotationY": 0.0, "rotationZ": 0.0 },
						"neck": { "rotationX": 0.0, "rotationY": -28.0, "rotationZ": -8.0 },
						"head": { "rotationX": 30.0, "rotationY": -8.0, "rotationZ": 8.0 },
						"R front leg": { "rotationX": 33.0, "rotationY": 8.0, "rotationZ": -53.0 },
						"R front foot": { "rotationX": 0.0, "rotationY": 0.0, "rotationZ": 138.0 },
						"L front leg": { "rotationX": 33.0, "rotationY": 8.0, "rotationZ": -53.0 },
						"L front foot": { "rotationX": 0.0, "rotationY": 0.0, "rotationZ": 141.0 },
						"R back leg": { "offsetX": 0.0, "offsetY": 0.5, "offsetZ": 0.0, "rotationX": 17.0, "rotationY": -19.0, "rotationZ": 11.0 },
						"R back foot": { "offsetX": 1.0, "offsetY": 1.0, "offsetZ": 0.0, "rotationX": 0.0, "rotationY": 0.0, "rotationZ": -91.0 },
						"L back leg": { "offsetX": 0.0, "offsetY": 1.0, "offsetZ": 0.0, "rotationX": -11.0, "rotationY": 8.0, "rotationZ": 8.0 },
						"L back foot": { "offsetX": 1.0, "offsetY": 0.0, "offsetZ": 0.0, "rotationX": 0.0, "rotationY": 0.0, "rotationZ": -102.0 }
					}
				},
				{
					"frame": 15,
					"elements": {
						"Body": { "offsetX": 0.0, "offsetY": -5.0, "offsetZ": 1.0, "rotationX": 9.0, "rotationY": 0.0, "rotationZ": -1.0 },
						"neck": { "rotationX": 0.0, "rotationY": -28.0, "rotationZ": -7.0 },
						"head": { "rotationX": 30.0, "rotationY": -8.0, "rotationZ": 8.0 },
						"R front leg": { "rotationX": 32.0, "rotationY": 9.0, "rotationZ": -50.0 },
						"R front foot": { "rotationX": 0.0, "rotationY": 0.0, "rotationZ": 136.0 },
						"L front leg": { "rotationX": 32.0, "rotationY": 8.0, "rotationZ": -50.0 },
						"L front foot": { "rotationX": 0.0, "rotationY": 0.0, "rotationZ": 140.0 },
						"R back leg": { "offsetX": 0.1, "offsetY": 0.5, "offsetZ": 0.0, "rotationX": 18.0, "rotationY": -19.0, "rotationZ": 12.0 },
						"R back foot": { "offsetX": 1.0, "offsetY": 1.0, "offsetZ": 0.0, "rotationX": 0.0, "rotationY": 0.0, "rotationZ": -91.0 },
						"L back leg": { "offsetX": 0.1, "offsetY": 1.0, "offsetZ": 0.0, "rotationX": -11.0, "rotationY": 8.0, "rotationZ": 9.0 },
						"L back foot": { "offsetX": 1.0, "offsetY": 0.0, "offsetZ": 0.0, "rotationX": 0.0, "rotationY": 0.0, "rotationZ": -102.0 }
					}
				}
			]
		},

		{
			"name": "Sleep",
			"code": "sleep",
			"quantityframes": 30,
			"onActivityStopped": "EaseOut",
			"onAnimationEnd": "Repeat",
			"keyframes": [
				{
					"frame": 0,
					"elements": {
						"Body": { "offsetX": 0.0, "offsetY": -5.7, "offsetZ": 0.0, "rotationX": 0.0, "rotationY": -5.0, "rotationZ": 3.0 },
						"neck": { "offsetX": 0.0, "offsetY": 0.3, "offsetZ": 0.0, "rotationX": 0.0, "rotationY": 5.0, "rotationZ": 58.0 },
						"head": { "offsetX": 0.9, "offsetY": -0.2, "offsetZ": 0.0, "rotationX": 0.0, "rotationY": 0.0, "rotationZ": -53.0 },
						"R front leg": { "offsetX": 0.0, "offsetY": 2.0, "offsetZ": 0.0, "rotationX": 6.0, "rotationY": 3.0, "rotationZ": 19.0 },
						"R front foot": { "rotationX": 0.0, "rotationY": 0.0, "rotationZ": -114.0 },
						"L front leg": { "offsetX": 0.0, "offsetY": 2.0, "offsetZ": 0.0, "rotationX": -6.0, "rotationY": 3.0, "rotationZ": 28.0 },
						"L front foot": { "rotationX": 0.0, "rotationY": 0.0, "rotationZ": -122.0 },
						"R back leg": { "offsetX": 0.0, "offsetY": 1.0, "offsetZ": 0.0, "rotationX": 14.0, "rotationY": -11.0, "rotationZ": 8.0 },
						"R back foot": { "offsetX": 0.8, "offsetY": 0.0, "offsetZ": 0.0, "rotationX": 0.0, "rotationY": 0.0, "rotationZ": -104.0 },
						"L back leg": { "offsetX": 0.0, "offsetY": 1.0, "offsetZ": 0.0, "rotationX": -3.0, "rotationY": 8.0, "rotationZ": 8.0 },
						"L back foot": { "offsetX": 0.8, "offsetY": 0.0, "offsetZ": 0.0, "rotationX": 0.0, "rotationY": 0.0, "rotationZ": -104.0 }
					}
				},
				{
					"frame": 15,
					"elements": {
						"Body": { "offsetX": 0.1, "offsetY": -5.7, "offsetZ": 0.0, "rotationX": 0.0, "rotationY": -5.0, "rotationZ": 2.0 },
						"neck": { "offsetX": 0.0, "offsetY": 0.3, "offsetZ": 0.0, "rotationX": 0.0, "rotationY": 5.0, "rotationZ": 59.0 },
						"head": { "offsetX": 0.9, "offsetY": -0.2, "offsetZ": 0.0, "rotationX": 0.0, "rotationY": 0.0, "rotationZ": -52.0 },
						"R front leg": { "offsetX": 0.0, "offsetY": 2.0, "offsetZ": 0.0, "rotationX": 6.0, "rotationY": 3.0, "rotationZ": 21.0 },
						"R front foot": { "rotationX": 0.0, "rotationY": 0.0, "rotationZ": -114.0 },
						"L front leg": { "offsetX": 0.0, "offsetY": 2.0, "offsetZ": 0.0, "rotationX": -6.0, "rotationY": 3.0, "rotationZ": 30.0 },
						"L front foot": { "rotationX": 0.0, "rotationY": 0.0, "rotationZ": -122.0 },
						"R back leg": { "offsetX": 0.0, "offsetY": 1.0, "offsetZ": 0.0, "rotationX": 14.0, "rotationY": -11.0, "rotationZ": 9.0 },
						"R back foot": { "offsetX": 0.8, "offsetY": 0.0, "offsetZ": 0.0, "rotationX": 0.0, "rotationY": 0.0, "rotationZ": -104.0 },
						"L back leg": { "offsetX": 0.0, "offsetY": 1.0, "offsetZ": 0.0, "rotationX": -3.0, "rotationY": 8.0, "rotationZ": 10.0 },
						"L back foot": { "offsetX": 0.8, "offsetY": 0.0, "offsetZ": 0.0, "rotationX": 0.0, "rotationY": 0.0, "rotationZ": -105.0 }
					}
				}
			]
		}
	]
}