{
	code: "pernachhead",
	variantgroups: [ { code: "metal", states: ["lead","copper","tinbronze","bismuthbronze","blackbronze","iron","meteoriciron","steel"]}, ],
	shape: { base: "shapes/clubs/pernach" },
	textures: { 
	"metal": {base: "game:block/metal/ingot/{metal}"},
	"metaltwo": {base: "game:block/transparent"},
	"shaft": {base: "game:block/transparent"},
	"handle": {base: "game:block/transparent"}, 
	},
	creativeinventory: { "general": ["*"], "swordz": ["*"]},
	fpHandTransform: {
		translation: { x: 0.8, y: -1.3, z: 0 },
		rotation: { x: -13, y: 85, z: 65 },
		scale: 3.2
	},
	guiTransform: {
		translation: { x: 18, y: 56, z: 0 },
		rotation: { x: 105, y: -68, z: 5 },
		origin: { x: 0.65, y: 0.1, z: 0.45 },
		scaleXyz: { x: -3.8, y: 3.8, z: 3.8 }
	},
	tpHandTransform: {
		translation: { x: 1.1, y: 0.01, z: -0.44 },
		rotation: { x: 180, y: 0, z: 0 },
		origin: { x: 0, y: 0, z: 0 },
		scale: 0.8
	},
	groundTransform: {
		translation: { x: 0, y: 0, z: 0 },
		rotation: { x: 90, y: 0, z: 0 },
		origin: { x: 0.5, y: 0.5, z: 0.5299 },
		scale: 3.2
	},
}