{
  "code": "crucibleportal",
  "classByType": {
    "*": "BlockStationCruciblePortalRM"
  },
  "entityclassByType": {
    "*": "BlockEntityStationCruciblePortalRM"
  },
  "enabled": true,

  //"storageFlags": 131073,

  "variantgroups": [
    {
      "code": "type",
      "states": [ "idle", "crafting", "magictiersigilofawakening", "magictiersigiloftranscendence", "elementalattunement" ]
    }//,
    //{
    //  "code": "side",
    //  "loadFromProperties": "game:abstract/horizontalorientation"
    //}
  ],
  //"skipVariants": [ "*-onrequiresessenceneutral", "*-onrequiresessencelight", "*-onrequiresessencedark", "*-onrequiresessenceanything" ],

  "entityBehaviorsByType": {
    "*": [
      { "name": "Animatable" }
    ]
  },
  //"behaviorsByType": {
  //  "*": [
  //    { "name": "HorizontalOrientable" }
  //
  //  ]
  //},


  "attributesByType": {
    "*": {
      "handbook": {
        "groupBy": [ "crucibleportal-*" ]
      },
      "displaycaseable": false,
      "shelvable": false,
      "canChisel": false
    }
  },

  "creativeinventory": {
    "general": [ "" ],
    "rustboundmagic": [ "" ]
  },

  //"drawtypeByType": {
  //  "*-free": "JSON",
  //  "*-snow": "JSONAndSnowLayer"
  //},

  "shapebytype": {
    "*": {
      "base": "blocks/stations/extras/crucibleportal-idle",
      "rotateY": 0
    }//,
    //"*-idle": {
    //  "base": "blocks/stations/extras/crucibleportal-{type}",
    //  "rotateY": 0
    //},
    //"*-crafting": {
    //  "base": "blocks/stations/extras/crucibleportal-{type}",
    //  "rotateY": 0
    //},
    //"*-magictiersigilofawakening": {
    //  "base": "blocks/stations/extras/crucibleportal-{type}",
    //  "rotateY": 0
    //},
    //"*-magictiersigiloftranscendence": {
    //  "base": "blocks/stations/extras/crucibleportal-{type}",
    //  "rotateY": 0
    //},
    //"*-elementalattunement": {
    //  "base": "blocks/stations/extras/crucibleportal-{type}",
    //  "rotateY": 0
    //} //,
    //"*-south": {
    //  "base": "blocks/stations/extras/crucible-portal",
    //  "rotateY": 180
    //},
    //"*-east": {
    //  "base": "blocks/stations/extras/crucible-portal",
    //  "rotateY": 270
    //},
    //"*-west": {
    //  "base": "blocks/stations/extras/crucible-portal",
    //  "rotateY": 90
    //}
  },

  "texturesByType": {
    //"*": {
    //  "default": { "base": "default" },
    //  "portal": { "base": "blocks/magicarray/center-idle" },
    //  "colorblack": { "base": "color-black" },
    //  "circletier1": { "base": "blocks/magicarray/magicarray-idle-inner1" },
    //  "circletier2": { "base": "blocks/magicarray/magicarray-idle-outer1" },
    //  "circletier3": { "base": "default" }
    //}//,
    "*-idle": {
      "default": { "base": "default" },
      "portal": { "base": "blocks/magicarray/center-{type}" },
      "colorblack": { "base": "color-black" },
      "circletier1": { "base": "blocks/magicarray/magicarray-{type}-inner1" },
      "circletier2": { "base": "default" },
      "circletier3": { "base": "default" }
    },
    "*-crafting": {
      "default": { "base": "default" },
      "portal": { "base": "blocks/magicarray/center-{type}" },
      "colorblack": { "base": "color-black" },
      "circletier1": { "base": "blocks/magicarray/magicarray-{type}-inner1" },
      "circletier2": { "base": "blocks/magicarray/magicarray-{type}-outer1" },
      "circletier3": { "base": "default" }
    },
    "*-magictiersigilofawakening": {
      "default": { "base": "default" },
      "portal": { "base": "blocks/magicarray/center-{type}" },
      "colorblack": { "base": "color-black" },
      "circletier1": { "base": "blocks/magicarray/magicarray-{type}-inner1" },
      "circletier2": { "base": "blocks/magicarray/magicarray-{type}-outer1" },
      "circletier3": { "base": "default" }
    },
    "*-magictiersigiloftranscendence": {
      "default": { "base": "default" },
      "portal": { "base": "blocks/magicarray/center-{type}" },
      "colorblack": { "base": "color-black" },
      "circletier1": { "base": "blocks/magicarray/magicarray-{type}-inner1" },
      "circletier2": { "base": "blocks/magicarray/magicarray-{type}-outer1" },
      "circletier3": { "base": "default" }
    },
    "*-elementalattunement": {
      "default": { "base": "default" },
      "portal": { "base": "blocks/magicarray/center-{type}" },
      "colorblack": { "base": "color-black" },
      "circletier1": { "base": "blocks/magicarray/magicarray-{type}-inner1" },
      "circletier2": { "base": "blocks/magicarray/magicarray-{type}-outer1" },
      "circletier3": { "base": "default" }
    }
  },

  "sidesolid": {
    "all": false
  },
  "sideopaque": {
    "all": false
  },

  //"requiredMiningTier": 200,
  "maxstacksize": 1,
  "blockmaterial": "Other",
  "materialDensity": 1200,
  "replaceable": 900,
  "resistance": 9999,
  "lightAbsorption": 0,

  "heldTpIdleAnimation": "holdbothhands",
  "rainPermeable": true,
  //"doNotRenderAtLod2": true,
  //"renderPass": "BlendNoCull",
  "renderPass": "Transparent",
  "faceCullMode": "MergeMaterial",

  "vertexFlags": {
    "zOffset": 2
  },

  //"lightHsvByType": {
  //  "*": [ 32, 7, 22 ]
  //},

  "dropsByType": {
    "*": []
  },

  "sounds": {
    "place": "game:block/rock-hit-pickaxe",
    "walk": "game:walk/stone"
  },

  "selectionBoxesByType": {
    "*": [
      {
        "x1": 0,
        "y1": 0,
        "z1": 0,
        "x2": 1,
        "y2": 0.5,
        "z2": 1,
        "rotateYByType": {
          "*": 0
        }
      }
    ]
  },

  "collisionbox": null,

  "fpHandTransform": {
    "translation": {
      "x": 0,
      "y": 0.1,
      "z": 0.5
    },
    "rotation": {
      "x": -2,
      "y": 5,
      "z": 12
    },
    "origin": {
      "x": 0.5,
      "y": 0.6,
      "z": 0.5
    },
    "scale": 1
  },
  "tpHandTransform": {
    "translation": {
      "x": 0,
      "y": 0.2,
      "z": 0.2
    },
    "rotation": {
      "x": 55,
      "y": 13,
      "z": -82
    },
    "origin": {
      "x": 0.05,
      "y": -0.1,
      "z": 0.25
    },
    "scale": 0.5899
  },
  "groundTransform": {
    "scale": 2.0
  }
}
