{
  "code": "gatewayportal",
  "classByType": {
    "*": "BlockStationGatewayPortalRM"
  },
  "entityclassByType": {
    "*": "BlockEntityStationGatewayPortalRM"
  },
  "enabled": true,

  "storageFlags": 131073,

  "variantgroups": [
    {
      "code": "type",
      "states": [ "primary", "secondary" ]
    },
    {
      "code": "side",
      "loadFromProperties": "game:abstract/horizontalorientation"
    }
  ],
  //"skipVariants": [ "*-admin-*" ],

  //"entityBehaviors": [ { "name": "Animatable" } ],
  "behaviorsByType": {
    "*": [
      { "name": "HorizontalOrientable" }

    ]
  },


  "attributesByType": {
    "*": {
      "handbook": {
        "groupBy": [ "gatewayportal-*" ]
      },
      "displaycaseable": false,
      "shelvable": false,
      "canChisel": false
    }
  },

  "creativeinventory": {
    "general": [ "" ],
    "rustboundmagic": [ "" ]
  },

  //"drawtypeByType": {
  //  "*-free": "JSON",
  //  "*-snow": "JSONAndSnowLayer"
  //},

  "shapebytype": {
    "*-north": {
      "base": "blocks/stations/extras/gateway-portal",
      "rotateY": 0
    },
    "*-south": {
      "base": "blocks/stations/extras/gateway-portal",
      "rotateY": 180
    },
    "*-east": {
      "base": "blocks/stations/extras/gateway-portal",
      "rotateY": 270
    },
    "*-west": {
      "base": "blocks/stations/extras/gateway-portal",
      "rotateY": 90
    }
  },

  "texturesByType": {
    "*-primary-*": {
      "default": { "base": "default" },
      "portal": { "base": "default" }
    },
    "*-secondary-*": {
      "default": { "base": "default" },
      "portal": { "base": "default" }
    }
  },

  "sidesolid": {
    "all": "false"
  },

  //"requiredMiningTier": 200,
  "maxstacksize": 1,
  "blockmaterial": "Other",
  "materialDensity": 1200,
  "replaceable": 900,
  "resistance": 9999,
  "lightAbsorption": 0,
  "heldTpIdleAnimation": "holdbothhands",
  "rainPermeable": true,
  "renderPass": "Transparent",
  "faceCullMode": "MergeMaterial",

  "vertexFlags": {
    "zOffset": 2
  },
  "sideopaque": {
    "all": false
  },

  "lightHsvbyType": {
    "*": [ 32, 7, 22 ]
  },

  "dropsByType": {
    "*": []
  },

  "sounds": {
    "place": "game:block/rock-hit-pickaxe",
    "walk": "game:walk/stone"
  },

  "selectionBoxesByType": {
    "*-north": [
      {
        "x1": 0,
        "y1": 0,
        "z1": 0.5,
        "x2": 1,
        "y2": 1,
        "z2": 0.5,
        "rotateYByType": {
          "*": 0
        }
      }
    ],
    "*-south": [
      {
        "x1": 0,
        "y1": 0,
        "z1": 0.5,
        "x2": 1,
        "y2": 1,
        "z2": 0.5,
        "rotateYByType": {
          "*": 180
        }
      }
    ],
    "*-east": [
      {
        "x1": 0,
        "y1": 0,
        "z1": 0.5,
        "x2": 1,
        "y2": 1,
        "z2": 0.5,
        "rotateYByType": {
          "*": 270
        }
      }
    ],
    "*-west": [
      {
        "x1": 0,
        "y1": 0,
        "z1": 0.5,
        "x2": 1,
        "y2": 1,
        "z2": 0.5,
        "rotateYByType": {
          "*": 90
        }
      }
    ]
  },

  "collisionbox": null,

  "fpHandTransform": {
    "translation": {
      "x": 0,
      "y": 0.1,
      "z": 0.5
    },
    "rotation": {
      "x": -2,
      "y": 5,
      "z": 12
    },
    "origin": {
      "x": 0.5,
      "y": 0.6,
      "z": 0.5
    },
    "scale": 1
  },
  "tpHandTransform": {
    "translation": {
      "x": 0,
      "y": 0.2,
      "z": 0.2
    },
    "rotation": {
      "x": 55,
      "y": 13,
      "z": -82
    },
    "origin": {
      "x": 0.05,
      "y": -0.1,
      "z": 0.25
    },
    "scale": 0.5899
  },
  "groundTransform": {
    "scale": 2.0
  }
}
