{
  "code": "toolkeystone",
  "class": "ItemToolKeystoneRM",
  "enabled": true,

  "storageFlags": 131073,

  "variantgroups": [
    {
      "code": "type",
      "states": [ "gateway" ]
    }
  ],
  //"skipVariants": [ "*-fire", "*-water", "*-wind", "*-earth", "*-lightning", "*-frost", "*-nature", "*-arcane" ],

  "creativeinventory": {
    "general": [ "*" ],
    "items": [ "*" ],
    "rustboundmagic": [ "*" ]
  },

  "maxstacksize": 1,
  "materialDensity": 1200,

  "shapebytype": {
    "*-gateway": {
      "base": "items/tools/toolkeystone-gateway"
    }
  },
  "texturesByType": {
    "*": {
      "default": { "base": "default" },
      "rust-faded": { "base": "game:block/machine/statictranslocator/rustyglow" },
      "rustyglow-solid": { "base": "blocks/resources/enchantedstone/none/enchantedstone-rock*" },
      "middle": { "base": "game:block/stone/rock/obsidian*" },
      "runes-1": { "base": "default" },
      "runes-2": { "base": "default" },
      "runes-3": { "base": "default" }
    }
  },

  "attributesByType": {
    "*": {
      "displaycaseable": true,
      "onDisplayTransform": {
        "translation": {
          "x": 0,
          "y": -0.125,
          "z": 0
        },
        "scale": 0.75
      },
      "shelvable": true,
      "onshelfTransform": {
        "translation": {
          "x": 0,
          "y": -0.125,
          "z": 0
        },
        "scale": 0.75
      },
      "handbook": {
        "groupBy": [ "toolkeystone-*" ],
        "extraSections": [
          {
            "title": "game:Created by",
            "text": "rustboundmagic:handbook-thaumicworkbenchonlytier1-text"
          }
        ]
      }
    }
  },



  "guiTransform": {
    "translation": {
      "x": 2,
      "y": 1,
      "z": 0
    },
    "rotation": {
      "x": 132,
      "y": -29,
      "z": 0
    },
    "origin": {
      "x": 0.5,
      "y": 0.1,
      "z": 0.5
    },
    "scale": 3.5
  },
  "fpHandTransform": {
    "translation": {
      "x": 0.05,
      "y": 0.2,
      "z": 0
    },
    "rotation": {
      "x": 94,
      "y": 95,
      "z": -21
    },
    "origin": {
      "x": 0.5,
      "y": 0.1,
      "z": 0.5
    },
    "scale": 1.78
  },
  "tpHandTransform": {
    "translation": {
      "x": -0.7,
      "y": -0.12,
      "z": -0.7
    },
    "rotation": {
      "x": -44,
      "y": 7,
      "z": -9
    },
    "origin": {
      "x": 0.5,
      "y": 0.1,
      "z": 0.5
    },
    "scale": 0.7
  },
  "groundTransform": {
    "translation": {
      "x": 0,
      "y": 0,
      "z": 0
    },
    "rotation": {
      "x": 0,
      "y": 0,
      "z": 0
    },
    "origin": {
      "x": 0.5,
      "y": 0,
      "z": 0.5
    },
    "scale": 4.5
  }
}
