﻿{
  "code": "toolresonator",
  "class": "ItemToolResonatorRM",
  "enabled": true,

  "storageFlags": 131073,

  "variantgroups": [
    {
      "code": "type",
      "states": [ "copper", "iron", "steel", "eldrathium" ]
    }
  ],
  "skipVariants": [ "*-copper", "*-iron", "*-steel" ],

  //"storageFlags": 257,

  "attributes": {
    "handbookByType": {
      "*-eldrathium": {
        "groupBy": [ "toolresonator-*" ],
        "extraSections": [
          {
            "title": "game:Created by",
            "text": "rustboundmagic:handbook-thaumicworkbenchonlytier1-text"
          },
          {
            "title": "rustboundmagic:handbook-magictooluse-title",
            "text": "rustboundmagic:handbook-tooluseleylineresonator-text"
          }
        ]
      },
      "*-copper": {
        "groupBy": [ "toolresonator-*" ],
        "extraSections": [
          {
            "title": "game:Created by",
            "text": "rustboundmagic:handbook-thaumicworkbenchonlytier1-text"
          },
          {
            "title": "rustboundmagic:handbook-magictooluse-title",
            "text": "rustboundmagic:handbook-tooluseleylineresonator-text"
          }
        ]
      },
      "*-iron": {
        "groupBy": [ "toolresonator-*" ],
        "extraSections": [
          {
            "title": "game:Created by",
            "text": "rustboundmagic:handbook-thaumicworkbenchonlytier2-text"
          },
          {
            "title": "rustboundmagic:handbook-magictooluse-title",
            "text": "rustboundmagic:handbook-tooluseleylineresonator-text"
          }
        ]
      },
      "*-steel": {
        "groupBy": [ "toolresonator-*" ],
        "extraSections": [
          {
            "title": "game:Created by",
            "text": "rustboundmagic:handbook-thaumicworkbenchonlytier3-text"
          },
          {
            "title": "rustboundmagic:handbook-magictooluse-title",
            "text": "rustboundmagic:handbook-tooluseleylineresonator-text"
          }
        ]
      }
    },
    "rackable": true,
    "toolrackTransform": {
      "rotation": {
        "y": 1,
        "z": -1
      },
      "translation": {
        "x": -0.2,
        "y": 0.75,
        "z": 0
      },
      "scale": 1.5
    }
  },

  "creativeinventory": {
    "general": [ "*" ],
    "items": [ "*" ],
    "tools": [ "*" ],
    "rustboundmagic": [ "*" ]
  },

  "maxstacksize": 1,
  "materialDensity": 1200,

  "heldTpHitAnimation": "smithingwide",
  "heldTpUseAnimation": "interactstatic",

  "shapebytype": {
    "*": {
      "base": "items/tools/toolresonator-connect",
      "alternates": [
        { "base": "items/tools/toolresonator-disconnect" },
        { "base": "items/tools/toolresonator-viewer" }
      ]
    }
  },
  "texturesByType": {
    "*": {
      "default": { "base": "default" },
      "core": { "base": "color-black" },
      //"cap": { "base": "game:block/metal/ingot/{type}" },
      //"handle": { "base": "game:block/metal/ingot/{type}" },
      //"handlecap": { "base": "game:block/metal/ingot/{type}" },

      "cap": { "base": "blocks/resources/eldrathium/eldrathium" },
      "handle": { "base": "blocks/resources/eldrathium/eldrathium" },
      "handlecap": { "base": "blocks/resources/eldrathium/eldrathium" },

      "glowconnect": { "base": "items/tools/resonator-connect" },
      "glowdisconnect": { "base": "items/tools/resonator-disconnect" },
      "glowviewer": { "base": "items/tools/resonator-viewer" },
      "materialconnect": { "base": "items/tools/resonator-connect" },
      "materialdisconnect": { "base": "items/tools/resonator-disconnect" },
      "materialviewer": { "base": "items/tools/resonator-viewer" }
    }
  },

  "damagedby": [ "blockbreaking", "attacking" ],

  "tooltierbytype": {
    "*-copper": 2,
    "*-iron": 4,
    "*-steel": 5,
    "*-eldrathium": 5
  },
  "attackpowerbytype": {
    "*-copper": 1.3,
    "*-iron": 2.3,
    "*-steel": 2.5,
    "*-eldrathium": 2.0
  },

  "durabilitybytype": {
    "*-copper": 100,
    "*-iron": 100,
    "*-steel": 100,
    "*-eldrathium": 250
  },

  "guiTransform": {
    "rotation": {
      "x": -22,
      "y": -42,
      "z": -139
    },
    "origin": {
      "x": 0.87,
      "y": -0.45,
      "z": 0
    },
    "scale": 2.25
  },
  "fpHandTransform": {
    "translation": {
      "x": 0.55,
      "y": -0.2,
      "z": 0
    },
    "rotation": {
      "x": 139,
      "y": 0,
      "z": -92
    },
    "scale": 2.25
  },
  "tpHandTransform": {
    "translation": {
      "x": -0.74,
      "y": -0.2498,
      "z": -0.7499
    },
    "rotation": {
      "x": 0,
      "y": 2,
      "z": 3
    },
    "scale": 0.65
  },
  "groundTransform": {
    "translation": {
      "x": 0,
      "y": 0,
      "z": 0
    },
    "rotation": {
      "x": 0,
      "y": 0,
      "z": 0
    },
    "origin": {
      "x": 0.5,
      "y": -0.03,
      "z": 0.5
    },
    "scale": 4
  }
}