[
	{
	"code": "mordant-twine",
	"sealHours": 8,
	"ingredients": [
		{ "type": "item", "code": "game:dilutedalumportion", "litres": 0.5, "consumeLitres": 0.5 },
		{ "type": "item", "code": "wool:twine-wool-plain" }
	],
	"output": { "type": "item", "code": "tailorsdelight:twine-mordant" }
	},
	{
	"code": "mordant-twine",
	"sealHours": 8,
	"ingredients": [
		{ "type": "item", "code": "game:dilutedcassiteriteportion", "litres": 0.5, "consumeLitres": 0.5 },
		{ "type": "item", "code": "wool:twine-wool-plain" }
	],
	"output": { "type": "item", "code": "tailorsdelight:twine-mordant" }
	},
	{
	"code": "mordant-twine",
	"sealHours": 8,
	"ingredients": [
		{ "type": "item", "code": "game:dilutedchromiteportion", "litres": 0.5, "consumeLitres": 0.5 },
		{ "type": "item", "code": "wool:twine-wool-plain" }
	],
	"output": { "type": "item", "code": "tailorsdelight:twine-mordant" }
	}
]
