{
  "code": "utilityblockmagicward",
  "class": "BlockUtilityMagicWardRM",
  "entityClassByType": {
    "utilityblockmagicward-*": "BlockEntityUtilityMagicWardRM"
  },
  "enabled": true,

  "storageFlags": 131073,

  "variantgroups": [
    {
      "code": "state",
      "states": [ "off", "active" ]
    },
    {
      "code": "side",
      "loadFromProperties": "game:abstract/horizontalorientation"
    }
  ],
  //"skipVariants": [ "*-raw-light-*", "*-burned-light-*", "*-raw-dark-*", "*-burned-dark-*", "*-raw-conduit-*", "*-burned-conduit-*" ],

  //"entityBehaviors": [ { "name": "Animatable" } ],
  "behaviors": [
    { "name": "Lockable" },
    { "name": "HorizontalOrientable" },
    { "name": "Container" }
  ],
  "attributes": {
    "shelvable": true,
    "onshelfTransform": {
      "translation": {
        "x": 0,
        "y": -0.375,
        "z": 0
      },
      "scale": 0.25
    },
    "displaycaseable": true,
    "onDisplayTransform": {
      "translation": {
        "x": 0,
        "y": -0.375,
        "z": 0
      },
      "scale": 0.25
    },
    "canChisel": false,
    "handbook": {
      "groupByByType": {
        "*": [ "utilityblockmagicward-*" ]
      },
      "extraSections": [
        {
          "title": "game:Created by",
          "text": "rustboundmagic:handbook-thaumicworkbenchonlytier1-text"
        },
        {
          "title": "rustboundmagic:handbook-utilityblock-title",
          "text": "rustboundmagic:handbook-utilityblock-text"
        },
        {
          "title": "rustboundmagic:handbook-runestoneeffects-title",
          "text": "rustboundmagic:handbook-runestoneeffectsutilityblockmagicward-text"
        },
        {
          "title": "rustboundmagic:handbook-magicrechargable-title",
          "text": "rustboundmagic:handbook-magicrechargable-text"
        }
      ]
    }
  },

  "creativeinventory": {
    "general": [ "*-off-north" ],
    "terrain": [ "*-off-north" ],
    "rustboundmagic": [ "*-off-north" ]
  },

  //"drawtypeByType": {
  //  "*-free": "JSON",
  //  "*-snow": "JSONAndSnowLayer"
  //},
  "drawtype": "json",
  "shapeBytype": {
    "*-north": {
      "base": "blocks/utilities/magicward",
      "rotateY": 0
    },
    "*-south": {
      "base": "blocks/utilities/magicward",
      "rotateY": 180
    },
    "*-east": {
      "base": "blocks/utilities/magicward",
      "rotateY": 270
    },
    "*-west": {
      "base": "blocks/utilities/magicward",
      "rotateY": 90
    }
  },
  "texturesByType": {
    "*-off-*": {
      "default": { "base": "default" },
      "manastone": { "base": "blocks/resources/eldrathium/eldrathium" },
      "material1": { "base": "blocks/resources/enchantedstone/none/enchantedstone-cobblestone*" },
      "eldrathium": { "base": "blocks/resources/enchantedstone/none/enchantedstone-cobblestone*" },
      "lead": { "base": "blocks/resources/enchantedstone/none/enchantedstone-cobblestone*" },
      "lead1": { "base": "default" },
      "rustyglow": { "base": "rust-solid" },
      "energy": { "base": "blocks/arcanus/arcanusblock-inert" }
    },
    "*-active-*": {
      "default": { "base": "default" },
      "manastone": { "base": "blocks/resources/eldrathium/eldrathium" },
      "material1": { "base": "blocks/resources/enchantedstone/none/enchantedstone-cobblestone*" },
      "eldrathium": { "base": "blocks/resources/enchantedstone/none/enchantedstone-cobblestone*" },
      "lead": { "base": "blocks/resources/enchantedstone/none/enchantedstone-cobblestone*" },
      "lead1": { "base": "default" },
      "rustyglow": { "base": "game:block/machine/statictranslocator/rustyglow" },
      "energy": { "base": "blocks/stations/oculus-energyaura" }
    }
  },

  "sideopaque": {
    "all": false
  },
  "sidesolid": {
    "all": false
  },

  "maxstacksize": 8,
  "blockmaterial": "Stone",
  "materialDensity": 8960,
  "replaceable": 300,
  "resistance": 2,
  "lightAbsorption": 0,
  "heldTpIdleAnimation": "holdbothhands",
  "heldTpUseAnimation": "twohandplaceblock",
  //"randomizeRotations": false,
  //"rainPermeable": false,
  //"renderPass": "Transparent",
  //"faceCullMode": "MergeMaterial",

  //"lightHsvbyType": {
  //  "*-active-*": [ 32, 7, 5 ]
  //},

  "dropsByType": {
    "*": [
      {
        "type": "block",
        "code": "utilityblockmagicward-off-north",
        "quantity": {
          "avg": 1,
          "var": 0
        }
      }
    ]
  },

  "sounds": {
    "place": "game:block/rock-hit-pickaxe",
    "break": "game:block/rock-hit-pickaxe",
    "hit": "game:walk/stone",
    "walk": "game:walk/stone"
  },

  "selectionBoxByType": {
    "*-off-*": {
      "x1": 0,
      "y1": 0,
      "z1": 0,
      "x2": 1,
      "y2": 1,
      "z2": 1
    },
    "*-active-*": {
      "x1": 0,
      "y1": 0,
      "z1": 0,
      "x2": 1,
      "y2": 1,
      "z2": 1
    }
  },
  "collisionboxByType": {
    "*-off-*": {
      "x1": 0,
      "y1": 0,
      "z1": 0,
      "x2": 1,
      "y2": 1,
      "z2": 1
    },
    "*-active-*": {
      "x1": 0,
      "y1": 0,
      "z1": 0,
      "x2": 1,
      "y2": 1,
      "z2": 1
    }
  },

  "tpHandTransform": {
    "translation": {
      "x": -1.23,
      "y": -0.91,
      "z": -0.8
    },
    "rotation": {
      "x": -2,
      "y": 25,
      "z": -78
    },
    "scale": 0.4
  }
}
