[
	{
//Патч на ванільний рюкзак на 6 й 8 слотів та їх відображення (працює) - ВКЛ
	"file": "game:itemtypes/wearable/bag/backpack.json",
	"enabled": true,
	"op": "remove",
	"path": "/attributes/attachableToEntity",
	"value": null
	}, 
	{
	"file": "game:itemtypes/wearable/bag/backpack.json",
	"enabled": true,
	"op": "remove",
	"path": "/attributes/wearableAttachment",
	"value": null
	}, 

	{
//Патч на ванільний рюкзак на 6 й 8 слотів та їх відображення (старий конфіг - виникали помилки) - ВИКЛ
	"enabled": false,
	"file": "game:itemtypes/wearable/bag/backpack.json",
	"op": "remove",
	"path": "/attributes/attachableToEntity/attachedShape",
	"value": null
	}, 
]