[
	{
//Крафт рюкзака з моду Butchering
		"ingredientPattern": "FTF,KTP",
		"enabled": true,
		"ingredients": {
			"T": { "type": "item", "code": "game:leather-normal-plain", "quantity": 8 },
			"F": { "type": "item", "code": "game:flaxtwine", "quantity": 4 },
			"K": { "type": "item", "code": "game:knife-generic-*", "Istool": true },
			"P": { "type": "item", "code": "game:plank-*", "quantity": 8 }
		},
		"width": 3,
		"height": 2,
		"output": { "type": "item", "code": "butchering:butcherybag-standard", "quantity": 1 }
	},
	{
//Крафт сухожилля з кишок - мод Butchering
		"ingredientPattern": "KC,OW",
		"enabled": true,
		"ingredients": {
			"O": { "type": "item", "code": "butchering:offal-bloody", "quantity": 1 },
			"K": { "type": "item", "code": "game:knife-*", "isTool": true, "toolDurabilityCost": 5 },			
			"C": { "type": "item", "code": "game:cleaver-*", "isTool": true, "toolDurabilityCost": 5 },
			"W": { "type": "block", "code": "game:woodbucket" },
		},
		"attributes": {
			"liquidContainerProps": {
				"requiresContent": {
					"type": "item",
					"code": "game:waterportion"
				},
				"requiresLitres": 2,
				"consumeContainer": false,
			}
		},
		"width": 2,
		"height": 2,
		"output": { "type": "item", "code": "butchering:sinew-wet", "quantity": 1 }
	}, 
]
