[
	{
//Крафти на перетворення червів з base в base-short
		"ingredientPattern": "KWH",
		"enabled": true,
		"ingredients": {
			"K": { "type": "item", "code": "game:chisel-*", "isTool": true, "toolDurabilityCost": 2 },
			"H": { "type": "item", "code": "game:hammer-*", "isTool": true, "toolDurabilityCost": 2 },
			"W": { "type": "block", "code": "game:glowworms-base*", "name": "namber", "allowedVariants": [ "1", "2" ], "quantity": 1 }
		},
		"width": 3,
		"height": 1,
		"shapeless": false,
		"recipeGroup": 1,
		"output": { "type": "block", "code": "game:glowworms-base{namber}-short", "quantity": 1 }
	},
	{
//Крафти на перетворення червів з base-short в segment
		"ingredientPattern": "KWH",
		"enabled": true,
		"ingredients": {
			"K": { "type": "item", "code": "game:chisel-*", "isTool": true, "toolDurabilityCost": 2 },
			"H": { "type": "item", "code": "game:hammer-*", "isTool": true, "toolDurabilityCost": 2 },
			"W": { "type": "block", "code": "game:glowworms-base*-short", "name": "type", "quantity": 1 }
		},
		"width": 3,
		"height": 1,
		"shapeless": false,
		"recipeGroup": 1,
		"output": { "type": "block", "code": "game:glowworms-segment{type}", "quantity": 1 }
	},
	{
//Крафти на перетворення червів з segment в end
		"ingredientPattern": "KWH",
		"enabled": true,
		"ingredients": {
			"K": { "type": "item", "code": "game:chisel-*", "isTool": true, "toolDurabilityCost": 2 },
			"H": { "type": "item", "code": "game:hammer-*", "isTool": true, "toolDurabilityCost": 2 },
			"W": { "type": "block", "code": "game:glowworms-segment*", "name": "type", "quantity": 1 }
		},
		"width": 3,
		"height": 1,
		"shapeless": false,
		"recipeGroup": 1,
		"output": { "type": "block", "code": "game:glowworms-end{type}", "quantity": 1 }
	},
	{
//Крафти на перетворення червів з end в segment
		"ingredientPattern": "HWK",
		"enabled": true,
		"ingredients": {
			"K": { "type": "item", "code": "game:chisel-*", "isTool": true, "toolDurabilityCost": 2 },
			"H": { "type": "item", "code": "game:hammer-*", "isTool": true, "toolDurabilityCost": 2 },
			"W": { "type": "block", "code": "game:glowworms-end*", "name": "type", "quantity": 1 }
		},
		"width": 3,
		"height": 1,
		"shapeless": false,
		"recipeGroup": 1,
		"output": { "type": "block", "code": "game:glowworms-segment{type}", "quantity": 1 }
	},
	{
//Крафти на перетворення червів з base-short в segment
		"ingredientPattern": "HWK",
		"enabled": true,
		"ingredients": {
			"K": { "type": "item", "code": "game:chisel-*", "isTool": true, "toolDurabilityCost": 2 },
			"H": { "type": "item", "code": "game:hammer-*", "isTool": true, "toolDurabilityCost": 2 },
			"W": { "type": "block", "code": "game:glowworms-segment*", "name": "type", "quantity": 1 }
		},
		"width": 3,
		"height": 1,
		"shapeless": false,
		"recipeGroup": 1,
		"output": { "type": "block", "code": "game:glowworms-base{type}-short", "quantity": 1 }
	},
	{
//Крафти на перетворення червів з base в base-short
		"ingredientPattern": "HWK",
		"enabled": true,
		"ingredients": {
			"K": { "type": "item", "code": "game:chisel-*", "isTool": true, "toolDurabilityCost": 2 },
			"H": { "type": "item", "code": "game:hammer-*", "isTool": true, "toolDurabilityCost": 2 },
			"W": { "type": "block", "code": "game:glowworms-base*-short", "name": "type", "quantity": 1 }
		},
		"width": 3,
		"height": 1,
		"shapeless": false,
		"recipeGroup": 1,
		"output": { "type": "block", "code": "game:glowworms-base{type}", "quantity": 1 }
	},
]