[
	{
//Ремонт інструменту/зброї з міді
		"ingredientPattern": "RA",
		"enabled": true,
		"ingredients": {
			"A": {"type": "item", "code": "game:*-copper", "name": "tools", 
			"allowedVariants": [ 
				"axe-felling", 
				"blade-falx", 
				"chisel", 
				"cleaver", 
				"hammer", 
				"hoe", 
				"knife-generic", 
				"pickaxe", 
				"saw",
				"scythe",
				"shears",
				"shovel",
				"wrench",
			] },
			"R": {"type": "item","code": "fendragonsmp:repair-tools-copper", "returnedStack": { "type": "item", "code": "game:hunterbackpack", "quantity": 1 }, "quantity": 1 }
		},
		"width": 1,
		"height": 2,
		"recipeGroup": 2,
		"copyAttributesFrom": "A",
		"shapeless": false,
		"averageDurability": true,
		"output": {"type": "item","code": "game:{tools}-copper", "quantity": 1 }
	},
	{
//Ремонт інструменту/зброї з олов.бронза
		"ingredientPattern": "RA",
		"enabled": true,
		"ingredients": {
			"A": {"type": "item", "code": "game:*-tinbronze", "name": "tools", 
			"allowedVariants": [ 
				"axe-felling", 
				"blade-falx", 
				"chisel", 
				"cleaver", 
				"hammer", 
				"hoe", 
				"knife-generic", 
				"pickaxe", 
				"saw",
				"scythe",
				"shears",
				"shovel",
				"wrench",
			] },
			"R": {"type": "item","code": "fendragonsmp:repair-tools-tinbronze", "returnedStack": { "type": "item", "code": "game:hunterbackpack", "quantity": 1 }, "quantity": 1 }
		},
		"width": 1,
		"height": 2,
		"recipeGroup": 2,
		"copyAttributesFrom": "A",
		"shapeless": false,
		"averageDurability": true,
		"output": {"type": "item","code": "game:{tools}-tinbronze", "quantity": 1 }
	},
	{
//Ремонт інструменту/зброї з вісм.бронза
		"ingredientPattern": "RA",
		"enabled": true,
		"ingredients": {
			"A": {"type": "item", "code": "game:*-bismuthbronze", "name": "tools", 
			"allowedVariants": [ 
				"axe-felling", 
				"blade-falx", 
				"chisel", 
				"cleaver", 
				"hammer", 
				"hoe", 
				"knife-generic", 
				"pickaxe", 
				"saw",
				"scythe",
				"shears",
				"shovel",
				"wrench",
			] },
			"R": {"type": "item","code": "fendragonsmp:repair-tools-bismuthbronze", "returnedStack": { "type": "item", "code": "game:hunterbackpack", "quantity": 1 }, "quantity": 1 }
		},
		"width": 1,
		"height": 2,
		"recipeGroup": 2,
		"copyAttributesFrom": "A",
		"shapeless": false,
		"averageDurability": true,
		"output": {"type": "item","code": "game:{tools}-bismuthbronze", "quantity": 1 }
	},
	{
//Ремонт інструменту/зброї з чорн.бронза
		"ingredientPattern": "RA",
		"enabled": true,
		"ingredients": {
			"A": {"type": "item", "code": "game:*-blackbronze", "name": "tools", 
			"allowedVariants": [ 
				"axe-felling", 
				"blade-falx", 
				"chisel", 
				"cleaver", 
				"hammer", 
				"hoe", 
				"knife-generic", 
				"pickaxe", 
				"saw",
				"scythe",
				"shears",
				"shovel",
				"wrench",
			] },
			"R": {"type": "item","code": "fendragonsmp:repair-tools-blackbronze", "returnedStack": { "type": "item", "code": "game:hunterbackpack", "quantity": 1 }, "quantity": 1 }
		},
		"width": 1,
		"height": 2,
		"recipeGroup": 2,
		"copyAttributesFrom": "A",
		"shapeless": false,
		"averageDurability": true,
		"output": {"type": "item","code": "game:{tools}-blackbronze", "quantity": 1 }
	},
	{
//Ремонт інструменту/зброї з заліза
		"ingredientPattern": "RA",
		"enabled": true,
		"ingredients": {
			"A": {"type": "item", "code": "game:*-iron", "name": "tools", 
			"allowedVariants": [ 
				"axe-felling", 
				"blade-falx",
				"chisel", 
				"cleaver", 
				"hammer", 
				"hoe", 
				"knife-generic", 
				"pickaxe", 
				"saw",
				"scythe",
				"shears",
				"shovel",
				"wrench",
			] },
			"R": {"type": "item","code": "fendragonsmp:repair-tools-iron", "returnedStack": { "type": "item", "code": "game:hunterbackpack", "quantity": 1 }, "quantity": 1 }
		},
		"width": 1,
		"height": 2,
		"recipeGroup": 2,
		"copyAttributesFrom": "A",
		"shapeless": false,
		"averageDurability": true,
		"output": {"type": "item","code": "game:{tools}-iron", "quantity": 1 }
	},
	{
//Ремонт інструменту/зброї з мет.заліза
		"ingredientPattern": "RA",
		"enabled": true,
		"ingredients": {
			"A": {"type": "item", "code": "game:*-meteoriciron", "name": "tools", 
			"allowedVariants": [ 
				"axe-felling", 
				"blade-falx", 
				"chisel", 
				"cleaver", 
				"hammer", 
				"hoe", 
				"knife-generic", 
				"pickaxe", 
				"saw",
				"scythe",
				"shears",
				"shovel",
				"wrench",
			] },
			"R": {"type": "item","code": "fendragonsmp:repair-tools-meteoriciron", "returnedStack": { "type": "item", "code": "game:hunterbackpack", "quantity": 1 }, "quantity": 1 }
		},
		"width": 1,
		"height": 2,
		"recipeGroup": 2,
		"copyAttributesFrom": "A",
		"shapeless": false,
		"averageDurability": true,
		"output": {"type": "item","code": "game:{tools}-meteoriciron", "quantity": 1 }
	},
	{
//Ремонт інструменту/зброї з сталі
		"ingredientPattern": "RA",
		"enabled": true,
		"ingredients": {
			"A": {"type": "item", "code": "game:*-steel", "name": "tools", 
			"allowedVariants": [ 
				"axe", 
				"blade-falx", 
				"chisel", 
				"cleaver", 
				"hammer", 
				"hoe", 
				"knife-generic", 
				"pickaxe", 
				"saw",
				"scythe",
				"shears",
				"shovel",
				"wrench",
			] },
			"R": {"type": "item","code": "fendragonsmp:repair-tools-steel", "returnedStack": { "type": "item", "code": "game:hunterbackpack", "quantity": 1 }, "quantity": 1 }
		},
		"width": 1,
		"height": 2,
		"recipeGroup": 2,
		"copyAttributesFrom": "A",
		"shapeless": false,
		"averageDurability": true,
		"output": {"type": "item","code": "game:{tools}-steel", "quantity": 1 }
	},

	{
//*********************************************** Мод SpearExpantion ***********************************************
//Ремонт інструменту/зброї з міді мод SpearExpantion
		"ingredientPattern": "RA",
		"enabled": true,
		"ingredients": {
			"A": {"type": "item", "code": "spearexpantion:*-copper", "name": "tools", 
			"allowedVariants": [ 
				"pitchforkk",
				"scythespear",
			] },
			"R": {"type": "item","code": "fendragonsmp:repair-tools-copper", "returnedStack": { "type": "item", "code": "game:hunterbackpack", "quantity": 1 }, "quantity": 1 }
		},
		"width": 1,
		"height": 2,
		"recipeGroup": 2,
		"copyAttributesFrom": "A",
		"shapeless": false,
		"averageDurability": true,
		"output": {"type": "item","code": "spearexpantion:{tools}-copper", "quantity": 1 }
	},
	{
//Ремонт інструменту/зброї з олов.бронза мод SpearExpantion
		"ingredientPattern": "RA",
		"enabled": true,
		"ingredients": {
			"A": {"type": "item", "code": "spearexpantion:*-tinbronze", "name": "tools", 
			"allowedVariants": [ 
				"khopesh",
				"pike",
				"mace-common",
				"seax",
				"bartka",
				"pitchforkk",
				"scythespear",
			] },
			"R": {"type": "item","code": "fendragonsmp:repair-tools-tinbronze", "returnedStack": { "type": "item", "code": "game:hunterbackpack", "quantity": 1 }, "quantity": 1 }
		},
		"width": 1,
		"height": 2,
		"recipeGroup": 2,
		"copyAttributesFrom": "A",
		"shapeless": false,
		"averageDurability": true,
		"output": {"type": "item","code": "spearexpantion:{tools}-tinbronze", "quantity": 1 }
	},
	{
//Ремонт інструменту/зброї з вісм.бронза мод SpearExpantion
		"ingredientPattern": "RA",
		"enabled": true,
		"ingredients": {
			"A": {"type": "item", "code": "spearexpantion:*-bismuthbronze", "name": "tools", 
			"allowedVariants": [ 
				"khopesh",
				"pike",
				"mace-common",
				"seax",
				"bartka",
				"pitchforkk",
				"scythespear",
			] },
			"R": {"type": "item","code": "fendragonsmp:repair-tools-bismuthbronze", "returnedStack": { "type": "item", "code": "game:hunterbackpack", "quantity": 1 }, "quantity": 1 }
		},
		"width": 1,
		"height": 2,
		"recipeGroup": 2,
		"copyAttributesFrom": "A",
		"shapeless": false,
		"averageDurability": true,
		"output": {"type": "item","code": "spearexpantion:{tools}-bismuthbronze", "quantity": 1 }
	},
	{
//Ремонт інструменту/зброї з чорн.бронза мод SpearExpantion
		"ingredientPattern": "RA",
		"enabled": true,
		"ingredients": {
			"A": {"type": "item", "code": "spearexpantion:*-blackbronze", "name": "tools", 
			"allowedVariants": [ 
				"khopesh",
				"pike",
				"mace-common",
				"seax",
				"bartka",
				"pitchforkk",
				"scythespear",
				"halberd",
				"mace-flanged",
				"mace-warpick",
			] },
			"R": {"type": "item","code": "fendragonsmp:repair-tools-blackbronze", "returnedStack": { "type": "item", "code": "game:hunterbackpack", "quantity": 1 }, "quantity": 1 }
		},
		"width": 1,
		"height": 2,
		"recipeGroup": 2,
		"copyAttributesFrom": "A",
		"shapeless": false,
		"averageDurability": true,
		"output": {"type": "item","code": "spearexpantion:{tools}-blackbronze", "quantity": 1 }
	},
	{
//Ремонт інструменту/зброї з заліза мод SpearExpantion
		"ingredientPattern": "RA",
		"enabled": true,
		"ingredients": {
			"A": {"type": "item", "code": "spearexpantion:*", "name": "tools", 
			"allowedVariants": [ 
				"khopesh-iron",
				"pike-iron",
				"mace-common-iron",
				"mace-common-silver",
				"mace-common-gold",
				"seax-iron",
				"bartka-iron",
				"pitchforkk-iron",
				"scythespear-iron",
				"halberd-iron",
				"mace-flanged-iron",
				"mace-flanged-silver",
				"mace-flanged-gold",
				"mace-warpick-iron",
				"mace-warpick-silver",
				"mace-warpick-gold",
				"odachi-iron",
				"spear-iron",
				"claymore-iron",
			] },
			"R": {"type": "item","code": "fendragonsmp:repair-tools-iron", "returnedStack": { "type": "item", "code": "game:hunterbackpack", "quantity": 1 }, "quantity": 1 }
		},
		"width": 1,
		"height": 2,
		"recipeGroup": 2,
		"copyAttributesFrom": "A",
		"shapeless": false,
		"averageDurability": true,
		"output": {"type": "item","code": "spearexpantion:{tools}", "quantity": 1 }
	},
	{
//Ремонт інструменту/зброї з мет.заліза мод SpearExpantion
		"ingredientPattern": "RA",
		"enabled": true,
		"ingredients": {
			"A": {"type": "item", "code": "spearexpantion:*-meteoriciron", "name": "tools", 
			"allowedVariants": [ 
				"khopesh",
				"pike",
				"mace-common",
				"seax",
				"bartka",
				"pitchforkk",
				"scythespear",
				"halberd",
				"mace-flanged",
				"mace-warpick",
				"odachi",
				"spear",
				"claymore",
			] },
			"R": {"type": "item","code": "fendragonsmp:repair-tools-meteoriciron", "returnedStack": { "type": "item", "code": "game:hunterbackpack", "quantity": 1 }, "quantity": 1 }
		},
		"width": 1,
		"height": 2,
		"recipeGroup": 2,
		"copyAttributesFrom": "A",
		"shapeless": false,
		"averageDurability": true,
		"output": {"type": "item","code": "spearexpantion:{tools}-meteoriciron", "quantity": 1 }
	},
	{
//Ремонт інструменту/зброї з сталі мод SpearExpantion
		"ingredientPattern": "RA",
		"enabled": true,
		"ingredients": {
			"A": {"type": "item", "code": "spearexpantion:*-steel", "name": "tools", 
			"allowedVariants": [ 
				"khopesh",
				"pike",
				"mace-common",
				"seax",
				"bartka",
				"pitchforkk",
				"scythespear",
				"halberd",
				"mace-flanged",
				"mace-warpick",
				"odachi",
				"spear",
				"claymore",
			] },
			"R": {"type": "item","code": "fendragonsmp:repair-tools-steel", "returnedStack": { "type": "item", "code": "game:hunterbackpack", "quantity": 1 }, "quantity": 1 }
		},
		"width": 1,
		"height": 2,
		"recipeGroup": 2,
		"copyAttributesFrom": "A",
		"shapeless": false,
		"averageDurability": true,
		"output": {"type": "item","code": "spearexpantion:{tools}-steel", "quantity": 1 }
	},
	{
//Ремонт інструменту/зброї з темпораліту мод SpearExpantion
		"ingredientPattern": "RA",
		"enabled": true,
		"ingredients": {
			"A": {"type": "item", "code": "spearexpantion:*-temporalit", "name": "tools", 
			"allowedVariants": [ 
				"khopesh",
				"pike",
				"mace-common",
				"seax",
				"bartka",
				"pitchforkk",
				"scythespear",
				"halberd",
				"mace-flanged",
				"mace-warpick",
				"odachi",
				"spear",
				"claymore",
			] },
			"R": {"type": "item","code": "fendragonsmp:repair-tools-steel", "returnedStack": { "type": "item", "code": "game:hunterbackpack", "quantity": 2 }, "quantity": 2 }
		},
		"width": 1,
		"height": 2,
		"recipeGroup": 2,
		"copyAttributesFrom": "A",
		"shapeless": false,
		"averageDurability": true,
		"output": {"type": "item","code": "spearexpantion:{tools}-temporalit", "quantity": 1 }
	},
	{
//Ремонт луків з моду SpearExpantion",
		"ingredientPattern": "RA",
		"enabled": true,
		"ingredients": {
			"A": {"type": "item", "code": "spearexpantion:hornybow-yagermaster-*", "name": "color", "allowedVariants": [ "plain", "poor", "purple", "red", "white", "yellow", "pink", "orange", "green", "gray", "blue", "black" ], "quantity": 1 },
			"R": {"type": "item","code": "fendragonsmp:repair-tools-iron", "returnedStack": { "type": "item", "code": "game:hunterbackpack", "quantity": 1 }, "quantity": 1 }
		},
		"width": 1,
		"height": 2,
		"recipeGroup": 2,
		"copyAttributesFrom": "A",
		"shapeless": false,
		"averageDurability": true,
		"output": {"type": "item","code": "spearexpantion:hornybow-yagermaster-{color}", "quantity": 1 }
	},
	{
		"ingredientPattern": "RA",
		"enabled": true,
		"ingredients": {
			"A": {"type": "item", "code": "spearexpantion:hornybow-nomad-*", "name": "color", "allowedVariants": [ "plain", "poor", "purple", "red", "white", "yellow", "pink", "orange", "green", "gray", "blue", "black" ], "quantity": 1 },
			"R": {"type": "item","code": "fendragonsmp:repair-tools-iron", "returnedStack": { "type": "item", "code": "game:hunterbackpack", "quantity": 1 }, "quantity": 1 }
		},
		"width": 1,
		"height": 2,
		"recipeGroup": 2,
		"copyAttributesFrom": "A",
		"shapeless": false,
		"averageDurability": true,
		"output": {"type": "item","code": "spearexpantion:hornybow-nomad-{color}", "quantity": 1 }
	},
	{
		"ingredientPattern": "RA",
		"enabled": true,
		"ingredients": {
			"A": {"type": "item", "code": "spearexpantion:expandedbow-ranger", "quantity": 1 },
			"R": {"type": "item","code": "fendragonsmp:repair-tools-iron", "returnedStack": { "type": "item", "code": "game:hunterbackpack", "quantity": 1 }, "quantity": 1 }
		},
		"width": 1,
		"height": 2,
		"recipeGroup": 2,
		"copyAttributesFrom": "A",
		"shapeless": false,
		"averageDurability": true,
		"output": {"type": "item","code": "spearexpantion:expandedbow-ranger", "quantity": 1 }
	},
	{
		"ingredientPattern": "RA",
		"enabled": true,
		"ingredients": {
			"A": {"type": "item", "code": "spearexpantion:expandedbow-yager", "quantity": 1 },
			"R": {"type": "item","code": "fendragonsmp:repair-tools-iron", "returnedStack": { "type": "item", "code": "game:hunterbackpack", "quantity": 1 }, "quantity": 1 }
		},
		"width": 1,
		"height": 2,
		"recipeGroup": 2,
		"copyAttributesFrom": "A",
		"shapeless": false,
		"averageDurability": true,
		"output": {"type": "item","code": "spearexpantion:expandedbow-yager", "quantity": 1 }
	},
	{
//Ремонт інструменту/зброї з темпораліту мод SpearExpantion (дека game:)
		"ingredientPattern": "RA",
		"enabled": true,
		"ingredients": {
			"A": {"type": "item", "code": "game:*-temporalit", "name": "tools", 
			"allowedVariants": [ 
					"axe-felling", 
					"blade", 
					"hoe", 
					"pickaxe", 
					"scythe",
					"shovel",
			] },
			"R": {"type": "item","code": "fendragonsmp:repair-tools-steel", "returnedStack": { "type": "item", "code": "game:hunterbackpack", "quantity": 2 }, "quantity": 2 }
		},
		"width": 1,
		"height": 2,
		"recipeGroup": 2,
		"copyAttributesFrom": "A",
		"shapeless": false,
		"averageDurability": true,
		"output": {"type": "item","code": "game:{tools}-temporalit", "quantity": 1 }
	},
	
	{
//*********************************************** Мод Armory ***********************************************
//Ремонт інструменту/зброї з міді мод Armory
		"ingredientPattern": "RA",
		"enabled": true,
		"ingredients": {
			"A": {"type": "item", "code": "armory:*-plain-copper", "name": "tools", 
			"allowedVariants": [ 
				"club",
				"mace",
				"quarterstaff",
				"sword-short",
			] },
			"R": {"type": "item","code": "fendragonsmp:repair-tools-copper", "returnedStack": { "type": "item", "code": "game:hunterbackpack", "quantity": 1 }, "quantity": 1 }
		},
		"width": 1,
		"height": 2,
		"recipeGroup": 2,
		"copyAttributesFrom": "A",
		"shapeless": false,
		"averageDurability": true,
		"output": {"type": "item","code": "armory:{tools}-plain-copper", "quantity": 1 }
	},
	{
//Ремонт інструменту/зброї з олов.бронза мод Armory
		"ingredientPattern": "RA",
		"enabled": true,
		"ingredients": {
			"A": {"type": "item", "code": "armory:*-plain-tinbronze", "name": "tools", 
			"allowedVariants": [ 
				"axe-long",
				"club",				
				"mace",
				"pike",
				"quarterstaff",
				"sword-long",
				"sword-short",
			] },
			"R": {"type": "item","code": "fendragonsmp:repair-tools-tinbronze", "returnedStack": { "type": "item", "code": "game:hunterbackpack", "quantity": 1 }, "quantity": 1 }
		},
		"width": 1,
		"height": 2,
		"recipeGroup": 2,
		"copyAttributesFrom": "A",
		"shapeless": false,
		"averageDurability": true,
		"output": {"type": "item","code": "armory:{tools}-plain-tinbronze", "quantity": 1 }
	},
	{
//Ремонт інструменту/зброї з вісм.бронза мод Armory
		"ingredientPattern": "RA",
		"enabled": true,
		"ingredients": {
			"A": {"type": "item", "code": "armory:*-plain-bismuthbronze", "name": "tools", 
			"allowedVariants": [ 
				"axe-long",
				"club",				
				"mace",
				"pike",
				"quarterstaff",
				"sword-long",
				"sword-short",
			] },
			"R": {"type": "item","code": "fendragonsmp:repair-tools-bismuthbronze", "returnedStack": { "type": "item", "code": "game:hunterbackpack", "quantity": 1 }, "quantity": 1 }
		},
		"width": 1,
		"height": 2,
		"recipeGroup": 2,
		"copyAttributesFrom": "A",
		"shapeless": false,
		"averageDurability": true,
		"output": {"type": "item","code": "armory:{tools}-plain-bismuthbronze", "quantity": 1 }
	},
	{
//Ремонт інструменту/зброї з чорн.бронза мод Armory
		"ingredientPattern": "RA",
		"enabled": true,
		"ingredients": {
			"A": {"type": "item", "code": "armory:*-plain-blackbronze", "name": "tools", 
			"allowedVariants": [ 
				"axe-long",
				"club",				
				"mace",
				"pike",
				"quarterstaff",
				"sword-long",
				"sword-short",
			] },
			"R": {"type": "item","code": "fendragonsmp:repair-tools-blackbronze", "returnedStack": { "type": "item", "code": "game:hunterbackpack", "quantity": 1 }, "quantity": 1 }
		},
		"width": 1,
		"height": 2,
		"recipeGroup": 2,
		"copyAttributesFrom": "A",
		"shapeless": false,
		"averageDurability": true,
		"output": {"type": "item","code": "armory:{tools}-plain-blackbronze", "quantity": 1 }
	},
	{
//Ремонт інструменту/зброї з заліза мод Armory
		"ingredientPattern": "RA",
		"enabled": true,
		"ingredients": {
			"A": {"type": "item", "code": "armory:*-plain-iron", "name": "tools", 
			"allowedVariants": [ 
				"axe-long",
				"club",
				"halberd",
				"mace",
				"pike",
				"quarterstaff",
				"sword-great",
				"sword-long",
				"sword-short",
			] },
			"R": {"type": "item","code": "fendragonsmp:repair-tools-iron", "returnedStack": { "type": "item", "code": "game:hunterbackpack", "quantity": 1 }, "quantity": 1 }
		},
		"width": 1,
		"height": 2,
		"recipeGroup": 2,
		"copyAttributesFrom": "A",
		"shapeless": false,
		"averageDurability": true,
		"output": {"type": "item","code": "armory:{tools}-plain-iron", "quantity": 1 }
	},
	{
//Ремонт інструменту/зброї з мет.заліза мод Armory
		"ingredientPattern": "RA",
		"enabled": true,
		"ingredients": {
			"A": {"type": "item", "code": "armory:*-plain-meteoriciron", "name": "tools", 
			"allowedVariants": [ 
				"axe-long",
				"club",
				"halberd",
				"mace",
				"pike",
				"quarterstaff",
				"sword-great",
				"sword-long",
				"sword-short",
			] },
			"R": {"type": "item","code": "fendragonsmp:repair-tools-meteoriciron", "returnedStack": { "type": "item", "code": "game:hunterbackpack", "quantity": 1 }, "quantity": 1 }
		},
		"width": 1,
		"height": 2,
		"recipeGroup": 2,
		"copyAttributesFrom": "A",
		"shapeless": false,
		"averageDurability": true,
		"output": {"type": "item","code": "armory:{tools}-plain-meteoriciron", "quantity": 1 }
	},
	{
//Ремонт інструменту/зброї з сталі мод Armory
		"ingredientPattern": "RA",
		"enabled": true,
		"ingredients": {
			"A": {"type": "item", "code": "armory:*-plain-steel", "name": "tools", 
			"allowedVariants": [ 
				"axe-long",
				"club",
				"halberd",
				"mace",
				"pike",
				"poleaxe",
				"quarterstaff",
				"sword-great",
				"sword-long",
				"sword-short",			
			] },
			"R": {"type": "item","code": "fendragonsmp:repair-tools-steel", "returnedStack": { "type": "item", "code": "game:hunterbackpack", "quantity": 1 }, "quantity": 1 }
		},
		"width": 1,
		"height": 2,
		"recipeGroup": 2,
		"copyAttributesFrom": "A",
		"shapeless": false,
		"averageDurability": true,
		"output": {"type": "item","code": "armory:{tools}-plain-steel", "quantity": 1 }
	},

	{
//*********************************************** Мод Crossbows ***********************************************
//Ремонт інструменту/зброї з олов.бронза мод Crossbows
		"ingredientPattern": "RA",
		"enabled": true,
		"ingredients": {
			"A": {"type": "item", "code": "maltiezcrossbows:*", "name": "tools", 
			"allowedVariants": [ 
				"crossbow-stirrup-tinbronze",
			] },
			"R": {"type": "item","code": "fendragonsmp:repair-tools-tinbronze", "returnedStack": { "type": "item", "code": "game:hunterbackpack", "quantity": 1 }, "quantity": 1 }
		},
		"width": 1,
		"height": 2,
		"recipeGroup": 2,
		"copyAttributesFrom": "A",
		"shapeless": false,
		"averageDurability": true,
		"output": {"type": "item","code": "maltiezcrossbows:{tools}", "quantity": 1 }
	},
	{
//Ремонт інструменту/зброї з вісм.бронза мод Crossbows
		"ingredientPattern": "RA",
		"enabled": true,
		"ingredients": {
			"A": {"type": "item", "code": "maltiezcrossbows:*", "name": "tools", 
			"allowedVariants": [ 
				"crossbow-stirrup-bismuthbronze",
			] },
			"R": {"type": "item","code": "fendragonsmp:repair-tools-bismuthbronze", "returnedStack": { "type": "item", "code": "game:hunterbackpack", "quantity": 1 }, "quantity": 1 }
		},
		"width": 1,
		"height": 2,
		"recipeGroup": 2,
		"copyAttributesFrom": "A",
		"shapeless": false,
		"averageDurability": true,
		"output": {"type": "item","code": "maltiezcrossbows:{tools}", "quantity": 1 }
	},
	{
//Ремонт інструменту/зброї з чорн.бронза мод Crossbows
		"ingredientPattern": "RA",
		"enabled": true,
		"ingredients": {
			"A": {"type": "item", "code": "maltiezcrossbows:*", "name": "tools", 
			"allowedVariants": [ 
				"crossbow-stirrup-blackbronze",
			] },
			"R": {"type": "item","code": "fendragonsmp:repair-tools-blackbronze", "returnedStack": { "type": "item", "code": "game:hunterbackpack", "quantity": 1 }, "quantity": 1 }
		},
		"width": 1,
		"height": 2,
		"recipeGroup": 2,
		"copyAttributesFrom": "A",
		"shapeless": false,
		"averageDurability": true,
		"output": {"type": "item","code": "maltiezcrossbows:{tools}", "quantity": 1 }
	},
	{
//Ремонт інструменту/зброї з заліза мод Crossbows
		"ingredientPattern": "RA",
		"enabled": true,
		"ingredients": {
			"A": {"type": "item", "code": "maltiezcrossbows:*", "name": "tools", 
			"allowedVariants": [ 
				"crossbow-latch-iron",
			] },
			"R": {"type": "item","code": "fendragonsmp:repair-tools-iron", "returnedStack": { "type": "item", "code": "game:hunterbackpack", "quantity": 1 }, "quantity": 1 }
		},
		"width": 1,
		"height": 2,
		"recipeGroup": 2,
		"copyAttributesFrom": "A",
		"shapeless": false,
		"averageDurability": true,
		"output": {"type": "item","code": "maltiezcrossbows:{tools}", "quantity": 1 }
	},
	{
//Ремонт інструменту/зброї з мет.заліза мод Crossbows
		"ingredientPattern": "RA",
		"enabled": true,
		"ingredients": {
			"A": {"type": "item", "code": "maltiezcrossbows:*", "name": "tools", 
			"allowedVariants": [ 
				"crossbow-latch-meteoriciron",
			] },
			"R": {"type": "item","code": "fendragonsmp:repair-tools-meteoriciron", "returnedStack": { "type": "item", "code": "game:hunterbackpack", "quantity": 1 }, "quantity": 1 }
		},
		"width": 1,
		"height": 2,
		"recipeGroup": 2,
		"copyAttributesFrom": "A",
		"shapeless": false,
		"averageDurability": true,
		"output": {"type": "item","code": "maltiezcrossbows:{tools}", "quantity": 1 }
	},
	{
//Ремонт інструменту/зброї з сталі мод Crossbows
		"ingredientPattern": "RA",
		"enabled": true,
		"ingredients": {
			"A": {"type": "item", "code": "maltiezcrossbows:*", "name": "tools", 
			"allowedVariants": [ 
				"crossbow-goatsfoot-steel",	
				"crossbow-windlass-steel",				
			] },
			"R": {"type": "item","code": "fendragonsmp:repair-tools-steel", "returnedStack": { "type": "item", "code": "game:hunterbackpack", "quantity": 1 }, "quantity": 1 }
		},
		"width": 1,
		"height": 2,
		"recipeGroup": 2,
		"copyAttributesFrom": "A",
		"shapeless": false,
		"averageDurability": true,
		"output": {"type": "item","code": "maltiezcrossbows:{tools}", "quantity": 1 }
	},

	{
//*********************************************** Мод Firearms ***********************************************
//Ремонт інструменту/зброї з олов.бронза мод Firearms
		"ingredientPattern": "RA",
		"enabled": true,
		"ingredients": {
			"A": {"type": "item", "code": "maltiezfirearms:*", "name": "tools", 
			"allowedVariants": [ 
				"firearm-pistol-tinbronze",
				"firearm-superimposed-tinbronze",
			] },
			"R": {"type": "item","code": "fendragonsmp:repair-tools-tinbronze", "returnedStack": { "type": "item", "code": "game:hunterbackpack", "quantity": 1 }, "quantity": 1 }
		},
		"width": 1,
		"height": 2,
		"recipeGroup": 2,
		"copyAttributesFrom": "A",
		"shapeless": false,
		"averageDurability": true,
		"output": {"type": "item","code": "maltiezfirearms:{tools}", "quantity": 1 }
	},
	{
//Ремонт інструменту/зброї з вісм.бронза мод Firearms
		"ingredientPattern": "RA",
		"enabled": true,
		"ingredients": {
			"A": {"type": "item", "code": "maltiezfirearms:*", "name": "tools", 
			"allowedVariants": [ 
				"firearm-pistol-bismuthbronze",
				"firearm-superimposed-bismuthbronze",
			] },
			"R": {"type": "item","code": "fendragonsmp:repair-tools-bismuthbronze", "returnedStack": { "type": "item", "code": "game:hunterbackpack", "quantity": 1 }, "quantity": 1 }
		},
		"width": 1,
		"height": 2,
		"recipeGroup": 2,
		"copyAttributesFrom": "A",
		"shapeless": false,
		"averageDurability": true,
		"output": {"type": "item","code": "maltiezfirearms:{tools}", "quantity": 1 }
	},
	{
//Ремонт інструменту/зброї з чорн.бронза мод Firearms
		"ingredientPattern": "RA",
		"enabled": true,
		"ingredients": {
			"A": {"type": "item", "code": "maltiezfirearms:*", "name": "tools", 
			"allowedVariants": [ 
				"firearm-pistol-blackbronze",
				"firearm-superimposed-blackbronze",
			] },
			"R": {"type": "item","code": "fendragonsmp:repair-tools-blackbronze", "returnedStack": { "type": "item", "code": "game:hunterbackpack", "quantity": 1 }, "quantity": 1 }
		},
		"width": 1,
		"height": 2,
		"recipeGroup": 2,
		"copyAttributesFrom": "A",
		"shapeless": false,
		"averageDurability": true,
		"output": {"type": "item","code": "maltiezfirearms:{tools}", "quantity": 1 }
	},
	{
//Ремонт інструменту/зброї з заліза мод Firearms
		"ingredientPattern": "RA",
		"enabled": true,
		"ingredients": {
			"A": {"type": "item", "code": "maltiezfirearms:*", "name": "tools", 
			"allowedVariants": [ 
				"firearm-arquebus-iron",
				"firearm-blunderbuss-iron",
			] },
			"R": {"type": "item","code": "fendragonsmp:repair-tools-iron", "returnedStack": { "type": "item", "code": "game:hunterbackpack", "quantity": 1 }, "quantity": 1 }
		},
		"width": 1,
		"height": 2,
		"recipeGroup": 2,
		"copyAttributesFrom": "A",
		"shapeless": false,
		"averageDurability": true,
		"output": {"type": "item","code": "maltiezfirearms:{tools}", "quantity": 1 }
	},
	{
//Ремонт інструменту/зброї з мет.заліза мод Firearms
		"ingredientPattern": "RA",
		"enabled": true,
		"ingredients": {
			"A": {"type": "item", "code": "maltiezfirearms:*", "name": "tools", 
			"allowedVariants": [ 
				"firearm-arquebus-meteoriciron",
				"firearm-blunderbuss-meteoriciron",
			] },
			"R": {"type": "item","code": "fendragonsmp:repair-tools-meteoriciron", "returnedStack": { "type": "item", "code": "game:hunterbackpack", "quantity": 1 }, "quantity": 1 }
		},
		"width": 1,
		"height": 2,
		"recipeGroup": 2,
		"copyAttributesFrom": "A",
		"shapeless": false,
		"averageDurability": true,
		"output": {"type": "item","code": "maltiezfirearms:{tools}", "quantity": 1 }
	},
	{
//Ремонт інструменту/зброї з сталі мод Firearms
		"ingredientPattern": "RA",
		"enabled": true,
		"ingredients": {
			"A": {"type": "item", "code": "maltiezfirearms:*", "name": "tools", 
			"allowedVariants": [ 
				"firearm-carbine-steel",
				"firearm-musket-steel",				
			] },
			"R": {"type": "item","code": "fendragonsmp:repair-tools-steel", "returnedStack": { "type": "item", "code": "game:hunterbackpack", "quantity": 1 }, "quantity": 1 }
		},
		"width": 1,
		"height": 2,
		"recipeGroup": 2,
		"copyAttributesFrom": "A",
		"shapeless": false,
		"averageDurability": true,
		"output": {"type": "item","code": "maltiezfirearms:{tools}", "quantity": 1 }
	},
	{
//*********************************************** Мод Still Useful Stuff ***********************************************
//Ремонт інструменту/зброї з заліза мод usefulstuff
		"ingredientPattern": "RA",
		"enabled": true,
		"ingredients": {
			"A": {"type": "item", "code": "usefulstuff:*-iron", "name": "tools", 
			"allowedVariants": [ 
				"climbingpick",
			] },
			"R": {"type": "item","code": "fendragonsmp:repair-tools-iron", "returnedStack": { "type": "item", "code": "game:hunterbackpack", "quantity": 1 }, "quantity": 1 }
		},
		"width": 1,
		"height": 2,
		"recipeGroup": 2,
		"copyAttributesFrom": "A",
		"shapeless": false,
		"averageDurability": true,
		"output": {"type": "item","code": "usefulstuff:{tools}-iron", "quantity": 1 }
	},
	{
//Ремонт інструменту/зброї з мет.заліза мод usefulstuff
		"ingredientPattern": "RA",
		"enabled": true,
		"ingredients": {
			"A": {"type": "item", "code": "usefulstuff:*-meteoriciron", "name": "tools", 
			"allowedVariants": [ 
				"climbingpick",
			] },
			"R": {"type": "item","code": "fendragonsmp:repair-tools-meteoriciron", "returnedStack": { "type": "item", "code": "game:hunterbackpack", "quantity": 1 }, "quantity": 1 }
		},
		"width": 1,
		"height": 2,
		"recipeGroup": 2,
		"copyAttributesFrom": "A",
		"shapeless": false,
		"averageDurability": true,
		"output": {"type": "item","code": "usefulstuff:{tools}-meteoriciron", "quantity": 1 }
	},
	{
//Ремонт інструменту/зброї з сталі мод usefulstuff
		"ingredientPattern": "RA",
		"enabled": true,
		"ingredients": {
			"A": {"type": "item", "code": "usefulstuff:*-steel", "name": "tools", 
			"allowedVariants": [ 
				"climbingpick",				
			] },
			"R": {"type": "item","code": "fendragonsmp:repair-tools-steel", "returnedStack": { "type": "item", "code": "game:hunterbackpack", "quantity": 1 }, "quantity": 1 }
		},
		"width": 1,
		"height": 2,
		"recipeGroup": 2,
		"copyAttributesFrom": "A",
		"shapeless": false,
		"averageDurability": true,
		"output": {"type": "item","code": "usefulstuff:{tools}-steel", "quantity": 1 }
	},
	{
//*********************************************** Мод Stone Quarry ***********************************************
//Ремонт інструменту/зброї з міді мод stonequarry
		"ingredientPattern": "RA",
		"enabled": true,
		"ingredients": {
			"A": {"type": "item", "code": "stonequarry:*-copper", "name": "tools", 
			"allowedVariants": [ 
				"chisel-finishing", 
				"chisel-roughcut",
				"chisel-wedge",
				"rubblehammer"
			] },
			"R": {"type": "item","code": "fendragonsmp:repair-tools-copper", "returnedStack": { "type": "item", "code": "game:hunterbackpack", "quantity": 1 }, "quantity": 1 }
		},
		"width": 1,
		"height": 2,
		"recipeGroup": 2,
		"copyAttributesFrom": "A",
		"shapeless": false,
		"averageDurability": true,
		"output": {"type": "item","code": "stonequarry:{tools}-copper", "quantity": 1 }
	},
	{
//Ремонт інструменту/зброї з олов.бронза мод stonequarry
		"ingredientPattern": "RA",
		"enabled": true,
		"ingredients": {
			"A": {"type": "item", "code": "stonequarry:*-tinbronze", "name": "tools", 
			"allowedVariants": [ 
				"chisel-finishing", 
				"chisel-roughcut",
				"chisel-wedge",
				"rubblehammer"
			] },
			"R": {"type": "item","code": "fendragonsmp:repair-tools-tinbronze", "returnedStack": { "type": "item", "code": "game:hunterbackpack", "quantity": 1 }, "quantity": 1 }
		},
		"width": 1,
		"height": 2,
		"recipeGroup": 2,
		"copyAttributesFrom": "A",
		"shapeless": false,
		"averageDurability": true,
		"output": {"type": "item","code": "stonequarry:{tools}-tinbronze", "quantity": 1 }
	},
	{
//Ремонт інструменту/зброї з вісм.бронза мод stonequarry
		"ingredientPattern": "RA",
		"enabled": true,
		"ingredients": {
			"A": {"type": "item", "code": "stonequarry:*-bismuthbronze", "name": "tools", 
			"allowedVariants": [ 
				"chisel-finishing", 
				"chisel-roughcut",
				"chisel-wedge",
				"rubblehammer"
			] },
			"R": {"type": "item","code": "fendragonsmp:repair-tools-bismuthbronze", "returnedStack": { "type": "item", "code": "game:hunterbackpack", "quantity": 1 }, "quantity": 1 }
		},
		"width": 1,
		"height": 2,
		"recipeGroup": 2,
		"copyAttributesFrom": "A",
		"shapeless": false,
		"averageDurability": true,
		"output": {"type": "item","code": "stonequarry:{tools}-bismuthbronze", "quantity": 1 }
	},
	{
//Ремонт інструменту/зброї з чорн.бронза мод stonequarry
		"ingredientPattern": "RA",
		"enabled": true,
		"ingredients": {
			"A": {"type": "item", "code": "stonequarry:*-blackbronze", "name": "tools", 
			"allowedVariants": [ 
				"chisel-finishing", 
				"chisel-roughcut",
				"chisel-wedge",
				"rubblehammer"
			] },
			"R": {"type": "item","code": "fendragonsmp:repair-tools-blackbronze", "returnedStack": { "type": "item", "code": "game:hunterbackpack", "quantity": 1 }, "quantity": 1 }
		},
		"width": 1,
		"height": 2,
		"recipeGroup": 2,
		"copyAttributesFrom": "A",
		"shapeless": false,
		"averageDurability": true,
		"output": {"type": "item","code": "stonequarry:{tools}-blackbronze", "quantity": 1 }
	},
	{
//Ремонт інструменту/зброї з заліза мод stonequarry
		"ingredientPattern": "RA",
		"enabled": true,
		"ingredients": {
			"A": {"type": "item", "code": "stonequarry:*", "name": "tools", 
			"allowedVariants": [ 
				"chisel-finishing-iron",
				"chisel-finishing-gold",
				"chisel-finishing-silver",
				"chisel-roughcut-iron",
				"chisel-roughcut-gold",
				"chisel-roughcut-silver",
				"chisel-wedge-iron",
				"chisel-wedge-gold",
				"chisel-wedge-silver",
				"rubblehammer-iron",
				"rubblehammer-gold",
				"rubblehammer-silver",
			] },
			"R": {"type": "item","code": "fendragonsmp:repair-tools-iron", "returnedStack": { "type": "item", "code": "game:hunterbackpack", "quantity": 1 }, "quantity": 1 }
		},
		"width": 1,
		"height": 2,
		"recipeGroup": 2,
		"copyAttributesFrom": "A",
		"shapeless": false,
		"averageDurability": true,
		"output": {"type": "item","code": "stonequarry:{tools}", "quantity": 1 }
	},
	{
//Ремонт інструменту/зброї з мет.заліза мод stonequarry
		"ingredientPattern": "RA",
		"enabled": true,
		"ingredients": {
			"A": {"type": "item", "code": "stonequarry:*-meteoriciron", "name": "tools", 
			"allowedVariants": [ 
				"chisel-finishing", 
				"chisel-roughcut",
				"chisel-wedge",
				"rubblehammer"
			] },
			"R": {"type": "item","code": "fendragonsmp:repair-tools-meteoriciron", "returnedStack": { "type": "item", "code": "game:hunterbackpack", "quantity": 1 }, "quantity": 1 }
		},
		"width": 1,
		"height": 2,
		"recipeGroup": 2,
		"copyAttributesFrom": "A",
		"shapeless": false,
		"averageDurability": true,
		"output": {"type": "item","code": "stonequarry:{tools}-meteoriciron", "quantity": 1 }
	},
	{
//Ремонт інструменту/зброї з сталі мод stonequarry
		"ingredientPattern": "RA",
		"enabled": true,
		"ingredients": {
			"A": {"type": "item", "code": "stonequarry:*-steel", "name": "tools", 
			"allowedVariants": [ 
				"chisel-finishing", 
				"chisel-roughcut",
				"chisel-wedge",
				"rubblehammer"
			] },
			"R": {"type": "item","code": "fendragonsmp:repair-tools-steel", "returnedStack": { "type": "item", "code": "game:hunterbackpack", "quantity": 1 }, "quantity": 1 }
		},
		"width": 1,
		"height": 2,
		"recipeGroup": 2,
		"copyAttributesFrom": "A",
		"shapeless": false,
		"averageDurability": true,
		"output": {"type": "item","code": "stonequarry:{tools}-steel", "quantity": 1 }
	},
]
