[
	{
//Крафт стягів та прапорів - Hansa
		ingredientPattern:"SRN,SWP,SW_",
		ingredients: {
			"N": { type: "item", code: "game:shears-*", isTool: true, toolDurabilityCost: 25  },

			"R": { type: "item", code: "game:cloth-red", quantity: 1},
			"W": { type: "item", code: "game:cloth-white", quantity: 1},

			"S": { type: "item", code: "game:stick", quantity: 1 }, 
			"P": { type: "item", code: "game:rope", quantity: 2 } 
			},
		width: 3,
		height: 3,
		enabled: true,
		recipeGroup: 1,
		output: {type: "block", code: "game:banner-banner", attributes: {type: "hansa-ground-fish"} }
	},
	{
		ingredientPattern:"SRN,SGP,SW_",
		ingredients: {
			"N": { type: "item", code: "game:shears-*", isTool: true, toolDurabilityCost: 25  },

			"R": { type: "item", code: "game:cloth-red", quantity: 1},
			"G": { type: "item", code: "game:cloth-gray", quantity: 1},
			"W": { type: "item", code: "game:cloth-white", quantity: 1},

			"S": { type: "item", code: "game:stick", quantity: 1 }, 
			"P": { type: "item", code: "game:rope", quantity: 2 } 
			},
		width: 3,
		height: 3,
		enabled: true,
		recipeGroup: 1,
		output: {type: "block", code: "game:banner-banner", attributes: {type: "hansa-ground-keys"} }
	},
	{
		ingredientPattern:"SGN,SGP,SW_",
		ingredients: {
			"N": { type: "item", code: "game:shears-*", isTool: true, toolDurabilityCost: 25  },

			"G": { type: "item", code: "game:cloth-green", quantity: 1},
			"W": { type: "item", code: "game:cloth-white", quantity: 1},

			"S": { type: "item", code: "game:stick", quantity: 1 }, 
			"P": { type: "item", code: "game:rope", quantity: 2 } 
			},
		width: 3,
		height: 3,
		enabled: true,
		recipeGroup: 1,
		output: {type: "block", code: "game:banner-banner", attributes: {type: "hansa-ground-largefish"} }
	},
	{
		ingredientPattern:"SRN,SBP,SW_",
		ingredients: {
			"N": { type: "item", code: "game:shears-*", isTool: true, toolDurabilityCost: 25  },

			"R": { type: "item", code: "game:cloth-red", quantity: 1},
			"B": { type: "item", code: "game:cloth-blue", quantity: 1},
			"W": { type: "item", code: "game:cloth-white", quantity: 1},

			"S": { type: "item", code: "game:stick", quantity: 1 }, 
			"P": { type: "item", code: "game:rope", quantity: 2 } 
			},
		width: 3,
		height: 3,
		enabled: true,
		recipeGroup: 1,
		output: {type: "block", code: "game:banner-banner", attributes: {type: "hansa-ground-ship"} }
	},
	{
		ingredientPattern:"SRN,SWP,SR_",
		ingredients: {
			"N": { type: "item", code: "game:shears-*", isTool: true, toolDurabilityCost: 25  },

			"R": { type: "item", code: "game:cloth-red", quantity: 1},
			"W": { type: "item", code: "game:cloth-white", quantity: 1},

			"S": { type: "item", code: "game:stick", quantity: 1 }, 
			"P": { type: "item", code: "game:rope", quantity: 2 } 
			},
		width: 3,
		height: 3,
		enabled: true,
		recipeGroup: 1,
		output: {type: "block", code: "game:banner-banner", attributes: {type: "hansa-ground-town"} }
	},
	{
		ingredientPattern:"SSS,WRW,P_N",
		ingredients: {
			"N": { type: "item", code: "game:shears-*", isTool: true, toolDurabilityCost: 25  },

			"R": { type: "item", code: "game:cloth-red", quantity: 1},
			"W": { type: "item", code: "game:cloth-white", quantity: 1},

			"S": { type: "item", code: "game:stick", quantity: 1 }, 
			"P": { type: "item", code: "game:rope", quantity: 2 } 
			},
		width: 3,
		height: 3,
		enabled: true,
		recipeGroup: 1,
		output: {type: "block", code: "game:banner-banner", attributes: {type: "hansa-wall-fish"} }
	},
	{
		ingredientPattern:"SSS,WRG,P_N",
		ingredients: {
			"N": { type: "item", code: "game:shears-*", isTool: true, toolDurabilityCost: 25  },

			"R": { type: "item", code: "game:cloth-red", quantity: 1},
			"G": { type: "item", code: "game:cloth-gray", quantity: 1},
			"W": { type: "item", code: "game:cloth-white", quantity: 1},

			"S": { type: "item", code: "game:stick", quantity: 1 }, 
			"P": { type: "item", code: "game:rope", quantity: 2 } 
			},
		width: 3,
		height: 3,
		enabled: true,
		recipeGroup: 1,
		output: {type: "block", code: "game:banner-banner", attributes: {type: "hansa-wall-keys"} }
	},
	{
		ingredientPattern:"SSS,GWG,P_N",
		ingredients: {
			"N": { type: "item", code: "game:shears-*", isTool: true, toolDurabilityCost: 25  },

			"G": { type: "item", code: "game:cloth-green", quantity: 1},
			"W": { type: "item", code: "game:cloth-white", quantity: 1},

			"S": { type: "item", code: "game:stick", quantity: 1 }, 
			"P": { type: "item", code: "game:rope", quantity: 2 } 
			},
		width: 3,
		height: 3,
		enabled: true,
		recipeGroup: 1,
		output: {type: "block", code: "game:banner-banner", attributes: {type: "hansa-wall-largefish"} }
	},
	{
		ingredientPattern:"SSS,WRB,P_N",
		ingredients: {
			"N": { type: "item", code: "game:shears-*", isTool: true, toolDurabilityCost: 25  },

			"R": { type: "item", code: "game:cloth-red", quantity: 1},
			"B": { type: "item", code: "game:cloth-blue", quantity: 1},
			"W": { type: "item", code: "game:cloth-white", quantity: 1},

			"S": { type: "item", code: "game:stick", quantity: 1 }, 
			"P": { type: "item", code: "game:rope", quantity: 2 } 
			},
		width: 3,
		height: 3,
		enabled: true,
		recipeGroup: 1,
		output: {type: "block", code: "game:banner-banner", attributes: {type: "hansa-wall-ship"} }
	},
	{
		ingredientPattern:"SSS,RWR,P_N",
		ingredients: {
			"N": { type: "item", code: "game:shears-*", isTool: true, toolDurabilityCost: 25  },

			"R": { type: "item", code: "game:cloth-red", quantity: 1},
			"W": { type: "item", code: "game:cloth-white", quantity: 1},

			"S": { type: "item", code: "game:stick", quantity: 1 }, 
			"P": { type: "item", code: "game:rope", quantity: 2 } 
			},
		width: 3,
		height: 3,
		enabled: true,
		recipeGroup: 1,
		output: {type: "block", code: "game:banner-banner", attributes: {type: "hansa-wall-town"} }
	},
	{
//Крафт стягів та прапорів - Sunlarge
		ingredientPattern:"SBS,NYP,_B_",
		ingredients: {
			"N": { type: "item", code: "game:shears-*", isTool: true, toolDurabilityCost: 25  },

			"B": { type: "item", code: "game:cloth-blue", quantity: 1},
			"Y": { type: "item", code: "game:cloth-yellow", quantity: 1},

			"S": { type: "item", code: "game:stick", quantity: 1 }, 
			"P": { type: "item", code: "game:rope", quantity: 2 } 
			},
		width: 3,
		height: 3,
		enabled: true,
		recipeGroup: 1,
		output: {type: "block", code: "game:clutter", attributes: {type: "banner-sunlarge-blue-top"} }
	},
	{
		ingredientPattern:"_B_,NYP,_B_",
		ingredients: {
			"N": { type: "item", code: "game:shears-*", isTool: true, toolDurabilityCost: 25  },

			"B": { type: "item", code: "game:cloth-blue", quantity: 1},
			"Y": { type: "item", code: "game:cloth-yellow", quantity: 1},

			"S": { type: "item", code: "game:stick", quantity: 1 }, 
			"P": { type: "item", code: "game:rope", quantity: 2 } 
			},
		width: 3,
		height: 3,
		enabled: true,
		recipeGroup: 1,
		output: {type: "block", code: "game:clutter", attributes: {type: "banner-sunlarge-blue-segment"} }
	},
	{
		ingredientPattern:"_B_,NYP,SBS",
		ingredients: {
			"N": { type: "item", code: "game:shears-*", isTool: true, toolDurabilityCost: 25  },

			"B": { type: "item", code: "game:cloth-blue", quantity: 1},
			"Y": { type: "item", code: "game:cloth-yellow", quantity: 1},

			"S": { type: "item", code: "game:stick", quantity: 1 }, 
			"P": { type: "item", code: "game:rope", quantity: 2 } 
			},
		width: 3,
		height: 3,
		enabled: true,
		recipeGroup: 1,
		output: {type: "block", code: "game:clutter", attributes: {type: "banner-sunlarge-blue-bottom"} }
	},
	{
		ingredientPattern:"SGS,NYP,_G_",
		ingredients: {
			"N": { type: "item", code: "game:shears-*", isTool: true, toolDurabilityCost: 25  },

			"G": { type: "item", code: "game:cloth-green", quantity: 1},
			"Y": { type: "item", code: "game:cloth-yellow", quantity: 1},

			"S": { type: "item", code: "game:stick", quantity: 1 }, 
			"P": { type: "item", code: "game:rope", quantity: 2 } 
			},
		width: 3,
		height: 3,
		enabled: true,
		recipeGroup: 1,
		output: {type: "block", code: "game:clutter", attributes: {type: "banner-sunlarge-green-top"} }
	},
	{
		ingredientPattern:"_G_,NYP,_G_",
		ingredients: {
			"N": { type: "item", code: "game:shears-*", isTool: true, toolDurabilityCost: 25  },

			"G": { type: "item", code: "game:cloth-green", quantity: 1},
			"Y": { type: "item", code: "game:cloth-yellow", quantity: 1},

			"S": { type: "item", code: "game:stick", quantity: 1 }, 
			"P": { type: "item", code: "game:rope", quantity: 2 } 
			},
		width: 3,
		height: 3,
		enabled: true,
		recipeGroup: 1,
		output: {type: "block", code: "game:clutter", attributes: {type: "banner-sunlarge-green-segment"} }
	},
	{
		ingredientPattern:"_G_,NYP,SGS",
		ingredients: {
			"N": { type: "item", code: "game:shears-*", isTool: true, toolDurabilityCost: 25  },

			"G": { type: "item", code: "game:cloth-green", quantity: 1},
			"Y": { type: "item", code: "game:cloth-yellow", quantity: 1},

			"S": { type: "item", code: "game:stick", quantity: 1 }, 
			"P": { type: "item", code: "game:rope", quantity: 2 } 
			},
		width: 3,
		height: 3,
		enabled: true,
		recipeGroup: 1,
		output: {type: "block", code: "game:clutter", attributes: {type: "banner-sunlarge-green-bottom"} }
	},
	{
		ingredientPattern:"SOS,NYP,_O_",
		ingredients: {
			"N": { type: "item", code: "game:shears-*", isTool: true, toolDurabilityCost: 25  },

			"O": { type: "item", code: "game:cloth-orange", quantity: 1},
			"Y": { type: "item", code: "game:cloth-yellow", quantity: 1},

			"S": { type: "item", code: "game:stick", quantity: 1 }, 
			"P": { type: "item", code: "game:rope", quantity: 2 } 
			},
		width: 3,
		height: 3,
		enabled: true,
		recipeGroup: 1,
		output: {type: "block", code: "game:clutter", attributes: {type: "banner-sunlarge-orange-top"} }
	},
	{
		ingredientPattern:"_O_,NYP,_O_",
		ingredients: {
			"N": { type: "item", code: "game:shears-*", isTool: true, toolDurabilityCost: 25  },

			"O": { type: "item", code: "game:cloth-orange", quantity: 1},
			"Y": { type: "item", code: "game:cloth-yellow", quantity: 1},

			"S": { type: "item", code: "game:stick", quantity: 1 }, 
			"P": { type: "item", code: "game:rope", quantity: 2 } 
			},
		width: 3,
		height: 3,
		enabled: true,
		recipeGroup: 1,
		output: {type: "block", code: "game:clutter", attributes: {type: "banner-sunlarge-orange-segment"} }
	},
	{
		ingredientPattern:"_O_,NYP,SOS",
		ingredients: {
			"N": { type: "item", code: "game:shears-*", isTool: true, toolDurabilityCost: 25  },

			"O": { type: "item", code: "game:cloth-orange", quantity: 1},
			"Y": { type: "item", code: "game:cloth-yellow", quantity: 1},

			"S": { type: "item", code: "game:stick", quantity: 1 }, 
			"P": { type: "item", code: "game:rope", quantity: 2 } 
			},
		width: 3,
		height: 3,
		enabled: true,
		recipeGroup: 1,
		output: {type: "block", code: "game:clutter", attributes: {type: "banner-sunlarge-orange-bottom"} }
	},
	{
		ingredientPattern:"SGS,NYP,_G_",
		ingredients: {
			"N": { type: "item", code: "game:shears-*", isTool: true, toolDurabilityCost: 25  },

			"G": { type: "item", code: "game:cloth-purple", quantity: 1},
			"Y": { type: "item", code: "game:cloth-yellow", quantity: 1},

			"S": { type: "item", code: "game:stick", quantity: 1 }, 
			"P": { type: "item", code: "game:rope", quantity: 2 } 
			},
		width: 3,
		height: 3,
		enabled: true,
		recipeGroup: 1,
		output: {type: "block", code: "game:clutter", attributes: {type: "banner-sunlarge-purple-top"} }
	},
	{
		ingredientPattern:"_G_,NYP,_G_",
		ingredients: {
			"N": { type: "item", code: "game:shears-*", isTool: true, toolDurabilityCost: 25  },

			"G": { type: "item", code: "game:cloth-purple", quantity: 1},
			"Y": { type: "item", code: "game:cloth-yellow", quantity: 1},

			"S": { type: "item", code: "game:stick", quantity: 1 }, 
			"P": { type: "item", code: "game:rope", quantity: 2 } 
		},
		width: 3,
		height: 3,
		enabled: true,
		recipeGroup: 1,
		output: {type: "block", code: "game:clutter", attributes: {type: "banner-sunlarge-purple-segment"} }
	},
	{
		ingredientPattern:"_G_,NYP,SGS",
		ingredients: {
			"N": { type: "item", code: "game:shears-*", isTool: true, toolDurabilityCost: 25  },

			"G": { type: "item", code: "game:cloth-purple", quantity: 1},
			"Y": { type: "item", code: "game:cloth-yellow", quantity: 1},

			"S": { type: "item", code: "game:stick", quantity: 1 }, 
			"P": { type: "item", code: "game:rope", quantity: 2 } 
		},
		width: 3,
		height: 3,
		enabled: true,
		recipeGroup: 1,
		output: {type: "block", code: "game:clutter", attributes: {type: "banner-sunlarge-purple-bottom"} }
	},
	{
		ingredientPattern:"SOS,NYP,_O_",
		ingredients: {
			"N": { type: "item", code: "game:shears-*", isTool: true, toolDurabilityCost: 25  },

			"O": { type: "item", code: "game:cloth-red", quantity: 1},
			"Y": { type: "item", code: "game:cloth-yellow", quantity: 1},

			"S": { type: "item", code: "game:stick", quantity: 1 }, 
			"P": { type: "item", code: "game:rope", quantity: 2 } 
		},
		width: 3,
		height: 3,
		enabled: true,
		recipeGroup: 1,
		output: {type: "block", code: "game:clutter", attributes: {type: "banner-sunlarge-red-top"} }
	},
	{
		ingredientPattern:"_O_,NYP,_O_",
		ingredients: {
			"N": { type: "item", code: "game:shears-*", isTool: true, toolDurabilityCost: 25  },

			"O": { type: "item", code: "game:cloth-red", quantity: 1},
			"Y": { type: "item", code: "game:cloth-yellow", quantity: 1},

			"S": { type: "item", code: "game:stick", quantity: 1 }, 
			"P": { type: "item", code: "game:rope", quantity: 2 } 
		},
		width: 3,
		height: 3,
		enabled: true,
		recipeGroup: 1,
		output: {type: "block", code: "game:clutter", attributes: {type: "banner-sunlarge-red-segment"} }
	},
	{
		ingredientPattern:"_O_,NYP,SOS",
		ingredients: {
			"N": { type: "item", code: "game:shears-*", isTool: true, toolDurabilityCost: 25  },

			"O": { type: "item", code: "game:cloth-red", quantity: 1},
			"Y": { type: "item", code: "game:cloth-yellow", quantity: 1},

			"S": { type: "item", code: "game:stick", quantity: 1 }, 
			"P": { type: "item", code: "game:rope", quantity: 2 } 
		},
		width: 3,
		height: 3,
		enabled: true,
		recipeGroup: 1,
		output: {type: "block", code: "game:clutter", attributes: {type: "banner-sunlarge-red-bottom"} }
	},
	{
		ingredientPattern:"SYS,NWP,_Y_",
		ingredients: {
			"N": { type: "item", code: "game:shears-*", isTool: true, toolDurabilityCost: 25  },

			"W": { type: "item", code: "game:cloth-white", quantity: 1},
			"Y": { type: "item", code: "game:cloth-yellow", quantity: 1},

			"S": { type: "item", code: "game:stick", quantity: 1 }, 
			"P": { type: "item", code: "game:rope", quantity: 2 } 
		},
		width: 3,
		height: 3,
		enabled: true,
		recipeGroup: 1,
		output: {type: "block", code: "game:clutter", attributes: {type: "banner-sunlarge-yellow-top"} }
	},
	{
		ingredientPattern:"_Y_,NWP,_Y_",
		ingredients: {
			"N": { type: "item", code: "game:shears-*", isTool: true, toolDurabilityCost: 25  },

			"W": { type: "item", code: "game:cloth-white", quantity: 1},
			"Y": { type: "item", code: "game:cloth-yellow", quantity: 1},

			"S": { type: "item", code: "game:stick", quantity: 1 }, 
			"P": { type: "item", code: "game:rope", quantity: 2 } 
		},
		width: 3,
		height: 3,
		enabled: true,
		recipeGroup: 1,
		output: {type: "block", code: "game:clutter", attributes: {type: "banner-sunlarge-yellow-segment"} }
	},
	{
		ingredientPattern:"_Y_,NWP,SYS",
		ingredients: {
			"N": { type: "item", code: "game:shears-*", isTool: true, toolDurabilityCost: 25  },

			"W": { type: "item", code: "game:cloth-white", quantity: 1},
			"Y": { type: "item", code: "game:cloth-yellow", quantity: 1},

			"S": { type: "item", code: "game:stick", quantity: 1 }, 
			"P": { type: "item", code: "game:rope", quantity: 2 } 
		},
		width: 3,
		height: 3,
		enabled: true,
		recipeGroup: 1,
		output: {type: "block", code: "game:clutter", attributes: {type: "banner-sunlarge-yellow-bottom"} }
	},
	{
//Крафт стягів та прапорів - Sunsmall
		ingredientPattern:"SBS,NY_,_BP",
		ingredients: {
			"N": { type: "item", code: "game:shears-*", isTool: true, toolDurabilityCost: 25  },

			"B": { type: "item", code: "game:cloth-blue", quantity: 1},
			"Y": { type: "item", code: "game:cloth-yellow", quantity: 1},

			"S": { type: "item", code: "game:stick", quantity: 1 }, 
			"P": { type: "item", code: "game:rope", quantity: 2 } 
		},
		width: 3,
		height: 3,
		enabled: true,
		recipeGroup: 1,
		output: {type: "block", code: "game:clutter", attributes: {type: "banner-sunsmall-blue-top"} }
	},
	{
		ingredientPattern:"_B_,NY_,_BP",
		ingredients: {
			"N": { type: "item", code: "game:shears-*", isTool: true, toolDurabilityCost: 25  },

			"B": { type: "item", code: "game:cloth-blue", quantity: 1},
			"Y": { type: "item", code: "game:cloth-yellow", quantity: 1},

			"S": { type: "item", code: "game:stick", quantity: 1 }, 
			"P": { type: "item", code: "game:rope", quantity: 2 } 
		},
		width: 3,
		height: 3,
		enabled: true,
		recipeGroup: 1,
		output: {type: "block", code: "game:clutter", attributes: {type: "banner-sunsmall-blue-segment"} }
	},
	{
		ingredientPattern:"_BP,NY_,SBS",
		ingredients: {
			"N": { type: "item", code: "game:shears-*", isTool: true, toolDurabilityCost: 25  },

			"B": { type: "item", code: "game:cloth-blue", quantity: 1},
			"Y": { type: "item", code: "game:cloth-yellow", quantity: 1},

			"S": { type: "item", code: "game:stick", quantity: 1 }, 
			"P": { type: "item", code: "game:rope", quantity: 2 } 
		},
		width: 3,
		height: 3,
		enabled: true,
		recipeGroup: 1,
		output: {type: "block", code: "game:clutter", attributes: {type: "banner-sunsmall-blue-bottom"} }
	},
	{
		ingredientPattern:"SGS,NY_,_GP",
		ingredients: {
			"N": { type: "item", code: "game:shears-*", isTool: true, toolDurabilityCost: 25  },

			"G": { type: "item", code: "game:cloth-green", quantity: 1},
			"Y": { type: "item", code: "game:cloth-yellow", quantity: 1},

			"S": { type: "item", code: "game:stick", quantity: 1 }, 
			"P": { type: "item", code: "game:rope", quantity: 2 } 
		},
		width: 3,
		height: 3,
		enabled: true,
		recipeGroup: 1,
		output: {type: "block", code: "game:clutter", attributes: {type: "banner-sunsmall-green-top"} }
	},
	{
		ingredientPattern:"_GP,NY_,_G_",
		ingredients: {
			"N": { type: "item", code: "game:shears-*", isTool: true, toolDurabilityCost: 25  },

			"G": { type: "item", code: "game:cloth-green", quantity: 1},
			"Y": { type: "item", code: "game:cloth-yellow", quantity: 1},

			"S": { type: "item", code: "game:stick", quantity: 1 }, 
			"P": { type: "item", code: "game:rope", quantity: 2 } 
		},
		width: 3,
		height: 3,
		enabled: true,
		recipeGroup: 1,
		output: {type: "block", code: "game:clutter", attributes: {type: "banner-sunsmall-green-segment"} }
	},
	{
		ingredientPattern:"_GP,NY_,SGS",
		ingredients: {
			"N": { type: "item", code: "game:shears-*", isTool: true, toolDurabilityCost: 25  },

			"G": { type: "item", code: "game:cloth-green", quantity: 1},
			"Y": { type: "item", code: "game:cloth-yellow", quantity: 1},

			"S": { type: "item", code: "game:stick", quantity: 1 }, 
			"P": { type: "item", code: "game:rope", quantity: 2 } 
		},
		width: 3,
		height: 3,
		enabled: true,
		recipeGroup: 1,
		output: {type: "block", code: "game:clutter", attributes: {type: "banner-sunsmall-green-bottom"} }
	},
	{
		ingredientPattern:"SOS,NY_,_OP",
		ingredients: {
			"N": { type: "item", code: "game:shears-*", isTool: true, toolDurabilityCost: 25  },

			"O": { type: "item", code: "game:cloth-orange", quantity: 1},
			"Y": { type: "item", code: "game:cloth-yellow", quantity: 1},

			"S": { type: "item", code: "game:stick", quantity: 1 }, 
			"P": { type: "item", code: "game:rope", quantity: 2 } 
		},
		width: 3,
		height: 3,
		enabled: true,
		recipeGroup: 1,
		output: {type: "block", code: "game:clutter", attributes: {type: "banner-sunsmall-orange-top"} }
	},
	{
		ingredientPattern:"_OP,NY_,_O_",
		ingredients: {
			"N": { type: "item", code: "game:shears-*", isTool: true, toolDurabilityCost: 25  },

			"O": { type: "item", code: "game:cloth-orange", quantity: 1},
			"Y": { type: "item", code: "game:cloth-yellow", quantity: 1},

			"S": { type: "item", code: "game:stick", quantity: 1 }, 
			"P": { type: "item", code: "game:rope", quantity: 2 } 
		},
		width: 3,
		height: 3,
		enabled: true,
		recipeGroup: 1,
		output: {type: "block", code: "game:clutter", attributes: {type: "banner-sunsmall-orange-segment"} }
	},
	{
		ingredientPattern:"_OP,NY_,SOS",
		ingredients: {
			"N": { type: "item", code: "game:shears-*", isTool: true, toolDurabilityCost: 25  },

			"O": { type: "item", code: "game:cloth-orange", quantity: 1},
			"Y": { type: "item", code: "game:cloth-yellow", quantity: 1},

			"S": { type: "item", code: "game:stick", quantity: 1 }, 
			"P": { type: "item", code: "game:rope", quantity: 2 } 
		},
		width: 3,
		height: 3,
		enabled: true,
		recipeGroup: 1,
		output: {type: "block", code: "game:clutter", attributes: {type: "banner-sunsmall-orange-bottom"} }
	},
	{
		ingredientPattern:"SGS,NY_,_GP",
		ingredients: {
			"N": { type: "item", code: "game:shears-*", isTool: true, toolDurabilityCost: 25  },

			"G": { type: "item", code: "game:cloth-purple", quantity: 1},
			"Y": { type: "item", code: "game:cloth-yellow", quantity: 1},

			"S": { type: "item", code: "game:stick", quantity: 1 }, 
			"P": { type: "item", code: "game:rope", quantity: 2 } 
		},
		width: 3,
		height: 3,
		enabled: true,
		recipeGroup: 1,
		output: {type: "block", code: "game:clutter", attributes: {type: "banner-sunsmall-purple-top"} }
	},
	{
		ingredientPattern:"_GP,NY_,_G_",
		ingredients: {
			"N": { type: "item", code: "game:shears-*", isTool: true, toolDurabilityCost: 25  },

			"G": { type: "item", code: "game:cloth-purple", quantity: 1},
			"Y": { type: "item", code: "game:cloth-yellow", quantity: 1},

			"S": { type: "item", code: "game:stick", quantity: 1 }, 
			"P": { type: "item", code: "game:rope", quantity: 2 } 
		},
		width: 3,
		height: 3,
		enabled: true,
		recipeGroup: 1,
		output: {type: "block", code: "game:clutter", attributes: {type: "banner-sunsmall-purple-segment"} }
	},
	{
		ingredientPattern:"_GP,NY_,SGS",
		ingredients: {
			"N": { type: "item", code: "game:shears-*", isTool: true, toolDurabilityCost: 25  },

			"G": { type: "item", code: "game:cloth-purple", quantity: 1},
			"Y": { type: "item", code: "game:cloth-yellow", quantity: 1},

			"S": { type: "item", code: "game:stick", quantity: 1 }, 
			"P": { type: "item", code: "game:rope", quantity: 2 } 
		},
		width: 3,
		height: 3,
		enabled: true,
		recipeGroup: 1,
		output: {type: "block", code: "game:clutter", attributes: {type: "banner-sunsmall-purple-bottom"} }
	},
	{
		ingredientPattern:"SOS,NY_,_OP",
		ingredients: {
			"N": { type: "item", code: "game:shears-*", isTool: true, toolDurabilityCost: 25  },

			"O": { type: "item", code: "game:cloth-red", quantity: 1},
			"Y": { type: "item", code: "game:cloth-yellow", quantity: 1},

			"S": { type: "item", code: "game:stick", quantity: 1 }, 
			"P": { type: "item", code: "game:rope", quantity: 2 } 
		},
		width: 3,
		height: 3,
		enabled: true,
		recipeGroup: 1,
		output: {type: "block", code: "game:clutter", attributes: {type: "banner-sunsmall-red-top"} }
	},
	{
		ingredientPattern:"_OP,NY_,_O_",
		ingredients: {
			"N": { type: "item", code: "game:shears-*", isTool: true, toolDurabilityCost: 25  },

			"O": { type: "item", code: "game:cloth-red", quantity: 1},
			"Y": { type: "item", code: "game:cloth-yellow", quantity: 1},

			"S": { type: "item", code: "game:stick", quantity: 1 }, 
			"P": { type: "item", code: "game:rope", quantity: 2 } 
		},
		width: 3,
		height: 3,
		enabled: true,
		recipeGroup: 1,
		output: {type: "block", code: "game:clutter", attributes: {type: "banner-sunsmall-red-segment"} }
	},
	{
		ingredientPattern:"_OP,NY_,SOS",
		ingredients: {
			"N": { type: "item", code: "game:shears-*", isTool: true, toolDurabilityCost: 25  },

			"O": { type: "item", code: "game:cloth-red", quantity: 1},
			"Y": { type: "item", code: "game:cloth-yellow", quantity: 1},

			"S": { type: "item", code: "game:stick", quantity: 1 }, 
			"P": { type: "item", code: "game:rope", quantity: 2 } 
		},
		width: 3,
		height: 3,
		enabled: true,
		recipeGroup: 1,
		output: {type: "block", code: "game:clutter", attributes: {type: "banner-sunsmall-red-bottom"} }
	},
	{
		ingredientPattern:"SYS,NW_,_YP",
		ingredients: {
			"N": { type: "item", code: "game:shears-*", isTool: true, toolDurabilityCost: 25  },

			"W": { type: "item", code: "game:cloth-white", quantity: 1},
			"Y": { type: "item", code: "game:cloth-yellow", quantity: 1},

			"S": { type: "item", code: "game:stick", quantity: 1 }, 
			"P": { type: "item", code: "game:rope", quantity: 2 } 
		},
		width: 3,
		height: 3,
		enabled: true,
		recipeGroup: 1,
		output: {type: "block", code: "game:clutter", attributes: {type: "banner-sunsmall-yellow-top"} }
	},
	{
		ingredientPattern:"_YP,NW_,_Y_",
		ingredients: {
			"N": { type: "item", code: "game:shears-*", isTool: true, toolDurabilityCost: 25  },

			"W": { type: "item", code: "game:cloth-white", quantity: 1},
			"Y": { type: "item", code: "game:cloth-yellow", quantity: 1},

			"S": { type: "item", code: "game:stick", quantity: 1 }, 
			"P": { type: "item", code: "game:rope", quantity: 2 } 
		},
		width: 3,
		height: 3,
		enabled: true,
		recipeGroup: 1,
		output: {type: "block", code: "game:clutter", attributes: {type: "banner-sunsmall-yellow-segment"} }
	},
	{
		ingredientPattern:"_YP,NW_,SYS",
		ingredients: {
			"N": { type: "item", code: "game:shears-*", isTool: true, toolDurabilityCost: 25  },

			"W": { type: "item", code: "game:cloth-white", quantity: 1},
			"Y": { type: "item", code: "game:cloth-yellow", quantity: 1},

			"S": { type: "item", code: "game:stick", quantity: 1 }, 
			"P": { type: "item", code: "game:rope", quantity: 2 } 
		},
		width: 3,
		height: 3,
		enabled: true,
		recipeGroup: 1,
		output: {type: "block", code: "game:clutter", attributes: {type: "banner-sunsmall-yellow-bottom"} }
	}
]