[
	{
//Крафт стріл з кременю
		ingredientPattern: "AF",
		enabled: true,
		ingredients: {
			"A": { type: "item", code: "game:arrow-crude", quantity: 1 },
			"F": { type: "item", code: "game:feather", quantity: 1 }
		},
		width: 1,
		height: 2,
		recipeGroup: 2,
		output: { type: "item", code: "game:arrow-flint", quantity: 1  }
	},
	{
//Рекрафт/крафт бджолонати в заселений вулик
	  ingredientPattern:"HK,BS",
	  enabled: true,
	  ingredients: {			
		"H": { type: "item", code: "game:bugnet-copper", isTool: true, toolDurabilityCost: 20  },
		"K": { type: "item", code: "game:knife-*", isTool: true, toolDurabilityCost: 20  },
		
		"B": { type: "item", code: "game:beenade-closed", quantity: 1 },
		"S": { type: "block", code: "game:skep-empty-*", quantity: 1 }
		},
	  width: 2,
	  height: 2,
	  recipeGroup: 1,
	  output: { type: "block", code: "game:skep-populated-east", quantity: 1 }
	},
	{
//Крафт з шкіри - блок шкіри
	  ingredientPattern:"TLT,LSL,RLR",
	  ingredients: {
		"S": { type: "item", code: "game:shears-*", isTool: true, toolDurabilityCost: 10  },
		"L": { type: "item", code: "game:leather-normal-plain", quantity: 1},
		"T": { type: "item", code: "game:stick", quantity: 2 },
		"R": { type: "item", code: "game:rope", quantity: 2 } 
		},
	  width: 3,
	  height: 3,
	  recipeGroup: 1,
	  shapeless: false,
	  output: { type: "block", code: "game:leather", quantity: 1}
	},
	{
//РеКрафт блоку шкіри - шкіри
		ingredientPattern: "KL",
		ingredients: {
			"L": { type: "block", code: "game:leather" },
			"K": { type: "item", code: "game:knife-*", isTool: true, toolDurabilityCost: 10 }
		},
		width: 1,
		height: 2,
		recipeGroup: 1,
		output: { type: "item", code: "game:leather-normal-plain", quantity: 4 }
	},
	{
//Крафт бочок для подорожей 15л та 50л
		"ingredientPattern": "SMH,PBP,PPP",
		"enabled": true,
		"recipeGroup": 1,
		"ingredients": { 
			"B": { "type": "block", "code": "game:woodbucket", "quantity": 1 },
			"M": { "type": "item", "code": "game:metalnailsandstrips-*", "quantity": 1 },
			"S": { "type": "item", "code": "game:saw-*", "isTool": true, "toolDurabilityCost": 5 },
			"H": { "type": "item", "code": "game:hammer-*", "isTool": true, "toolDurabilityCost": 5 },
			"P": { "type": "item", "code": "game:plank-*" }
		},
		"width": 3,
		"height": 3,
		"output": { "type": "block", "code": "fendragonsmp:bochka-15l", "quantity": 1 }
	},	
	{
		"ingredientPattern": "SMH,PBP,PPP",
		"enabled": true,
		"recipeGroup": 1,
		"ingredients": {
			"B": { "type": "block", "code": "game:barrel", "quantity": 1 },
			"M": { "type": "item", "code": "game:metalnailsandstrips-*", "quantity": 1 },
			"S": { "type": "item", "code": "game:saw-*", "isTool": true, "toolDurabilityCost": 5 },
			"H": { "type": "item", "code": "game:hammer-*", "isTool": true, "toolDurabilityCost": 5 },
			"P": { "type": "item", "code": "game:plank-*" }
		},
		"width": 3,
		"height": 3,
		"output": { "type": "block", "code": "fendragonsmp:bochka-50l", "quantity": 1 }
	},
	{
//Крафт дерев'яної форми-Fendragon для черепиці
		ingredientPattern: "SSS,LLL,NHN",
		enabled: true,
		ingredients: {
			"H": { type: "item", code: "game:hammer-*", isTool: true, toolDurabilityCost: 15 },
			"N": { type: "item", code: "game:metalnailsandstrips-*" },
			"S": { type: "item", code: "game:plank-aged", quantity: 2 },
			"L": { type: "block", code: "game:plankslab-aged-down-free" }
		},
		width: 3,
		height: 3,
		recipeGroup: 1,
		output: { type: "item", code: "fendragonsmp:shingleform"  }
	},
	{
//Крафт черепиці через форму-Fendragon
		ingredientPattern: "DDD,DDD,_T_",
		enabled: true,
		ingredients: {
			"D": { type: "item", code: "game:clay-*", name: "type", allowedVariants: ["red", "blue", "fire" ], quantity: 1 },
			"T": { type: "item", code: "fendragonsmp:shingleform", isTool: true, toolDurabilityCost: 1},
		},
		width: 3,
		height: 3,
		output: { type: "item", code: "game:shingle-raw-{type}", quantity: 6  }
	},
 	{
//Крафт димоходів які горять (старі димоходи до 1.20.0)
		  ingredientPattern:"DSH,PSP,SSS",
		  enabled: true,
		  ingredients: {			
			"H": { type: "item", code: "game:hammer-*", isTool: true, toolDurabilityCost: 3  },
			"D": { type: "item", code: "game:chisel-*", isTool: true, toolDurabilityCost: 3  },
			
			"P": { type: "item", code: "game:clay-*", quantity: 2 },
			"S": { type: "item", code: "game:burnedbrick-*", name: "type", quantity: 2 }
			},
		  width: 3,
		  height: 3,
		  recipeGroup: 1,
		  output: { type: "block", code: "fendragonsmp:dimari-{type}-ns", quantity: 1 }
	},
	{
//Крафт шпагату з павутини
		ingredientPattern: "RWS",
		enabled: true,
		ingredients: {
			"S": { type: "item", code: "game:shears-*", isTool: true, toolDurabilityCost: 4 },
			"R": { type: "block", code: "game:spiderweb", quantity: 4 },
			"W": { type: "item", code: "game:stick", quantity: 1 }
		},
		width: 3,
		height: 1,
		recipeGroup: 1,
		shapeless: false,
		output: { type: "item", code: "game:flaxtwine", quantity: 1  }
	},
	{
//Крафт маски нічного баченння для ВСІХ	(змінено крафт, ванільний крафт віддано Реміснику)	
		ingredientPattern: "AFC,BGE,DHI",
		enabled: true,
		recipeGroup: 2,
		ingredients: {
			"A": { type: "item", code: "game:nightvisionupgrades-nightvisionbright", quantity: 2 },
			"B": { type: "item", code: "game:nightvisionupgrades-nightvisionpower", },
			"C": { type: "item", code: "game:nightvisionupgrades-nightvisionlens1", quantity: 2 },
			"D": { type: "item", code: "game:jonasparts-cylinder01", },
			"E": { type: "item", code: "game:jonasframes-gears01", },
			"F": { type: "item", code: "game:ingot-cupronickel", quantity: 4 },
			"H": { type: "item", code: "game:metalplate-lead", quantity: 2},
			"G": { type: "item", code: "game:metalplate-electrum", quantity: 2 },
			"I": { type: "block", code: "game:metal-parts", },
		},
		width: 3,
		height: 3,
		output: { type: "item", code: "game:nightvisiondevice", quantity: 1  }
	},
	{
//Крафт Стримувача розломів для ВСІХ (змінено крафт, ванільний крафт віддано Реміснику)
		ingredientPattern: "AFB,IGE,CHD",
		enabled: true,
		recipeGroup: 2,
		ingredients: {
			"A": { type: "item", code: "game:metalnailsandstrips-cupronickel", quantity: 4 },
			"B": { type: "item", code: "game:metalnailsandstrips-cupronickel", quantity: 4 },
			"C": { type: "item", code: "game:jonasparts-connector01", },
			"D": { type: "item", code: "game:jonasparts-tank02", },
			"E": { type: "item", code: "game:ingot-electrum", },
			"F": { type: "item", code: "game:clearquartz", quantity: 4 },
			"G": { type: "item", code: "game:jonasframes-oscillator01", },
			"H": { type: "item", code: "game:metalplate-iron", },
			"I": { type: "block", code: "game:metal-parts", quantity: 2 },
		},
		width: 3,
		height: 3,
		output: { type: "block", code: "game:riftward", quantity: 1  }
	},
	{
//Крафт пергаменту з папірусу й рогозу
		"ingredientPattern": "AA",
		"ingredients": {
			"A": { "type": "item", "code": "game:papyrustops", "quantity": 4 }
		},
		"width": 2,
		"height": 1,
		"shapeless": false,
		"output": { "type": "item", "code": "game:paper-parchment", "quantity": 1 }
	},
	{
		"ingredientPattern": "AA",
		"ingredients": {
			"A": { "type": "item", "code": "game:cattailtops", "quantity": 4 }
		},
		"width": 2,
		"height": 1,
		"shapeless": false,
		"output": { "type": "item", "code": "game:paper-parchment", "quantity": 1 }
	},
	{
//Крафт колес для візка (велике зі спицями)
		"ingredientPattern": "_P_,PYP,_P_",
		"enabled": true,
		"ingredients": {
			"P": { "type": "item", "code": "game:stick", "quantity": 8 },
			"Y": { "type": "item", "code": "game:metalplate-molybdochalkos" }
		},
		"width": 3,
		"height": 3,
		"shapeless": false,
		"output": { "type": "block", "code": "game:wagonwheels-large-west", "quantity": 4 }
	},
	{
		"ingredientPattern": "_PW,PYP,WP_",
		"enabled": true,
		"ingredients": {
			"P": { "type": "item", "code": "game:stick", "quantity": 8 },
			"Y": { "type": "item", "code": "game:metalplate-molybdochalkos" },
			"W": { "type": "block", "code": "game:log-*", "quantity": 2 }
		},
		"width": 3,
		"height": 3,
		"shapeless": false,
		"output": { "type": "block", "code": "game:wagonwheels-large-longaxle-west", "quantity": 4 }
	},
	{
//Крафт колес для візка (мале зі спицями)
		"ingredientPattern": "_P_,PYP,_P_",
		"enabled": true,
		"ingredients": {
			"P": { "type": "item", "code": "game:stick", "quantity": 4 },
			"Y": { "type": "item", "code": "game:metalplate-molybdochalkos" }
		},
		"width": 3,
		"height": 3,
		"shapeless": false,
		"output": { "type": "block", "code": "game:wagonwheels-spoked-west", "quantity": 4 }
	},
	{
		"ingredientPattern": "_PW,PYP,WP_",
		"enabled": true,
		"ingredients": {
			"P": { "type": "item", "code": "game:stick", "quantity": 4 },
			"Y": { "type": "item", "code": "game:metalplate-molybdochalkos" },
			"W": { "type": "block", "code": "game:log-*" }
		},
		"width": 3,
		"height": 3,
		"shapeless": false,
		"output": { "type": "block", "code": "game:wagonwheels-spoked-longaxle-west", "quantity": 4 }
	},
	{
//Крафт колес для візка (повністю дерев'не)
		"ingredientPattern": "_P_,PYP,_P_",
		"enabled": true,
		"ingredients": {
			"P": { "type": "item", "code": "game:plank-*", "quantity": 4 },
			"Y": { "type": "item", "code": "game:metalplate-molybdochalkos" }
		},
		"width": 3,
		"height": 3,
		"shapeless": false,
		"output": { "type": "block", "code": "game:wagonwheels-solid-west", "quantity": 4 }
	},
	{
		"ingredientPattern": "_PW,PYP,WP_",
		"enabled": true,
		"ingredients": {
			"P": { "type": "item", "code": "game:plank-*", "quantity": 4 },
			"Y": { "type": "item", "code": "game:metalplate-molybdochalkos" },
			"W": { "type": "block", "code": "game:log-*" }
		},
		"width": 3,
		"height": 3,
		"shapeless": false,
		"output": { "type": "block", "code": "game:wagonwheels-solid-longaxle-west", "quantity": 4 }
	},
	{
//Крафт мотузок з Осмунда, Блехнум, Орляк, Аспленій
		ingredientPattern: "RRR",
		enabled: true,
		ingredients: {
			"R": { type: "block", code: "game:fern-*", name: "trava", allowedVariants: ["cinnamonfern","deerfern","eaglefern","hartstongue"], quantity: 1 }
		},
		width: 3,
		height: 1,
		recipeGroup: 1,
		shapeless: false,
		output: { type: "item", code: "game:rope", quantity: 1  }
	},
		{
//Крафт мотузок з Висока папороть
			ingredientPattern: "RRR",
			enabled: true,
			ingredients: {
				"R": { type: "block", code: "game:tallfern", quantity: 1 }
			},
			width: 3,
			height: 1,
			recipeGroup: 1,
			shapeless: false,
			output: { type: "item", code: "game:rope", quantity: 1  }
		},
	{
//Розрізання соломи з куги на суху траву
		ingredientPattern: "KR",
		enabled: true,
		ingredients: {
			"K": { type: "item", code: "game:knife-*", isTool: true, toolDurabilityCost: 4 },
			"R": { type: "item", code: "game:thatch", quantity: 1 }
		},
		width: 1,
		height: 2,
		recipeGroup: 3,
		shapeless: false,
		output: { type: "item", code: "game:drygrass", quantity: 4  }
	},
	{
//Крафт сагайдака з Велика шкіра
		"ingredientPattern": "_R_,SPS,_R_",
		"enabled": true,
		"ingredients": {
			"S": {"type": "item","code": "game:stick"},
			"P": {"type": "item","code": "game:hide-raw-large"},
			"R": {"type": "item","code": "game:rope"}
		},
		"width": 3,
		"height": 3,
		"output": {"type": "item","code": "game:quiver", "quantity": 1}
	},
	{
//Крафт сагайдака з Середня шкіра
		"ingredientPattern": "_R_,SPS,_R_",
		"enabled": true,
		"ingredients": {
			"S": {"type": "item","code": "game:stick"},
			"P": {"type": "item","code": "game:hide-raw-medium"},
			"R": {"type": "item","code": "game:rope"}
		},
		"width": 3,
		"height": 3,
		"output": {"type": "item","code": "game:quiver","quantity": 1}
	},
	{
//Крафт сагайдака з Мала шкіра
		"ingredientPattern": "_R_,SPS,_R_",
		"enabled": true,
		"ingredients": {
			"S": {"type": "item","code": "game:stick"},
			"P": {"type": "item","code": "game:hide-raw-small", "quantity": 2},
			"R": {"type": "item","code": "game:rope"}
		},
		"width": 3,
		"height": 3,
		"output": {"type": "item","code": "game:quiver","quantity": 1}
	},
	{
//Крафт шипів
		  ingredientPattern:"H_D,_S_",
		  enabled: true,
		  ingredients: {
			"H": { type: "item", code: "game:hammer-*", isTool: true, toolDurabilityCost: 10  },
			"D": { type: "item", code: "game:chisel-*", isTool: true, toolDurabilityCost: 10  },
			
			"S": { type: "block", code: "game:metal-scraps", quantity: 2 } 
			},
		  width: 3,
		  height: 2,
		  recipeGroup: 1,
		  output: { type: "block", code: "game:locustnest-metalspike-tiny", quantity: 1}
	},
	{
		  ingredientPattern:"HSD",
		  enabled: true,
		  ingredients: {
			"H": { type: "item", code: "game:hammer-*", isTool: true, toolDurabilityCost: 10  },
			"D": { type: "item", code: "game:chisel-*", isTool: true, toolDurabilityCost: 10  },
			
			"S": { type: "block", code: "game:metal-scraps", quantity: 2 } 
			},
		  width: 3,
		  height: 1,
		  recipeGroup: 1,
		  output: { type: "block", code: "game:locustnest-metalspike-small", quantity: 1}
	},
	{
		  ingredientPattern:"H_D,S_S",
		  enabled: true,
		  ingredients: {
			"H": { type: "item", code: "game:hammer-*", isTool: true, toolDurabilityCost: 10  },
			"D": { type: "item", code: "game:chisel-*", isTool: true, toolDurabilityCost: 10  },
			
			"S": { type: "block", code: "game:metal-scraps", quantity: 1 } 
			},
		  width: 3,
		  height: 2,
		  recipeGroup: 1,
		  output: { type: "block", code: "game:locustnest-metalspike-medium", quantity: 1}
	},
	{
		  ingredientPattern:"HSD,_S_",
		  enabled: true,
		  ingredients: {
			"H": { type: "item", code: "game:hammer-*", isTool: true, toolDurabilityCost: 10  },
			"D": { type: "item", code: "game:chisel-*", isTool: true, toolDurabilityCost: 10  },
			
			"S": { type: "block", code: "game:metal-scraps", quantity: 1 } 
			},
		  width: 3,
		  height: 2,
		  recipeGroup: 1,
		  output: { type: "block", code: "game:locustnest-metalspike-large", quantity: 1}
	},
	{
//Крафт стародавньої кладки в залежно від каміння
		ingredientPattern: "LHL	LCL	LLL",
		enabled: true,
		ingredients: {
			"H": { type: "item", code: "game:hammer-*", isTool: true, toolDurabilityCost: 10 },
			
			"C": { type: "item", code: "game:mortar", quantity: 2 },
			"L": { type: "item", code: "game:stonebrick-*", name: "rock", allowedVariants: ["andesite", "chalk", "chert", "conglomerate", "limestone", "claystone", "granite", "sandstone", "shale", "basalt", "peridotite", "phyllite", "slate", "bauxite"] }
		},
		width: 3,
		height: 3,
		recipeGroup: 2,
		output: { type: "block", code: "game:agedstonebricks-{rock}", quantity: 2 }
	},
	{
//Крафт набору зброї з металобрухту
		"ingredientPattern": "S",
		"enabled": true,
		"ingredients": {
			"S": {"type": "block","code": "game:metal-scraps", "quantity": 2}
		},
		"width": 1,
		"height": 1,
		"recipeGroup": 2,
		"shapeless": true,
		"output": {"type": "item","code": "game:scrapweaponkit", "quantity": 1}
	},
	{
//Крафт Затверділої глини (блакитна, вогнетривка, червона)
		"ingredientPattern": "SHS,SSS,SSS",
		"enabled": true,
		"ingredients": {
			"S": {"type": "item","code": "game:clay-*", "name": "clay", "allowedVariants": [ "blue", "fire", "red" ], "quantity": 1},
			"H": { "type": "item", "code": "game:hammer-*", "isTool": true, "toolDurabilityCost": 2  },
		},
		"width": 3,
		"height": 3,
		"recipeGroup": 1,
		"shapeless": false,
		"output": {"type": "block","code": "game:hardenedclay-{clay}","quantity": 4}
	},
	{
//Крафт Затверділої глини (коричнева)
		"ingredientPattern": "SHS,SSS,SWS",
		"enabled": true,
		"ingredients": {
			"S": { "type": "item", "code": "game:clay-*", "name": "clay", "allowedVariants": [ "blue", "fire", "red" ], "quantity": 1 },
			"W": { "type": "block", "code": "game:sand-*", "name": "rock", "allowedVariants": ["shale", "basalt", "slate"], "quantity": 1 },
			"H": { "type": "item", "code": "game:hammer-*", "isTool": true, "toolDurabilityCost": 2 }
		},
		"width": 3,
		"height": 3,
		"recipeGroup": 1,
		"shapeless": false,
		"output": {"type": "block","code": "game:hardenedclay-brown","quantity": 4}
	},
	{//
//Крафт на ВИКЛючити паперовий ліхтар
		ingredientPattern: "P",
		enabled: true,
		ingredients: {
			"P": {type: "block",code: "game:paperlantern-on"}
		},
		width: 1,
		height: 1,
		recipeGroup: 2,
		shapeless: false,
		output: {type: "block",code: "game:paperlantern-off",quantity: 1}
	},
	{//
//Крафт на ВКЛючити паперовий ліхтар
		ingredientPattern: "P",
		enabled: true,
		ingredients: {
			"P": {type: "block",code: "game:paperlantern-off"}
		},
		width: 1,
		height: 1,
		shapeless: false,
		recipeGroup: 2,
		output: {type: "block",code: "game:paperlantern-on", quantity: 1}
	},
	{
//Крафт Довгого лука
		ingredientPattern: "_FT	BLT	_FT",
		enabled: true,
		ingredients: {
			"B": { type: "item", code: "game:bowstave-long-dry", quantity: 1 },
			"T": { type: "item", code: "game:flaxtwine", quantity: 2 },
			"L": { type: "item", code: "game:leather-normal-plain", quantity: 2 },
			"F": { type: "item", code: "game:fat", quantity: 2 }
		},
		width: 3,
		height: 3,
		shapeless: false,
		recipeGroup: 3,
		output: { type: "item", code: "game:bow-long", quantity: 1  }
	},
	{
		ingredientPattern: "_FT	BLT	_FT",
		enabled: true,
		recipeGroup: 1,
		ingredients: {
			"B": { type: "item", code: "game:bowstave-long-dry", quantity: 1 },
			"T": { type: "item", code: "game:flaxtwine", quantity: 2 },
			"L": { type: "item", code: "game:leather-normal-plain", quantity: 2 },
			"F": { type: "item", code: "game:resin", quantity: 2 }
		},
		width: 3,
		height: 3,
		shapeless: false,
		recipeGroup: 3,
		output: { type: "item", code: "game:bow-long", quantity: 1  }
	},
	{
		ingredientPattern: "_FT	BLT	_FT",
		enabled: true,
		ingredients: {
			"B": { type: "item", code: "game:bowstave-long-dry", quantity: 1 },
			"T": { type: "item", code: "game:flaxtwine", quantity: 2 },
			"L": { type: "item", code: "game:leather-normal-plain", quantity: 2 },
			"F": { type: "item", code: "game:beeswax", quantity: 2 }
		},
		width: 3,
		height: 3,
		shapeless: false,
		recipeGroup: 3,
		output: { type: "item", code: "game:bow-long", quantity: 1  }
	},
	{
		ingredientPattern: "_FT	BLT	_FT",
		enabled: true,
		ingredients: {
			"B": { type: "item", code: "game:bowstave-long-dry", quantity: 1 },
			"T": { type: "item", code: "game:flaxtwine", quantity: 2 },
			"L": { type: "item", code: "game:hide-pelt-*", allowedVariants: ["small", "medium"], quantity: 2 },
			"F": { type: "item", code: "game:fat", quantity: 2 }
		},
		width: 3,
		height: 3,
		shapeless: false,
		recipeGroup: 4,
		output: { type: "item", code: "game:bow-long", quantity: 1  }
	},
	{
		ingredientPattern: "_FT	BLT	_FT",
		enabled: true,
		ingredients: {
			"B": { type: "item", code: "game:bowstave-long-dry", quantity: 1 },
			"T": { type: "item", code: "game:flaxtwine", quantity: 2 },
			"L": { type: "item", code: "game:hide-pelt-*", allowedVariants: ["small", "medium"], quantity: 2 },
			"F": { type: "item", code: "game:resin", quantity: 2 }
		},
		width: 3,
		height: 3,
		shapeless: false,
		recipeGroup: 4,
		output: { type: "item", code: "game:bow-long", quantity: 1  }
	},
	{
		ingredientPattern: "_FT	BLT	_FT",
		enabled: true,
		ingredients: {
			"B": { type: "item", code: "game:bowstave-long-dry", quantity: 1 },
			"T": { type: "item", code: "game:flaxtwine", quantity: 2 },
			"L": { type: "item", code: "game:hide-pelt-*", allowedVariants: ["small", "medium"], quantity: 2 },
			"F": { type: "item", code: "game:beeswax", quantity: 2 }
		},
		width: 3,
		height: 3,
		shapeless: false,
		recipeGroup: 4,
		output: { type: "item", code: "game:bow-long", quantity: 1  }
	},
	{
//Крафт Вигнутого лука
		ingredientPattern: "MFT	BLT	MFT",
		enabled: true,
		ingredients: {
			"B": { type: "item", code: "game:bowstave-recurve-dry", quantity: 1 },
			"T": { type: "item", code: "game:flaxtwine", quantity: 2 },
			"L": { type: "item", code: "game:leather-normal-plain", quantity: 2 },
			"F": { type: "item", code: "game:bone", quantity: 2 },
			"M": { type: "item", code: "game:bushmeat-raw", quantity: 3 }
		},
		width: 3,
		height: 3,
		shapeless: false,
		recipeGroup: 3,
		output: { type: "item", code: "game:bow-recurve", quantity: 1  }
	},
	{
//Крафт вітрячків (музика вітру)
		"ingredientPattern": "KRBBWW",
		"enabled": true,
		"ingredients": {
			"K": { "type": "item", "code": "game:knife-*", "isTool": true, "toolDurabilityCost": 3 },
			"R": { "type": "item", "code": "game:rope", "quantity": 2 },
			"B": { "type": "item", "code": "game:bone", "quantity": 2 },
			"W": {"type": "block","code": "game:log-placed-*-ud", "name": "wood", "quantity": 1 }
		},
		"width": 2,
		"height": 3,
		"recipeGroup": 1,
		"shapeless": false,
		"output": { "type": "block", "code": "fendragonsmp:windchime-{wood}-east", "quantity": 1 }
	},
	{
//Крафт Риштака (підставка для зручності будівництва, по якому можна лазити)
		"ingredientPattern": "SRS,PSK,SRS",
		"enabled": true,
		"ingredients": {
			"P": { "type": "item", "code": "game:saw-*", "isTool": true, "toolDurabilityCost": 1 },
			"K": { "type": "item", "code": "game:knife-*", "isTool": true, "toolDurabilityCost": 1 },
			"R": { "type": "item", "code": "game:rope", "quantity": 2 },
			"S": { "type": "item", "code": "game:stick", "quantity": 2 }
		},
		"width": 3,
		"height": 3,
		"recipeGroup": 1,
		"shapeless": false,
		"output": { "type": "block", "code": "fendragonsmp:chock", "quantity": 1 }
	},
	{
//Крафт тенту з моду UsefulStaff змінено крафт для ВСІХ
		ingredientPattern: "_S_	SPS	SSS",
		enabled: true,
		ingredients: {
			"S": { type: "item", code: "game:rope", quantity: 6 },
			"P": { type: "item", code: "game:hide-pelt-*", quantity: 6, allowedVariants: ["large", "huge"] },
		},
		width: 3,
		height: 3,
		recipeGroup: 2,
		output: { type: "item", code: "usefulstuff:tentbag-empty"}
	},
	{
		ingredientPattern: "_S_	SPS	SSS",
		enabled: true,
		ingredients: {
			"S": { type: "item", code: "game:rope", quantity: 6 },
			"P": { type: "item", code: "game:hide-pelt-medium", quantity: 12 },
		},
		width: 3,
		height: 3,
		recipeGroup: 2,
		output: { type: "item", code: "usefulstuff:tentbag-empty"}
	},
	{
		ingredientPattern: "_S_	SPS	SSS",
		enabled: true,
		ingredients: {
			"S": { type: "item", code: "game:rope", quantity: 6 },
			"P": { type: "item", code: "game:hide-pelt-small", quantity: 24 },
		},
		width: 3,
		height: 3,
		recipeGroup: 2,
		output: { type: "item", code: "usefulstuff:tentbag-empty"}
	},
	{
//Крафт Груба стріла
		ingredientPattern: "__H,__S",
		enabled: true,
		ingredients: {
			"H": { type: "item", code: "game:arrowhead-flint", quantity: 1  },
			"S": { type: "item", code: "game:stick", quantity: 1  }
		},
		width: 3,
		height: 2,
		shapeless: false,
		recipeGroup: 2,
		output: { type: "item", code: "game:arrow-crude", quantity: 1  }
	},
	{
//Крафт 'Вітражне вікно'
		ingredientPattern: "WPW,SGS,WLW",
		enabled: true,
		ingredients: {
			"W": { type: "item", code: "game:plank-*", name: "woods", allowedVariants: [ "aged", "acacia", "baldcypress", "birch", "ebony", "kapok", "larch", "maple", "oak", "pine", "purpleheart", "redwood", "walnut" ], quantity: 1 },
			"S": { type: "item", code: "game:stick", quantity: 2  },
			"L": { type: "item", code: "game:ingot-lead", quantity: 1 },
			"G": { type: "block", code: "game:glass-plain", quantity: 1 },
			"P": { type: "item", code: "game:saw-*", isTool: true, toolDurabilityCost: 3 }
		},
		width: 3,
		height: 3,
		recipeGroup: 1,
		shapeless: false,
		output: { type: "block", code: "fendragonsmp:fenwindow-close-{woods}-leaded-east", quantity: 1 }
	},
	{
//Крафт 'Плетений кошик з трави' - скриня
		ingredientPattern: "WWW,W_W,WWW",
		enabled: true,
		ingredients: {
			"W": { type: "item", code: "game:drygrass", quantity: 12 },
		},
		width: 3,
		height: 3,
		recipeGroup: 1,
		shapeless: false,
		output: { type: "block", code: "game:stationarybasket-east", attributes: { type: "reed" }, quantity: 1 }
	},
	{
//Крафт 'Плетений кошик з соломи' - скриня
		ingredientPattern: "WWW,W_W,WWW",
		enabled: true,
		ingredients: {
			"W": { type: "item", code: "game:thatch", quantity: 3 },
		},
		width: 3,
		height: 3,
		recipeGroup: 1,
		shapeless: false,
		output: { type: "block", code: "game:stationarybasket-east", attributes: { type: "reed" }, quantity: 1 }
	},
	{
//Крафт 'Маленької клітки' з моду 'Animal Сages' - для ВСІХ
		ingredientPattern: "PHP,KSK,PRP",
		enabled: true,
		ingredients: {
			"P": { type: "item", code: "game:plank-*", quantity: 2 },
			"R": { type: "item", code: "game:rope", quantity: 2 },
			"K": { type: "item", code: "game:stick", quantity: 8 },
			"S": { type: "item", code: "game:saw-*", isTool: true, toolDurabilityCost: 10 },
			"H": { type: "item", code: "game:hammer-*", isTool: true, toolDurabilityCost: 10 },			
		},
		width: 3,
		height: 3,
		recipeGroup: 2,
		shapeless: false,
		output: { type: "block", code: "animalcages:smallanimalcage-opened", quantity: 1 }
	},	
	{
//Крафт 'Великої клітки' з моду 'Animal Сages' - для ВСІХ
		ingredientPattern: "MHM,WPW",
		enabled: true,
		ingredients: {
			"P": { type: "item", code: "game:saw-*", isTool: true, toolDurabilityCost: 10 },
			"M": { type: "item", code: "game:rod-iron", quantity: 1 },
			"H": { type: "item", code: "game:hammer-*", isTool: true, toolDurabilityCost: 10 },
			"W": { type: "item", code: "game:plank-*", quantity: 4 }			
		},
		width: 3,
		height: 2,
		recipeGroup: 2,
		shapeless: false,
		output: { type: "block", code: "animalcages:mediumanimalcage-floor-opened-north", quantity: 1 }
	},
	{
//Крафт для того щоб можна було витягнути вовченя з маленької клітки для продажу - для ВСІХ
		ingredientPattern: "MP",
		enabled: true,
		ingredients: {
			"P": { type: "block", code: "animalcages:smallanimalcage-closed", attributes: { capturedEntityName: "wolf-pup" }, quantity: 1 },
			"M": { type: "item", code: "game:tongs", returnedStack: { type: "block", code: "animalcages:smallanimalcage-opened", quantity: 1 }, quantity: 1 },			
		},
		width: 1,
		height: 2,
		recipeGroup: 1,
		shapeless: false,
		output: { type: "item", code: "game:creature-wolf-pup", quantity: 1 }
	},
	{
//Крафт ТЕСТ
		ingredientPattern: "PMP",
		enabled: true,
		ingredients: {
			"P": { type: "item", code: "game:stick", quantity: 1 },
			"M": { type: "item", code: "fendragonsmp:fen-shema-*", isTool: true, toolDurabilityCost: 1 },			
		},
		width: 3,
		height: 1,
		recipeGroup: 1,
		shapeless: false,
		output: { type: "item", code: "game:tongs", quantity: 1 }
	},
	{//
//Крафт мотузкового мосту
		ingredientPattern: "P__	R__	P__",
		enabled: true,
		ingredients: {
			"R": { type: "item", code: "game:rope", quantity: 1 },
			"P": { type: "item", code: "game:plank-*", name: "wood", quantity: 2 }
		},
		width: 3,
		height: 3,
		recipeGroup: 1,
		shapeless: false,
		output: { type: "block", code: "fendragonsmp:ropebridge-end-left-{wood}-north", quantity: 2  }
	},
	{//
		ingredientPattern: "B",
		enabled: true,
		ingredients: {
			"B": { type: "block", code: "fendragonsmp:ropebridge-end-right-*-north", name: "wood", allowedVariants: ["aged", "birch", "oak", "maple", "pine", "acacia", "kapok", "baldcypress", "larch", "redwood", "ebony", "walnut", "purpleheart"], quantity: 1  }
		},
		width: 1,
		height: 1,
		recipeGroup: 2,
		shapeless: false,
		output: { type: "block", code: "fendragonsmp:ropebridge-end-left-{wood}-north", quantity: 1  }
	},
	{//
		ingredientPattern: "__P	__R	__P",
		enabled: true,
		ingredients: {
			"R": { type: "item", code: "game:rope", quantity: 1 },
			"P": { type: "item", code: "game:plank-*", name: "wood", quantity: 2 }
		},
		width: 3,
		height: 3,
		recipeGroup: 1,
		shapeless: false,
		output: { type: "block", code: "fendragonsmp:ropebridge-end-right-{wood}-north", quantity: 2  }
	},
	{//
		ingredientPattern: "B",
		enabled: true,
		ingredients: {
			"B": { type: "block", code: "fendragonsmp:ropebridge-end-left-*-north", name: "wood", allowedVariants: ["aged", "birch", "oak", "maple", "pine", "acacia", "kapok", "baldcypress", "larch", "redwood", "ebony", "walnut", "purpleheart"], quantity: 1  }
		},
		width: 1,
		height: 1,
		recipeGroup: 3,
		shapeless: false,
		output: { type: "block", code: "fendragonsmp:ropebridge-end-right-{wood}-north", quantity: 1  }
	},
	{//
		ingredientPattern: "P_P	R_R	P_P",
		enabled: true,
		ingredients: {
			"R": { type: "item", code: "game:rope", quantity: 1 },
			"P": { type: "item", code: "game:plank-*", name: "wood", quantity: 2 }
		},
		width: 3,
		height: 3,
		recipeGroup: 1,
		shapeless: false,
		output: { type: "block", code: "fendragonsmp:ropebridge-end-{wood}-north", quantity: 2  }
	},
	{//
		ingredientPattern: "LR",
		enabled: true,
		ingredients: {
			"R": { type: "block", code: "fendragonsmp:ropebridge-middle-right-*-north", name: "wood", allowedVariants: ["aged", "birch", "oak", "maple", "pine", "acacia", "kapok", "baldcypress", "larch", "redwood", "ebony", "walnut", "purpleheart"], quantity: 1  },
			"L": { type: "block", code: "fendragonsmp:ropebridge-middle-left-*-north", name: "wood", allowedVariants: ["aged", "birch", "oak", "maple", "pine", "acacia", "kapok", "baldcypress", "larch", "redwood", "ebony", "walnut", "purpleheart"], quantity: 1  }
		},
		width: 2,
		height: 1,
		recipeGroup: 3,
		shapeless: false,
		output: { type: "block", code: "fendragonsmp:ropebridge-middle-{wood}-north", quantity: 1  }
	},			
	{//
		ingredientPattern: "RPR	R_R	RPR",
		enabled: true,
		ingredients: {
			"R": { type: "item", code: "game:rope", quantity: 1 },
			"P": { type: "item", code: "game:plank-*", name: "wood", allowedVariants: ["aged", "birch", "oak", "maple", "pine", "acacia", "kapok", "baldcypress", "larch", "redwood", "ebony", "walnut", "purpleheart"], quantity: 4 }
		},
		width: 3,
		height: 3,
		recipeGroup: 1,
		shapeless: false,
		output: { type: "block", code: "fendragonsmp:ropebridge-middle-{wood}-north", quantity: 1 }
	},
	{//
		ingredientPattern: "RP_	R__	RP_",
		enabled: true,
		ingredients: {
			"R": { type: "item", code: "game:rope", quantity: 1 },
			"P": { type: "item", code: "game:plank-*", name: "wood", allowedVariants: ["aged", "birch", "oak", "maple", "pine", "acacia", "kapok", "baldcypress", "larch", "redwood", "ebony", "walnut", "purpleheart"], quantity: 4 }
		},
		width: 3,
		height: 3,
		recipeGroup: 1,
		shapeless: false,
		output: { type: "block", code: "fendragonsmp:ropebridge-middle-left-{wood}-north", quantity: 1  }
	},
	{//
		ingredientPattern: "B",
		enabled: true,
		ingredients: {
			"B": { type: "block", code: "fendragonsmp:ropebridge-middle-right-*-north", name: "wood", allowedVariants: ["aged", "birch", "oak", "maple", "pine", "acacia", "kapok", "baldcypress", "larch", "redwood", "ebony", "walnut", "purpleheart"], quantity: 1  }
		},
		width: 1,
		height: 1,
		recipeGroup: 2,
		shapeless: false,
		output: { type: "block", code: "fendragonsmp:ropebridge-middle-left-{wood}-north", quantity: 1  }
	},
	{//
		ingredientPattern: "_PR	__R	_PR",
		enabled: true,
		ingredients: {
			"R": { type: "item", code: "game:rope", quantity: 1 },
			"P": { type: "item", code: "game:plank-*", name: "wood", allowedVariants: ["aged", "birch", "oak", "maple", "pine", "acacia", "kapok", "baldcypress", "larch", "redwood", "ebony", "walnut", "purpleheart"], quantity: 4 }
		},
		width: 3,
		height: 3,
		recipeGroup: 1,
		shapeless: false,
		output: { type: "block", code: "fendragonsmp:ropebridge-middle-right-{wood}-north", quantity: 1  }
	},
	{//
		ingredientPattern: "B",
		enabled: true,
		ingredients: {
			"B": { type: "block", code: "fendragonsmp:ropebridge-middle-left-*-north", name: "wood", allowedVariants: ["aged", "birch", "oak", "maple", "pine", "acacia", "kapok", "baldcypress", "larch", "redwood", "ebony", "walnut", "purpleheart"], quantity: 1  }
		},
		width: 1,
		height: 1,
		recipeGroup: 2,
		shapeless: false,
		output: { type: "block", code: "fendragonsmp:ropebridge-middle-right-{wood}-north", quantity: 1  }
	},
]