[
	{
// 8 шматочків в 1 ржаву
		enabled: true,
		ingredientPattern:"P",
		ingredients: {
				"P": { type: "item", code: "fendragonsmp:pice-of-gear", quantity: 8} 
			},
		width: 1,
		height: 1,
		recipeGroup: 1,
		shapeless: false,
		output: { type: "item", code: "game:gear-rusty", quantity: 1}
	},
	{
//5 ржавих в 1 мідну
		enabled: true,
		ingredientPattern:"PPP,_P_,_P_",
		ingredients: {
				"P": { type: "item", code: "game:gear-rusty", quantity: 1} 
			},
		width: 3,
		height: 3,
		recipeGroup: 1,
		shapeless: false,
		output: { type: "item", code: "fendragonsmp:gearmoney-copper", quantity: 1 }		
	},
	{
//1 мідна в 5 ржавих
		enabled: true,
		ingredientPattern:"P",
		ingredients: {
				"P": { type: "item", code: "fendragonsmp:gearmoney-copper", quantity: 1 } 
			},
		width: 1,
		height: 1,
		recipeGroup: 1,
		shapeless: false,
		output: { type: "item", code: "game:gear-rusty", quantity: 5 }			
	},
	{
//5 мідних в 1 срібну
		enabled: true,
		ingredientPattern:"PPP,_P_,_P_",
		ingredients: {
				"P": { type: "item", code: "fendragonsmp:gearmoney-copper", quantity: 1} 
			},
		width: 3,
		height: 3,
		recipeGroup: 1,
		shapeless: false,
		output: { type: "item", code: "fendragonsmp:gearmoney-silver", quantity: 1}		
	},
	{
//1 срібних в 5 мідних
		enabled: true,
		ingredientPattern:"P",
		ingredients: {
				"P": { type: "item", code: "fendragonsmp:gearmoney-silver", quantity: 1} 
			},
		width: 1,
		height: 1,
		recipeGroup: 1,
		shapeless: false,
		output: { type: "item", code: "fendragonsmp:gearmoney-copper", quantity: 5}			
	},
	{
//4 срібних в 1 золоту
		enabled: true,
		ingredientPattern:"PPP,_P_,___",
		ingredients: {
				"P": { type: "item", code: "fendragonsmp:gearmoney-silver", quantity: 1} 
			},
		width: 3,
		height: 3,
		recipeGroup: 1,
		shapeless: false,
		output: { type: "item", code: "fendragonsmp:gearmoney-gold", quantity: 1}		
	},
	{
//1 золота в 4 срібних
		enabled: true,
		ingredientPattern:"P",
		ingredients: {
				"P": { type: "item", code: "fendragonsmp:gearmoney-gold", quantity: 1} 
			},
		width: 1,
		height: 1,
		recipeGroup: 1,
		shapeless: false,
		output: { type: "item", code: "fendragonsmp:gearmoney-silver", quantity: 4}			
	},
	{
//1 темпоральна в 5 ржавих
		enabled: true,
		ingredientPattern:"P",
		ingredients: {
				"P": { type: "item", code: "game:gear-temporal", quantity: 1} 
			},
		width: 1,
		height: 1,
		recipeGroup: 1,
		shapeless: false,
		output: { type: "item", code: "game:gear-rusty", quantity: 5}	
	}
]