[
	{
//Крафт Фартуха коваля
		ingredientPattern: "LTL,_L_,_L_",
		enabled: true,
		recipeGroup: 3,
		ingredients: {
			"L": { type: "item", code: "game:leather-normal-plain", quantity: 6 },
			"T": { type: "item", code: "game:flaxtwine" }
		},
		width: 3,
		height: 3,
		output: { type: "item", code: "game:clothes-shoulder-blacksmith-apron"  }
	},
	{
//Крафт Зношених шкіряних чобіт
		ingredientPattern: "L_L,LTL",
		enabled: true,
		recipeGroup: 3,
		ingredients: {
			"L": { type: "item", code: "game:leather-normal-plain", quantity: 6 },
			"T": { type: "item", code: "game:flaxtwine" }
		},
		width: 3,
		height: 2,
		output: { type: "item", code: "game:clothes-foot-worn-leather-boots"  }
	},
	{
//Крафт Високих шкіряних чобіт
		ingredientPattern: "LTL,LTL",
		enabled: true,
		recipeGroup: 3,
		ingredients: {
			"L": { type: "item", code: "game:leather-normal-plain", quantity: 9 },
			"T": { type: "item", code: "game:flaxtwine" }
		},
		width: 3,
		height: 2,
		output: { type: "item", code: "game:clothes-foot-high-leather-boots"  }
	},
	{
//Крафт Шкіряних наручів
		ingredientPattern: "LTL",
		enabled: true,
		recipeGroup: 3,
		ingredients: {
			"L": { type: "item", code: "game:leather-normal-plain", quantity: 6 },
			"T": { type: "item", code: "game:flaxtwine" }
		},
		width: 3,
		height: 1,
		output: { type: "item", code: "game:clothes-arm-leather-bracers"  }
	},
	{
//Крафт Важких шкіряних рукавиць
		ingredientPattern: "LTL,_T_",
		enabled: true,
		recipeGroup: 3,
		ingredients: {
			"L": { type: "item", code: "game:leather-normal-plain", quantity: 9 },
			"T": { type: "item", code: "game:flaxtwine" }
		},
		width: 3,
		height: 2,
		output: { type: "item", code: "game:clothes-hand-heavy-leather-gloves"  }
	},
	{
//Крафт Шкіряної посиленої маски (чорна)
		ingredientPattern: "LL",
		enabled: true,
		recipeGroup: 3,
		enabled: true,
		ingredients: {
			"L": { type: "item", code: "game:leather-normal-black", quantity: 3 }
		},
		width: 2,
		height: 1,
		output: { type: "item", code: "game:clothes-face-leather-reinforced-mask"  }
	},	
	{
//Крафт Забрудненого шкіряного пончо
		ingredientPattern: "TL_,LLL",
		enabled: true,
		recipeGroup: 3,
		ingredients: {
			"L": { type: "item", code: "game:leather-normal-orange", quantity: 6 },
			"T": { type: "item", code: "game:flaxtwine" }
		},
		width: 3,
		height: 2,
		output: { type: "item", code: "game:clothes-shoulder-stained-leather-poncho"  }
	},	
	{
//Крафт Високих шкіряних чобіт
		ingredientPattern: "LTL,L_L",
		enabled: true,
		recipeGroup: 3,
		ingredients: {
			"L": { type: "item", code: "game:leather-normal-black", quantity: 6 },
			"T": { type: "item", code: "game:flaxtwine" }
		},
		width: 3,
		height: 2,
		output: { type: "item", code: "game:clothes-foot-tigh-high-boots"  }
	}
]