[
	{//
//Крафт горщиків для зберігання з різними малюнками - УНІКАЛЬНИЙ - КРАФТ СХЕМА
	  ingredientPattern:"HPD,_S_",
	  enabled: true,
	  ingredients: {			
			"H": { type: "item", code: "game:hammer-*", isTool: true, toolDurabilityCost: 15  },
			"D": { type: "item", code: "game:chisel-*", isTool: true, toolDurabilityCost: 15  },
		
			"P": { type: "block", code: "game:painting-sunkenruin-north", quantity: 1},
			"S": { type: "block", code: "game:storagevessel-burned", attributes: { type: "normal"}, quantity: 1}
		},
	  width: 3,
	  height: 2,
	  recipeGroup: 1,
	  requiresTrait: "avanturist",
	  output: { type: "block", code: "game:storagevessel-ashforest", attributes: { type: "normal"}, quantity: 1}
	},
	{//
	  ingredientPattern:"HPD,_S_",
	  enabled: true,
	  ingredients: {			
			"H": { type: "item", code: "game:hammer-*", isTool: true, toolDurabilityCost: 15  },
			"D": { type: "item", code: "game:chisel-*", isTool: true, toolDurabilityCost: 15  },		
			"P": { type: "block", code: "game:painting-sleepingwolf-north", quantity: 1},
			"S": { type: "block", code: "game:storagevessel-burned", attributes: { type: "normal"}, quantity: 1}
		},
	  width: 3,
	  height: 2,
	  recipeGroup: 1,
	  requiresTrait: "avanturist",
	  output: { type: "block", code: "game:storagevessel-chthonic", attributes: { type: "normal"}, quantity: 1}
	},
	{//
	  ingredientPattern:"HPD,_S_",
	  enabled: true,
	  ingredients: {
			"H": { type: "item", code: "game:hammer-*", isTool: true, toolDurabilityCost: 15  },
			"D": { type: "item", code: "game:chisel-*", isTool: true, toolDurabilityCost: 15  },		
			"P": { type: "block", code: "game:painting-howl-north", quantity: 1},
			"S": { type: "block", code: "game:storagevessel-burned", attributes: { type: "normal"}, quantity: 1}
		},
	  width: 3,
	  height: 2,
	  recipeGroup: 1,
	  requiresTrait: "avanturist",
	  output: { type: "block", code: "game:storagevessel-copper", attributes: { type: "normal"}, quantity: 1}
	},
	{//
	  ingredientPattern:"HPD,_S_",
	  enabled: true,
	  ingredients: {
			"H": { type: "item", code: "game:hammer-*", isTool: true, toolDurabilityCost: 15  },
			"D": { type: "item", code: "game:chisel-*", isTool: true, toolDurabilityCost: 15  },		
			"P": { type: "block", code: "game:painting-elk-north", quantity: 1},
			"S": { type: "block", code: "game:storagevessel-burned", attributes: { type: "normal"}, quantity: 1}
		},
	  width: 3,
	  height: 2,
	  recipeGroup: 1,
	  requiresTrait: "avanturist",
	  output: { type: "block", code: "game:storagevessel-earthen", attributes: { type: "normal"}, quantity: 1}
	},
	{//*******************картина повторюється
	  ingredientPattern:"HPD,_S_",
	  enabled: true,
	  ingredients: {
			"H": { type: "item", code: "game:hammer-*", isTool: true, toolDurabilityCost: 15  },
			"D": { type: "item", code: "game:chisel-*", isTool: true, toolDurabilityCost: 15  },		
			"P": { type: "block", code: "game:painting-fishandtherain-north", quantity: 1},
			"S": { type: "block", code: "game:storagevessel-burned", attributes: { type: "normal"}, quantity: 1}
		},
	  width: 3,
	  height: 2,
	  recipeGroup: 1,
	  requiresTrait: "avanturist",
	  output: { type: "block", code: "game:storagevessel-rain", attributes: { type: "normal"}, quantity: 1}
	},
	{//
	  ingredientPattern:"HPD,_S_",
	  enabled: true,
	  ingredients: {
			"H": { type: "item", code: "game:hammer-*", isTool: true, toolDurabilityCost: 15  },
			"D": { type: "item", code: "game:chisel-*", isTool: true, toolDurabilityCost: 15  },		
			"P": { type: "block", code: "game:painting-oldvillage-north", quantity: 1},
			"S": { type: "block", code: "game:storagevessel-burned", attributes: { type: "normal"}, quantity: 1}
		},
	  width: 3,
	  height: 2,
	  recipeGroup: 1,
	  requiresTrait: "avanturist",
	  output: { type: "block", code: "game:storagevessel-cowrie", attributes: { type: "normal"}, quantity: 1}
	},
	{//
	  ingredientPattern:"HPD,_S_",
	  enabled: true,
	  ingredients: {
			"H": { type: "item", code: "game:hammer-*", isTool: true, toolDurabilityCost: 15  },
			"D": { type: "item", code: "game:chisel-*", isTool: true, toolDurabilityCost: 15  },		
			"P": { type: "block", code: "game:painting-cow-north", quantity: 1},
			"S": { type: "block", code: "game:storagevessel-burned", attributes: { type: "normal"}, quantity: 1}
		},
	  width: 3,
	  height: 2,
	  recipeGroup: 1,
	  requiresTrait: "avanturist",
	  output: { type: "block", code: "game:storagevessel-rime", attributes: { type: "normal"}, quantity: 1}
	},
	{//
	  ingredientPattern:"HPD,_S_",
	  enabled: true,
	  ingredients: {
			"H": { type: "item", code: "game:hammer-*", isTool: true, toolDurabilityCost: 15  },
			"D": { type: "item", code: "game:chisel-*", isTool: true, toolDurabilityCost: 15  },		
			"P": { type: "block", code: "game:painting-prey-north", quantity: 1},
			"S": { type: "block", code: "game:storagevessel-burned", attributes: { type: "normal"}, quantity: 1}
		},
	  width: 3,
	  height: 2,
	  recipeGroup: 1,
	  requiresTrait: "avanturist",
	  output: { type: "block", code: "game:storagevessel-oxblood", attributes: { type: "normal"}, quantity: 1}
	},
	{//
	  ingredientPattern:"HPD,_S_",
	  enabled: true,
	  ingredients: {
			"H": { type: "item", code: "game:hammer-*", isTool: true, toolDurabilityCost: 15  },
			"D": { type: "item", code: "game:chisel-*", isTool: true, toolDurabilityCost: 15  },		
			"P": { type: "block", code: "game:painting-traveler-north", quantity: 1},
			"S": { type: "block", code: "game:storagevessel-burned", attributes: { type: "normal"}, quantity: 1}
		},
	  width: 3,
	  height: 2,
	  recipeGroup: 1,
	  requiresTrait: "avanturist",
	  output: { type: "block", code: "game:storagevessel-loam", attributes: { type: "normal"}, quantity: 1}
	},
	{//
	  ingredientPattern:"HPD,_S_",
	  enabled: true,
	  ingredients: {
			"H": { type: "item", code: "game:hammer-*", isTool: true, toolDurabilityCost: 15  },
			"D": { type: "item", code: "game:chisel-*", isTool: true, toolDurabilityCost: 15  },		
			"P": { type: "block", code: "game:painting-forestdawn-north", quantity: 1},
			"S": { type: "block", code: "game:storagevessel-burned", attributes: { type: "normal"}, quantity: 1}
		},
	  width: 3,
	  height: 2,
	  recipeGroup: 1,
	  requiresTrait: "avanturist",
	  output: { type: "block", code: "game:storagevessel-undergrowth", attributes: { type: "normal"}, quantity: 1}
	},
	{//
	  ingredientPattern:"HPD,_S_",
	  enabled: true,
	  ingredients: {
			"H": { type: "item", code: "game:hammer-*", isTool: true, toolDurabilityCost: 15  },
			"D": { type: "item", code: "game:chisel-*", isTool: true, toolDurabilityCost: 15  },		
			"P": { type: "block", code: "game:painting-hunterintheforest-north", quantity: 1},
			"S": { type: "block", code: "game:storagevessel-burned", attributes: { type: "normal"}, quantity: 1}
		},
	  width: 3,
	  height: 2,
	  recipeGroup: 1,
	  requiresTrait: "avanturist",
	  output: { type: "block", code: "game:storagevessel-beehive", attributes: { type: "normal"}, quantity: 1}
	},
	{//*******************картина повторюється
	  ingredientPattern:"H_D,PS_",
	  enabled: true,
	  ingredients: {
			"H": { type: "item", code: "game:hammer-*", isTool: true, toolDurabilityCost: 15  },
			"D": { type: "item", code: "game:chisel-*", isTool: true, toolDurabilityCost: 15  },		
			"P": { type: "block", code: "game:painting-fishandtherain-north", quantity: 1},
			"S": { type: "block", code: "game:storagevessel-burned", attributes: { type: "normal"}, quantity: 1}
		},
	  width: 3,
	  height: 2,
	  recipeGroup: 1,
	  requiresTrait: "avanturist",
	  output: { type: "block", code: "game:storagevessel-harvest", attributes: { type: "normal"}, quantity: 1}
	},
	{//*******************картина повторюється
	  ingredientPattern:"H_D,_SP",
	  enabled: true,
	  ingredients: {
			"H": { type: "item", code: "game:hammer-*", isTool: true, toolDurabilityCost: 15  },
			"D": { type: "item", code: "game:chisel-*", isTool: true, toolDurabilityCost: 15  },		
			"P": { type: "block", code: "game:painting-fishandtherain-north", quantity: 1},
			"S": { type: "block", code: "game:storagevessel-burned", attributes: { type: "normal"}, quantity: 1}
		},
	  width: 3,
	  height: 2,
	  recipeGroup: 1,
	  requiresTrait: "avanturist",
	  output: { type: "block", code: "game:storagevessel-honeydew", attributes: { type: "normal"}, quantity: 1}
	},
	{//
	  ingredientPattern:"HPD,_S_",
	  enabled: true,
	  ingredients: {
			"H": { type: "item", code: "game:hammer-*", isTool: true, toolDurabilityCost: 15  },
			"D": { type: "item", code: "game:chisel-*", isTool: true, toolDurabilityCost: 15  },		
			"P": { type: "block", code: "game:painting-castleruin-north", quantity: 1},
			"S": { type: "block", code: "game:storagevessel-burned", attributes: { type: "normal"}, quantity: 1}
		},
	  width: 3,
	  height: 2,
	  recipeGroup: 1,
	  requiresTrait: "avanturist",
	  output: { type: "block", code: "game:storagevessel-rutile", attributes: { type: "normal"}, quantity: 1}
	},
	{//
	  ingredientPattern:"HPD,_S_",
	  enabled: true,
	  ingredients: {
			"H": { type: "item", code: "game:hammer-*", isTool: true, toolDurabilityCost: 15  },
			"D": { type: "item", code: "game:chisel-*", isTool: true, toolDurabilityCost: 15  },		
			"P": { type: "block", code: "game:painting-underwater-north", quantity: 1},
			"S": { type: "block", code: "game:storagevessel-burned", attributes: { type: "normal"}, quantity: 1}
		},
	  width: 3,
	  height: 2,
	  recipeGroup: 1,
	  requiresTrait: "avanturist",
	  output: { type: "block", code: "game:storagevessel-seasalt", attributes: { type: "normal"}, quantity: 1}
	},
	{//
	  ingredientPattern:"HPD,_S_",
	  enabled: true,
	  ingredients: {
			"H": { type: "item", code: "game:hammer-*", isTool: true, toolDurabilityCost: 15  },
			"D": { type: "item", code: "game:chisel-*", isTool: true, toolDurabilityCost: 15  },		
			"P": { type: "block", code: "game:painting-bogfort-north", quantity: 1},
			"S": { type: "block", code: "game:storagevessel-burned", attributes: { type: "normal"}, quantity: 1}
		},
	  width: 3,
	  height: 2,
	  recipeGroup: 1,
	  requiresTrait: "avanturist",
	  output: { type: "block", code: "game:storagevessel-springflowers", attributes: { type: "normal"}, quantity: 1}
	},
	{//
	  ingredientPattern:"HPD,_S_",
	  enabled: true,
	  ingredients: {
			"H": { type: "item", code: "game:hammer-*", isTool: true, toolDurabilityCost: 15  },
			"D": { type: "item", code: "game:chisel-*", isTool: true, toolDurabilityCost: 15  },		
			"P": { type: "block", code: "game:painting-seraph-north", quantity: 1},
			"S": { type: "block", code: "game:storagevessel-burned", attributes: { type: "normal"}, quantity: 1}
		},
	  width: 3,
	  height: 2,
	  recipeGroup: 1,
	  requiresTrait: "avanturist",
	  output: { type: "block", code: "game:storagevessel-volcanic", attributes: { type: "normal"}, quantity: 1}
	},
	{//
//Крафт тенту з моду UsefulStaff змінено крафт - ЕКОНОМ
		ingredientPattern: "_S_	SPS	SSS",
		enabled: true,
		requiresTrait: "avanturist",
		ingredients: {
			"S": { type: "item", code: "game:rope", quantity: 2 },
			"P": { type: "item", code: "game:hide-pelt-*", quantity: 2, allowedVariants: ["large", "huge"] },
		},
		width: 3,
		height: 3,
		recipeGroup: 1,
		output: { type: "item", code: "usefulstuff:tentbag-empty"}
	},
	{//
		ingredientPattern: "_S_	SPS	SSS",
		enabled: true,
		requiresTrait: "avanturist",
		ingredients: {
			"S": { type: "item", code: "game:rope", quantity: 2 },
			"P": { type: "item", code: "game:hide-pelt-medium", quantity: 4 },
		},
		width: 3,
		height: 3,
		recipeGroup: 1,
		output: { type: "item", code: "usefulstuff:tentbag-empty"}
	},
	{//
		ingredientPattern: "_S_	SPS	SSS",
		enabled: true,
		requiresTrait: "avanturist",
		ingredients: {
			"S": { type: "item", code: "game:rope", quantity: 2 },
			"P": { type: "item", code: "game:hide-pelt-small", quantity: 8 },
		},
		width: 3,
		height: 3,
		recipeGroup: 1,
		output: { type: "item", code: "usefulstuff:tentbag-empty"}
	},
	{//
//Рецепт на набори для шиття з моду Butchering - УНІКАЛЬНИЙ
		"ingredientPattern": "MMK,MM_",
		"requiresTrait": "avanturist",
		"enabled": true,
		"ingredients": {
			"K": { "type": "item", "code": "butchering:needle-bone-kit", "quantity": 1 },
			"M": { "type": "item", "code": "butchering:sinew-dry", "quantity": 1 }
		},
		"width": 3,
		"height": 2,
		"recipeGroup": 3,
		"output": { "type": "item", "code": "game:sewingkit", "quantity": 1 }
	},
	{//
//Крафт пастки з кошика (рогіз) - ЕКОНОМ
		ingredientPattern: "LLL,LSL,LLL",
		requiresTrait: "avanturist",
		enabled: true,
		ingredients: {
			"L": { type: "item", code: "game:cattailtops", quantity: 1 },
			"P": { type: "item", code: "game:papyrustops", quantity: 2 },
			"S": { type: "item", code: "game:stick", quantity: 1 }
		},
		width: 3,
		height: 3,
		recipeGroup: 2,
		shapeless: false,
		output: { type: "block", code: "game:baskettrap-reed"  }
	},
	{//
//Крафт пастки з кошика (рогіз) - ЕКОНОМ
		ingredientPattern: "LPL,PSP,LPL",
		requiresTrait: "avanturist",
		enabled: true,
		ingredients: {
			"L": { type: "item", code: "game:papyrustops", quantity: 1 },
			"P": { type: "item", code: "game:papyrustops", quantity: 2 },
			"S": { type: "item", code: "game:stick", quantity: 1 }
		},
		width: 3,
		height: 3,
		recipeGroup: 2,
		shapeless: false,
		output: { type: "block", code: "game:baskettrap-reed"  }
	},
	{//
//Крафт Необроблена дуга довгого лука - ЕКОНОМ
		ingredientPattern: "SLA",
		requiresTrait: "avanturist",
		enabled: true,
		ingredients: {
			"S": { type: "item", code: "game:knife-*", isTool: true  },
			"A": { type: "item", code: "game:axe-*", isTool: true  },
			"L": { type: "block", code: "game:log-placed-*-ud", name: "wood", allowedVariants: ["oak", "maple", "walnut"] }
		},
		width: 3,
		height: 1,
		recipeGroup: 2,
		shapeless: false,
		output: { type: "item", code: "game:bowstave-long-raw", quantity: 1  }
	},
	{//
//Крафт Необроблена дуга вигнутого лука - ЕКОНОМ
		ingredientPattern: "SLA",
		requiresTrait: "avanturist",
		enabled: true,
		ingredients: {
			"S": { type: "item", code: "game:knife-*", isTool: true  },
			"A": { type: "item", code: "game:axe-*", isTool: true  },
			"L": { type: "item", code: "game:bamboostakes" }
		},
		width: 1,
		height: 3,
		recipeGroup: 2,
		shapeless: false,
		output: { type: "item", code: "game:bowstave-recurve-raw", quantity: 1  }
	},
	{//
		ingredientPattern: "SBA",
		requiresTrait: "avanturist",
		enabled: true,
		ingredients: {
			"S": { type: "item", code: "game:knife-*", isTool: true  },
			"A": { type: "item", code: "game:axe-*", isTool: true  },
			"B": { type: "item", code: "game:bowstave-long-raw" }
		},
		width: 1,
		height: 3,
		recipeGroup: 2,
		shapeless: false,
		output: { type: "item", code: "game:bowstave-recurve-raw", quantity: 1  }
	},
	{//
//Крафт крючків з заліза (120%) - УНІКАЛЬНИЙ - КРАФТ СХЕМА
		"ingredientPattern": "SLS,RHF",
		"requiresTrait": "avanturist",
		"enabled": true,
		"ingredients": {
			"L": { "type": "block", "code": "game:log-*", "quantity": 2 },
			"H": { "type": "item", "code": "butchering:hook-*", "quantity": 2, "name": "material", "allowedVariants": ["iron"] },
			"R": { "type": "item", "code": "game:resin", "quantity": 1 },
			"F": { "type": "item", "code": "game:flint", "quantity": 1 },
			"S": { "type": "item", "code": "game:stick", "quantity": 4 }
		},
		"width": 3,
		"height": 2,
		"recipeGroup": 2,
		"shapeless": false,
		"output": { "type": "block", "code": "butchering:butcherhook-{material}-north", "quantity": 1  }
	},
	{//
//Крафт Композитного штоку з моду MaltiezCrossbows - додавання рецепту Авантюристу (модовий крафт відданий Винахіднику) - УНІКАЛЬНИЙ - КРАФТ СХЕМА
		"ingredientPattern": "BLB,MSM",
		"requiresTrait": "avanturist",
		"enabled": true,	
		"ingredients": {
			"L": { "type": "item", "code": "game:leather-normal-plain", "name": "metal" },
			"B": { "type": "item", "code": "game:bone" },
			"M": { "type": "item", "code": "game:bushmeat-raw" },
			"S": { "type": "item", "code": "game:bowstave-recurve-dry" }
		},
		"width": 3,
		"height": 2,
		"recipeGroup": 2,
		"shapeless": false,
		"output": { "type": "item", "code": "maltiezcrossbows:bow-composite-heavy", "quantity": 1  }
	},
	{//
//Крафт Лебідки з моду MaltiezCrossbows - додавання рецепту Авантюристу (модовий крафт відданий Винахіднику) - УНІКАЛЬНИЙ - КРАФТ СХЕМА
		"ingredientPattern": "HCB,PAP",
		"requiresTrait": "avanturist",
		"enabled": true,		
		"ingredients": {
			  "A": {"type": "item", "code": "maltiezcrossbows:parts-windlass-steel", "quantity": 1},
			  "B": {"type": "item", "code": "game:metalnailsandstrips-iron", "quantity": 1},
			  "C": {"type": "item", "code": "game:flaxtwine", "quantity": 16},
			  "P": {"type": "item", "code": "game:plank-*", "quantity": 1},
			  "H": {"type": "item", "code": "game:hammer-*", "quantity": 1, "isTool": true}
		},
		"width": 3,
		"height": 2,
		"recipeGroup": 2,
		"shapeless": false,
		"output": {"type": "item", "code": "maltiezcrossbows:spanningtool-windlass"}
	},
	{//
//Крафт Козиної ноги з моду MaltiezCrossbows - додавання рецепту Авантюристу (модовий крафт відданий Винахіднику) - УНІКАЛЬНИЙ - КРАФТ СХЕМА
		"ingredientPattern": "HAB",
		"requiresTrait": "avanturist",
		"enabled": true,
		"ingredients": {
			  "A": {"type": "item", "code": "maltiezcrossbows:parts-goatfoot-steel", "quantity": 1},
			  "B": {"type": "item", "code": "game:metalnailsandstrips-iron", "quantity": 1},
			  "H": {"type": "item", "code": "game:hammer-*", "quantity": 1, "isTool": true}
		},
		"width": 3,
		"height": 1,
		"recipeGroup": 2,
		"shapeless": false,
		"output": {"type": "item", "code": "maltiezcrossbows:spanningtool-goatsfoot"}
	},
	{//
//Крафт Сагайдака з моду MaltiezCrossbows - ЕКОНОМ
		"ingredientPattern": "_NL,__L,__L",
		"requiresTrait": "avanturist",
		"enabled": true,
		"ingredients": {
			"N": {"type": "item", "code": "game:metalnailsandstrips-*", "quantity": 1 },
			"L": { "type": "item", "code": "game:leather-normal-plain", "quantity": 1 }
		},
		"width": 3,
		"height": 3,
		"recipeGroup": 2,
		"shapeless": false,
		"output": { "type": "item", "code": "maltiezcrossbows:quiver-waist-plain", "quantity": 1 }
	},
	{//
//Крафт Хутряний комір дворянина - з шкур - ЕКОНОМ
		ingredientPattern: "_K_,_H_",
		enabled: true,
		requiresTrait: "avanturist",
		ingredients: {
			"H": { type: "item", code: "game:hide-pelt-small", quantity: 1 },
			"K": { type: "item", code: "game:knife-*", isTool: true  }
		},
		width: 3,
		height: 2,
		recipeGroup: 1,
		shapeless: false,
		output: { type: "item", code: "game:clothes-shoulder-noble-fur-collar", quantity: 1 }
	},
]