[
	{
//Ремонт меча ЧВ й Приречених
		"ingredientPattern": "RA",
		"enabled": true,
		"requiresTrait": "chornavarta",
		"ingredients": {
			"A": {"type": "item", "code": "game:*-iron", "name": "tools", 
			"allowedVariants": [ 
				"blade-blackguard",
				"blade-forlorn",
			] },
			"R": {"type": "item","code": "fendragonsmp:repair-tools-iron", "returnedStack": { "type": "item", "code": "game:hunterbackpack", "quantity": 1 }, "quantity": 1 }
		},
		"width": 1,
		"height": 2,
		"recipeGroup": 2,
		"copyAttributesFrom": "A",
		"shapeless": false,
		"averageDurability": true,
		"output": {"type": "item","code": "game:{tools}-iron", "quantity": 1 }
	},
	{
//Крафт шолома ЧВ
		ingredientPattern: "C,H",
		ingredients: {
			"C": { type: "item", code: "game:metalchain-iron", quantity: 1 },
			"H": { type: "item", code: "game:armor-head-chain-blackbronze" }
		},
		width: 1,
		height: 2,
		recipeGroup: 1,
		requiresTrait: "chornavarta",
		output: { type: "item", code: "game:armor-head-antique-blackguard-broken"  }
	},
	{
//Крафт кіраси ЧВ
		ingredientPattern: "CHC,CCC",
		recipeGroup: 1,
		ingredients: {
			"C": { type: "item", code: "game:metalchain-iron", quantity: 1 },
			"H": { type: "item", code: "game:armor-body-chain-blackbronze" }
		},
		width: 3,
		height: 2,
		requiresTrait: "chornavarta",
		output: { type: "item", code: "game:armor-body-antique-blackguard-broken"  }
	},
	{
//Крафт поножей ЧВ
		ingredientPattern: "_C_,CHC",
		recipeGroup: 1,
		ingredients: {
			"C": { type: "item", code: "game:metalchain-iron", quantity: 1 },
			"H": { type: "item", code: "game:armor-legs-chain-blackbronze" }
		},
		width: 3,
		height: 2,
		requiresTrait: "chornavarta",
		output: { type: "item", code: "game:armor-legs-antique-blackguard-broken"  }
	},	
	{
//Крафт шолома Приречених
		ingredientPattern: "C,H",
		recipeGroup: 1,
		ingredients: {
			"C": { type: "item", code: "game:metalchain-iron", quantity: 1 },
			"H": { type: "item", code: "game:armor-head-chain-gold" }
		},
		width: 1,
		height: 2,
		requiresTrait: "chornavarta",
		output: { type: "item", code: "game:armor-head-antique-forlorn-broken"  }
	},
	{
//Крафт кіраси Приречених
		ingredientPattern: "CHC,CGC,B_B",
		recipeGroup: 1,
		ingredients: {
			"C": { type: "item", code: "game:metalchain-iron", quantity: 1 },
			"G": { type: "item", code: "game:metalchain-gold", quantity: 1 },
			"B": { type: "item", code: "game:cloth-blue", quantity: 1 },
			"H": { type: "item", code: "game:armor-body-chain-gold" }
		},
		width: 3,
		height: 3,
		requiresTrait: "chornavarta",
		output: { type: "item", code: "game:armor-body-antique-forlorn-broken"  }
	},
	{
//Крафт поножей Приречених
		ingredientPattern: "_C_,CHC",
		recipeGroup: 1,
		ingredients: {
			"C": { type: "item", code: "game:metalchain-iron", quantity: 1 },
			"H": { type: "item", code: "game:armor-legs-chain-gold" }
		},
		width: 3,
		height: 2,
		name: "broken forlorn leg armor",
		requiresTrait: "chornavarta",
		output: { type: "item", code: "game:armor-legs-antique-forlorn-broken"  }
	},
	{
//Крафт меча Приречених
		ingredientPattern: "TG,SC",
		requiresTrait: "chornavarta",
		ingredients: {
			"T": { type: "item", code: "game:bladehead-short-iron"  },
			"S": { type: "item", code: "game:stick" },
			"G": { type: "item", code: "game:metalbit-gold", quantity: 5 },
			"C": { type: "item", code: "game:metalbit-silver", quantity: 5 }
		},
		width: 2,
		height: 2,
		recipeGroup: 2,
		output: { type: "item", code: "game:blade-forlorn-iron", quantity: 1  }
	},			
	{
//Крафт Тиньку - ЕКОНОМ
		"ingredientPattern": "LS",
		"requiresTrait": "chornavarta",
		"ingredients": {
			"L": {"type": "item","code": "game:quicklime","quantity": 4},
			"S": {"type": "block","code": "game:sand-*", "quantity": 8 }
		},
		"width": 1,
		"height": 2,
		"recipeGroup": 2,
		"shapeless": false,
		"output": {"type": "block","code": "game:plaster-plain", "quantity": 8 }
	},
	{
//Крафт обрамленого тиньку - ЕКОНОМ
		"ingredientPattern": "_S_,SLS,_S_",
		"requiresTrait": "chornavarta",
		"ingredients": {
			"L": {"type": "block","code": "game:plaster-plain","quantity": 1},
			"S": {"type": "item","code": "game:stick","quantity": 1}
		},
		"width": 3,
		"height": 3,
		"recipeGroup": 2,
		"shapeless": false,
		"output": {"type": "block","code": "game:plaster-square", "quantity": 1}
	},
	{
		"ingredientPattern": "S__,L__,S__",
		"requiresTrait": "chornavarta",
		"ingredients": {
			"L": {"type": "block","code": "game:plaster-plain","quantity": 1},
			"S": {"type": "item","code": "game:stick","quantity": 1}
		},
		"width": 3,
		"height": 3,
		"recipeGroup": 2,
		"shapeless": false,
		"output": {"type": "block","code": "game:plaster-stripes-ud", "quantity": 1}
	},
	{
		"ingredientPattern": "S__,_L_,__S",
		"requiresTrait": "chornavarta",
		"ingredients": {
			"L": {"type": "block","code": "game:plaster-plain","quantity": 1},
			"S": {"type": "item","code": "game:stick","quantity": 1}
		},
		"width": 3,
		"height": 3,
		"recipeGroup": 2,
		"shapeless": false,
		"output": {"type": "block","code": "game:plaster-diagonal-ud", "quantity": 1}
	},
]