[
	{//0
//Набір для ремонту інструменту з варіацією скрині - УНІКАЛЬНИЙ
		"ingredientPattern": "SHC,MGR",
		"enabled": true,
		"requiresTrait": "koval",
		"ingredients": {			
			"H": { "type": "item", "code": "game:hammer-*", "isTool": true, "toolDurabilityCost": 5  },
			"C": { "type": "item", "code": "game:chisel-*", "isTool": true, "toolDurabilityCost": 5  },
			"S": { "type": "item", "code": "game:solderingiron", "isTool": true, "toolDurabilityCost": 5  }, 
			"M": { "type": "item", "code": "game:metalbit-*", "name": "metal", "allowedVariants": [ "copper", "tinbronze", "bismuthbronze", "blackbronze", "iron", "meteoriciron", "steel" ], "quantity": 10 },
			"G": { "type": "item", "code": "game:hunterbackpack", "quantity": 3 },			
			"R": { "type": "item", "code": "game:resin", "quantity": 3 }
		},
		"width": 3,
		"height": 2,
		"recipeGroup": 1,
		"shapeless": false,
		"output": {"type": "item","code": "fendragonsmp:repair-tools-{metal}","quantity": 3 }
	},
	{//
//Крафт люстри - УНІКАЛЬНИЙ - СХЕМА
		  "ingredientPattern":"HST,СSС,S_S",
		  "enabled": true,
		  "ingredients": {			
			"H": { "type": "item", "code": "game:hammer-*", "isTool": true, "toolDurabilityCost": 25  },
			"T": { "type": "item", "code": "game:chisel-*", "isTool": true, "toolDurabilityCost": 25  },
			"С": { "type": "item", "code": "game:candle", "quantity": 4 },
			"S": { "type": "block", "code": "game:metal-scraps", "quantity": 1 }
			},
		  "width": 3,
		  "height": 3,
		  "recipeGroup": 1,
		  "requiresTrait": "koval",
		  "output": { "type": "block", "code": "game:chandelier-candle8", "quantity": 1 }
	},
	{//
		  "ingredientPattern":"HST,_S_,S_S",
		  "enabled": true,
		  "ingredients": {			
			"H": { "type": "item", "code": "game:hammer-*", "isTool": true, "toolDurabilityCost": 25  },
			"T": { "type": "item", "code": "game:chisel-*", "isTool": true, "toolDurabilityCost": 25  },
			"S": { "type": "block", "code": "game:metal-scraps", "quantity": 1 }
			},
		  "width": 3,
		  "height": 3,
		  "recipeGroup": 1,
		  "requiresTrait": "koval",
		  "output": { "type": "block", "code": "game:chandelier-candle0", "quantity": 1 }
	},
	{//
//Крафт залізних брам - УНІКАЛЬНИЙ - СХЕМА
		  ingredientPattern:"HPW,MGS,RPR",
		  enabled: true,
		  ingredients: {			
			"H": { type: "item", code: "game:hammer-*", isTool: true, toolDurabilityCost: 25  },
			"W": { type: "item", code: "game:wrench-*", isTool: true, toolDurabilityCost: 25  },			
			"P": { type: "item", code: "game:plank-*", quantity: 10 },
			"S": { type: "item", code: "game:metalnailsandstrips-*", quantity: 5 },
			"M": { type: "item", code: "game:metalplate-iron", quantity: 2 },
			"G": { type: "item", code: "game:gear-rusty", quantity: 3 },
			"R": { type: "block", code: "game:metal-scraps", quantity: 3 }
			},
		  width: 3,
		  height: 3,
		  recipeGroup: 1,
		  requiresTrait: "koval",
		  output: { type: "block", code: "game:door-1x2heavy-aged", quantity: 1 }
	},
	{//
		  ingredientPattern:"HPW,MGS,RPR",
		  enabled: true,
		  ingredients: {			
			"H": { type: "item", code: "game:hammer-*", isTool: true, toolDurabilityCost: 25  },
			"W": { type: "item", code: "game:wrench-*", isTool: true, toolDurabilityCost: 25  },			
			"P": { type: "item", code: "game:plank-*", quantity: 10 },
			"S": { type: "item", code: "game:metalnailsandstrips-*", quantity: 5 },
			"M": { type: "item", code: "game:metalplate-iron", quantity: 2 },
			"G": { type: "block", code: "game:door-1x2heavy-aged", quantity: 1},
			"R": { type: "block", code: "game:metal-scraps", quantity: 3 }
			},
		  width: 3,
		  height: 3,
		  recipeGroup: 1,
		  requiresTrait: "koval",
		  output: { type: "block", code: "game:door-1x3heavy-aged", quantity: 1 }
	},
	{//5
		  ingredientPattern:"HPW,MGS,RPR",
		  enabled: true,
		  ingredients: {			
			"H": { type: "item", code: "game:hammer-*", isTool: true, toolDurabilityCost: 25  },
			"W": { type: "item", code: "game:wrench-*", isTool: true, toolDurabilityCost: 25  },			
			"P": { type: "item", code: "game:plank-*", quantity: 10 },
			"S": { type: "item", code: "game:metalnailsandstrips-*", quantity: 5 },
			"M": { type: "item", code: "game:metalplate-iron", quantity: 2 },
			"G": { type: "block", code: "game:door-1x3heavy-aged", quantity: 1 },
			"R": { type: "block", code: "game:metal-scraps", quantity: 3 }
			},
		  width: 3,
		  height: 3,
		  recipeGroup: 1,
		  requiresTrait: "koval",
		  output: { type: "block", code: "game:door-2x4heavy-aged", quantity: 1 }
	},
	{//
//Крафт цеглин (блакитної, вогнетривкої, червоної) - ЕКОНОМ
		"ingredientPattern": "C,C",
		"requiresTrait": "koval",
		"ingredients": {
			"C": { "type": "item", "code": "game:clay-*", "name": "type", "quantity": 2 }
		},
		"width": 2,
		"height": 1,
		"recipeGroup": 2,
		"shapeless": false,
		"output": {"type": "item", "code": "game:rawbrick-{type}", "quantity": 2}
	},
	{//
//Крафт розчину для мурування - ЕКОНОМ
		"ingredientPattern": "WLS",
		"requiresTrait": "koval",
		"ingredients": {
			"W": {"type": "block","code": "game:woodbucket"},
			"L": {"type": "item","code": "game:quicklime","quantity": 1},
			"S": {"type": "block","code": "game:sand-*"}
		},
		"width": 3,
		"height": 1,
		"shapeless": true,
		"attributes": {
			"liquidContainerProps": {
				"requiresContent": {
					"type": "item",
					"code": "game:waterportion",
					"consumeContainer": false,
				},
				"requiresLitres": 1
			}
		},
		"output": {"type": "item","code": "game:mortar","quantity": 16}
	},
	{//
//Крафт Тесаний камінь - ЕКОНОМ
		"ingredientPattern": "H,C,S",
		"enabled": true,
		"requiresTrait": "koval",
		"ingredients": {
			"H": { "type": "item", "code": "game:hammer-*", "isTool": true, "toolDurabilityCost": 1  },
			"C": {"type": "item","code": "game:chisel-*","isTool": true, "toolDurabilityCost": 1},
			"S": {"type": "item","code": "game:stone-*","quantity": 2, "name": "rock", "allowedVariants": ["andesite","chalk","chert","conglomerate","limestone","claystone","granite","sandstone","shale","basalt","peridotite","phyllite","slate","bauxite"]}
		},
		"width": 1,
		"height": 3,
		"recipeGroup": 2,
		"shapeless": false,
		"output": {"type": "item","code": "game:stonebrick-{rock}","quantity": 1}
	},
	{//
//Крафт Затверділої глини (блакитна, вогнетривка, червона) - ЕКОНОМ
		"ingredientPattern": "SHS,SSS,SSS",
		"enabled": true,
		"requiresTrait": "koval",
		"ingredients": {
			"S": {"type": "item","code": "game:clay-*", "name": "clay", "allowedVariants": [ "blue", "fire", "red" ], "quantity": 1},
			"H": { "type": "item", "code": "game:hammer-*", "isTool": true, "toolDurabilityCost": 1  },
		},
		"width": 3,
		"height": 3,
		"recipeGroup": 2,
		"shapeless": false,
		"output": {"type": "block","code": "game:hardenedclay-{clay}","quantity": 8}
	},
	{//10
//Крафт Затверділої глини (коричнева) - ЕКОНОМ
		"ingredientPattern": "SHS,SSS,SWS",
		"enabled": true,
		"requiresTrait": "koval",
		"ingredients": {
			"S": { "type": "item", "code": "game:clay-*", "name": "clay", "allowedVariants": [ "blue", "fire", "red" ], "quantity": 1 },
			"W": { "type": "block", "code": "game:sand-*", "name": "rock", "allowedVariants": ["shale", "basalt", "slate"], "quantity": 1 },
			"H": { "type": "item", "code": "game:hammer-*", "isTool": true, "toolDurabilityCost": 1 }
		},
		"width": 3,
		"height": 3,
		"recipeGroup": 2,
		"shapeless": false,
		"output": {"type": "block","code": "game:hardenedclay-brown","quantity": 8}
	},
  {//
//Крафт лотків для промивання  - УНІКАЛЬНИЙ - СХЕМА
    "ingredientPattern": "H,P",
    "requiresTrait": "koval",
	"enabled": true,
    "ingredients": {
      "P": {"type": "item","code": "game:metalplate-*", "name": "metal", "allowedVariants": [ "copper", "tinbronze", "iron", "steel" ], "quantity": 1 },
      "H": {"type": "item","code": "game:hammer-*","isTool": true, "toolDurabilityCost": 50 }
    },
    "width": 1,
    "height": 2,
	"recipeGroup": 1,
    "output": {"type": "block","code": "fendragonsmp:metalpan-{metal}","quantity": 1 }
  },
  {//
//Шахтарський ліхтар ПРОСТИЙ - УНІКАЛЬНИЙ - СХЕМА
    "ingredientPattern": "_B_,WFT,_P_",
	"enabled": true,
    "requiresTrait": "koval",
    "ingredients": {
      "B": {"type": "item","code": "game:bone","quantity": 1},
      "W": {"type": "item","code": "game:firewood","quantity": 4},
      "T": {"type": "item","code": "game:flaxtwine","quantity": 1},
      "F": {"type": "item","code": "game:fat","quantity": 2},
      "P": {"type": "block","code": "game:flowerpot-burnt","quantity": 1}
    },
    "width": 3,
    "height": 3,
    "shapeless": false,
    "output": {"type": "block","code": "fendragonsmp:primitivemininglantern-south","quantity": 1}
  },
  {//
//Шахтарський ліхтар ПРОДВИНУТИЙ - УНІКАЛЬНИЙ - СХЕМА
    "ingredientPattern": "B_,FT,M_",
	"enabled": true,
    "requiresTrait": "koval",
    "ingredients": {
      "B": {"type": "item","code": "game:metalplate-brass","quantity": 1},
      "M": {"type": "item","code": "game:metalplate-molybdochalkos","quantity": 1},
      "F": {"type": "item","code": "game:fat","quantity": 2},
      "T": {"type": "item","code": "game:flaxtwine","quantity": 1}
    },
    "width": 2,
    "height": 3,
    "shapeless": false,
    "output": {"type": "block","code": "fendragonsmp:metalmininglantern-south","quantity": 1}
  },  
 	{//
//Крафт димоходів які горять ЕКОНОМ
		  ingredientPattern:"DSH,PSP,SSS",
		  enabled: true,
		  ingredients: {			
			"H": { type: "item", code: "game:hammer-*", isTool: true, toolDurabilityCost: 1  },
			"D": { type: "item", code: "game:chisel-*", isTool: true, toolDurabilityCost: 1  },			
			"P": { type: "item", code: "game:clay-*", quantity: 1 },
			"S": { type: "item", code: "game:burnedbrick-*", name: "type", quantity: 1 }
			},
		  width: 3,
		  height: 3,
		  recipeGroup: 2,
		  requiresTrait: "koval",
		  output: { type: "block", code: "fendragonsmp:dimari-{type}-ns", quantity: 1 }
	},
	{//15
//Крафт розбитих ліхтарів в звичайні - УНІКАЛЬНИЙ - СХЕМА
		"ingredientPattern": "_H_,_L_,_M_",
		"enabled": true,		
		"requiresTrait": "koval",
		"ingredients": {
			"H": { "type": "item", "code": "game:hammer-*", "isTool": true, "toolDurabilityCost": 10  },
			"L": {"type": "block","code": "game:clutter", "attributes": { "type": "lantern/ground1" }, "quantity": 1 },
			"M": {"type": "item","code": "game:metalplate-*", "name": "material", "allowedVariants": ["copper", "brass", "blackbronze", "bismuth", "tinbronze", "bismuthbronze", "iron", "molybdochalkos", "silver", "gold", "meteoriciron", "steel" ], "quantity": 1 }
		},
		"width": 3,
		"height": 3,
		"recipeGroup": 2,
		"shapeless": false,
		"output": {"type": "block", "code": "game:lantern-up", "attributes": { "material": "{material}", "lining": "plain", "glass": "quartz" }, "quantity": 1}
	},
	{//
		"ingredientPattern": "_H_,_L_,_M_",
		"enabled": true,		
		"requiresTrait": "koval",
		"ingredients": {
			"H": { "type": "item", "code": "game:hammer-*", "isTool": true, "toolDurabilityCost": 10  },
			"L": {"type": "block","code": "game:clutter", "attributes": { "type": "lantern/ground2" }, "quantity": 1 },
			"M": {"type": "item","code": "game:metalplate-*", "name": "material", "allowedVariants": ["copper", "brass", "blackbronze", "bismuth", "tinbronze", "bismuthbronze", "iron", "molybdochalkos", "silver", "gold", "meteoriciron", "steel" ], "quantity": 1 }
		},
		"width": 3,
		"height": 3,
		"recipeGroup": 2,
		"shapeless": false,
		"output": {"type": "block", "code": "game:lantern-up", "attributes": { "material": "{material}", "lining": "plain", "glass": "quartz" }, "quantity": 1}
	},
	{//
		"ingredientPattern": "_H_,_L_,_M_",
		"enabled": true,
		"requiresTrait": "koval",
		"ingredients": {
			"H": { "type": "item", "code": "game:hammer-*", "isTool": true, "toolDurabilityCost": 10  },
			"L": {"type": "block","code": "game:clutter", "attributes": { "type": "lantern/ground3" }, "quantity": 1 },
			"M": {"type": "item","code": "game:metalplate-*", "name": "material", "allowedVariants": ["copper", "brass", "blackbronze", "bismuth", "tinbronze", "bismuthbronze", "iron", "molybdochalkos", "silver", "gold", "meteoriciron", "steel" ], "quantity": 1 }
		},
		"width": 3,
		"height": 3,
		"recipeGroup": 2,
		"shapeless": false,
		"output": {"type": "block", "code": "game:lantern-up", "attributes": { "material": "{material}", "lining": "plain", "glass": "quartz" }, "quantity": 1}
	},
	{//
		"ingredientPattern": "_H_,_L_,_M_",
		"enabled": true,		
		"requiresTrait": "koval",
		"ingredients": {
			"H": { "type": "item", "code": "game:hammer-*", "isTool": true, "toolDurabilityCost": 10  },
			"L": {"type": "block","code": "game:clutter", "attributes": { "type": "lantern/ground4" }, "quantity": 1 },
			"M": {"type": "item","code": "game:metalplate-*", "name": "material", "allowedVariants": ["copper", "brass", "blackbronze", "bismuth", "tinbronze", "bismuthbronze", "iron", "molybdochalkos", "silver", "gold", "meteoriciron", "steel" ], "quantity": 1 }
		},
		"width": 3,
		"height": 3,
		"recipeGroup": 2,
		"shapeless": false,
		"output": {"type": "block", "code": "game:lantern-up", "attributes": { "material": "{material}", "lining": "plain", "glass": "quartz" }, "quantity": 1}
	},
	{//
		"ingredientPattern": "_H_,_L_,_M_",
		"enabled": true,		
		"requiresTrait": "koval",
		"ingredients": {
			"H": { "type": "item", "code": "game:hammer-*", "isTool": true, "toolDurabilityCost": 10  },
			"L": {"type": "block","code": "game:clutter", "attributes": { "type": "lantern/ground5" }, "quantity": 1 },
			"M": {"type": "item","code": "game:metalplate-*", "name": "material", "allowedVariants": ["copper", "brass", "blackbronze", "bismuth", "tinbronze", "bismuthbronze", "iron", "molybdochalkos", "silver", "gold", "meteoriciron", "steel" ], "quantity": 1 }
		},
		"width": 3,
		"height": 3,
		"recipeGroup": 2,
		"shapeless": false,
		"output": {"type": "block", "code": "game:lantern-up", "attributes": { "material": "{material}", "lining": "plain", "glass": "quartz" }, "quantity": 1}
	},
	{//20
		"ingredientPattern": "_H_,_L_,_M_",
		"enabled": true,
		"requiresTrait": "koval",
		"ingredients": {
			"H": { "type": "item", "code": "game:hammer-*", "isTool": true, "toolDurabilityCost": 10  },
			"L": {"type": "block","code": "game:clutter", "attributes": { "type": "lantern/ground6" }, "quantity": 1 },
			"M": {"type": "item","code": "game:metalplate-*", "name": "material", "allowedVariants": ["copper", "brass", "blackbronze", "bismuth", "tinbronze", "bismuthbronze", "iron", "molybdochalkos", "silver", "gold", "meteoriciron", "steel" ], "quantity": 1 }
		},
		"width": 3,
		"height": 3,
		"recipeGroup": 2,
		"shapeless": false,
		"output": {"type": "block", "code": "game:lantern-up", "attributes": { "material": "{material}", "lining": "plain", "glass": "quartz" }, "quantity": 1}
	},
	{//
		"ingredientPattern": "_H_,_L_,_M_",
		"enabled": true,
		"requiresTrait": "koval",
		"ingredients": {
			"H": { "type": "item", "code": "game:hammer-*", "isTool": true, "toolDurabilityCost": 10  },
			"L": {"type": "block","code": "game:clutter", "attributes": { "type": "lantern/ground-evaporating" }, "quantity": 1 },
			"M": {"type": "item","code": "game:metalplate-*", "name": "material", "allowedVariants": ["copper", "brass", "blackbronze", "bismuth", "tinbronze", "bismuthbronze", "iron", "molybdochalkos", "silver", "gold", "meteoriciron", "steel" ], "quantity": 1 }
		},
		"width": 3,
		"height": 3,
		"recipeGroup": 2,
		"shapeless": false,
		"output": {"type": "block", "code": "game:lantern-up", "attributes": { "material": "{material}", "lining": "plain", "glass": "quartz" }, "quantity": 1}
	},
	{
//Крафт Основа важільного молота - ЕКОНОМ (такий крафт є  у Коваля й Винахідника)
		ingredientPattern: "H_P,CP_,PR_",
		enabled: true,
		requiresTrait: "koval",
		ingredients: {
			"H": { type: "item", code: "game:hammer-*", isTool: true, toolDurabilityCost: 10 },
			"C": { type: "item", code: "game:knife-*", isTool: true, toolDurabilityCost: 5 },
			"P": { type: "item", code: "game:plank-*", name: "wood" },
			"R": { type: "item", code: "game:fat" }
		},
		width: 3,
		height: 3,
		recipeGroup: 3,
		shapeless: false,
		output: { type: "block", code: "game:helvehammerbase-north", quantity: 1 }
	},
	{
//Крафт Привод важільного молота - ЕКОНОМ (такий крафт є  у Коваля й Винахідника)
		ingredientPattern: "H_C,PAP,_F_",
		enabled: true,
		requiresTrait: "koval",
		ingredients: {
			"H": { type: "item", code: "game:hammer-*", isTool: true, toolDurabilityCost: 2 },
			"C": { type: "item", code: "game:knife-*", isTool: true, toolDurabilityCost: 5 },
			"P": { type: "item", code: "game:plank-*", name: "wood", quantity: 2 },
			"F": { type: "item", code: "game:fat", quantity: 2 },
			"A": { type: "block", code: "game:woodenaxle-ud" }
		},
		width: 3,
		height: 3,
		recipeGroup: 3,
		shapeless: false,
		output: { type: "block", code: "game:woodentoggle-ns", quantity: 1 }
	},
	{//
//Крафт Молот подрібнювача - ЕКОНОМ (такий крафт є у Коваля й Винахідника)
		ingredientPattern: "_H,_B,_B",
		enabled: true,
		requiresTrait: "koval",
		ingredients: {
			"H": { type: "item", code: "game:hammerhead-*", name: "metal", allowedVariants: ["tinbronze", "bismuthbronze", "blackbronze", "iron", "meteoriciron", "steel"] },
			"B": { type: "item", code: "game:plank-*", quantity: 2 }
		},
		width: 2,
		height: 3,
		recipeGroup: 3,
		shapeless: false,
		output: { type: "item", code: "game:helvehammer-{metal}" }
	},
	{//
//Крафт рукавиць 'Коваля'************************************ - ВИКЛЮЧЕНО (не працюють!!)***************************
		"ingredientPattern": "LCL,RSR",
		"enabled": false,
		"requiresTrait": "koval",
		"ingredients": {
			"C": { "type": "item", "code": "game:knife-*", "isTool": true, "toolDurabilityCost": 5 },
			"L": { "type": "item", "code": "game:leather-sturdy-plain", "quantity": 1 },						
			"R": { "type": "item", "code": "game:metalbit-*", "name": "varik", "allowedVariants": [ "nickel", "chromium" ], "quantity": 5 },
			"S": { "type": "item", "code": "game:sewingkit", "quantity": 1 }
		},
		"width": 3,
		"height": 2,
		"recipeGroup": 1,
		"shapeless": false,
		"output": { "type": "item", "code": "fendragonsmp:fenclothes-hand", "quantity": 1 }
	},
]