[
	{//0
//Крафт насіння з врожаю
		"ingredientPattern": "SL",
		"enabled": true,
		"requiresTrait": "remisnik",
		"ingredients": {
			"S": {"type": "item","code": "game:vegetable-*", "name": "variant", "allowedVariants": [ "carrot", "cabbage", "onion", "parsnip", "turnip", "pumpkin", "cassava", "bellpepper"]},
			"L": {"type": "item", "code": "game:knife-*", "isTool": true, "toolDurabilityCost": 1 }
		},
		"width": 1,
		"height": 2,
		"shapeless": false,
		"recipeGroup": 1,
		"output": {"type": "item","code": "game:seeds-{variant}","quantity": 1}
	},
	{//
		"ingredientPattern": "SL",
		"enabled": true,
		"requiresTrait": "remisnik",
		"ingredients": {
			"S": {"type": "item","code": "game:grain-*", "name": "variant", "allowedVariants": [ "flax", "rice", "spelt", "rye", "amaranth", "peanut", "sunflower"]},
			"L": {"type": "block", "code": "game:sieve-linen", "quantity": 1, "isTool": true, "toolDurabilityCost": 1 }
		},
		"width": 1,
		"height": 2,
		"shapeless": false,
		"recipeGroup": 1,
		"output": {"type": "item","code": "game:seeds-{variant}","quantity": 1}
	},
	{//
		"ingredientPattern": "SL",
		"enabled": true,
		"requiresTrait": "remisnik",
		"ingredients": {
			"S": {"type": "item","code": "game:fruit-pineapple","quantity": 1},
			"L": {"type": "item", "code": "game:knife-*", "isTool": true, "toolDurabilityCost": 1 }
		},
		"width": 1,
		"height": 2,
		"shapeless": false,
		"recipeGroup": 1,
		"output": {"type": "item","code": "game:seeds-pineapple","quantity": 1}
	},
	{//
		"ingredientPattern": "SL",
		"enabled": true,
		"requiresTrait": "remisnik",
		"ingredients": {
			"S": {"type": "item","code": "game:legume-*", "name": "variant", "allowedVariants": [ "soybean", "peanut"]},
			"L": {"type": "item", "code": "game:knife-*", "isTool": true, "toolDurabilityCost": 1 }
		},
		"width": 1,
		"height": 2,
		"shapeless": false,
		"recipeGroup": 1,
		"output": {"type": "item","code": "game:seeds-{variant}","quantity": 1}
	},
	{//
//Крафт солодкого перцю на посадку
		"ingredientPattern": "NCGS",
		"enabled": true,
		"requiresTrait": "remisnik",
		"ingredients": {
			"N": {"type": "item","code": "game:seeds-bellpepper", "quantity": 1 },
			"C": {"type": "item","code": "game:compost", "quantity": 16 },
			"S": {"type": "block","code": "game:soil-*", "quantity": 1 },			
			"G": {"type": "block","code": "game:flowerpot-burnt", "quantity": 1 }
		},
		"width": 2,
		"height": 2,
		"shapeless": false,
		"output": {"type": "block","code": "game:crop-bellpepper-1","quantity": 1}
	},	
	{//5
//Крафт Базового добрива (30) - ЕКОНОМ
		"ingredientPattern": "BCB,GCG,SCS",
		"enabled": true,
		"requiresTrait": "remisnik",
		"ingredients": {
			"C": {"type": "item","code": "game:compost","quantity": 2},
			"B": {"type": "item","code": "game:bonemeal","quantity": 1},
			"G": {"type": "item","code": "game:paper-parchment","quantity": 1},
			"S": {"type": "item","code": "game:saltpeter","quantity": 1}
		},
		"width": 3,
		"height": 3,
		"shapeless": false,
		"output": {"type": "item","code": "fendragonsmp:basicbooster","quantity": 4}
	},
	{//
//Крафт Якісного добрива (60) - ЕКОНОМ
		"ingredientPattern": "SCP,GCG,BCX",
		"enabled": true,
		"requiresTrait": "remisnik",
		"ingredients": {
			"C": {"type": "item","code": "game:compost","quantity": 2},
			"B": {"type": "item","code": "game:bonemeal","quantity": 2},
			"P": {"type": "item","code": "game:ore-phosphorite","quantity": 1},
			"G": {"type": "item","code": "game:paper-parchment","quantity": 1},
			"X": {"type": "item","code": "game:powder-sulfur","quantity": 1},
			"S": {"type": "item","code": "game:potash","quantity": 1}
		},
		"width": 3,
		"height": 3,
		"shapeless": false,
		"output": {"type": "item","code": "fendragonsmp:qualitybooster","quantity": 4}
	},
	{//
//Крафт землі високої плодородності
		"ingredientPattern": "WBW,XSX,WBW",
		"enabled": true,
		"requiresTrait": "remisnik",
		"ingredients": {
			"S": {"type": "block","code": "game:soil-medium-*", "quantity": 1},
			"W": {"type": "item","code": "game:compost", "quantity": 1},
			"B": {"type": "item","code": "game:bonemeal", "quantity": 2},
			"X": {"type": "block","code": "game:peatbrick", "quantity": 2}
		},
		"width": 3,
		"height": 3,
		"recipeGroup": 2,
		"shapeless": false,
		"output": {"type": "block","code": "game:soil-compost-none", "quantity": 1}
	},
	{//
//Крафт чорнозему
		"ingredientPattern": "WBW,XSX,WBW",
		"enabled": true,
		"requiresTrait": "remisnik",
		"ingredients": {
			"S": {"type": "block","code": "game:soil-compost-*","quantity": 1},
			"W": {"type": "item","code": "game:compost","quantity": 2},
			"B": {"type": "item","code": "game:bonemeal","quantity": 4},
			"X": {"type": "item","code": "game:saltpeter","quantity": 2}
		},
		"width": 3,
		"height": 3,
		"recipeGroup": 2,
		"shapeless": false,
		"output": {"type": "block","code": "game:soil-high-none","quantity": 1}
	},
	{//
//Рекрафт павутини - ЕКОНОМ
		ingredientPattern: "RWK",
		enabled: true,
		requiresTrait: "remisnik",
		ingredients: {
			"R": { type: "block", code: "game:spiderweb", quantity: 2 },
			"K": { type: "item", code: "game:knife-*", isTool: true, toolDurabilityCost: 1  },
			"W": { type: "item", code: "game:stick", quantity: 1 }
		},
		width: 3,
		height: 1,
		recipeGroup: 2,
		shapeless: false,
		output: { type: "item", code: "game:flaxtwine", quantity: 1  }
	},
	{//10
//Крафт компостера з копролітів
		ingredientPattern: "WDW,WPW,WWW",
		enabled: true,
		requiresTrait: "remisnik",
		ingredients: {
			"W": { type: "item", code: "game:plank-*", name: "wood", allowedVariants: [ "aged", "birch", "oak", "maple", "pine", "acacia", "kapok", "baldcypress", "larch", "redwood", "ebony", "walnut", "purpleheart" ], quantity: 2 },
			"P": { type: "item", code: "game:saw-*", isTool: true, toolDurabilityCost: 10  },			
			"D": { type: "item", code: "primitivesurvival:earthwormcastings", quantity: 5 }
		},
		width: 3,
		height: 3,
		recipeGroup: 1,
		shapeless: false,
		output: { type: "block", code: "fendragonsmp:composter-{wood}", quantity: 1  }
	},
	{//
//Крафт компостера з червами
		ingredientPattern: "WDW,WPW,WWW",
		enabled: true,
		requiresTrait: "remisnik",
		ingredients: {
			"W": { type: "item", code: "game:plank-*", name: "wood", allowedVariants: [ "aged", "birch", "oak", "maple", "pine", "acacia", "kapok", "baldcypress", "larch", "redwood", "ebony", "walnut", "purpleheart" ], quantity: 2 },
			"P": { type: "item", code: "game:saw-*", isTool: true, toolDurabilityCost: 10  },			
			"D": { type: "item", code: "primitivesurvival:earthworm", quantity: 15 }
		},
		width: 3,
		height: 3,
		recipeGroup: 1,
		shapeless: false,
		output: { type: "block", code: "fendragonsmp:composter-{wood}", quantity: 1  }
	},
	{
//Крафт грибного субстрату моду WildFarming - ЗВИЧАЙНИЙ (ЕКОНОМ - віддано ЧВ) - рецепт через схему у схемах ЧВ
		"ingredientPattern": "GLG,SLS,HWH",
		"enabled": true,
		"requiresTrait": "remisnik",
		"ingredients": {
		  "W": { "type": "block", "code": "game:woodbucket" },
		  "L": { "type": "block", "code": "game:log-*", "quantity": 1 },
		  "S": { "type": "block", "code": "game:soil-*-none", "allowedVariants": ["high", "compost"], "quantity": 3 },
		  "G": { "type": "item", "code": "game:grain-*", "quantity": 12 },
		  "H": { "type": "item", "code": "game:drygrass", "quantity": 12 }
		},
		"width": 3,
		"height": 3,
		"attributes": {
		  "liquidContainerProps": {
			"requiresContent": { "type": "item", "code": "game:alcoholportion" },
			"requiresLitres": 5
		  }
		},
		"recipeGroup": 2,
		"shapeless": false,
		"output": { "type": "block", "code": "wildfarmingrevival:mushroomsubstrate" }
	},
]