[
	{//0
//Крафт металевих деталей - УНІКАЛЬНИЙ
		"ingredientPattern": "_H,SR",
		"enabled": true,
		"requiresTrait": "vinaxidnik",
		"ingredients": {
			"H": {"type": "item","code": "game:hammer-*","isTool": true, "toolDurabilityCost": 2},
			"S": {"type": "item","code": "game:shears-*","isTool": true, "toolDurabilityCost": 2},
			"R": {"type": "block","code": "game:metal-scraps"}
		},
		"width": 2,
		"height": 2,
		"shapeless": true,
		"output": {"type": "block","code": "game:metal-parts","quantity": 1}
	},
	{//
//Крафт дерев'яного валу - ЕКОНОМ
		"ingredientPattern": "H_,SF",
		"requiresTrait": "vinaxidnik",
		"ingredients": {
			"H": {"type": "item","code": "game:saw-*","isTool": true, "toolDurabilityCost": 1},
			"S": {"type": "block","code": "game:log-placed-*-ud","name": "wood"},
			"F": {"type": "item","code": "game:fat"}
		},
		"width": 2,
		"height": 2,
		"recipeGroup": 2,
		"output": {"type": "block","code": "game:woodenaxle-ud","quantity": 4}
	},
	{//
//Крафт кутова шестерня - ЕКОНОМ
		"ingredientPattern": "HXP,_SF",
		"requiresTrait": "vinaxidnik",
		"ingredients": {
			"H": {"type": "item","code": "game:hammer-*","isTool": true, "toolDurabilityCost": 1},
			"X": {"type": "item","code": "game:saw-*","isTool": true, "toolDurabilityCost": 1},
			"S": {"type": "block","code": "game:log-placed-*-ud","name": "wood"},
			"P": {"type": "item","code": "game:stick", "quantity": 2},
			"F": {"type": "item","code": "game:fat"}
		},
		"width": 3,
		"height": 2,
		"recipeGroup": 2,
		"output": {"type": "block","code": "game:angledgears-s","quantity": 2}
	},
	{
//Крафт Гальм з колоди - ЕКОНОМ
		ingredientPattern: "H__,C__,SFR",
		enabled: true,
		requiresTrait: "vinaxidnik",
		ingredients: {
			"H": { type: "item", code: "game:hammer-*", isTool: true, toolDurabilityCost: 10 },
			"C": { type: "item", code: "game:saw-*", isTool: true, toolDurabilityCost: 10 },
			"S": { type: "block", code: "game:log-placed-*-ud" },
			"F": { type: "block", code: "game:woodenaxle-ud" },
			"R": { type: "item", code: "game:fat", quantity: 1 }
		},
		width: 3,
		height: 3,
		recipeGroup: 2,
		output: { type: "block", code: "game:brake-north", quantity: 1 }
	},
	{
//Крафт Гальм з секції - ЕКОНОМ
		ingredientPattern: "H__,C__,SFR",
		enabled: true,
		requiresTrait: "vinaxidnik",
		ingredients: {
			"H": { type: "item", code: "game:hammer-*", isTool: true, toolDurabilityCost: 10 },
			"C": { type: "item", code: "game:saw-*", isTool: true, toolDurabilityCost: 10 },
			"S": { type: "block", code: "game:logsection-placed-*-ud" },
			"F": { type: "block", code: "game:woodenaxle-ud" },
			"R": { type: "item", code: "game:fat", quantity: 1 }
		},
		width: 3,
		height: 3,
		recipeGroup: 2,
		output: { type: "block", code: "game:brake-north", quantity: 1 }
	},
	{//5
//Крафт бункера - ЕКОНОМ
		"ingredientPattern": "C_C,_I_",
		"requiresTrait": "vinaxidnik",
		"ingredients": {
			"I": {"type": "item","code": "game:metalplate-copper"},
			"C": {"type": "item","code": "game:ingot-copper"}
		},
		"width": 3,
		"height": 2,
		"recipeGroup": 2,
		"output": {"type": "block","code": "game:hopper"}
	},
	{//
//Крафт гвинта Архімеда ЕКОНОМ
		"ingredientPattern": "H_S,X_C",
		"requiresTrait": "vinaxidnik",
		"ingredients": {
			"H": {"type": "item","code": "game:hammer-*","isTool": true, "toolDurabilityCost": 10},
			"S": {"type": "item","code": "game:shears-*","isTool": true, "toolDurabilityCost": 10},
			"X": {"type": "item","code": "game:metalplate-*", "name": "metal", "allowedVariants": ["copper", "tinbronze", "bismuthbronze", "blackbronze", "iron", "meteoriciron", "steel"], "quantity": 1 },
			"C": {"type": "item","code": "game:chutesection-*"}
		},
		"width": 3,
		"height": 2,
		"recipeGroup": 2,
		"shapeless": false,
		"output": {"type": "block","code": "game:archimedesscrew-straight", "quantity": 2}
	},
	{//
//Крафт гвинта Архімеда з портом - ЕКОНОМ
		"ingredientPattern": "H_S,C_X",
		"requiresTrait": "vinaxidnik",
		"ingredients": {
			"H": {"type": "item","code": "game:hammer-*","isTool": true, "toolDurabilityCost": 10},
			"S": {"type": "item","code": "game:shears-*","isTool": true, "toolDurabilityCost": 10},
			"X": {"type": "item","code": "game:metalplate-*", "name": "metal", "allowedVariants": ["copper", "tinbronze", "bismuthbronze", "blackbronze", "iron", "meteoriciron", "steel"], "quantity": 1},
			"C": {"type": "item","code": "game:chutesection-*"}
		},
		"width": 3,
		"height": 2,
		"recipeGroup": 2,
		"shapeless": false,
		"output": {"type": "block","code": "game:archimedesscrew-ported-north", "quantity": 2}
	},
	{//
//Крафт жолоба - ЕКОНОМ
		"ingredientPattern": "IH,_I",
		"requiresTrait": "vinaxidnik",
		"ingredients": {
			"H": {"type": "item","code": "game:hammer-*","isTool": true, "toolDurabilityCost": 10},
			"I": {"type": "item","code": "game:chutesection-copper"}
		},
		"width": 2,
		"height": 2,
		"recipeGroup": 2,
		"output": {"type": "block","code": "game:chute-elbow-down-east","quantity": 2}
	},
	{//
		"ingredientPattern": "IHI",
		"requiresTrait": "vinaxidnik",
		"ingredients": {
			"H": {"type": "item","code": "game:hammer-*","isTool": true, "toolDurabilityCost": 10},
			"I": {"type": "item","code": "game:chutesection-copper"}
		},
		"width": 3,
		"height": 1,
		"recipeGroup": 2,
		"output": {"type": "block","code": "game:chute-straight-ns","quantity": 2}
	},
	{//
		"ingredientPattern": "_I_,IHI,_I_",
		"requiresTrait": "vinaxidnik",
		"ingredients": {
			"H": {"type": "item","code": "game:hammer-*","isTool": true, "toolDurabilityCost": 10},
			"I": {"type": "item","code": "game:chutesection-copper"}
		},
		"width": 3,
		"height": 3,
		"recipeGroup": 2,
		"output": {"type": "block","code": "game:chute-cross-ground","quantity": 2}
	},
	{//
		"ingredientPattern": "_I_,IHI",
		"requiresTrait": "vinaxidnik",
		"ingredients": {
			"H": {"type": "item","code": "game:hammer-*","isTool": true, "toolDurabilityCost": 10},
			"I": {"type": "item","code": "game:chutesection-copper"}
		},
		"width": 3,
		"height": 2,
		"recipeGroup": 2,
		"output": {"type": "block","code": "game:chute-t-ns","quantity": 2}
	},
	{//
		"ingredientPattern": "HI_,II_",
		"requiresTrait": "vinaxidnik",
		"ingredients": {
			"H": {"type": "item","code": "game:hammer-*","isTool": true, "toolDurabilityCost": 10},
			"I": {"type": "item","code": "game:chutesection-copper"},
			"X": {"type": "item","code": "game:chutesection-copper","quantity": 2}
		},
		"width": 3,
		"height": 2,
		"recipeGroup": 2,
		"output": {"type": "block","code": "game:chute-3way-down-east","quantity": 2}
	},
	{//
//Крафт секції великої шестерні - ЕКОНОМ
		ingredientPattern: "HRX,PCS,AAA",
		enabled: true,
		requiresTrait: "vinaxidnik",
		ingredients: {
			"H": { type: "item", code: "game:hammer-*", isTool: true, toolDurabilityCost: 10 },
			"C": { type: "item", code: "game:chisel-*", isTool: true, toolDurabilityCost: 15 },
			"X": { type: "item", code: "game:saw-*", isTool: true, toolDurabilityCost: 40 },
			"P": { type: "item", code: "game:plank-*", name: "wood", quantity: 2 },
			"A": { type: "item", code: "game:plank-*", name: "wood", quantity: 1 },
			"S": { type: "item", code: "game:stick", quantity: 12 },
			"R": { type: "item", code: "game:fat", quantity: 2 }
		},
		width: 3,
		height: 3,
		recipeGroup: 2,
		shapeless: false,
		output: { type: "item", code: "game:largegearsection-wood", quantity: 2 }
	},
	{
//Крафт Ротор вітряка з колоди - ЕКОНОМ
		ingredientPattern: "_H_,_C_,WSF",
		enabled: true,
		requiresTrait: "vinaxidnik",
		ingredients: {
			"H": { type: "item", code: "game:hammer-*", isTool: true, toolDurabilityCost: 10 },
			"C": { type: "item", code: "game:chisel-*", isTool: true, toolDurabilityCost: 10 },
			"S": { type: "block", code: "game:log-placed-*-ud", quantity: 2 },
			"F": { type: "item", code: "game:fat" },
			"W": { type: "item", code: "game:stick", quantity: 4 },
		},
		width: 3,
		height: 3,
		recipeGroup: 2,
		shapeless: false,
		output: { type: "block", code: "game:windmillrotor-north", quantity: 2 }
	},
	{
//Крафт Ротор вітряка з секції - ЕКОНОМ
		ingredientPattern: "_H_,_C_,WSF",
		enabled: true,
		requiresTrait: "vinaxidnik",
		ingredients: {
			"H": { type: "item", code: "game:hammer-*", isTool: true, toolDurabilityCost: 10 },
			"C": { type: "item", code: "game:chisel-*", isTool: true, toolDurabilityCost: 10 },
			"S": { type: "block", code: "game:logsection-placed-*-ud", quantity: 2 },
			"F": { type: "item", code: "game:fat" },
			"W": { type: "item", code: "game:stick", quantity: 4 },
		},
		width: 3,
		height: 3,
		recipeGroup: 2,
		shapeless: false,
		output: { type: "block", code: "game:windmillrotor-north", quantity: 2 }
	},
	{//
//Крафт велика шестерня - ЕКОНОМ
		ingredientPattern: "SHS,PAR,S_S",
		enabled: true,
		requiresTrait: "vinaxidnik",
		ingredients: {
			"H": { type: "item", code: "game:hammer-*", isTool: true, toolDurabilityCost: 10 },
			"R": { type: "item", code: "game:fat" },
			"P": { type: "item", code: "game:plank-*", name: "wood", quantity: 2 },
			"S": { type: "item", code: "game:largegearsection-wood" },
			"A": { type: "block", code: "game:woodenaxle-ud" }
		},
		width: 3,
		height: 3,
		recipeGroup: 2,
		shapeless: false,
		output: { type: "block", code: "game:largegear3", quantity: 2 }
	},
	{
//Крафт Фруктового пресу - ЕКОНОМ
		ingredientPattern: "HIF,CP_,PPP",
		enabled: true,
		requiresTrait: "vinaxidnik",
		ingredients: {
			"F": { type: "item", code: "game:fat", quantity: 2 },
			"H": { type: "item", code: "game:hammer-*", isTool: true, toolDurabilityCost: 30 },
			"C": { type: "item", code: "game:chisel-*", isTool: true, toolDurabilityCost: 40 },
			"P": { type: "item", code: "game:plank-*", name: "wood", quantity: 3 },
			"I": { type: "item", code: "game:rod-*", name: "metal", allowedVariants: ["copper", "tinbronze", "bismuthbronze", "blackbronze", "iron", "meteoriciron", "steel"] }
		},
		width: 3,
		height: 3,
		recipeGroup: 2,
		shapeless: false,
		output: { type: "block", code: "game:fruitpress-ns", quantity: 1  }
	},
	{
//Крафт Зчеплення з колоди - ЕКОНОМ
		ingredientPattern: "HFX,PAS",
		enabled: true,
		requiresTrait: "vinaxidnik",
		ingredients: {
			"H": { type: "item", code: "game:hammer-*", isTool: true, toolDurabilityCost: 10 },
			"X": { type: "item", code: "game:saw-*", isTool: true, toolDurabilityCost: 10 },
			"P": { type: "item", code: "game:plank-*", quantity: 10 },
			"A": { type: "block", code: "game:log-placed-*-ud", quantity: 2 },
			"S": { type: "item", code: "game:stick", quantity: 10 },
			"F": { type: "item", code: "game:fat", quantity: 4 }
		},
		width: 3,
		height: 2,
		recipeGroup: 2,
		shapeless: false,
		output: { type: "block", code: "game:clutch-north", quantity: 2 }
	},
	{
//Крафт Зчеплення з секції колоди - ЕКОНОМ
		ingredientPattern: "HFX,PAS",
		enabled: true,
		requiresTrait: "vinaxidnik",
		ingredients: {
			"H": { type: "item", code: "game:hammer-*", isTool: true, toolDurabilityCost: 10 },
			"X": { type: "item", code: "game:saw-*", isTool: true, toolDurabilityCost: 10 },
			"P": { type: "item", code: "game:plank-*", quantity: 10 },
			"A": { type: "block", code: "game:logsection-placed-*-ud", quantity: 2 },
			"S": { type: "item", code: "game:stick", quantity: 10 },
			"F": { type: "item", code: "game:fat", quantity: 4 }
		},
		width: 3,
		height: 2,
		recipeGroup: 2,
		shapeless: false,
		output: { type: "block", code: "game:clutch-north", quantity: 2 }
	},
	{
//Крафт Основа важільного молота - ЕКОНОМ (такий крафт є  у Коваля й Винахідника)
		ingredientPattern: "H_P,CP_,PR_",
		enabled: true,
		requiresTrait: "vinaxidnik",
		ingredients: {
			"H": { type: "item", code: "game:hammer-*", isTool: true, toolDurabilityCost: 10 },
			"C": { type: "item", code: "game:saw-*", isTool: true, toolDurabilityCost: 2 },
			"P": { type: "item", code: "game:plank-*", name: "wood" },
			"R": { type: "item", code: "game:fat" }
		},
		width: 3,
		height: 3,
		recipeGroup: 2,
		shapeless: false,
		output: { type: "block", code: "game:helvehammerbase-north", quantity: 1 }
	},
	{
//Крафт Привод важільного молота - ЕКОНОМ (такий крафт є  у Коваля й Винахідника)
		ingredientPattern: "HC_,PAP,_F_",
		enabled: true,
		requiresTrait: "vinaxidnik",
		ingredients: {
			"H": { type: "item", code: "game:hammer-*", isTool: true, toolDurabilityCost: 10 },
			"C": { type: "item", code: "game:saw-*", isTool: true, toolDurabilityCost: 2 },
			"P": { type: "item", code: "game:plank-*", name: "wood", quantity: 2 },
			"F": { type: "item", code: "game:fat", quantity: 2 },
			"A": { type: "block", code: "game:woodenaxle-ud" }
		},
		width: 3,
		height: 3,
		recipeGroup: 2,
		shapeless: false,
		output: { type: "block", code: "game:woodentoggle-ns", quantity: 1 }
	},
	{
//Крафт Трансмісії - ЕКОНОМ
		ingredientPattern: "H_X,GPG,_F_",
		enabled: true,
		requiresTrait: "vinaxidnik",
		ingredients: {
			"H": { type: "item", code: "game:hammer-*", isTool: true, toolDurabilityCost: 10 },
			"X": { type: "item", code: "game:saw-*", isTool: true, toolDurabilityCost: 5 },
			"G": { type: "block", code: "game:angledgears-s" },
			"P": { type: "item", code: "game:plank-*", name: "wood", quantity: 4 },
			"F": { type: "item", code: "game:fat" }
		},
		width: 3,
		height: 3,
		recipeGroup: 2,
		shapeless: false,
		output: { type: "block", code: "game:transmission-ns", quantity: 1 }
	},
	{//	
//Крафт Каркасу подрібнювача - ЕКОНОМ
		ingredientPattern: "PPP,PSP,PRP",
		enabled: true,
		requiresTrait: "vinaxidnik",
		ingredients: {
			"S": { type: "item", code: "game:saw-*", isTool: true, toolDurabilityCost: 30 },
			"P": { type: "item", code: "game:plank-*", quantity: 2 },
			"R": { type: "block", code: "game:rock-*", name: "rock", allowedVariants: ["andesite", "granite", "basalt", "peridotite"]  }
		},
		width: 3,
		height: 3,
		recipeGroup: 2,
		shapeless: false,
		output: { type: "block", code: "game:pulverizerframe-north", quantity: 1 }
	},
	{//
//Крафт Молот подрібнювача - ЕКОНОМ (такий крафт є у Коваля й Винахідника)
		ingredientPattern: "H,B,B",
		enabled: true,
		requiresTrait: "vinaxidnik",
		ingredients: {
			"H": { type: "item", code: "game:hammerhead-*", name: "metal", allowedVariants: ["tinbronze", "bismuthbronze", "blackbronze", "iron", "meteoriciron", "steel"] },
			"B": { type: "item", code: "game:plank-*", quantity: 2 }
		},
		width: 1,
		height: 3,
		recipeGroup: 2,
		shapeless: false,
		output: { type: "item", code: "game:helvehammer-{metal}" }
	},
	{
//Крафт Перемикач подрібнювача - ЕКОНОМ
		ingredientPattern: "HP,CA",
		enabled: true,
		requiresTrait: "vinaxidnik",
		ingredients: {
			"H": { type: "item", code: "game:hammer-*", isTool: true, toolDurabilityCost: 5 },
			"P": { type: "item", code: "game:metalplate-*", allowedVariants: ["tinbronze", "bismuthbronze", "iron", "meteoriciron", "steel"] },
			"C": { type: "item", code: "game:chisel-*", isTool: true, toolDurabilityCost: 10 },
			"A": { type: "block", code: "game:woodenaxle-ud", quantity: 2 }
		},
		width: 2,
		height: 2,
		recipeGroup: 2,
		shapeless: false,
		output: { type: "item", code: "game:pulverizertoggle-oak", quantity: 2 }
	},
	{//
//Крафт товкача подрібнювача - ЕКОНОМ
		ingredientPattern: "HLC,_L_,_L_",
		requiresTrait: "vinaxidnik",
		ingredients: {
			"H": { type: "item", code: "game:hammer-*", isTool: true, toolDurabilityCost: 10 },
			"C": { type: "item", code: "game:chisel-*", isTool: true, toolDurabilityCost: 10 },
			"L": { type: "block", code: "game:log-placed-*-ud", name: "wood" }
		},
		width: 3,
		height: 3,
		recipeGroup: 2,
		output: { type: "item", code: "game:pounder-oak", quantity: 2 }
	},
	{//
//Крафт ламп Джонаса - УНІКАЛЬНИЙ - СХЕМА
		  ingredientPattern:"_SW,S_S,MLM",
		  ingredients: {
			"W": { type: "item", code: "game:wrench-*", isTool: true, toolDurabilityCost: 15  },						
			"S": { type: "block", code: "game:glass-plain", quantity: 1},
			"M": { type: "block", code: "game:metal-parts", quantity: 1},			
			"L": { type: "item", code: "game:candle", quantity: 5}
			},
		  width: 3,
		  height: 3,
		  requiresTrait: "vinaxidnik",
		  recipeGroup: 1,
		  output: {type: "block", code: "game:jonas-lamp", attributes: {type: "lightsource/on/lumi-floor1"} }
	},
	{//
		  ingredientPattern:"_S_,SWS,MLM",
		  ingredients: {
			"W": { type: "item", code: "game:wrench-*", isTool: true, toolDurabilityCost: 15  },						
			"S": { type: "block", code: "game:glass-plain", quantity: 1},
			"M": { type: "block", code: "game:metal-parts", quantity: 1},			
			"L": { type: "item", code: "game:candle", quantity: 5}
			},
		  width: 3,
		  height: 3,
		  requiresTrait: "vinaxidnik",
		  recipeGroup: 1,
		  output: {type: "block", code: "game:jonas-lamp", attributes: {type: "lightsource/on/lumi-floor2"} }
	},
	{//
		  ingredientPattern:"WS_,S_S,MLM",
		  ingredients: {
			"W": { type: "item", code: "game:wrench-*", isTool: true, toolDurabilityCost: 15  },						
			"S": { type: "block", code: "game:glass-plain", quantity: 1},
			"M": { type: "block", code: "game:metal-parts", quantity: 1},			
			"L": { type: "item", code: "game:candle", quantity: 5}
			},
		  width: 3,
		  height: 3,
		  requiresTrait: "vinaxidnik",
		  recipeGroup: 1,
		  output: {type: "block", code: "game:jonas-lamp", attributes: {type: "lightsource/on/lumi-floor3"} }
	},
	{//
		  ingredientPattern:"SWS,S_S,MLM",
		  ingredients: {
			"W": { type: "item", code: "game:wrench-*", isTool: true, toolDurabilityCost: 15  },						
			"S": { type: "block", code: "game:glass-plain", quantity: 1},
			"M": { type: "block", code: "game:metal-parts", quantity: 1},			
			"L": { type: "item", code: "game:candle", quantity: 5}
			},
		  width: 3,
		  height: 3,
		  requiresTrait: "vinaxidnik",
		  recipeGroup: 1,
		  output: {type: "block", code: "game:jonas-lamp", attributes: {type: "lightsource/on/lumi-floor8"} }
	},
	{//
		  ingredientPattern:"SSS,SWS,MLM",
		  ingredients: {
			"W": { type: "item", code: "game:wrench-*", isTool: true, toolDurabilityCost: 15  },						
			"S": { type: "block", code: "game:glass-plain", quantity: 1},
			"M": { type: "block", code: "game:metal-parts", quantity: 1},			
			"L": { type: "item", code: "game:candle", quantity: 5}
			},
		  width: 3,
		  height: 3,
		  requiresTrait: "vinaxidnik",
		  recipeGroup: 1,
		  output: {type: "block", code: "game:jonas-lamp", attributes: {type: "lightsource/on/lumi-floor9"} }
	},
	{//
		  ingredientPattern:"S_S,SWS,MLM",
		  ingredients: {
			"W": { type: "item", code: "game:wrench-*", isTool: true, toolDurabilityCost: 15  },
						
			"S": { type: "block", code: "game:glass-plain", quantity: 1},
			"M": { type: "block", code: "game:metal-parts", quantity: 1},			
			"L": { type: "item", code: "game:candle", quantity: 5}
			},
		  width: 3,
		  height: 3,
		  requiresTrait: "vinaxidnik",
		  recipeGroup: 1,
		  output: {type: "block", code: "game:jonas-lamp", attributes: {type: "lightsource/on/lumi-floor10"} }
	},
	{//
//Крафт паперових ліхтарів - СХЕМА
		ingredientPattern: "DPD,PYP,DPD",
		enabled: true,
		requiresTrait: "vinaxidnik",
		ingredients: {
			"D": { type: "item", code: "game:plank-*", quantity: 2 },
			"Y": { type: "block", code: "game:jonas-lamp", attributes: {type: "lightsource/on/lumi-floor3"} },
			"P": { type: "item", code: "game:paper-parchment", quantity: 2 }
		},
		width: 3,
		height: 3,
		shapeless: false,
		recipeGroup: 1,
		output: { type: "block", code: "game:paperlantern-on", quantity: 1 }
	},
	{//ВИКЛ
//Крафт морозильника з моду Butchering - СХЕМА
		"ingredientPattern": "WIH,MCG,RSV",
		"requiresTrait": "vinaxidnik",
		"enabled": false,
		"ingredients": {
			"W": { "type": "item", "code": "game:wrench-*", "isTool": true, "toolDurabilityCost": 10 },
			"I": { "type": "item", "code": "game:solderbar-*", "quantity": 5 },
			"H": { "type": "item", "code": "game:hammer-*", "isTool": true, "toolDurabilityCost": 10 },
			"M": { "type": "block", "code": "game:metal-parts", "quantity": 4 },
			"C": { "type": "item", "code": "game:ingot-cupronickel", "quantity": 2 },
			"G": { "type": "item", "code": "game:jonasframes-gearbox01", "quantity": 1 },
			"R": { "type": "item", "code": "game:gear-rusty", "quantity": 16 },
			"S": { "type": "block", "code": "game:metal-scraps", "quantity": 16 },
			"V": { "type": "item", "code": "game:jonasparts-valve01", "quantity": 1 }
		},
		"width": 3,
		"height": 3,
		"output": { "type": "block", "code": "butchering:temporalbutcherbox-off-north", "quantity": 1 }
	},
	{//ВИКЛ
//Крафт багаторазового телепорту з моду BetterJonasDevices
		ingredientPattern: "OIP,HTM,GRG",
		enabled: false,		
		requiresTrait: "vinaxidnik",
		ingredients: {
			"O": { type: "item", code: "game:returnbase-returnbasebottom", quantity: 1 },
			"I": { type: "item", code: "game:ingot-cupronickel", quantity: 2 },
			"P": { type: "item", code: "game:returnbase-returnbasetop", quantity: 1 },
			
			"H": { type: "item", code: "game:returndeath-returndeath1", quantity: 1 },
			"T": { type: "block", code: "game:basereturnteleporter" },
			"M": { type: "item", code: "game:returndeath-returndeath2", quantity: 1 },
			
			
			"R": { type: "item", code: "game:returndeath-returndeath3", quantity: 1 },			
			"G": { type: "block", code: "game:metal-parts", quantity: 1 }
		},
		width: 3,
		height: 3,
		recipeGroup: 1,
		shapeless: false,
		output: { type: "block", code: "betterjonasdevices:basereturnteleporter-discharged", quantity: 1  }
	},
	{
//Крафт пороху - ЕКОНОМ (Інший ванільний крафт у ЧВ)
		ingredientPattern: "SXC",
		enabled: true,		
		requiresTrait: "vinaxidnik",
		ingredients: {
			"S": { type: "item", code: "game:saltpeter", quantity: 4 },
			"X": { type: "item", code: "game:powder-sulfur", quantity: 2 },
			"C": { type: "item", code: "game:ore-bituminouscoal", quantity: 4 },
		},
		width: 3,
		height: 1,
		recipeGroup: 2,
		shapeless: false,
		output: { type: "item", code: "game:blastingpowder", quantity: 8  }
	},
	{//49
//Крафт Посилених гальм з моду MillWright - СХЕМА
		ingredientPattern: "HCMB",
		enabled: false,
		requiresTrait: "vinaxidnik",
		ingredients: {
			"H": { type: "item", code: "game:hammer-*", isTool: true, toolDurabilityCost: 10 },
			"C": { type: "item", code: "game:chisel-*", isTool: true, toolDurabilityCost: 10 },
			"B": { type: "block", code: "game:brake-north", quantity: 1 },
			"M": { type: "item", code: "game:metalplate-iron", quantity: 1 }
		},
		width: 2,
		height: 2,
		recipeGroup: 1,
		shapeless: false,
		output: { type: "block", code: "millwright:brake-north", quantity: 1 }
	},
	{
//Крафт 'Підсумок для боєприпасів' з моду MaltiezFirearms - ЕКОНОМ
		"ingredientPattern": "LNL,L_L",
		"requiresTrait": "vinaxidnik",
		"enabled": true,
		"recipeGroup": 1,
		"ingredients": {
			"N": {"type": "item", "code": "game:metalnailsandstrips-*", "quantity": 1 },
			"L": { "type": "item", "code": "game:leather-normal-plain", "quantity": 1  }
		},
		"width": 3,
		"height": 2,
		"recipeGroup": 2,
		"shapeless": false,
		"output": { "type": "item", "code": "maltiezfirearms:pouch-waist-plain"  }
	},
]