{
  "code": "armorarm",
  "class": "ItemWearableSoulboundRM",
  "enabled": false,
  
  //"storageFlags": 33152,

  "variantgroups": [
    {
      "code": "type",
      "states": [
        "temporal-bracelet-tier1",
        "temporal-bracelet-tier2",
        "temporal-bracelet-tier3",
        "temporal-bracelet-tier4"
      ]
    }
  ],
  //"skipVariants": [ "*" ],

  //"storageFlags": 128,
  "attributesByType": {
    "*-tier1": {
      "handbook": {
        "groupBy": [ "armorarm-bracelet-*" ],
        "extraSections": [
          {
            "title": "game:Created by",
            "text": "rustboundmagic:handbook-synthesis-text"
          }
        ]
      },
      "wearableAttachment": true,
      "clothescategory": "arm",
      "warmth": 0,
      "magicStatModifiersByType": {
        "*": {
          "maxmana": 0,
          "manaregen": 0 //1
        }
      }
    },
    "*-tier2": {
      "handbook": {
        "groupBy": [ "armorarm-bracelet-*" ],
        "extraSections": [
          {
            "title": "game:Created by",
            "text": "rustboundmagic:handbook-synthesis-text"
          }
        ]
      },
      "wearableAttachment": true,
      "clothescategory": "arm",
      "warmth": 0,
      "magicStatModifiersByType": {
        "*": {
          "maxmana": 0,
          "manaregen": 0 //2
        }
      }
    },
    "*-tier3": {
      "handbook": {
        "groupBy": [ "armorarm-bracelet-*" ],
        "extraSections": [
          {
            "title": "game:Created by",
            "text": "rustboundmagic:handbook-synthesis-text"
          }
        ]
      },
      "wearableAttachment": true,
      "clothescategory": "arm",
      "warmth": 0,
      "magicStatModifiersByType": {
        "*": {
          "maxmana": 0,
          "manaregen": 0 //3
        }
      }
    },
    "*-tier4": {
      "handbook": {
        "groupBy": [ "armorarm-bracelet-*" ],
        "extraSections": [
          {
            "title": "game:Created by",
            "text": "rustboundmagic:handbook-synthesis-text"
          }
        ]
      },
      "wearableAttachment": true,
      "clothescategory": "arm",
      "warmth": 0,
      "magicStatModifiersByType": {
        "*": {
          "maxmana": 0,
          "manaregen": 0 //4
        }
      }
    },
    "*": {
      "clothescategory": "arm",
      "warmth": 0,
      "magicStatModifiersByType": {
        "*": {
          "maxmana": 1,
          "manaregen": 1
        }
      }
    }
  },

  "creativeinventory": {
    "general": [ "*" ],
    "items": [ "*" ],
    "clothing": [ "*" ],
    "rustboundmagicequipment": [ "*" ]
  },

  "shapeByType": {
    "*": {
      "base": "entities/humanoids/armor/temporal-bracelet"
    }
  },

  "texturesByType": {
    "*-tier1": {
      "seraph": { "base": "game:block/transparent" },
      "default": { "base": "default" },
      //"metal": { "base": "game:block/metal/ingot/copper" },
      "metal": { "base": "blocks/eldrathium" },
      "socket": { "base": "blocks/arcanus/arcanusblock-inert" },
      "arcanus": { "base": "blocks/elemental/crystals/elementalcrystal-none" },
      "manastone": { "base": "blocks/arcanus/arcanusblocksolid-lesser" },
      "energy": { "base": "default" }
    },
    "*-tier2": {
      "seraph": { "base": "game:block/transparent" },
      "default": { "base": "default" },
      //"metal": { "base": "game:block/metal/ingot/copper" },
      "metal": { "base": "blocks/eldrathium" },
      "socket": { "base": "blocks/arcanus/arcanusblock-inert" },
      "arcanus": { "base": "blocks/elemental/crystals/elementalcrystal-none" },
      "manastone": { "base": "blocks/arcanus/arcanusblocksolid-greater" },
      "energy": { "base": "default" }
    },
    "*-tier3": {
      "seraph": { "base": "game:block/transparent" },
      "default": { "base": "default" },
      //"metal": { "base": "game:block/metal/ingot/copper" },
      "metal": { "base": "blocks/eldrathium" },
      "socket": { "base": "blocks/arcanus/arcanusblock-inert" },
      "arcanus": { "base": "blocks/elemental/crystals/elementalcrystal-none" },
      "manastone": { "base": "blocks/arcanus/arcanusblocksolid-superior" },
      "energy": { "base": "default" }
    },
    "*-tier4": {
      "seraph": { "base": "game:block/transparent" },
      "default": { "base": "default" },
      //"metal": { "base": "game:block/metal/ingot/copper" },
      "metal": { "base": "blocks/eldrathium" },
      "socket": { "base": "blocks/arcanus/arcanusblock-inert" },
      "arcanus": { "base": "blocks/elemental/crystals/elementalcrystal-none" },
      "manastone": { "base": "blocks/arcanus/arcanusblocksolid-celestial" },
      "energy": { "base": "default" }
    },
    "*": {
      "seraph": { "base": "game:block/transparent" },
      "default": { "base": "default" },
      "metal": { "base": "game:block/metal/ingot/bismuth" },
      "smallgem": { "base": "game:block/stone/gem/ruby" },
      "biggem": { "base": "game:block/stone/gem/ruby" },
      "biggemsocket": { "base": "blocks/arcanus/arcanusblock-inert" },
      "energy": { "base": "default" }
    }
  },

  "heldTpUseAnimation": "interactstatic",

  "renderAlphaTest": 0.25,
  "durabilityByType": {
    "*-tier1": 600,
    "*-tier2": 900,
    "*-tier3": 1200,
    "*-tier4": 1500
  },

  "fpHandTransformByType": {
    "*": {
      "translation": {
        "x": 0.6,
        "y": 0,
        "z": -0.5
      },
      "rotation": {
        "x": 180,
        "y": 42,
        "z": -29
      },
      "scale": 2.5
    }
  },
  "fpOffHandTransformByType": {
    "*": {
      "translation": {
        "x": 0.6,
        "y": 0,
        "z": -0.5
      },
      "rotation": {
        "x": 180,
        "y": 42,
        "z": -29
      },
      "scale": 5.5
    }
  },
  "tpHandTransformByType": {

    "*-temporal-bracelet-*": {
      "translation": {
        "x": -0.8,
        "y": -1.2,
        "z": -1.1
      },
      "rotation": {
        "x": -13,
        "y": -64,
        "z": 49
      },
      "scale": 0.55
    },
    "*": {
      "translation": {
        "x": -0.9,
        "y": -1,
        "z": -1
      },
      "rotation": {
        "x": -13,
        "y": -64,
        "z": 49
      },
      "scale": 0.55
    }
  },
  "guiTransformByType": {
    "*-temporal-bracelet-*": {
      "rotate": false,
      "translation": {
        "x": 0,
        "y": 0,
        "z": 0
      },
      "rotation": {
        "x": 180,
        "y": -32,
        "z": -8
      },
      "origin": {
        "x": 1.1,
        "y": 0.9,
        "z": 1.2
      },
      "scale": 4.5
    },
    "*": {
      "rotate": false,
      "translation": {
        "x": 0,
        "y": 0,
        "z": 19
      },
      "rotation": {
        "x": 174,
        "y": -30,
        "z": 23
      },
      "origin": {
        "x": 0.52,
        "y": 0.78,
        "z": 0.5
      },
      "scale": 2.5
    }
  },

  "groundTransform": {
    "translation": {
      "x": 0.05,
      "y": -0.16,
      "z": 0
    },
    "rotation": {
      "x": 0,
      "y": 0,
      "z": 0
    },
    "origin": {
      "x": 0.5,
      "y": 0.5,
      "z": 0.5299
    },
    "scale": 3
  }

}
