{
  "code": "bowlriftbloomtea",
  "class": "BlockRiftbloomTeaRM",
  "enabled": false,

  "storageFlags": 131073,

  //"variantgroups": [
  //  {
  //    "code": "type",
  //    "states": [ "lesser", "greater", "superior", "celestial" ]
  //  }
  //],

  "creativeinventory": {
    "general": [ "*" ],
    "items": [ "*" ],
    "rustboundmagic": [ "*" ]
  },

  "behaviors": [
    {
      "name": "GroundStorable",
      "properties": {
        "layout": "Quadrants",
        "collisionBox": {
          "x1": 0,
          "y1": 0,
          "z1": 0,
          "x2": 1,
          "y2": 0.125,
          "z2": 1
        }
      }
    }
  ],

  "maxstacksize": 1,
  "materialDensity": 1200,

  //"shapebytype": {
  //  "*": {
  //    "base": "items/arcanus"
  //  }
  //},
  //"texturesByType": {
  //  "*": {
  //   "default": { "base": "default" },
  //    "quartz": { "base": "blocks/arcanus/arcanuscrystal-none" },
  //    "temporal": { "base": "blocks/arcanus/arcanuscrystal-none" }
  //  }
  //},

  "shapebytype": {
    "*": {
      "base": "game:block/clay/bowl-empty-ground"
    }
  },
  "texturesByType": {
    "*": {
      "default": { "base": "default" },
      "material": { "base": "items/resources/rusticcompound" }
    }
  },
  "attributesByType": {
    "*": {
      "ucontents": [
        {
          "type": "item",
          "code": "rustboundmagic:riftbloomteaportion",
          "makefull": true
        }
      ],
      "liquidContainerProps": {
        "capacityLitres": 1,
        "transferSizeLitres": 0.1,
        "emptyShapeLoc": "game:shapes/block/clay/bowl-empty-ground",
        "opaqueContentShapeLoc": "game:shapes/block/clay/bowl-contents",
        "liquidContentShapeLoc": "game:shapes/block/clay/bowl-liquidcontents",
        "liquidMaxYTranslate": 0.05
      },
      "mealContainer": true,
      "mealBlockCode": "bowl-meal",
      "servingCapacity": 1,
      "bowlContents": null,



      "displaycaseable": true,
      "onDisplayTransform": {
        "translation": {
          "x": 0,
          "y": -0.125,
          "z": 0
        },
        "scale": 0.75
      },
      "shelvable": true,
      "onshelfTransform": {
        "translation": {
          "x": 0,
          "y": -0.125,
          "z": 0
        },
        "scale": 0.75
      },
      "groundStorageTransform": {
        "origin": {
          "x": 0.5,
          "y": 0,
          "z": 0.5
        },
        "scale": 1
      },
      "handbook": {
        "extraSections": [
          {
            "title": "game:Created by",
            "text": "rustboundmagic:handbook-thaumicworkbenchonlytier1-text"
          },
          {
            "title": "rustboundmagic:handbook-thaumicworkbenchcatalyst-title",
            "text": "rustboundmagic:handbook-thaumicworkbenchcatalyst-text"
          }
        ]
      }
    }
  },

  "heldTpIdleAnimation": "holdbothhands",

  "guiTransform": {
    "translation": {
      "x": 2.5,
      "y": 0,
      "z": 0
    },
    "rotation": {
      "x": 151,
      "y": -48,
      "z": 0
    },
    "origin": {
      "x": 0.5,
      "y": 0.1,
      "z": 0.5
    },
    "scale": 3.5
  },
  "fpHandTransform": {
    "translation": {
      "x": -0.05,
      "y": 0.04,
      "z": 0
    },
    "rotation": {
      "x": 5,
      "y": 100,
      "z": 0
    },
    "origin": {
      "x": 0.5,
      "y": -0.13,
      "z": 0.5
    },
    "scale": 0.5
  },
  "tpHandTransform": {
    "translation": {
      "x": -1.15,
      "y": 0.04,
      "z": -0.94
    },
    "rotation": {
      "x": -41,
      "y": -29,
      "z": -60
    },
    "origin": {
      "x": 0.5,
      "y": 0,
      "z": 0.5
    },
    "scale": 0.5
  },
  "groundTransform": {
    "translation": {
      "x": 0,
      "y": 0,
      "z": 0
    },
    "rotation": {
      "x": 0,
      "y": 0,
      "z": 0
    },
    "origin": {
      "x": 0.5,
      "y": 0,
      "z": 0.5
    },
    "scale": 4.5
  }
}
