{
  "code": "armorlegs",
  "class": "ItemWearableSoulboundRM", //"ItemWearable",
  "enabled": false,

  "storageFlags": 385,

  //NOTE make sure when adding a new model to add a repair recipe for it.
  "variantgroups": [
    {
      "code": "model",
      "states": [ "basic", "rustyjonas", "temporaljonas", "wanderer", "necromancer" ]
    },
    {
      "code": "color",
      "loadFromProperties": "rustboundmagic:abstract/color"
    },
    {
      "code": "type",
      "states": [
        "tier3evocation",
        "tier3alteration",
        "tier3incantation",
        "tier3conjuration"
      ]
    }
  ],
  "skipVariants": [ "*-wanderer-*", "*-necromancer-*" ],

  "attributesByType": {
    "*-tier3*": {
      "handbookByType": {
        "*-plain-*": {
          "groupBy": [ "*-plain-tier3" ],
          "extraSections": [
            {
              "title": "game:Created by",
              "text": "rustboundmagic:handbook-thaumicworkbenchonlytier3-text"
            },
            {
              "title": "rustboundmagic:handbook-changablewith-title",
              "text": "rustboundmagic:handbook-transmogstone-text"
            }
          ]
        },
        "*": {
          "groupBy": [ "*-tier3" ],
          "extraSections": [
            {
              "title": "rustboundmagic:handbook-changablewith-title",
              "text": "rustboundmagic:handbook-transmogstone-text"
            }
          ]
        }
      },

      "visibleDamageEffect": true,
      "clothesCategory": "armorlegs",
      //"warmth": 0,

      "attachableToEntity": {
        "texturePrefixCode": "armorlegs",
        "categoryCodeByType": {
          "armorlegs-*": "armorlegs"
        },
        "disableElementsByType": {
          "armorlegs-*": [ "hideshoeL", "hideshoeR", "shoefluffL", "shoefluffR" ]
        }
      },

      "footStepSoundByType": {
        "armorlegs-*": "game:wearable/leather*"
      },

      "defaultProtLoss": {
        "perTierRelativeProtectionLoss": [ 0.03, 0.15 ],
        "perTierFlatDamageReductionLoss": [ 0.1, 0.2 ]
      },
      "protectionModifiersByType": {
        "*": {
          "relativeProtection": 0.5,
          "flatDamageReduction": 0.5,
          "protectionTier": 2
        }
      },
      "statModifiersByType": {
        "*": {
          //"walkSpeed": -0.02,
          "healingeffectivness": -0.10,
          "hungerrate": 0.03
        }
      },
      "magicStatModifiersByType": {
        "*-tier3evocation": {
          "perTierRelativeMagicProtectionLoss": [ 0.03, 0.15 ],
          "perTierFlatMagicDamageReductionLoss": [ 0.1, 0.2 ],
          "flatMagicDamageReduction": 0.5,
          "relativeMagicProtection": 0.50,
          "magicProtectionTier": 2,

          "maxmana": 100,
          "manaregen": 2,

          "genericmodifiermanacost": -0.08,
          "genericmodifiercasttime": -0.08,

          "evocationmodifiermanacost": -0.08,
          "evocationmodifiercasttime": -0.08,
          "evocationmodifierduration": 0.15,
          "evocationmodifierdamage": 0.15,
          "evocationmodifierstats": 0.15
        },
        "*-tier3alteration": {
          "perTierRelativeMagicProtectionLoss": [ 0.03, 0.15 ],
          "perTierFlatMagicDamageReductionLoss": [ 0.1, 0.2 ],
          "flatMagicDamageReduction": 0.5,
          "relativeMagicProtection": 0.50,
          "magicProtectionTier": 2,

          "maxmana": 100,
          "manaregen": 2,

          "genericmodifiermanacost": -0.08,
          "genericmodifiercasttime": -0.08,

          "alterationmodifiermanacost": -0.08,
          "alterationmodifiercasttime": -0.08,
          "alterationmodifierduration": 0.15,
          "alterationmodifierdamage": 0.15,
          "alterationmodifierstats": 0.15
        },
        "*-tier3incantation": {
          "perTierRelativeMagicProtectionLoss": [ 0.03, 0.15 ],
          "perTierFlatMagicDamageReductionLoss": [ 0.1, 0.2 ],
          "flatMagicDamageReduction": 0.5,
          "relativeMagicProtection": 0.50,
          "magicProtectionTier": 2,

          "maxmana": 100,
          "manaregen": 2,

          "genericmodifiermanacost": -0.08,
          "genericmodifiercasttime": -0.08,

          "incantationmodifiermanacost": -0.08,
          "incantationmodifiercasttime": -0.08,
          "incantationmodifierduration": 0.15,
          "incantationmodifierdamage": 0.15,
          "incantationmodifierstats": 0.15
        },
        "*-tier3conjuration": {
          "perTierRelativeMagicProtectionLoss": [ 0.03, 0.15 ],
          "perTierFlatMagicDamageReductionLoss": [ 0.1, 0.2 ],
          "flatMagicDamageReduction": 0.5,
          "relativeMagicProtection": 0.50,
          "magicProtectionTier": 2,

          "maxmana": 100,
          "manaregen": 2,

          "genericmodifiermanacost": -0.08,
          "genericmodifiercasttime": -0.08,

          "conjurationmodifiermanacost": -0.08,
          "conjurationmodifiercasttime": -0.08,
          "conjurationmodifierduration": 0.15,
          "conjurationmodifierdamage": 0.15,
          "conjurationmodifierstats": 0.15
        }
      }
    }
  },

  "creativeinventory": {
    "general": [ "*" ],
    "items": [ "*" ],
    "clothing": [ "*" ],
    "rustboundmagicequipment": [ "*" ]
  },

  "shapeByType": {
    "*-basic-*": {
      "base": "entities/humanoids/armor/{model}/{model}-legs-tier3"
    },
    "*-rustyjonas-*": {
      "base": "entities/humanoids/armor/{model}/{model}-legs"
    },
    "*-temporaljonas-*": {
      "base": "entities/humanoids/armor/{model}/{model}-legs"
    },
    "*-wanderer-*": {
      "base": "entities/humanoids/armor/{model}/{model}-legs-tier3"
    },
    "*-necromancer-*": {
      "base": "entities/humanoids/armor/{model}/{model}-legs"
    }
  },

  "texturesByType": {
    "*-basic-*-tier1*": {
      "seraph": { "base": "game:block/transparent" },
      "default": { "base": "default" },
      "material1": { "base": "entities/humanoids/armor/leatherouter-{color}" },
      "material2": { "base": "entities/humanoids/armor/clothunder" },
      "material3": { "base": "entities/humanoids/armor/clothblack" },
      "material4": { "base": "entities/humanoids/armor/eldrathiummetal" },
      "gemsocket": { "base": "blocks/arcanus/arcanusblock-inert" },
      "gem": { "base": "items/resources/arcanus-normal" },
      "gold": { "base": "game:block/metal/tarnished/gold" },
      "temporalgear": { "base": "default" },
      "temporal": { "base": "default" },
      "smoky": { "base": "game:block/glass/smoky" },
      "rustyglow": { "base": "game:block/machine/statictranslocator/rustyglow" },
      "iron": { "base": "game:block/metal/tarnished/iron" },
      "rusty-iron": { "base": "game:block/metal/tarnished/rusty-iron" },
      "brass": { "base": "game:block/metal/tarnished/brass" }
    },
    "*-basic-*-tier2*": {
      "seraph": { "base": "game:block/transparent" },
      "default": { "base": "default" },
      "material1": { "base": "entities/humanoids/armor/leatherouter-{color}" },
      "material2": { "base": "entities/humanoids/armor/clothunder" },
      "material3": { "base": "entities/humanoids/armor/clothblack" },
      "material4": { "base": "entities/humanoids/armor/eldrathiummetal" },
      "gemsocket": { "base": "blocks/arcanus/arcanusblock-inert" },
      "gem": { "base": "items/resources/arcanus-primal" },
      "gold": { "base": "game:block/metal/tarnished/gold" },
      "temporalgear": { "base": "default" },
      "temporal": { "base": "default" },
      "smoky": { "base": "game:block/glass/smoky" },
      "rustyglow": { "base": "game:block/machine/statictranslocator/rustyglow" },
      "iron": { "base": "game:block/metal/tarnished/iron" },
      "rusty-iron": { "base": "game:block/metal/tarnished/rusty-iron" },
      "brass": { "base": "game:block/metal/tarnished/brass" }
    },
    "*-basic-*-tier3*": {
      "seraph": { "base": "game:block/transparent" },
      "default": { "base": "default" },
      "material1": { "base": "entities/humanoids/armor/leatherouter-{color}" },
      "material2": { "base": "entities/humanoids/armor/clothunder" },
      "material3": { "base": "entities/humanoids/armor/clothblack" },
      "material4": { "base": "entities/humanoids/armor/eldrathiummetal" },
      "gemsocket": { "base": "blocks/arcanus/arcanusblock-inert" },
      "gem": { "base": "items/resources/arcanus-seraphic" },
      "gold": { "base": "game:block/metal/tarnished/gold" },
      "temporalgear": { "base": "default" },
      "temporal": { "base": "game:block/metal/tarnished/rusty-iron" },
      "smoky": { "base": "game:block/glass/smoky" },
      "rustyglow": { "base": "game:block/machine/statictranslocator/rustyglow" },
      "iron": { "base": "game:block/metal/tarnished/iron" },
      "rusty-iron": { "base": "game:block/metal/tarnished/rusty-iron" },
      "brass": { "base": "game:block/metal/tarnished/brass" }
    },


    "*-rustyjonas-*-tier1*": {
      "seraph": { "base": "game:block/transparent" },
      "default": { "base": "default" },
      "colorblack": { "base": "color-black" },
      "metal": { "base": "default" },
      "gemsocket": { "base": "blocks/arcanus/arcanusblock-inert" },
      "gem": { "base": "items/resources/arcanus-normal" },
      "material1": { "base": "entities/humanoids/armor/leatherouter-{color}" },
      "material2": { "base": "entities/humanoids/armor/clothunder" },
      "material3": { "base": "entities/humanoids/armor/clothblack" },
      "material4": { "base": "entities/humanoids/armor/eldrathiummetal" },
      "material5": { "base": "entities/humanoids/armor/eldrathiummetal" },
      "smallgear": { "base": "default" },
      "gold": { "base": "game:block/metal/tarnished/gold" },
      "temporalgear": { "base": "game:block/metal/tarnished/rusty-iron" },
      "temporal": { "base": "game:block/metal/tarnished/rusty-iron" },
      "smoky": { "base": "game:block/glass/smoky" },
      "rustyglow": { "base": "color-yellow" },
      "iron": { "base": "game:block/metal/tarnished/iron" },
      "iron1": { "base": "game:block/metal/tarnished/rusty-iron" },
      "rusty-iron": { "base": "game:block/metal/tarnished/rusty-iron" },
      "brass": { "base": "game:block/metal/tarnished/brass" }
    },
    "*-rustyjonas-*-tier2*": {
      "seraph": { "base": "game:block/transparent" },
      "default": { "base": "default" },
      "colorblack": { "base": "color-black" },
      "metal": { "base": "default" },
      "gemsocket": { "base": "blocks/arcanus/arcanusblock-inert" },
      "gem": { "base": "items/resources/arcanus-primal" },
      "material1": { "base": "entities/humanoids/armor/leatherouter-{color}" },
      "material2": { "base": "entities/humanoids/armor/clothunder" },
      "material3": { "base": "entities/humanoids/armor/clothblack" },
      "material4": { "base": "entities/humanoids/armor/eldrathiummetal" },
      "material5": { "base": "entities/humanoids/armor/eldrathiummetal" },
      "smallgear": { "base": "default" },
      "gold": { "base": "game:block/metal/tarnished/gold" },
      "temporalgear": { "base": "game:block/metal/tarnished/rusty-iron" },
      "temporal": { "base": "game:block/metal/tarnished/rusty-iron" },
      "smoky": { "base": "game:block/glass/smoky" },
      "rustyglow": { "base": "color-yellow" },
      "iron": { "base": "game:block/metal/tarnished/iron" },
      "iron1": { "base": "game:block/metal/tarnished/rusty-iron" },
      "rusty-iron": { "base": "game:block/metal/tarnished/rusty-iron" },
      "brass": { "base": "game:block/metal/tarnished/brass" }
    },
    "*-rustyjonas-*-tier3*": {
      "seraph": { "base": "game:block/transparent" },
      "default": { "base": "default" },
      "colorblack": { "base": "color-black" },
      "metal": { "base": "default" },
      "gemsocket": { "base": "blocks/arcanus/arcanusblock-inert" },
      "gem": { "base": "items/resources/arcanus-seraphic" },
      "material1": { "base": "entities/humanoids/armor/leatherouter-{color}" },
      "material2": { "base": "entities/humanoids/armor/clothunder" },
      "material3": { "base": "entities/humanoids/armor/clothblack" },
      "material4": { "base": "entities/humanoids/armor/eldrathiummetal" },
      "material5": { "base": "entities/humanoids/armor/eldrathiummetal" },
      "smallgear": { "base": "default" },
      "gold": { "base": "game:block/metal/tarnished/gold" },
      "temporalgear": { "base": "game:block/metal/tarnished/rusty-iron" },
      "temporal": { "base": "game:block/metal/tarnished/rusty-iron" },
      "smoky": { "base": "game:block/glass/smoky" },
      "rustyglow": { "base": "color-yellow" },
      "iron": { "base": "game:block/metal/tarnished/iron" },
      "iron1": { "base": "game:block/metal/tarnished/rusty-iron" },
      "rusty-iron": { "base": "game:block/metal/tarnished/rusty-iron" },
      "brass": { "base": "game:block/metal/tarnished/brass" }
    },

    "*-temporaljonas-*-tier1*": {
      "seraph": { "base": "game:block/transparent" },
      "default": { "base": "default" },
      "colorblack": { "base": "color-black" },
      "metal": { "base": "default" },
      "gemsocket": { "base": "blocks/arcanus/arcanusblock-inert" },
      "gem": { "base": "items/resources/arcanus-normal" },
      "material1": { "base": "entities/humanoids/armor/leatherouter-{color}" },
      "material2": { "base": "entities/humanoids/armor/clothunder" },
      "material3": { "base": "entities/humanoids/armor/clothblack" },
      "material4": { "base": "entities/humanoids/armor/eldrathiummetal" },
      "material5": { "base": "entities/humanoids/armor/eldrathiummetal" },
      "smallgear": { "base": "default" },
      "gold": { "base": "game:block/metal/tarnished/gold" },
      "temporalgear": { "base": "game:item/resource/temporalgear" },
      "temporal": { "base": "game:item/resource/temporalgear" },
      "smoky": { "base": "game:block/glass/smoky" },
      "rustyglow": { "base": "game:block/machine/statictranslocator/rustyglow" },
      "iron": { "base": "game:block/metal/tarnished/iron" },
      "iron1": { "base": "game:block/machine/statictranslocator/rustyglow" },
      "rusty-iron": { "base": "game:block/metal/tarnished/rusty-iron" },
      "brass": { "base": "game:block/metal/tarnished/brass" }
    },
    "*-temporaljonas-*-tier2*": {
      "seraph": { "base": "game:block/transparent" },
      "default": { "base": "default" },
      "colorblack": { "base": "color-black" },
      "metal": { "base": "default" },
      "gemsocket": { "base": "blocks/arcanus/arcanusblock-inert" },
      "gem": { "base": "items/resources/arcanus-primal" },
      "material1": { "base": "entities/humanoids/armor/leatherouter-{color}" },
      "material2": { "base": "entities/humanoids/armor/clothunder" },
      "material3": { "base": "entities/humanoids/armor/clothblack" },
      "material4": { "base": "entities/humanoids/armor/eldrathiummetal" },
      "material5": { "base": "entities/humanoids/armor/eldrathiummetal" },
      "smallgear": { "base": "default" },
      "gold": { "base": "game:block/metal/tarnished/gold" },
      "temporalgear": { "base": "game:item/resource/temporalgear" },
      "temporal": { "base": "game:item/resource/temporalgear" },
      "smoky": { "base": "game:block/glass/smoky" },
      "rustyglow": { "base": "game:block/machine/statictranslocator/rustyglow" },
      "iron": { "base": "game:block/metal/tarnished/iron" },
      "iron1": { "base": "game:block/machine/statictranslocator/rustyglow" },
      "rusty-iron": { "base": "game:block/metal/tarnished/rusty-iron" },
      "brass": { "base": "game:block/metal/tarnished/brass" }
    },
    "*-temporaljonas-*-tier3*": {
      "seraph": { "base": "game:block/transparent" },
      "default": { "base": "default" },
      "colorblack": { "base": "color-black" },
      "metal": { "base": "default" },
      "gemsocket": { "base": "blocks/arcanus/arcanusblock-inert" },
      "gem": { "base": "items/resources/arcanus-seraphic" },
      "material1": { "base": "entities/humanoids/armor/leatherouter-{color}" },
      "material2": { "base": "entities/humanoids/armor/clothunder" },
      "material3": { "base": "entities/humanoids/armor/clothblack" },
      "material4": { "base": "entities/humanoids/armor/eldrathiummetal" },
      "material5": { "base": "entities/humanoids/armor/eldrathiummetal" },
      "smallgear": { "base": "default" },
      "gold": { "base": "game:block/metal/tarnished/gold" },
      "temporalgear": { "base": "game:item/resource/temporalgear" },
      "temporal": { "base": "game:item/resource/temporalgear" },
      "smoky": { "base": "game:block/glass/smoky" },
      "rustyglow": { "base": "game:block/machine/statictranslocator/rustyglow" },
      "iron": { "base": "game:block/metal/tarnished/iron" },
      "iron1": { "base": "game:block/machine/statictranslocator/rustyglow" },
      "rusty-iron": { "base": "game:block/metal/tarnished/rusty-iron" },
      "brass": { "base": "game:block/metal/tarnished/brass" }
    },











    "*-necromancer-*": {
      "seraph": { "base": "game:block/transparent" },
      "default": { "base": "default" },
      "material1": { "base": "entities/humanoids/armor/leatherouter-{color}" },
      "material2": { "base": "entities/humanoids/armor/clothunder" },
      "material3": { "base": "entities/humanoids/armor/clothblack" },
      "material4": { "base": "entities/humanoids/armor/eldrathiummetal" },
      "gemsocket": { "base": "blocks/arcanus/arcanusblock-inert" },
      "gem": { "base": "blocks/arcanus/arcanusblocksolid-celestial" },
      "gold": { "base": "game:block/metal/tarnished/gold" },
      "temporalgear": { "base": "game:item/resource/temporalgear" },
      "temporal": { "base": "game:item/resource/temporalgear" },
      "smoky": { "base": "game:block/glass/smoky" },
      "rustyglow": { "base": "game:block/machine/statictranslocator/rustyglow" },
      "iron": { "base": "game:block/metal/tarnished/iron" },
      "rusty-iron": { "base": "game:block/metal/tarnished/rusty-iron" },
      "brass": { "base": "game:block/metal/tarnished/brass" }
    },








    "*-tier4": {
      "seraph": { "base": "game:block/transparent" },
      "default": { "base": "default" },
      "material1": { "base": "entities/humanoids/armor/leatherouter-{color}" },
      "material2": { "base": "entities/humanoids/armor/clothunder" },
      "material3": { "base": "entities/humanoids/armor/clothblack" },
      "material4": { "base": "entities/humanoids/armor/eldrathiummetal" },
      "gemsocket": { "base": "blocks/arcanus/arcanusblock-inert" },
      "gem": { "base": "blocks/arcanus/arcanusblocksolid-celestial" },
      "gold": { "base": "game:block/metal/tarnished/gold" },
      "temporalgear": { "base": "game:item/resource/temporalgear" },
      "temporal": { "base": "game:item/resource/temporalgear" },
      "smoky": { "base": "game:block/glass/smoky" },
      "rustyglow": { "base": "game:block/machine/statictranslocator/rustyglow" },
      "iron": { "base": "game:block/metal/tarnished/iron" },
      "rusty-iron": { "base": "game:block/metal/tarnished/rusty-iron" },
      "brass": { "base": "game:block/metal/tarnished/brass" }
    },
    "*": {
      "default": { "base": "default" },
      "seraph": { "base": "game:entities/humanoids/seraphclothes/{category}/{arm}" }
    }
  },

  "heldTpUseAnimation": "interactstatic",

  "renderAlphaTest": 0.25,
  "durabilityByType": {
    "*-tier1*": 900,
    "*-tier2*": 900,
    "*-tier3*": 900
  },

  "fpHandTransformByType": {
    "*": {
      "translation": {
        "x": 0.4,
        "y": -1.2,
        "z": -0.5
      },
      "rotation": {
        "x": 163,
        "y": -111,
        "z": -180
      },
      "origin": {
        "x": 0.5,
        "y": 1.6,
        "z": 0.5
      },
      "scale": 2.15
    }
  },
  "tpHandTransformByType": {
    "*": {
      "translation": {
        "x": -0.7,
        "y": -0.6,
        "z": -0.4
      },
      "rotation": {
        "x": 95,
        "y": -20,
        "z": -91
      },
      "origin": {
        "x": 0.5,
        "y": 0.7,
        "z": 0.5
      },
      "scale": 0.74
    }
  },
  "guiTransformByType": {
    "*": {
      "translation": {
        "x": 1,
        "y": 0,
        "z": 0
      },
      "rotation": {
        "x": -26,
        "y": -46,
        "z": -180
      },
      "origin": {
        "x": 0.5,
        "y": 0.6,
        "z": 0.5
      },
      "scale": 1.25
    }
  },
  "groundTransformByType": {
    "*": {
      "translation": {
        "x": 0,
        "y": 0,
        "z": 0
      },
      "rotation": {
        "x": 0,
        "y": 0,
        "z": 90
      },
      "origin": {
        "x": 0.34,
        "y": 1.12,
        "z": 0.5
      },
      "scale": 3.1
    }
  }
}
