﻿{
  "code": "toolconjureitem",
  "class": "ItemToolConjureItemRM",
  "enabled": false,

  "storageFlags": 131329,

  "variantgroups": [
    {
      "code": "variant",
      "states": [ "basic", "health", "duration" ] //,
      //"loadFromProperties": "rustboundmagic:abstract/elements"
    },
    {
      "code": "type",
      "states": [
        //"transmutation",


        "conjureobject"
      ] //,
      //"loadFromProperties": "rustboundmagic:abstract/elements"
    }
  ],
  //"storageFlags": 257,

  "attributesByType": {
    "*-basic-*": {
      "rackable": true,
      "toolrackTransform": {
        "rotation": {
          "x": 0,
          "y": -90,
          "z": 0
        },
        "translation": {
          "x": 0.3,
          "y": 0.75,
          "z": 0
        },
        "scale": 1.5
      },
      "handbook": {
        "groupBy": [ "toolconjureitem-*" ],
        "extraSections": [
          {
            "title": "game:Created by",
            "text": "rustboundmagic:handbook-thaumicworkbenchonlytier1-text"
          },
          {
            "title": "rustboundmagic:handbook-magictooluse-title",
            "text": "rustboundmagic:handbook-toolusespellcastingsinglespell-text"
          }
        ]
      }
    }
  },



  "creativeinventory": {
    "general": [ "*" ],
    "items": [ "*" ],
    "tools": [ "*" ],
    "rustboundmagicequipment": [ "*" ]
  },

  "maxstacksize": 1,
  "materialDensity": 1200,

  "heldTpHitAnimation": "falx",
  "heldTpUseAnimation": "interactstatic",

  "shapeByType": {
    "*": { "base": "items/tools/toolconjureitem-basic" }
    //"*": { "base": "items/tools/toolfocus-advanced" }
  },
  "texturesByType": {
    "*-basic-*": {
      "default": { "base": "default" },
      "eldrathium": { "base": "blocks/eldrathium" },
      "handle1": { "base": "game:block/leather/poor" },
      "handle2": { "base": "game:block/linen" },
      "decal1": { "base": "default" },
      "material1": { "base": "blocks/resources/enchantedstone/none/enchantedstone-rock1" },
      "material2": { "base": "blocks/eldrathium" },
      "material3": { "base": "blocks/resources/enchantedstone/none/dark-enchantedstone-rock1" },
      "gemstone": { "base": "rust-solid" },
      "colorblack": { "base": "color-black" }
    }
  },

  "damagedby": [ "blockbreaking", "attacking" ],

  "durabilityByType": {
    //"*-wood-transmutation": 50,
    "*-basic-*": 50,
    "*-wood-fireball0": 50,
    "*-wood-aquaburst0": 50,
    "*-wood-aeroblast0": 50,
    "*-wood-stonefist0": 50,
    "*-wood-thunderbolt0": 50,
    "*-wood-coldsnap0": 50,
    "*-wood-wealdburst0": 50,
    "*-wood-shadowbolt0": 50,

    "*-wood-plunder0": 32,
    "*-wood-silentsteps0": 32,
    "*-wood-nourishingaura0": 32,

    "*-wood-befriendanimal0": 32,
    "*-wood-fertilize0": 32,

    "*-wood-shadowstep0": 32,
    "*-wood-ignite0": 32,
    "*-wood-hydratefarmland0": 50,
    "*-wood-reap0": 50,



    //"*-bone-transmutation": 75,
    "*-bone-rustorb0": 75,
    "*-bone-fireball0": 75,
    "*-bone-aquaburst0": 75,
    "*-bone-aeroblast0": 75,
    "*-bone-stonefist0": 75,
    "*-bone-thunderbolt0": 75,
    "*-bone-coldsnap0": 75,
    "*-bone-wealdburst0": 75,
    "*-bone-shadowbolt0": 75,

    "*-bone-plunder0": 48,
    "*-bone-silentsteps0": 48,
    "*-bone-nourishingaura0": 48,

    "*-bone-befriendanimal0": 48,
    "*-bone-fertilize0": 48,

    "*-bone-shadowstep0": 48,
    "*-bone-ignite0": 48,
    "*-bone-hydratefarmland0": 75,
    "*-bone-reap0": 75
  },

  "tooltierByType": {
    "*": 1
  },

  "attackpowerByType": {
    "*": 0.8
  },


  "guiTransform": {
    "translation": {
      "x": 0,
      "y": 0,
      "z": 0
    },
    "rotation": {
      "x": -77,
      "y": -45,
      "z": -20
    },
    "origin": {
      "x": 0.6,
      "y": -0.3,
      "z": 0.65
    },
    "scale": 2.5
  },
  "fpHandTransform": {
    "translation": {
      "x": -0.5,
      "y": -0.2,
      "z": 0
    },
    "rotation": {
      "x": -33,
      "y": 7,
      "z": 90
    },
    "scale": 2.75
  },
  "groundTransform": {
    "translation": {
      "x": 0,
      "y": 0.09,
      "z": 0
    },
    "rotation": {
      "x": 180,
      "y": 0,
      "z": 0
    },
    "origin": {
      "x": 0.5,
      "y": 0,
      "z": 0.5
    },
    "scale": 4.5
  },
  "tpHandTransform": {
    "translation": {
      "x": -0.52,
      "y": -0.46,
      "z": -0.03
    },
    "rotation": {
      "x": 90,
      "y": 1,
      "z": 0
    },
    "scale": 1
  },
  "tpOffHandTransform": {
    "translation": {
      "x": -0.52,
      "y": -0.45,
      "z": -0.04
    },
    "rotation": {
      "x": 90,
      "y": 1,
      "z": 0
    },
    "scale": 1
  }
}