{
  "code": "toolmanavial",
  //"class": "ItemToolSpellScrollRM",
  "enabled": false,

  "storageFlags": 131073,

  "variantgroups": [
    {
      "code": "type",
      "states": [ "small", "medium", "large" ]
    }
  ],
  //"skipVariants": [ "*-nospell", "*-transmutation", "*-lifetap", "*-imbueelement", "*-familiar" ],

  "creativeinventory": {
    "general": [ "*" ],
    "items": [ "*" ],
    "rustboundmagic": [ "*" ]
  },

  "maxstacksize": 1,
  "materialDensity": 1200,

  "shapebytype": {
    "*-small": {
      "base": "items/tools/toolmanavial"
    },
    "*-medium": {
      "base": "items/tools/toolmanavial"
    },
    "*-large": {
      "base": "items/tools/toolmanavial"
    }
  },
  "texturesByType": {
    "*-small": {
      "default": { "base": "default" },
      "liner": { "base": "color-green" },
      "glass": { "base": "game:block/glass/vintage" },
      "cork": { "base": "game:block/wood/plainoak" },
      "liquid": { "base": "game:block/fire-blue" }
    },
    "*-medium": {
      "default": { "base": "default" },
      "liner": { "base": "color-blue" },
      "glass": { "base": "game:block/glass/vintage" },
      "cork": { "base": "game:block/wood/plainoak" },
      "liquid": { "base": "game:block/fire-blue" }
    },
    "*-large": {
      "default": { "base": "default" },
      "liner": { "base": "color-purple" },
      "glass": { "base": "game:block/glass/vintage" },
      "cork": { "base": "game:block/wood/plainoak" },
      "liquid": { "base": "game:block/fire-blue" }
    }
  },
  "attributes": {
    "onshelfTransform": {
      "translation": {
        "x": 0,
        "y": -0.252,
        "z": -0.025
      },
      "scale": 0.5
    }
  },
  "attributesByType": {
    "*": {
      "displaycaseable": true,
      "onDisplayTransform": {
        "translation": {
          "x": 0,
          "y": -0.25,
          "z": -0.025
        },
        "scale": 0.5
      },
      "shelvable": true,
      "onshelfTransform": {
        "translation": {
          "x": 0,
          "y": -0.25,
          "z": -0.025
        },
        "scale": 0.5
      },
      "handbook": {
        "groupByByType": {
          "*": [ "synthesiscipher-*" ]
        },
        "extraSections": [
          {
            "title": "game:Created by",
            "text": "rustboundmagic:handbook-spellforge-text"
          }
        ]
      }
    }
  },

  "guiTransform": {
    "rotation": {
      "x": -20,
      "y": -58,
      "z": -180
    },
    "origin": {
      "x": 0.5,
      "y": 0.25,
      "z": 0.5
    },
    "scale": 2.0
  },
  "groundTransform": {
    "translation": {
      "x": 0,
      "y": 0.02,
      "z": 0
    },
    "rotation": {
      "x": 90,
      "y": -23,
      "z": 0
    },
    "origin": {
      "x": 0.5,
      "y": 0.5,
      "z": 0.5299
    },
    "scale": 2.5
  },
  "tpHandTransform": {
    "translation": {
      "x": -1.5,
      "y": -1.08,
      "z": -0.99
    },
    "rotation": {
      "x": -4,
      "y": -180,
      "z": 95
    },
    "origin": {
      "x": 0.5,
      "y": 0.55,
      "z": 0.5
    },
    "scale": 0.5
  },
  "fpHandTransform": {
    "rotation": {
      "x": 180,
      "y": 90,
      "z": -171
    }
  }
}
