{
	code: "daneaxe",
	damagedby: ["blockbreaking","attacking"],
	class: "ItemAxe",
	tool: "axe",
	attributes: {
		handbook: { groupBy: ["daneaxe"] },
		toolrackTransform: {
			translation: { x: -0.23, y: 0.5, z: -0.3 },
			rotation: { x: -32, y: 0, z: 0 },
			scale: 1.25
		},
		groundStorageTransform: {
			translation: { x: 0, y: 0.095, z: -0.06 },
			rotation: { x: 20, y: 90, z: -90 },
			scale: 0.88
		}
	},
	behaviors: [{ 
		name: "GroundStorable",
		properties: {
			layout: 'WallHalves',
			wallOffY: 1,
			sprintKey: true,
			selectionBox: { x1: 0, y1: 0, z1: 0, x2: 1, y2: 0.1, z2: 1 },
			collisionBox: { x1: 0, y1: 0, z1: 0, x2: 0, y2: 0, z2: 0 },
		}
	}, { name: "AnimationAuthoritative" }],
	variantgroups: [ { code: "metal", states: ["iron","meteoriciron","steel"]}, ],
	shape: { base: "axes/daneaxe" },
	heldTpHitAnimation: "zweiswing",
	heldTpUseAnimation: "knap",
	textures: { 
		"metal": {base: "game:block/metal/ingot/{metal}"},
		"handle": {base: "game:item/tool/material/handle"},
		},
	attackRange: 3,
	tooltierbytype: {
		"daneaxe-iron":4,
		"daneaxe-meteoriciron":4,
		"daneaxe-steel": 5,
	},
	durabilitybytype: {
		"daneaxe-iron": 1000,
		"daneaxe-meteoriciron":1350,
		"daneaxe-steel": 2000,
	},
	attackpowerbytype: {
		"daneaxe-iron": 4.8,
		"daneaxe-meteoriciron":5.3,
		"daneaxe-steel": 5.8,
	},
	miningspeedbytype: {
		"daneaxe-iron": {"wood": 6.5,"plant": 2.5,"leaves": 1.5},
		"daneaxe-meteoriciron": {"wood": 7,"plant": 3,"leaves": 2},
		"daneaxe-steel": {"wood": 7.5,"plant": 3.5,"leaves": 2.5} },
		
	creativeinventory: { "general": ["*"],"swordz": ["*"]},
	fpHandTransform: {
		translation: { x: -0.2, y: -0.2, z: 0 },
		rotation: { x: -21, y: 15, z: 90 },
		scale: 3.2
	},
	guiTransform: {
			translation: { x: 0, y: 0, z: 0 },
			rotation: { x: -90, y: 50, z: -13 },
			origin: { x: 0.65, y: 0.1, z: 0.45 },
			scale: 1.65
	},
	groundTransform: {
			translation: { x: 0, y: 0, z: 0 },
			rotation: { x: 0, y: 0, z: 0 },
			origin: { x: 0.5, y: 0, z: 0.5 },
			scale: 3.2
	},
	tpHandTransform: {
			translation: { x: -0.99, y: -0.5, z: -0.1 },
			rotation: { x: 90, y: 0, z: -4 },
			scale: 0.95
	},
}