[
	{//	
//*************************************Крафт ШКІРЯНОГО високого рюкзака мідь (ліхтар з кварцу) - СХЕМА
			ingredientPattern: "KFN,PBA,LWL",
			enabled: true,
			ingredients: {
				"K": { type: "item", code: "game:shears-*", isTool: true, toolDurabilityCost: 10 },
				"F": { type: "block", code: "game:lantern-up", attributes: { material: "copper", lining: "plain", glass: "quartz" }, quantity: 1 },
				"N": { type: "item", code: "game:sewingkit", quantity: 1 },			
				"P": { type: "item", code: "game:pickaxe-copper", quantity: 1 },
				"B": { type: "item", code: "fendragonbcs:fbcs-shkira-copper-mini", quantity: 1 },
				"A": { type: "item", code: "game:axe-felling-copper", quantity: 1 },
				"L": { type: "item", code: "game:leather-normal-green", quantity: 4 },
			"W": { type: "item", code: "fendragonsmp:shema-avanturist", isTool: true, toolDurabilityCost: 1  },
			},	
			width: 3,
			height: 3,
			recipeGroup: 5,
			output: { type: "item", code: "fendragonbcs:fbcs-shkira-copper-tall", quantity: 1 }
		},
		{//	
//Крафт ШКІРЯНОГО високого рюкзака олов'яна бронза (ліхтар з кварцу) - СХЕМА
			ingredientPattern: "KFN,PBA,LWL",
			enabled: true,
			ingredients: {
				"K": { type: "item", code: "game:shears-*", isTool: true, toolDurabilityCost: 10 },
				"F": { type: "block", code: "game:lantern-up", attributes: { material: "tinbronze", lining: "plain", glass: "quartz" }, quantity: 1 },
				"N": { type: "item", code: "game:sewingkit", quantity: 1 },			
				"P": { type: "item", code: "game:pickaxe-tinbronze", quantity: 1 },
				"B": { type: "item", code: "fendragonbcs:fbcs-shkira-tinbronze-mini", quantity: 1 },
				"A": { type: "item", code: "game:axe-felling-tinbronze", quantity: 1 },
				"L": { type: "item", code: "game:leather-normal-green", quantity: 4 },
			"W": { type: "item", code: "fendragonsmp:shema-avanturist", isTool: true, toolDurabilityCost: 1  },
			},	
			width: 3,
			height: 3,
			recipeGroup: 5,
			output: { type: "item", code: "fendragonbcs:fbcs-shkira-tinbronze-tall", quantity: 1 }
		},
		{//
//Крафт ШКІРЯНОГО високого рюкзака вісмутова бронза (ліхтар з кварцу) - СХЕМА
			ingredientPattern: "KFN,PBA,LWL",
			enabled: true,
			ingredients: {
				"K": { type: "item", code: "game:shears-*", isTool: true, toolDurabilityCost: 10 },
				"F": { type: "block", code: "game:lantern-up", attributes: { material: "bismuthbronze", lining: "plain", glass: "quartz" }, quantity: 1 },
				"N": { type: "item", code: "game:sewingkit", quantity: 1 },			
				"P": { type: "item", code: "game:pickaxe-bismuthbronze", quantity: 1 },
				"B": { type: "item", code: "fendragonbcs:fbcs-shkira-bismuthbronze-mini", quantity: 1 },
				"A": { type: "item", code: "game:axe-felling-bismuthbronze", quantity: 1 },
				"L": { type: "item", code: "game:leather-normal-green", quantity: 4 },
			"W": { type: "item", code: "fendragonsmp:shema-avanturist", isTool: true, toolDurabilityCost: 1  },				
			},	
			width: 3,
			height: 3,
			recipeGroup: 5,
			output: { type: "item", code: "fendragonbcs:fbcs-shkira-bismuthbronze-tall", quantity: 1 }
		},
		{//	
//Крафт ШКІРЯНОГО високого рюкзака чорна бронза (ліхтар з кварцу) - СХЕМА
			ingredientPattern: "KFN,PBA,LWL",
			enabled: true,
			ingredients: {
				"K": { type: "item", code: "game:shears-*", isTool: true, toolDurabilityCost: 10 },
				"F": { type: "block", code: "game:lantern-up", attributes: { material: "blackbronze", lining: "plain", glass: "quartz" }, quantity: 1 },
				"N": { type: "item", code: "game:sewingkit", quantity: 1 },			
				"P": { type: "item", code: "game:pickaxe-blackbronze", quantity: 1 },
				"B": { type: "item", code: "fendragonbcs:fbcs-shkira-blackbronze-mini", quantity: 1 },
				"A": { type: "item", code: "game:axe-felling-blackbronze", quantity: 1 },
				"L": { type: "item", code: "game:leather-normal-green", quantity: 4 },
			"W": { type: "item", code: "fendragonsmp:shema-avanturist", isTool: true, toolDurabilityCost: 1  },				
			},	
			width: 3,
			height: 3,
			recipeGroup: 5,
			output: { type: "item", code: "fendragonbcs:fbcs-shkira-blackbronze-tall", quantity: 1 }
		},
		{//	
//Крафт ШКІРЯНОГО високого рюкзака золото (ліхтар з кварцу) - СХЕМА
			ingredientPattern: "KFN,PBA,LWL",
			enabled: true,
			ingredients: {
				"K": { type: "item", code: "game:shears-*", isTool: true, toolDurabilityCost: 10 },
				"F": { type: "block", code: "game:lantern-up", attributes: { material: "gold", lining: "plain", glass: "quartz" }, quantity: 1 },
				"N": { type: "item", code: "game:sewingkit", quantity: 1 },			
				"P": { type: "item", code: "game:pickaxe-gold", quantity: 1 },
				"B": { type: "item", code: "fendragonbcs:fbcs-shkira-gold-mini", quantity: 1 },
				"A": { type: "item", code: "game:axe-felling-gold", quantity: 1 },
				"L": { type: "item", code: "game:leather-normal-green", quantity: 4 },
			"W": { type: "item", code: "fendragonsmp:shema-avanturist", isTool: true, toolDurabilityCost: 1  },				
			},	
			width: 3,
			height: 3,
			recipeGroup: 5,
			output: { type: "item", code: "fendragonbcs:fbcs-shkira-gold-tall", quantity: 1 }
		},
		{//	
//Крафт ШКІРЯНОГО високого рюкзака срібло (ліхтар з кварцу) - СХЕМА
			ingredientPattern: "KFN,PBA,LWL",
			enabled: true,
			ingredients: {
				"K": { type: "item", code: "game:shears-*", isTool: true, toolDurabilityCost: 10 },
				"F": { type: "block", code: "game:lantern-up", attributes: { material: "silver", lining: "plain", glass: "quartz" }, quantity: 1 },
				"N": { type: "item", code: "game:sewingkit", quantity: 1 },			
				"P": { type: "item", code: "game:pickaxe-silver", quantity: 1 },
				"B": { type: "item", code: "fendragonbcs:fbcs-shkira-silver-mini", quantity: 1 },
				"A": { type: "item", code: "game:axe-felling-silver", quantity: 1 },
				"L": { type: "item", code: "game:leather-normal-green", quantity: 4 },
			"W": { type: "item", code: "fendragonsmp:shema-avanturist", isTool: true, toolDurabilityCost: 1  },				
			},	
			width: 3,
			height: 3,
			recipeGroup: 5,
			output: { type: "item", code: "fendragonbcs:fbcs-shkira-silver-tall", quantity: 1 }
		},
		{//	
//Крафт ШКІРЯНОГО високого рюкзака залізо (ліхтар з кварцу) - СХЕМА
			ingredientPattern: "KFN,PBA,LWL",
			enabled: true,
			ingredients: {
				"K": { type: "item", code: "game:shears-*", isTool: true, toolDurabilityCost: 10 },
				"F": { type: "block", code: "game:lantern-up", attributes: { material: "iron", lining: "plain", glass: "quartz" }, quantity: 1 },
				"N": { type: "item", code: "game:sewingkit", quantity: 1 },			
				"P": { type: "item", code: "game:pickaxe-iron", quantity: 1 },
				"B": { type: "item", code: "fendragonbcs:fbcs-shkira-iron-mini", quantity: 1 },
				"A": { type: "item", code: "game:axe-felling-iron", quantity: 1 },
				"L": { type: "item", code: "game:leather-normal-green", quantity: 4 },
			"W": { type: "item", code: "fendragonsmp:shema-avanturist", isTool: true, toolDurabilityCost: 1  },				
			},	
			width: 3,
			height: 3,
			recipeGroup: 5,
			output: { type: "item", code: "fendragonbcs:fbcs-shkira-iron-tall", quantity: 1 }
		},
		{//	
//Крафт ШКІРЯНОГО високого рюкзака метеор.залізо (ліхтар з кварцу) - СХЕМА
			ingredientPattern: "KFN,PBA,LWL",
			enabled: true,
			ingredients: {
				"K": { type: "item", code: "game:shears-*", isTool: true, toolDurabilityCost: 10 },
				"F": { type: "block", code: "game:lantern-up", attributes: { material: "meteoriciron", lining: "plain", glass: "quartz" }, quantity: 1 },
				"N": { type: "item", code: "game:sewingkit", quantity: 1 },			
				"P": { type: "item", code: "game:pickaxe-meteoriciron", quantity: 1 },
				"B": { type: "item", code: "fendragonbcs:fbcs-shkira-meteoriciron-mini", quantity: 1 },
				"A": { type: "item", code: "game:axe-felling-meteoriciron", quantity: 1 },
				"L": { type: "item", code: "game:leather-normal-green", quantity: 4 },
			"W": { type: "item", code: "fendragonsmp:shema-avanturist", isTool: true, toolDurabilityCost: 1  },				
			},	
			width: 3,
			height: 3,
			recipeGroup: 5,
			output: { type: "item", code: "fendragonbcs:fbcs-shkira-meteoriciron-tall", quantity: 1 }
		},
		{//	
//Крафт ШКІРЯНОГО високого рюкзака сталь (ліхтар з кварцу) - СХЕМА
			ingredientPattern: "KFN,PBA,LWL",
			enabled: true,
			ingredients: {
				"K": { type: "item", code: "game:shears-*", isTool: true, toolDurabilityCost: 10 },
				"F": { type: "block", code: "game:lantern-up", attributes: { material: "steel", lining: "plain", glass: "quartz" }, quantity: 1 },
				"N": { type: "item", code: "game:sewingkit", quantity: 1 },			
				"P": { type: "item", code: "game:pickaxe-steel", quantity: 1 },
				"B": { type: "item", code: "fendragonbcs:fbcs-shkira-steel-mini", quantity: 1 },
				"A": { type: "item", code: "game:axe-felling-steel", quantity: 1 },
				"L": { type: "item", code: "game:leather-normal-green", quantity: 4 },
			"W": { type: "item", code: "fendragonsmp:shema-avanturist", isTool: true, toolDurabilityCost: 1  },				
			},	
			width: 3,
			height: 3,
			recipeGroup: 5,
			output: { type: "item", code: "fendragonbcs:fbcs-shkira-steel-tall", quantity: 1 }
		},
	{//	
//Крафт ШКІРЯНОГО базового рюкзака - СХЕМА	
		ingredientPattern: "KWN,LBL,QMQ",
		enabled: true,
		ingredients: {
			"K": { type: "item", code: "game:shears-*", isTool: true, toolDurabilityCost: 10 },
			"N": { type: "item", code: "game:sewingkit", quantity: 1 },
			"L": { type: "item", code: "game:leather-normal-black", quantity: 4 },					
			"B": { type: "item", code: "fendragonbcs:fbcs-shkira-*-tall", name: "material", allowedVariants: [ "copper", "tinbronze", "bismuthbronze", "blackbronze", "gold", "silver", "iron", "meteoriciron", "steel"], quantity: 1 },
			"Q": { type: "item", code: "game:clearquartz", quantity: 1 },
			"M": { type: "item", code: "game:metalplate-molybdochalkos", quantity: 1 },
		"W": { type: "item", code: "fendragonsmp:shema-avanturist", isTool: true, toolDurabilityCost: 1  },
		},	
		width: 3,
		height: 3,
		recipeGroup: 5,
		output: { type: "item", code: "fendragonbcs:fbcs-shkira-{material}-basic", quantity: 1 }
	},
	{//	
//Крафт ШКІРЯНОГО супер рюкзака - СХЕМА
		ingredientPattern: "KWN,LBL,QMQ",
		enabled: true,
		ingredients: {
			"K": { type: "item", code: "game:shears-*", isTool: true, toolDurabilityCost: 10 },
			"N": { type: "item", code: "game:sewingkit", quantity: 1 },
			"L": { type: "item", code: "game:leather-normal-white", quantity: 4 },					
			"B": { type: "item", code: "fendragonbcs:fbcs-shkira-*-basic", name: "material", allowedVariants: [ "copper", "tinbronze", "bismuthbronze", "blackbronze", "gold", "silver", "iron", "meteoriciron", "steel"], quantity: 1 },
			"Q": { type: "item", code: "game:ore-lapislazuli", quantity: 1 },
			"M": { type: "item", code: "game:metalplate-blackbronze", quantity: 1 },
		"W": { type: "item", code: "fendragonsmp:shema-avanturist", isTool: true, toolDurabilityCost: 1  },
		},	
		width: 3,
		height: 3,
		recipeGroup: 5,
		output: { type: "item", code: "fendragonbcs:fbcs-shkira-{material}-super", quantity: 1 }
	},
	{//	
//Крафт ШКІРЯНОГО мега рюкзака - СХЕМА
		ingredientPattern: "KWN,LBL,QMQ",
		enabled: true,
		ingredients: {
			"K": { type: "item", code: "game:shears-*", isTool: true, toolDurabilityCost: 10 },
			"N": { type: "item", code: "game:sewingkit", quantity: 1 },
			"L": { type: "item", code: "game:leather-normal-orange", quantity: 4 },					
			"B": { type: "item", code: "fendragonbcs:fbcs-shkira-*-super", name: "material", allowedVariants: [ "copper", "tinbronze", "bismuthbronze", "blackbronze", "gold", "silver", "iron", "meteoriciron", "steel"], quantity: 1 },
			"Q": { type: "item", code: "game:gem-emerald-rough", quantity: 1 },
			"M": { type: "item", code: "game:metalplate-meteoriciron", quantity: 1 },
		"W": { type: "item", code: "fendragonsmp:shema-avanturist", isTool: true, toolDurabilityCost: 1  },
		},	
		width: 3,
		height: 3,
		recipeGroup: 5,
		output: { type: "item", code: "fendragonbcs:fbcs-shkira-{material}-mega", quantity: 1 }
	},
	{//	
//Крафт ШКІРЯНОГО ультра рюкзака - СХЕМА	
		ingredientPattern: "KWN,LBL,QMQ",
		enabled: true,
		ingredients: {
			"K": { type: "item", code: "game:shears-*", isTool: true, toolDurabilityCost: 10 },
			"N": { type: "item", code: "game:sewingkit", quantity: 1 },
			"L": { type: "item", code: "game:leather-normal-red", quantity: 4 },					
			"B": { type: "item", code: "fendragonbcs:fbcs-shkira-*-mega", name: "material", allowedVariants: [ "copper", "tinbronze", "bismuthbronze", "blackbronze", "gold", "silver", "iron", "meteoriciron", "steel"], quantity: 1 },
			"Q": { type: "item", code: "game:gem-diamond-rough", quantity: 1 },
			"M": { type: "item", code: "game:metalplate-steel", quantity: 1 },
		"W": { type: "item", code: "fendragonsmp:shema-avanturist", isTool: true, toolDurabilityCost: 1  },
		},	
		width: 3,
		height: 3,
		recipeGroup: 5,
		output: { type: "item", code: "fendragonbcs:fbcs-shkira-{material}-ultra", quantity: 1 }
	},
	{//	
//Крафт ШКІРЯНОГО високого рюкзака мідь (ліхтар зі скляних блоків) - СХЕМА
			ingredientPattern: "KFN,PBA,LWL",
			enabled: true,
			ingredients: {
				"K": { type: "item", code: "game:shears-*", isTool: true, toolDurabilityCost: 10 },
				"F": { type: "block", code: "game:lantern-up", attributes: { material: "copper", lining: "plain", glass: "plain" }, quantity: 1 },
				"N": { type: "item", code: "game:sewingkit", quantity: 1 },			
				"P": { type: "item", code: "game:pickaxe-copper", quantity: 1 },
				"B": { type: "item", code: "fendragonbcs:fbcs-shkira-copper-mini", quantity: 1 },
				"A": { type: "item", code: "game:axe-felling-copper", quantity: 1 },
				"L": { type: "item", code: "game:leather-normal-green", quantity: 4 },
			"W": { type: "item", code: "fendragonsmp:shema-avanturist", isTool: true, toolDurabilityCost: 1  },				
			},	
			width: 3,
			height: 3,
			recipeGroup: 5,
			output: { type: "item", code: "fendragonbcs:fbcs-shkira-copper-tall", quantity: 1 }
		},
	{//	
//Крафт ШКІРЯНОГО високого рюкзака олов'яна бронза (ліхтар зі скляних блоків) - СХЕМА
			ingredientPattern: "KFN,PBA,LWL",
			enabled: true,
			ingredients: {
				"K": { type: "item", code: "game:shears-*", isTool: true, toolDurabilityCost: 10 },
				"F": { type: "block", code: "game:lantern-up", attributes: { material: "tinbronze", lining: "plain", glass: "plain" }, quantity: 1 },
				"N": { type: "item", code: "game:sewingkit", quantity: 1 },			
				"P": { type: "item", code: "game:pickaxe-tinbronze", quantity: 1 },
				"B": { type: "item", code: "fendragonbcs:fbcs-shkira-tinbronze-mini", quantity: 1 },
				"A": { type: "item", code: "game:axe-felling-tinbronze", quantity: 1 },
				"L": { type: "item", code: "game:leather-normal-green", quantity: 4 },
			"W": { type: "item", code: "fendragonsmp:shema-avanturist", isTool: true, toolDurabilityCost: 1  },
			},	
			width: 3,
			height: 3,
			recipeGroup: 5,
			output: { type: "item", code: "fendragonbcs:fbcs-shkira-tinbronze-tall", quantity: 1 }
		},
	{//
//Крафт ШКІРЯНОГО високого рюкзака вісмутова бронза (ліхтар зі скляних блоків) - СХЕМА
			ingredientPattern: "KFN,PBA,LWL",
			enabled: true,
			ingredients: {
				"K": { type: "item", code: "game:shears-*", isTool: true, toolDurabilityCost: 10 },
				"F": { type: "block", code: "game:lantern-up", attributes: { material: "bismuthbronze", lining: "plain", glass: "plain" }, quantity: 1 },
				"N": { type: "item", code: "game:sewingkit", quantity: 1 },			
				"P": { type: "item", code: "game:pickaxe-bismuthbronze", quantity: 1 },
				"B": { type: "item", code: "fendragonbcs:fbcs-shkira-bismuthbronze-mini", quantity: 1 },
				"A": { type: "item", code: "game:axe-felling-bismuthbronze", quantity: 1 },
				"L": { type: "item", code: "game:leather-normal-green", quantity: 4 },
			"W": { type: "item", code: "fendragonsmp:shema-avanturist", isTool: true, toolDurabilityCost: 1  },				
			},	
			width: 3,
			height: 3,
			recipeGroup: 5,
			output: { type: "item", code: "fendragonbcs:fbcs-shkira-bismuthbronze-tall", quantity: 1 }
		},
	{//	
//Крафт ШКІРЯНОГО високого рюкзака чорна бронза (ліхтар зі скляних блоків) - СХЕМА
			ingredientPattern: "KFN,PBA,LWL",
			enabled: true,
			ingredients: {
				"K": { type: "item", code: "game:shears-*", isTool: true, toolDurabilityCost: 10 },
				"F": { type: "block", code: "game:lantern-up", attributes: { material: "blackbronze", lining: "plain", glass: "plain" }, quantity: 1 },
				"N": { type: "item", code: "game:sewingkit", quantity: 1 },			
				"P": { type: "item", code: "game:pickaxe-blackbronze", quantity: 1 },
				"B": { type: "item", code: "fendragonbcs:fbcs-shkira-blackbronze-mini", quantity: 1 },
				"A": { type: "item", code: "game:axe-felling-blackbronze", quantity: 1 },
				"L": { type: "item", code: "game:leather-normal-green", quantity: 4 },
			"W": { type: "item", code: "fendragonsmp:shema-avanturist", isTool: true, toolDurabilityCost: 1  },
			},	
			width: 3,
			height: 3,
			recipeGroup: 5,
			output: { type: "item", code: "fendragonbcs:fbcs-shkira-blackbronze-tall", quantity: 1 }
		},
	{//	
//Крафт ШКІРЯНОГО високого рюкзака золото (ліхтар зі скляних блоків) - СХЕМА
			ingredientPattern: "KFN,PBA,LWL",
			enabled: true,
			ingredients: {
				"K": { type: "item", code: "game:shears-*", isTool: true, toolDurabilityCost: 10 },
				"F": { type: "block", code: "game:lantern-up", attributes: { material: "gold", lining: "plain", glass: "plain" }, quantity: 1 },
				"N": { type: "item", code: "game:sewingkit", quantity: 1 },			
				"P": { type: "item", code: "game:pickaxe-gold", quantity: 1 },
				"B": { type: "item", code: "fendragonbcs:fbcs-shkira-gold-mini", quantity: 1 },
				"A": { type: "item", code: "game:axe-felling-gold", quantity: 1 },
				"L": { type: "item", code: "game:leather-normal-green", quantity: 4 },		
			"W": { type: "item", code: "fendragonsmp:shema-avanturist", isTool: true, toolDurabilityCost: 1  },
			},	
			width: 3,
			height: 3,
			recipeGroup: 5,
			output: { type: "item", code: "fendragonbcs:fbcs-shkira-gold-tall", quantity: 1 }
		},
	{//	
//Крафт ШКІРЯНОГО високого рюкзака срібло (ліхтар зі скляних блоків) - СХЕМА
			ingredientPattern: "KFN,PBA,LWL",
			enabled: true,
			ingredients: {
				"K": { type: "item", code: "game:shears-*", isTool: true, toolDurabilityCost: 10 },
				"F": { type: "block", code: "game:lantern-up", attributes: { material: "silver", lining: "plain", glass: "plain" }, quantity: 1 },
				"N": { type: "item", code: "game:sewingkit", quantity: 1 },			
				"P": { type: "item", code: "game:pickaxe-silver", quantity: 1 },
				"B": { type: "item", code: "fendragonbcs:fbcs-shkira-silver-mini", quantity: 1 },
				"A": { type: "item", code: "game:axe-felling-silver", quantity: 1 },
				"L": { type: "item", code: "game:leather-normal-green", quantity: 4 },		
			"W": { type: "item", code: "fendragonsmp:shema-avanturist", isTool: true, toolDurabilityCost: 1  },
			},	
			width: 3,
			height: 3,
			recipeGroup: 5,
			output: { type: "item", code: "fendragonbcs:fbcs-shkira-silver-tall", quantity: 1 }
		},
	{//	
//Крафт ШКІРЯНОГО високого рюкзака залізо (ліхтар зі скляних блоків) - СХЕМА
			ingredientPattern: "KFN,PBA,LWL",
			enabled: true,
			ingredients: {
				"K": { type: "item", code: "game:shears-*", isTool: true, toolDurabilityCost: 10 },
				"F": { type: "block", code: "game:lantern-up", attributes: { material: "iron", lining: "plain", glass: "plain" }, quantity: 1 },
				"N": { type: "item", code: "game:sewingkit", quantity: 1 },			
				"P": { type: "item", code: "game:pickaxe-iron", quantity: 1 },
				"B": { type: "item", code: "fendragonbcs:fbcs-shkira-iron-mini", quantity: 1 },
				"A": { type: "item", code: "game:axe-felling-iron", quantity: 1 },
				"L": { type: "item", code: "game:leather-normal-green", quantity: 4 },		
			"W": { type: "item", code: "fendragonsmp:shema-avanturist", isTool: true, toolDurabilityCost: 1  },
			},	
			width: 3,
			height: 3,
			recipeGroup: 5,
			output: { type: "item", code: "fendragonbcs:fbcs-shkira-iron-tall", quantity: 1 }
		},
	{//	
//Крафт ШКІРЯНОГО високого рюкзака метеор.залізо (ліхтар зі скляних блоків) - СХЕМА
			ingredientPattern: "KFN,PBA,LWL",
			enabled: true,
			ingredients: {
				"K": { type: "item", code: "game:shears-*", isTool: true, toolDurabilityCost: 10 },
				"F": { type: "block", code: "game:lantern-up", attributes: { material: "meteoriciron", lining: "plain", glass: "plain" }, quantity: 1 },
				"N": { type: "item", code: "game:sewingkit", quantity: 1 },			
				"P": { type: "item", code: "game:pickaxe-meteoriciron", quantity: 1 },
				"B": { type: "item", code: "fendragonbcs:fbcs-shkira-meteoriciron-mini", quantity: 1 },
				"A": { type: "item", code: "game:axe-felling-meteoriciron", quantity: 1 },
				"L": { type: "item", code: "game:leather-normal-green", quantity: 4 },		
			"W": { type: "item", code: "fendragonsmp:shema-avanturist", isTool: true, toolDurabilityCost: 1  },
			},	
			width: 3,
			height: 3,
			recipeGroup: 5,
			output: { type: "item", code: "fendragonbcs:fbcs-shkira-meteoriciron-tall", quantity: 1 }
		},
	{//	
//Крафт ШКІРЯНОГО високого рюкзака сталь (ліхтар зі скляних блоків) - СХЕМА
			ingredientPattern: "KFN,PBA,LWL",
			enabled: true,
			ingredients: {
				"K": { type: "item", code: "game:shears-*", isTool: true, toolDurabilityCost: 10 },
				"F": { type: "block", code: "game:lantern-up", attributes: { material: "steel", lining: "plain", glass: "plain" }, quantity: 1 },
				"N": { type: "item", code: "game:sewingkit", quantity: 1 },			
				"P": { type: "item", code: "game:pickaxe-steel", quantity: 1 },
				"B": { type: "item", code: "fendragonbcs:fbcs-shkira-steel-mini", quantity: 1 },
				"A": { type: "item", code: "game:axe-felling-steel", quantity: 1 },
				"L": { type: "item", code: "game:leather-normal-green", quantity: 4 },		
			"W": { type: "item", code: "fendragonsmp:shema-avanturist", isTool: true, toolDurabilityCost: 1  },
			},	
			width: 3,
			height: 3,
			recipeGroup: 5,
			output: { type: "item", code: "fendragonbcs:fbcs-shkira-steel-tall", quantity: 1 }
		},
	{//
//*************************************Крафт Альпіністської кирки з моду UsefulStuff - СХЕМА
		ingredientPattern: "PW",
		enabled: true,
		ingredients: {
		  "P": { type: "item", code: "game:pickaxe-*", allowedVariants: ["iron", "steel", "meteoriciron"], name: "metal"},
		"W": { type: "item", code: "fendragonsmp:shema-avanturist", isTool: true, toolDurabilityCost: 1  },
		},
		width: 2,
		height: 1,
		output: { type: "item", code: "usefulstuff:climbingpick-{metal}"  }
	},
	{//
//*************************************Крафт столу для розборки туші (120%) з моду Butchering - СХЕМА
		"ingredientPattern": "KSL,PIP,_W_",
		"enabled": true,
		"ingredients": {
			"P": { "type": "item", "code": "game:plank-*", "quantity": 16 },
			"K": { "type": "item", "code": "game:knife-generic-*", "allowedVariants": [ "iron" ] },
			"S": { "type": "item", "code": "game:shears-*", "allowedVariants": [ "iron" ] },
			"L": { "type": "item", "code": "game:cleaver-*", "allowedVariants": [ "iron" ] },
			"I": { "type": "item", "code": "game:metalplate-iron", "quantity": 2 },
		"W": { type: "item", code: "fendragonsmp:shema-avanturist", isTool: true, toolDurabilityCost: 1  },
		},
		"width": 3,
		"height": 3,
		"output": {"type": "block","code": "butchering:butchertable-advanced-north","quantity": 1 }
	},
	{//
//*************************************Крафт горщиків для зберігання з різними малюнками - СХЕМА
	  ingredientPattern:"HPD,_SW",
	  enabled: true,
	  ingredients: {			
			"H": { type: "item", code: "game:hammer-*", isTool: true, toolDurabilityCost: 15  },
			"D": { type: "item", code: "game:chisel-*", isTool: true, toolDurabilityCost: 15  },
		"W": { type: "item", code: "fendragonsmp:shema-avanturist", isTool: true, toolDurabilityCost: 1  },
			"P": { type: "block", code: "game:painting-sunkenruin-north", quantity: 1},
			"S": { type: "block", code: "game:storagevessel-burned", attributes: { type: "normal"}, quantity: 1}
		},
	  width: 3,
	  height: 2,
	  recipeGroup: 2,
	  output: { type: "block", code: "game:storagevessel-ashforest", attributes: { type: "normal"}, quantity: 1}
	},
	{//
	  ingredientPattern:"HPD,_SW",
	  enabled: true,
	  ingredients: {			
			"H": { type: "item", code: "game:hammer-*", isTool: true, toolDurabilityCost: 15  },
			"D": { type: "item", code: "game:chisel-*", isTool: true, toolDurabilityCost: 15  },
		"W": { type: "item", code: "fendragonsmp:shema-avanturist", isTool: true, toolDurabilityCost: 1  },			
			"P": { type: "block", code: "game:painting-sleepingwolf-north", quantity: 1},
			"S": { type: "block", code: "game:storagevessel-burned", attributes: { type: "normal"}, quantity: 1}
		},
	  width: 3,
	  height: 2,
	  recipeGroup: 2,
	  output: { type: "block", code: "game:storagevessel-chthonic", attributes: { type: "normal"}, quantity: 1}
	},
	{//
	  ingredientPattern:"HPD,_SW",
	  enabled: true,
	  ingredients: {
			"H": { type: "item", code: "game:hammer-*", isTool: true, toolDurabilityCost: 15  },
			"D": { type: "item", code: "game:chisel-*", isTool: true, toolDurabilityCost: 15  },
		"W": { type: "item", code: "fendragonsmp:shema-avanturist", isTool: true, toolDurabilityCost: 1  },
			"P": { type: "block", code: "game:painting-howl-north", quantity: 1},
			"S": { type: "block", code: "game:storagevessel-burned", attributes: { type: "normal"}, quantity: 1}
		},
	  width: 3,
	  height: 2,
	  recipeGroup: 2,
	  output: { type: "block", code: "game:storagevessel-copper", attributes: { type: "normal"}, quantity: 1}
	},
	{//
	  ingredientPattern:"HPD,_SW",
	  enabled: true,
	  ingredients: {
			"H": { type: "item", code: "game:hammer-*", isTool: true, toolDurabilityCost: 15  },
			"D": { type: "item", code: "game:chisel-*", isTool: true, toolDurabilityCost: 15  },
		"W": { type: "item", code: "fendragonsmp:shema-avanturist", isTool: true, toolDurabilityCost: 1  },
			"P": { type: "block", code: "game:painting-elk-north", quantity: 1},
			"S": { type: "block", code: "game:storagevessel-burned", attributes: { type: "normal"}, quantity: 1}
		},
	  width: 3,
	  height: 2,
	  recipeGroup: 2,
	  output: { type: "block", code: "game:storagevessel-earthen", attributes: { type: "normal"}, quantity: 1}
	},
	{//*******************картина повторюється
	  ingredientPattern:"HPD,_SW",
	  enabled: true,
	  ingredients: {
			"H": { type: "item", code: "game:hammer-*", isTool: true, toolDurabilityCost: 15  },
			"D": { type: "item", code: "game:chisel-*", isTool: true, toolDurabilityCost: 15  },
		"W": { type: "item", code: "fendragonsmp:shema-avanturist", isTool: true, toolDurabilityCost: 1  },			
			"P": { type: "block", code: "game:painting-fishandtherain-north", quantity: 1},
			"S": { type: "block", code: "game:storagevessel-burned", attributes: { type: "normal"}, quantity: 1}
		},
	  width: 3,
	  height: 2,
	  recipeGroup: 2,
	  output: { type: "block", code: "game:storagevessel-rain", attributes: { type: "normal"}, quantity: 1}
	},
	{//
	  ingredientPattern:"HPD,_SW",
	  enabled: true,
	  ingredients: {
			"H": { type: "item", code: "game:hammer-*", isTool: true, toolDurabilityCost: 15  },
			"D": { type: "item", code: "game:chisel-*", isTool: true, toolDurabilityCost: 15  },
		"W": { type: "item", code: "fendragonsmp:shema-avanturist", isTool: true, toolDurabilityCost: 1  },
			"P": { type: "block", code: "game:painting-oldvillage-north", quantity: 1},
			"S": { type: "block", code: "game:storagevessel-burned", attributes: { type: "normal"}, quantity: 1}
		},
	  width: 3,
	  height: 2,
	  recipeGroup: 2,
	  output: { type: "block", code: "game:storagevessel-cowrie", attributes: { type: "normal"}, quantity: 1}
	},
	{//
	  ingredientPattern:"HPD,_SW",
	  enabled: true,
	  ingredients: {
			"H": { type: "item", code: "game:hammer-*", isTool: true, toolDurabilityCost: 15  },
			"D": { type: "item", code: "game:chisel-*", isTool: true, toolDurabilityCost: 15  },
		"W": { type: "item", code: "fendragonsmp:shema-avanturist", isTool: true, toolDurabilityCost: 1  },			
			"P": { type: "block", code: "game:painting-cow-north", quantity: 1},
			"S": { type: "block", code: "game:storagevessel-burned", attributes: { type: "normal"}, quantity: 1}
		},
	  width: 3,
	  height: 2,
	  recipeGroup: 2,
	  output: { type: "block", code: "game:storagevessel-rime", attributes: { type: "normal"}, quantity: 1}
	},
	{//
	  ingredientPattern:"HPD,_SW",
	  enabled: true,
	  ingredients: {
			"H": { type: "item", code: "game:hammer-*", isTool: true, toolDurabilityCost: 15  },
			"D": { type: "item", code: "game:chisel-*", isTool: true, toolDurabilityCost: 15  },
		"W": { type: "item", code: "fendragonsmp:shema-avanturist", isTool: true, toolDurabilityCost: 1  },			
			"P": { type: "block", code: "game:painting-prey-north", quantity: 1},
			"S": { type: "block", code: "game:storagevessel-burned", attributes: { type: "normal"}, quantity: 1}
		},
	  width: 3,
	  height: 2,
	  recipeGroup: 2,
	  output: { type: "block", code: "game:storagevessel-oxblood", attributes: { type: "normal"}, quantity: 1}
	},
	{//
	  ingredientPattern:"HPD,_SW",
	  enabled: true,
	  ingredients: {
			"H": { type: "item", code: "game:hammer-*", isTool: true, toolDurabilityCost: 15  },
			"D": { type: "item", code: "game:chisel-*", isTool: true, toolDurabilityCost: 15  },
		"W": { type: "item", code: "fendragonsmp:shema-avanturist", isTool: true, toolDurabilityCost: 1  },			
			"P": { type: "block", code: "game:painting-traveler-north", quantity: 1},
			"S": { type: "block", code: "game:storagevessel-burned", attributes: { type: "normal"}, quantity: 1}
		},
	  width: 3,
	  height: 2,
	  recipeGroup: 2,
	  output: { type: "block", code: "game:storagevessel-loam", attributes: { type: "normal"}, quantity: 1}
	},
	{//
	  ingredientPattern:"HPD,_SW",
	  enabled: true,
	  ingredients: {
			"H": { type: "item", code: "game:hammer-*", isTool: true, toolDurabilityCost: 15  },
			"D": { type: "item", code: "game:chisel-*", isTool: true, toolDurabilityCost: 15  },
		"W": { type: "item", code: "fendragonsmp:shema-avanturist", isTool: true, toolDurabilityCost: 1  },			
			"P": { type: "block", code: "game:painting-forestdawn-north", quantity: 1},
			"S": { type: "block", code: "game:storagevessel-burned", attributes: { type: "normal"}, quantity: 1}
		},
	  width: 3,
	  height: 2,
	  recipeGroup: 2,
	  output: { type: "block", code: "game:storagevessel-undergrowth", attributes: { type: "normal"}, quantity: 1}
	},
	{//
	  ingredientPattern:"HPD,_SW",
	  enabled: true,
	  ingredients: {
			"H": { type: "item", code: "game:hammer-*", isTool: true, toolDurabilityCost: 15  },
			"D": { type: "item", code: "game:chisel-*", isTool: true, toolDurabilityCost: 15  },
		"W": { type: "item", code: "fendragonsmp:shema-avanturist", isTool: true, toolDurabilityCost: 1  },
			"P": { type: "block", code: "game:painting-hunterintheforest-north", quantity: 1},
			"S": { type: "block", code: "game:storagevessel-burned", attributes: { type: "normal"}, quantity: 1}
		},
	  width: 3,
	  height: 2,
	  recipeGroup: 2,
	  output: { type: "block", code: "game:storagevessel-beehive", attributes: { type: "normal"}, quantity: 1}
	},
	{//*******************картина повторюється
	  ingredientPattern:"H_D,PSW",
	  enabled: true,
	  ingredients: {
			"H": { type: "item", code: "game:hammer-*", isTool: true, toolDurabilityCost: 15  },
			"D": { type: "item", code: "game:chisel-*", isTool: true, toolDurabilityCost: 15  },
		"W": { type: "item", code: "fendragonsmp:shema-avanturist", isTool: true, toolDurabilityCost: 1  },			
			"P": { type: "block", code: "game:painting-fishandtherain-north", quantity: 1},
			"S": { type: "block", code: "game:storagevessel-burned", attributes: { type: "normal"}, quantity: 1}
		},
	  width: 3,
	  height: 2,
	  recipeGroup: 2,
	  output: { type: "block", code: "game:storagevessel-harvest", attributes: { type: "normal"}, quantity: 1}
	},
	{//*******************картина повторюється
	  ingredientPattern:"H_D,WSP",
	  enabled: true,
	  ingredients: {
			"H": { type: "item", code: "game:hammer-*", isTool: true, toolDurabilityCost: 15  },
			"D": { type: "item", code: "game:chisel-*", isTool: true, toolDurabilityCost: 15  },
		"W": { type: "item", code: "fendragonsmp:shema-avanturist", isTool: true, toolDurabilityCost: 1  },			
			"P": { type: "block", code: "game:painting-fishandtherain-north", quantity: 1},
			"S": { type: "block", code: "game:storagevessel-burned", attributes: { type: "normal"}, quantity: 1}
		},
	  width: 3,
	  height: 2,
	  recipeGroup: 2,
	  output: { type: "block", code: "game:storagevessel-honeydew", attributes: { type: "normal"}, quantity: 1}
	},
	{//
	  ingredientPattern:"HPD,_SW",
	  enabled: true,
	  ingredients: {
			"H": { type: "item", code: "game:hammer-*", isTool: true, toolDurabilityCost: 15  },
			"D": { type: "item", code: "game:chisel-*", isTool: true, toolDurabilityCost: 15  },
		"W": { type: "item", code: "fendragonsmp:shema-avanturist", isTool: true, toolDurabilityCost: 1  },			
			"P": { type: "block", code: "game:painting-castleruin-north", quantity: 1},
			"S": { type: "block", code: "game:storagevessel-burned", attributes: { type: "normal"}, quantity: 1}
		},
	  width: 3,
	  height: 2,
	  recipeGroup: 2,
	  output: { type: "block", code: "game:storagevessel-rutile", attributes: { type: "normal"}, quantity: 1}
	},
	{//
	  ingredientPattern:"HPD,_SW",
	  enabled: true,
	  ingredients: {
			"H": { type: "item", code: "game:hammer-*", isTool: true, toolDurabilityCost: 15  },
			"D": { type: "item", code: "game:chisel-*", isTool: true, toolDurabilityCost: 15  },
		"W": { type: "item", code: "fendragonsmp:shema-avanturist", isTool: true, toolDurabilityCost: 1  },			
			"P": { type: "block", code: "game:painting-underwater-north", quantity: 1},
			"S": { type: "block", code: "game:storagevessel-burned", attributes: { type: "normal"}, quantity: 1}
		},
	  width: 3,
	  height: 2,
	  recipeGroup: 2,
	  output: { type: "block", code: "game:storagevessel-seasalt", attributes: { type: "normal"}, quantity: 1}
	},
	{//
	  ingredientPattern:"HPD,_SW",
	  enabled: true,
	  ingredients: {
			"H": { type: "item", code: "game:hammer-*", isTool: true, toolDurabilityCost: 15  },
			"D": { type: "item", code: "game:chisel-*", isTool: true, toolDurabilityCost: 15  },
		"W": { type: "item", code: "fendragonsmp:shema-avanturist", isTool: true, toolDurabilityCost: 1  },			
			"P": { type: "block", code: "game:painting-bogfort-north", quantity: 1},
			"S": { type: "block", code: "game:storagevessel-burned", attributes: { type: "normal"}, quantity: 1}
		},
	  width: 3,
	  height: 2,
	  recipeGroup: 2,
	  output: { type: "block", code: "game:storagevessel-springflowers", attributes: { type: "normal"}, quantity: 1}
	},
	{//
	  ingredientPattern:"HPD,_SW",
	  enabled: true,
	  ingredients: {
			"H": { type: "item", code: "game:hammer-*", isTool: true, toolDurabilityCost: 15  },
			"D": { type: "item", code: "game:chisel-*", isTool: true, toolDurabilityCost: 15  },
		"W": { type: "item", code: "fendragonsmp:shema-avanturist", isTool: true, toolDurabilityCost: 1  },			
			"P": { type: "block", code: "game:painting-seraph-north", quantity: 1},
			"S": { type: "block", code: "game:storagevessel-burned", attributes: { type: "normal"}, quantity: 1}
		},
	  width: 3,
	  height: 2,
	  recipeGroup: 2,
	  output: { type: "block", code: "game:storagevessel-volcanic", attributes: { type: "normal"}, quantity: 1}
	},
	{//
//Крафт крючків з заліза (120%) - КРАФТ СХЕМА
		"ingredientPattern": "SLS,RHF,_W_",
		"enabled": true,
		"ingredients": {
			"L": { "type": "block", "code": "game:log-*", "quantity": 2 },
			"H": { "type": "item", "code": "butchering:hook-*", "quantity": 2, "name": "material", "allowedVariants": ["iron"] },
			"R": { "type": "item", "code": "game:resin", "quantity": 1 },
			"F": { "type": "item", "code": "game:flint", "quantity": 1 },
			"S": { "type": "item", "code": "game:stick", "quantity": 4 },
		"W": { "type": "item", "code": "fendragonsmp:shema-avanturist", "isTool": true, "toolDurabilityCost": 1  },
		},
		"width": 3,
		"height": 3,
		"recipeGroup": 3,
		"shapeless": false,
		"output": { "type": "block", "code": "butchering:butcherhook-{material}-north", "quantity": 1  }
	},
	{//
//Крафт Композитного штоку з моду MaltiezCrossbows - (модовий крафт відданий Винахіднику, додатковий Авантюристу) - КРАФТ СХЕМА
		"ingredientPattern": "BLB,MSM,_W_",
		"enabled": true,	
		"ingredients": {
			"L": { "type": "item", "code": "game:leather-normal-plain", "name": "metal" },
			"B": { "type": "item", "code": "game:bone" },
			"M": { "type": "item", "code": "game:bushmeat-raw" },
			"S": { "type": "item", "code": "game:bowstave-recurve-dry" },
		"W": { "type": "item", "code": "fendragonsmp:shema-avanturist", "isTool": true, "toolDurabilityCost": 1  },
		},
		"width": 3,
		"height": 3,
		"recipeGroup": 3,
		"shapeless": false,
		"output": { "type": "item", "code": "maltiezcrossbows:bow-composite-heavy", "quantity": 1  }
	},
	{//
//Крафт Лебідки з моду MaltiezCrossbows - (модовий крафт відданий Винахіднику, додатковий Авантюристу) - КРАФТ СХЕМА
		"ingredientPattern": "HCB,PAP,_W_",
		"enabled": true,		
		"ingredients": {
			  "A": {"type": "item", "code": "maltiezcrossbows:parts-windlass-steel", "quantity": 1},
			  "B": {"type": "item", "code": "game:metalnailsandstrips-iron", "quantity": 1},
			  "C": {"type": "item", "code": "game:flaxtwine", "quantity": 16},
			  "P": {"type": "item", "code": "game:plank-*", "quantity": 1},
			  "H": {"type": "item", "code": "game:hammer-*", "quantity": 1, "isTool": true},
		"W": { "type": "item", "code": "fendragonsmp:shema-avanturist", "isTool": true, "toolDurabilityCost": 1  },
		},
		"width": 3,
		"height": 3,
		"recipeGroup": 3,
		"shapeless": false,
		"output": {"type": "item", "code": "maltiezcrossbows:spanningtool-windlass"}
	},
	{//
//Крафт Козиної ноги з моду MaltiezCrossbows - (модовий крафт відданий Винахіднику, додатковий Авантюристу) - КРАФТ СХЕМА
		"ingredientPattern": "HAB,_W_",
		"enabled": true,
		"ingredients": {
			  "A": {"type": "item", "code": "maltiezcrossbows:parts-goatfoot-steel", "quantity": 1},
			  "B": {"type": "item", "code": "game:metalnailsandstrips-iron", "quantity": 1},
			  "H": {"type": "item", "code": "game:hammer-*", "quantity": 1, "isTool": true},
		"W": { "type": "item", "code": "fendragonsmp:shema-avanturist", "isTool": true, "toolDurabilityCost": 1  },
		},
		"width": 3,
		"height": 2,
		"recipeGroup": 3,
		"shapeless": false,
		"output": {"type": "item", "code": "maltiezcrossbows:spanningtool-goatsfoot"}
	},
]