[
	{
//*************************************Крафт грибного субстрату моду WildFarming - СХЕМА (задіяно дві схеми Ремісника й ЧВ)
		"ingredientPattern": "GCG,SLS,HWH",
		"enabled": true,
		"ingredients": {
		  "W": { "type": "block", "code": "game:woodbucket" },
		  "L": { "type": "block", "code": "game:log-*", "quantity": 2 },
		  "S": { "type": "block", "code": "game:soil-*-none", "allowedVariants": ["high", "compost"], "quantity": 3 },
		  "G": { "type": "item", "code": "game:grain-*", "quantity": 12 },
		  "H": { "type": "item", "code": "game:drygrass", "quantity": 12 },
		"C": { type: "item", code: "fendragonsmp:shema-*", name: "shema", allowedVariants: [ "remisnik", "chornavarta" ], isTool: true, toolDurabilityCost: 1  },
		},
		"width": 3,
		"height": 3,
		"attributes": {
		  "liquidContainerProps": {
			"requiresContent": { "type": "item", "code": "game:alcoholportion" },
			"requiresLitres": 5
		  }
		},
		"recipeGroup": 3,
		"shapeless": false,
		"output": { "type": "block", "code": "wildfarmingrevival:mushroomsubstrate" }
	},
	{//	***************************** МІНІ *************************
//Крафт міцного МІНІ рюкзака з рюкзака ваніль з шкіри
		ingredientPattern: "KTS,BMH,LGW",
		enabled: true,
		ingredients: {
			"K": { type: "item", code: "game:knife-*", isTool: true, toolDurabilityCost: 10 },			
			"T": { type: "item", code: "game:gear-temporal", quantity: 1 },
				"S": { type: "block", code: "game:torch-basic-lit-up", quantity: 1 },
			"B": { type: "item", code: "game:backpack-normal", quantity: 1 },
			"M": { type: "item", code: "game:metalbit-*", name: "material", allowedVariants: [ "copper", "tinbronze", "bismuthbronze", "blackbronze", "gold", "silver", "iron", "meteoriciron", "steel"], quantity: 1 },
				"H": { type: "block", code: "game:torchholder-*", quantity: 1 },
			"L": { type: "item", code: "game:leather-sturdy-plain", quantity: 3 },
			"G": { type: "block", code: "game:jug-*-fired", quantity: 1 },
		"W": { type: "item", code: "fendragonsmp:shema-chornavarta", isTool: true, toolDurabilityCost: 1  },
		},	
		width: 3,
		height: 3,
		recipeGroup: 6,
		output: { type: "item", code: "fendragonbcs:fbcs-sturdy-{material}-mini", quantity: 1 }
	},	
	{//
//Крафт міцного МІНІ рюкзака з рюкзака ваніль з полотна
		ingredientPattern: "KTS,BMH,LGW",
		enabled: true,
		ingredients: {
			"K": { type: "item", code: "game:knife-*", isTool: true, toolDurabilityCost: 10 },			
			"T": { type: "item", code: "game:gear-temporal", quantity: 1 },
				"S": { type: "block", code: "game:torch-basic-lit-up", quantity: 1 },
			"B": { type: "item", code: "game:linensack", quantity: 1 },
			"M": { type: "item", code: "game:metalbit-*", name: "material", allowedVariants: [ "copper", "tinbronze", "bismuthbronze", "blackbronze", "gold", "silver", "iron", "meteoriciron", "steel"], quantity: 1 },
				"H": { type: "block", code: "game:torchholder-*", quantity: 1 },
			"L": { type: "item", code: "game:leather-sturdy-plain", quantity: 3 },
			"G": { type: "block", code: "game:jug-*-fired", quantity: 1 },
		"W": { type: "item", code: "fendragonsmp:shema-chornavarta", isTool: true, toolDurabilityCost: 1  },
		},	
		width: 3,
		height: 3,
		recipeGroup: 6,
		output: { type: "item", code: "fendragonbcs:fbcs-sturdy-{material}-mini", quantity: 1 }
	},	
	{//	******************** Крафт ВИСОКОГО рюкзака з ліхтарями з кварцу ******** є нище крафти тільки з ліхтарів зі склянних блоків ******************	
//Крафт міцного ВИСОКОГО рюкзака мідь (ліхтар з кварцу)
		ingredientPattern: "KFN,PBA,LWL",
		enabled: true,
		ingredients: {
			"K": { type: "item", code: "game:shears-*", isTool: true, toolDurabilityCost: 10 },
			"F": { type: "block", code: "game:lantern-up", attributes: { material: "copper", lining: "plain", glass: "quartz" }, quantity: 1 },
			"N": { type: "item", code: "game:sewingkit", quantity: 1 },			
			"P": { type: "item", code: "game:pickaxe-copper", quantity: 1 },
			"B": { type: "item", code: "fendragonbcs:fbcs-sturdy-copper-mini", quantity: 1 },
			"A": { type: "item", code: "game:axe-felling-copper", quantity: 1 },
			"L": { type: "item", code: "game:leather-sturdy-plain", quantity: 4 },
		"W": { type: "item", code: "fendragonsmp:shema-chornavarta", isTool: true, toolDurabilityCost: 1  },
		},	
		width: 3,
		height: 3,
		recipeGroup: 5,
		output: { type: "item", code: "fendragonbcs:fbcs-sturdy-copper-tall", quantity: 1 }
	},
	{//
//Крафт міцного ВИСОКОГО рюкзака бронза (ліхтар з кварцу)
		ingredientPattern: "KFN,PBA,LWL",
		enabled: true,
		ingredients: {
			"K": { type: "item", code: "game:shears-*", isTool: true, toolDurabilityCost: 10 },
			"F": { type: "block", code: "game:lantern-up", attributes: { material: "tinbronze", lining: "plain", glass: "quartz" }, quantity: 1 },
			"N": { type: "item", code: "game:sewingkit", quantity: 1 },			
			"P": { type: "item", code: "game:pickaxe-tinbronze", quantity: 1 },
			"B": { type: "item", code: "fendragonbcs:fbcs-sturdy-tinbronze-mini", quantity: 1 },
			"A": { type: "item", code: "game:axe-felling-tinbronze", quantity: 1 },
			"L": { type: "item", code: "game:leather-sturdy-plain", quantity: 4 },
		"W": { type: "item", code: "fendragonsmp:shema-chornavarta", isTool: true, toolDurabilityCost: 1  },			
		},	
		width: 3,
		height: 3,
		recipeGroup: 5,
		output: { type: "item", code: "fendragonbcs:fbcs-sturdy-tinbronze-tall", quantity: 1 }
	},
	{//
//Крафт міцного ВИСОКОГО рюкзака бронза (ліхтар з кварцу)
		ingredientPattern: "KFN,PBA,LWL",
		enabled: true,
		ingredients: {
			"K": { type: "item", code: "game:shears-*", isTool: true, toolDurabilityCost: 10 },
			"F": { type: "block", code: "game:lantern-up", attributes: { material: "bismuthbronze", lining: "plain", glass: "quartz" }, quantity: 1 },
			"N": { type: "item", code: "game:sewingkit", quantity: 1 },			
			"P": { type: "item", code: "game:pickaxe-bismuthbronze", quantity: 1 },
			"B": { type: "item", code: "fendragonbcs:fbcs-sturdy-bismuthbronze-mini", quantity: 1 },
			"A": { type: "item", code: "game:axe-felling-bismuthbronze", quantity: 1 },
			"L": { type: "item", code: "game:leather-sturdy-plain", quantity: 4 },
		"W": { type: "item", code: "fendragonsmp:shema-chornavarta", isTool: true, toolDurabilityCost: 1  },
		},	
		width: 3,
		height: 3,
		recipeGroup: 5,
		output: { type: "item", code: "fendragonbcs:fbcs-sturdy-bismuthbronze-tall", quantity: 1 }
	},
	{//	
//Крафт міцного ВИСОКОГО рюкзака бронза (ліхтар з кварцу)
		ingredientPattern: "KFN,PBA,LWL",
		enabled: true,
		ingredients: {
			"K": { type: "item", code: "game:shears-*", isTool: true, toolDurabilityCost: 10 },
			"F": { type: "block", code: "game:lantern-up", attributes: { material: "blackbronze", lining: "plain", glass: "quartz" }, quantity: 1 },
			"N": { type: "item", code: "game:sewingkit", quantity: 1 },			
			"P": { type: "item", code: "game:pickaxe-blackbronze", quantity: 1 },
			"B": { type: "item", code: "fendragonbcs:fbcs-sturdy-blackbronze-mini", quantity: 1 },
			"A": { type: "item", code: "game:axe-felling-blackbronze", quantity: 1 },
			"L": { type: "item", code: "game:leather-sturdy-plain", quantity: 4 },
		"W": { type: "item", code: "fendragonsmp:shema-chornavarta", isTool: true, toolDurabilityCost: 1  },			
		},	
		width: 3,
		height: 3,
		recipeGroup: 5,
		output: { type: "item", code: "fendragonbcs:fbcs-sturdy-blackbronze-tall", quantity: 1 }
	},
	{//	
//Крафт міцного ВИСОКОГО рюкзака золото (ліхтар з кварцу)
		ingredientPattern: "KFN,PBA,LWL",
		enabled: true,
		ingredients: {
			"K": { type: "item", code: "game:shears-*", isTool: true, toolDurabilityCost: 10 },
			"F": { type: "block", code: "game:lantern-up", attributes: { material: "gold", lining: "plain", glass: "quartz" }, quantity: 1 },
			"N": { type: "item", code: "game:sewingkit", quantity: 1 },			
			"P": { type: "item", code: "game:pickaxe-gold", quantity: 1 },
			"B": { type: "item", code: "fendragonbcs:fbcs-sturdy-gold-mini", quantity: 1 },
			"A": { type: "item", code: "game:axe-felling-gold", quantity: 1 },
			"L": { type: "item", code: "game:leather-sturdy-plain", quantity: 4 },
		"W": { type: "item", code: "fendragonsmp:shema-chornavarta", isTool: true, toolDurabilityCost: 1  },			
		},	
		width: 3,
		height: 3,
		recipeGroup: 5,
		output: { type: "item", code: "fendragonbcs:fbcs-sturdy-gold-tall", quantity: 1 }
	},
	{//
//Крафт міцного ВИСОКОГО рюкзака срібло (ліхтар з кварцу)
		ingredientPattern: "KFN,PBA,LWL",
		enabled: true,
		ingredients: {
			"K": { type: "item", code: "game:shears-*", isTool: true, toolDurabilityCost: 10 },
			"F": { type: "block", code: "game:lantern-up", attributes: { material: "silver", lining: "plain", glass: "quartz" }, quantity: 1 },
			"N": { type: "item", code: "game:sewingkit", quantity: 1 },			
			"P": { type: "item", code: "game:pickaxe-silver", quantity: 1 },
			"B": { type: "item", code: "fendragonbcs:fbcs-sturdy-silver-mini", quantity: 1 },
			"A": { type: "item", code: "game:axe-felling-silver", quantity: 1 },
			"L": { type: "item", code: "game:leather-sturdy-plain", quantity: 4 },
		"W": { type: "item", code: "fendragonsmp:shema-chornavarta", isTool: true, toolDurabilityCost: 1  },			
		},	
		width: 3,
		height: 3,
		recipeGroup: 5,
		output: { type: "item", code: "fendragonbcs:fbcs-sturdy-silver-tall", quantity: 1 }
	},
	{//
//Крафт міцного ВИСОКОГО рюкзака залізо (ліхтар з кварцу)
		ingredientPattern: "KFN,PBA,LWL",
		enabled: true,
		ingredients: {
			"K": { type: "item", code: "game:shears-*", isTool: true, toolDurabilityCost: 10 },
			"F": { type: "block", code: "game:lantern-up", attributes: { material: "iron", lining: "plain", glass: "quartz" }, quantity: 1 },
			"N": { type: "item", code: "game:sewingkit", quantity: 1 },			
			"P": { type: "item", code: "game:pickaxe-iron", quantity: 1 },
			"B": { type: "item", code: "fendragonbcs:fbcs-sturdy-iron-mini", quantity: 1 },
			"A": { type: "item", code: "game:axe-felling-iron", quantity: 1 },
			"L": { type: "item", code: "game:leather-sturdy-plain", quantity: 4 },
		"W": { type: "item", code: "fendragonsmp:shema-chornavarta", isTool: true, toolDurabilityCost: 1  },			
		},	
		width: 3,
		height: 3,
		recipeGroup: 5,
		output: { type: "item", code: "fendragonbcs:fbcs-sturdy-iron-tall", quantity: 1 }
	},
	{//
//Крафт міцного ВИСОКОГО рюкзака метеор.залізо (ліхтар з кварцу)
		ingredientPattern: "KFN,PBA,LWL",
		enabled: true,
		ingredients: {
			"K": { type: "item", code: "game:shears-*", isTool: true, toolDurabilityCost: 10 },
			"F": { type: "block", code: "game:lantern-up", attributes: { material: "meteoriciron", lining: "plain", glass: "quartz" }, quantity: 1 },
			"N": { type: "item", code: "game:sewingkit", quantity: 1 },			
			"P": { type: "item", code: "game:pickaxe-meteoriciron", quantity: 1 },
			"B": { type: "item", code: "fendragonbcs:fbcs-sturdy-meteoriciron-mini", quantity: 1 },
			"A": { type: "item", code: "game:axe-felling-meteoriciron", quantity: 1 },
			"L": { type: "item", code: "game:leather-sturdy-plain", quantity: 4 },
		"W": { type: "item", code: "fendragonsmp:shema-chornavarta", isTool: true, toolDurabilityCost: 1  },			
		},	
		width: 3,
		height: 3,
		recipeGroup: 5,
		output: { type: "item", code: "fendragonbcs:fbcs-sturdy-meteoriciron-tall", quantity: 1 }
	},
	{//	
//Крафт міцного ВИСОКОГО рюкзака сталь (ліхтар з кварцу)
		ingredientPattern: "KFN,PBA,LWL",
		enabled: true,
		ingredients: {
			"K": { type: "item", code: "game:shears-*", isTool: true, toolDurabilityCost: 10 },
			"F": { type: "block", code: "game:lantern-up", attributes: { material: "steel", lining: "plain", glass: "quartz" }, quantity: 1 },
			"N": { type: "item", code: "game:sewingkit", quantity: 1 },			
			"P": { type: "item", code: "game:pickaxe-steel", quantity: 1 },
			"B": { type: "item", code: "fendragonbcs:fbcs-sturdy-steel-mini", quantity: 1 },
			"A": { type: "item", code: "game:axe-felling-steel", quantity: 1 },
			"L": { type: "item", code: "game:leather-sturdy-plain", quantity: 4 },
		"W": { type: "item", code: "fendragonsmp:shema-chornavarta", isTool: true, toolDurabilityCost: 1  },			
		},	
		width: 3,
		height: 3,
		recipeGroup: 5,
		output: { type: "item", code: "fendragonbcs:fbcs-sturdy-steel-tall", quantity: 1 }
	},	
	{//	***************************** БАЗОВИЙ *************************
//Крафт міцного БАЗОВОГО рюкзака	
		ingredientPattern: "KWN,LBL,QMQ",
		enabled: true,
		ingredients: {
			"K": { type: "item", code: "game:shears-*", isTool: true, toolDurabilityCost: 10 },
			"N": { type: "item", code: "game:sewingkit", quantity: 1 },
			"L": { type: "item", code: "game:leather-sturdy-plain", quantity: 4 },					
			"B": { type: "item", code: "fendragonbcs:fbcs-sturdy-*-tall", name: "material", allowedVariants: [ "copper", "tinbronze", "bismuthbronze", "blackbronze", "gold", "silver", "iron", "meteoriciron", "steel"], quantity: 1 },
			"Q": { type: "item", code: "game:clearquartz", quantity: 1 },
			"M": { type: "item", code: "game:metalplate-molybdochalkos", quantity: 1 },
		"W": { type: "item", code: "fendragonsmp:shema-chornavarta", isTool: true, toolDurabilityCost: 1  },
		},	
		width: 3,
		height: 3,
		recipeGroup: 5,
		output: { type: "item", code: "fendragonbcs:fbcs-sturdy-{material}-basic", quantity: 1 }
	},
	{//	***************************** СУПЕР *************************
//Крафт міцного СУПЕР рюкзака
		ingredientPattern: "KWN,LBL,QMQ",
		enabled: true,
		ingredients: {
			"K": { type: "item", code: "game:shears-*", isTool: true, toolDurabilityCost: 10 },
			"N": { type: "item", code: "game:sewingkit", quantity: 1 },
			"L": { type: "item", code: "game:leather-sturdy-plain", quantity: 4 },					
			"B": { type: "item", code: "fendragonbcs:fbcs-sturdy-*-basic", name: "material", allowedVariants: [ "copper", "tinbronze", "bismuthbronze", "blackbronze", "gold", "silver", "iron", "meteoriciron", "steel"], quantity: 1 },
			"Q": { type: "item", code: "game:ore-lapislazuli", quantity: 1 },
			"M": { type: "item", code: "game:metalplate-blackbronze", quantity: 1 },
		"W": { type: "item", code: "fendragonsmp:shema-chornavarta", isTool: true, toolDurabilityCost: 1  },
		},	
		width: 3,
		height: 3,
		recipeGroup: 5,
		output: { type: "item", code: "fendragonbcs:fbcs-sturdy-{material}-super", quantity: 1 }
	},
	{//	***************************** МЕГА *************************
//Крафт міцного МЕГА рюкзака	
		ingredientPattern: "KWN,LBL,QMQ",
		enabled: true,
		ingredients: {
			"K": { type: "item", code: "game:shears-*", isTool: true, toolDurabilityCost: 10 },
			"N": { type: "item", code: "game:sewingkit", quantity: 1 },
			"L": { type: "item", code: "game:leather-sturdy-plain", quantity: 4 },					
			"B": { type: "item", code: "fendragonbcs:fbcs-sturdy-*-super", name: "material", allowedVariants: [ "copper", "tinbronze", "bismuthbronze", "blackbronze", "gold", "silver", "iron", "meteoriciron", "steel"], quantity: 1 },
			"Q": { type: "item", code: "game:gem-emerald-rough", quantity: 1 },
			"M": { type: "item", code: "game:metalplate-meteoriciron", quantity: 1 },
		"W": { type: "item", code: "fendragonsmp:shema-chornavarta", isTool: true, toolDurabilityCost: 1  },
		},	
		width: 3,
		height: 3,
		recipeGroup: 5,
		output: { type: "item", code: "fendragonbcs:fbcs-sturdy-{material}-mega", quantity: 1 }
	},
	{//	***************************** УЛЬТРА *************************
//Крафт міцного УЛЬТРА рюкзака
		ingredientPattern: "K_N,LBL,QMQ",
		enabled: true,
		ingredients: {
			"K": { type: "item", code: "game:shears-*", isTool: true, toolDurabilityCost: 10 },
			"N": { type: "item", code: "game:sewingkit", quantity: 1 },
			"L": { type: "item", code: "game:leather-sturdy-plain", quantity: 4 },					
			"B": { type: "item", code: "fendragonbcs:fbcs-sturdy-*-mega", name: "material", allowedVariants: [ "copper", "tinbronze", "bismuthbronze", "blackbronze", "gold", "silver", "iron", "meteoriciron", "steel"], quantity: 1 },
			"Q": { type: "item", code: "game:gem-diamond-rough", quantity: 1 },
			"M": { type: "item", code: "game:metalplate-steel", quantity: 1 },
		"W": { type: "item", code: "fendragonsmp:shema-chornavarta", isTool: true, toolDurabilityCost: 1  },
		},	
		width: 3,
		height: 3,
		recipeGroup: 5,
		output: { type: "item", code: "fendragonbcs:fbcs-sturdy-{material}-ultra", quantity: 1 }
	},
	{//	******************** Крафт Високго рюкзака з ліхтарями зі склянних блоків ******** є вище крафти тільки з ліхтарів з кварцу ******************
//Крафт міцного ВИСОКОГО рюкзака мідь (ліхтар зі скляних блоків)
		ingredientPattern: "KFN,PBA,L_L",
		enabled: true,
		ingredients: {
			"K": { type: "item", code: "game:shears-*", isTool: true, toolDurabilityCost: 10 },
			"F": { type: "block", code: "game:lantern-up", attributes: { material: "copper", lining: "plain", glass: "plain" }, quantity: 1 },
			"N": { type: "item", code: "game:sewingkit", quantity: 1 },			
			"P": { type: "item", code: "game:pickaxe-copper", quantity: 1 },
			"B": { type: "item", code: "fendragonbcs:fbcs-sturdy-copper-mini", quantity: 1 },
			"A": { type: "item", code: "game:axe-felling-copper", quantity: 1 },
			"L": { type: "item", code: "game:leather-sturdy-plain", quantity: 4 },
		"W": { type: "item", code: "fendragonsmp:shema-chornavarta", isTool: true, toolDurabilityCost: 1  },			
		},	
		width: 3,
		height: 3,
		recipeGroup: 5,
		output: { type: "item", code: "fendragonbcs:fbcs-sturdy-copper-tall", quantity: 1 }
	},
	{//
//Крафт міцного ВИСОКОГО рюкзака бронза (ліхтар зі скляних блоків)
		ingredientPattern: "KFN,PBA,LWL",
		enabled: true,
		ingredients: {
			"K": { type: "item", code: "game:shears-*", isTool: true, toolDurabilityCost: 10 },
			"F": { type: "block", code: "game:lantern-up", attributes: { material: "tinbronze", lining: "plain", glass: "plain" }, quantity: 1 },
			"N": { type: "item", code: "game:sewingkit", quantity: 1 },			
			"P": { type: "item", code: "game:pickaxe-tinbronze", quantity: 1 },
			"B": { type: "item", code: "fendragonbcs:fbcs-sturdy-tinbronze-mini", quantity: 1 },
			"A": { type: "item", code: "game:axe-felling-tinbronze", quantity: 1 },
			"L": { type: "item", code: "game:leather-sturdy-plain", quantity: 4 },
		"W": { type: "item", code: "fendragonsmp:shema-chornavarta", isTool: true, toolDurabilityCost: 1  },			
		},	
		width: 3,
		height: 3,
		recipeGroup: 5,
		output: { type: "item", code: "fendragonbcs:fbcs-sturdy-tinbronze-tall", quantity: 1 }
	},
	{//
//Крафт міцного ВИСОКОГО рюкзака бронза (ліхтар зі скляних блоків)
		ingredientPattern: "KFN,PBA,LWL",
		enabled: true,
		ingredients: {
			"K": { type: "item", code: "game:shears-*", isTool: true, toolDurabilityCost: 10 },
			"F": { type: "block", code: "game:lantern-up", attributes: { material: "bismuthbronze", lining: "plain", glass: "plain" }, quantity: 1 },
			"N": { type: "item", code: "game:sewingkit", quantity: 1 },			
			"P": { type: "item", code: "game:pickaxe-bismuthbronze", quantity: 1 },
			"B": { type: "item", code: "fendragonbcs:fbcs-sturdy-bismuthbronze-mini", quantity: 1 },
			"A": { type: "item", code: "game:axe-felling-bismuthbronze", quantity: 1 },
			"L": { type: "item", code: "game:leather-sturdy-plain", quantity: 4 },
		"W": { type: "item", code: "fendragonsmp:shema-chornavarta", isTool: true, toolDurabilityCost: 1  },			
		},	
		width: 3,
		height: 3,
		recipeGroup: 5,
		output: { type: "item", code: "fendragonbcs:fbcs-sturdy-bismuthbronze-tall", quantity: 1 }
	},
	{//	
//Крафт міцного ВИСОКОГО рюкзака бронза (ліхтар зі скляних блоків)
		ingredientPattern: "KFN,PBA,LWL",
		enabled: true,
		ingredients: {
			"K": { type: "item", code: "game:shears-*", isTool: true, toolDurabilityCost: 10 },
			"F": { type: "block", code: "game:lantern-up", attributes: { material: "blackbronze", lining: "plain", glass: "plain" }, quantity: 1 },
			"N": { type: "item", code: "game:sewingkit", quantity: 1 },			
			"P": { type: "item", code: "game:pickaxe-blackbronze", quantity: 1 },
			"B": { type: "item", code: "fendragonbcs:fbcs-sturdy-blackbronze-mini", quantity: 1 },
			"A": { type: "item", code: "game:axe-felling-blackbronze", quantity: 1 },
			"L": { type: "item", code: "game:leather-sturdy-plain", quantity: 4 },
		"W": { type: "item", code: "fendragonsmp:shema-chornavarta", isTool: true, toolDurabilityCost: 1  },			
		},	
		width: 3,
		height: 3,
		recipeGroup: 5,
		output: { type: "item", code: "fendragonbcs:fbcs-sturdy-blackbronze-tall", quantity: 1 }
	},
	{//	
//Крафт міцного ВИСОКОГО рюкзака золото (ліхтар зі скляних блоків)
		ingredientPattern: "KFN,PBA,LWL",
		enabled: true,
		ingredients: {
			"K": { type: "item", code: "game:shears-*", isTool: true, toolDurabilityCost: 10 },
			"F": { type: "block", code: "game:lantern-up", attributes: { material: "gold", lining: "plain", glass: "plain" }, quantity: 1 },
			"N": { type: "item", code: "game:sewingkit", quantity: 1 },			
			"P": { type: "item", code: "game:pickaxe-gold", quantity: 1 },
			"B": { type: "item", code: "fendragonbcs:fbcs-sturdy-gold-mini", quantity: 1 },
			"A": { type: "item", code: "game:axe-felling-gold", quantity: 1 },
			"L": { type: "item", code: "game:leather-sturdy-plain", quantity: 4 },
		"W": { type: "item", code: "fendragonsmp:shema-chornavarta", isTool: true, toolDurabilityCost: 1  },			
		},	
		width: 3,
		height: 3,
		recipeGroup: 5,
		output: { type: "item", code: "fendragonbcs:fbcs-sturdy-gold-tall", quantity: 1 }
	},
	{//
//Крафт міцного ВИСОКОГО рюкзака срібло (ліхтар зі скляних блоків)
		ingredientPattern: "KFN,PBA,LWL",
		enabled: true,
		ingredients: {
			"K": { type: "item", code: "game:shears-*", isTool: true, toolDurabilityCost: 10 },
			"F": { type: "block", code: "game:lantern-up", attributes: { material: "silver", lining: "plain", glass: "plain" }, quantity: 1 },
			"N": { type: "item", code: "game:sewingkit", quantity: 1 },			
			"P": { type: "item", code: "game:pickaxe-silver", quantity: 1 },
			"B": { type: "item", code: "fendragonbcs:fbcs-sturdy-silver-mini", quantity: 1 },
			"A": { type: "item", code: "game:axe-felling-silver", quantity: 1 },
			"L": { type: "item", code: "game:leather-sturdy-plain", quantity: 4 },
		"W": { type: "item", code: "fendragonsmp:shema-chornavarta", isTool: true, toolDurabilityCost: 1  },			
		},	
		width: 3,
		height: 3,
		recipeGroup: 5,
		output: { type: "item", code: "fendragonbcs:fbcs-sturdy-silver-tall", quantity: 1 }
	},
	{//
//Крафт міцного ВИСОКОГО рюкзака залізо (ліхтар зі скляних блоків)
		ingredientPattern: "KFN,PBA,LWL",
		enabled: true,
		ingredients: {
			"K": { type: "item", code: "game:shears-*", isTool: true, toolDurabilityCost: 10 },
			"F": { type: "block", code: "game:lantern-up", attributes: { material: "iron", lining: "plain", glass: "plain" }, quantity: 1 },
			"N": { type: "item", code: "game:sewingkit", quantity: 1 },			
			"P": { type: "item", code: "game:pickaxe-iron", quantity: 1 },
			"B": { type: "item", code: "fendragonbcs:fbcs-sturdy-iron-mini", quantity: 1 },
			"A": { type: "item", code: "game:axe-felling-iron", quantity: 1 },
			"L": { type: "item", code: "game:leather-sturdy-plain", quantity: 4 },
		"W": { type: "item", code: "fendragonsmp:shema-chornavarta", isTool: true, toolDurabilityCost: 1  },			
		},	
		width: 3,
		height: 3,
		recipeGroup: 5,
		output: { type: "item", code: "fendragonbcs:fbcs-sturdy-iron-tall", quantity: 1 }
	},
	{//
//Крафт міцного ВИСОКОГО рюкзака метеор.залізо (ліхтар зі скляних блоків)
		ingredientPattern: "KFN,PBA,LWL",
		enabled: true,
		ingredients: {
			"K": { type: "item", code: "game:shears-*", isTool: true, toolDurabilityCost: 10 },
			"F": { type: "block", code: "game:lantern-up", attributes: { material: "meteoriciron", lining: "plain", glass: "plain" }, quantity: 1 },
			"N": { type: "item", code: "game:sewingkit", quantity: 1 },			
			"P": { type: "item", code: "game:pickaxe-meteoriciron", quantity: 1 },
			"B": { type: "item", code: "fendragonbcs:fbcs-sturdy-meteoriciron-mini", quantity: 1 },
			"A": { type: "item", code: "game:axe-felling-meteoriciron", quantity: 1 },
			"L": { type: "item", code: "game:leather-sturdy-plain", quantity: 4 },
		"W": { type: "item", code: "fendragonsmp:shema-chornavarta", isTool: true, toolDurabilityCost: 1  },			
		},	
		width: 3,
		height: 3,
		recipeGroup: 5,
		output: { type: "item", code: "fendragonbcs:fbcs-sturdy-meteoriciron-tall", quantity: 1 }
	},
	{//
//Крафт міцного ВИСОКОГО рюкзака сталь (ліхтар зі скляних блоків)
		ingredientPattern: "KFN,PBA,LWL",
		enabled: true,
		ingredients: {
			"K": { type: "item", code: "game:shears-*", isTool: true, toolDurabilityCost: 10 },
			"F": { type: "block", code: "game:lantern-up", attributes: { material: "steel", lining: "plain", glass: "plain" }, quantity: 1 },
			"N": { type: "item", code: "game:sewingkit", quantity: 1 },			
			"P": { type: "item", code: "game:pickaxe-steel", quantity: 1 },
			"B": { type: "item", code: "fendragonbcs:fbcs-sturdy-steel-mini", quantity: 1 },
			"A": { type: "item", code: "game:axe-felling-steel", quantity: 1 },
			"L": { type: "item", code: "game:leather-sturdy-plain", quantity: 4 },
		"W": { type: "item", code: "fendragonsmp:shema-chornavarta", isTool: true, toolDurabilityCost: 1  },			
		},	
		width: 3,
		height: 3,
		recipeGroup: 5,
		output: { type: "item", code: "fendragonbcs:fbcs-sturdy-steel-tall", quantity: 1 }
	},
	{//
//*************************************Крафт вуликів з моду FromGoldenCombs - СХЕМА
	//********************************* langstrothbroodtop
		"ingredientPattern": "WH_,_A_,PAP",
		"enabled": true,
		"ingredients": {
			"H": {"type": "item", "code": "game:hammer-*", "isTool": true },
			"P": {"type": "item", "code": "langstrothside-*",	"name":	"primary", "quantity": "2", "states": ["aged"], "loadFromProperties": "block/wood" },
			"A": {"type": "item", "code": "langstrothside-aged", "quantity": 2, "states": ["aged"], "loadFromProperties": "block/wood" },
		"W": { type: "item", code: "fendragonsmp:shema-chornavarta", isTool: true, toolDurabilityCost: 1  },
		},
		"width": 3,
		"height": 3,
		"output": {	"type": "item", "code": "langstrothbroodtop-{primary}-aged", "quantity": "1"}
	},
	{//
		"ingredientPattern": "WH_,_A_,PAP",
		"enabled": true,
		"ingredients": {
			"H": {"type": "item", "code": "game:hammer-*", "isTool": true },
			"P": {"type": "item", "code": "langstrothside-*",	"name":	"primary", "quantity": "2", "states": ["aged"], "loadFromProperties": "block/wood" },
			"A": {"type": "item", "code": "langstrothside-acacia", "quantity": 2, "states": ["aged"], "loadFromProperties": "block/wood" },
		"W": { type: "item", code: "fendragonsmp:shema-chornavarta", isTool: true, toolDurabilityCost: 1  },
		},
		"width": 3,
		"height": 3,
		"output": {	"type": "item", "code": "langstrothbroodtop-{primary}-acacia", "quantity": "1"}
	},
	{//
		"ingredientPattern": "WH_,_A_,PAP",
		"enabled": true,
		"ingredients": {
			"H": {"type": "item", "code": "game:hammer-*", "isTool": true },
			"P": {"type": "item", "code": "langstrothside-*",	"name":	"primary", "quantity": "2", "states": ["aged"], "loadFromProperties": "block/wood" },
			"A": {"type": "item", "code": "langstrothside-birch", "quantity": 2, "states": ["aged"], "loadFromProperties": "block/wood" },
		"W": { type: "item", code: "fendragonsmp:shema-chornavarta", isTool: true, toolDurabilityCost: 1  },
		},
		"width": 3,
		"height": 3,
		"output": {	"type": "item", "code": "langstrothbroodtop-{primary}-birch", "quantity": "1"}
	},
	{//
		"ingredientPattern": "WH_,_A_,PAP",
		"enabled": true,
		"ingredients": {
			"H": {"type": "item", "code": "game:hammer-*", "isTool": true },
			"P": {"type": "item", "code": "langstrothside-*",	"name":	"primary", "quantity": "2", "states": ["aged"], "loadFromProperties": "block/wood" },
			"A": {"type": "item", "code": "langstrothside-oak", "quantity": 2, "states": ["aged"], "loadFromProperties": "block/wood" },
		"W": { type: "item", code: "fendragonsmp:shema-chornavarta", isTool: true, toolDurabilityCost: 1  },
		},
		"width": 3,
		"height": 3,
		"output": {	"type": "item", "code": "langstrothbroodtop-{primary}-oak", "quantity": "1"}
	},
	{//
		"ingredientPattern": "WH_,_A_,PAP",
		"enabled": true,
		"ingredients": {
			"H": {"type": "item", "code": "game:hammer-*", "isTool": true },
			"P": {"type": "item", "code": "langstrothside-*",	"name":	"primary", "quantity": "2", "states": ["aged"], "loadFromProperties": "block/wood" },
			"A": {"type": "item", "code": "langstrothside-maple", "quantity": 2, "states": ["aged"], "loadFromProperties": "block/wood" },
		"W": { type: "item", code: "fendragonsmp:shema-chornavarta", isTool: true, toolDurabilityCost: 1  },
		},
		"width": 3,
		"height": 3,
		"output": {	"type": "item", "code": "langstrothbroodtop-{primary}-maple", "quantity": "1"}
	},
	{//
		"ingredientPattern": "WH_,_A_,PAP",
		"enabled": true,
		"ingredients": {
			"H": {"type": "item", "code": "game:hammer-*", "isTool": true },
			"P": {"type": "item", "code": "langstrothside-*",	"name":	"primary", "quantity": "2", "states": ["aged"], "loadFromProperties": "block/wood" },
			"A": {"type": "item", "code": "langstrothside-pine", "quantity": 2, "states": ["aged"], "loadFromProperties": "block/wood" },
		"W": { type: "item", code: "fendragonsmp:shema-chornavarta", isTool: true, toolDurabilityCost: 1  },
		},
		"width": 3,
		"height": 3,
		"output": {	"type": "item", "code": "langstrothbroodtop-{primary}-pine", "quantity": "1"}
	},
	{//
		"ingredientPattern": "WH_,_A_,PAP",
		"enabled": true,
		"ingredients": {
			"H": {"type": "item", "code": "game:hammer-*", "isTool": true },
			"P": {"type": "item", "code": "langstrothside-*",	"name":	"primary", "quantity": "2", "states": ["aged"], "loadFromProperties": "block/wood" },
			"A": {"type": "item", "code": "langstrothside-kapok", "quantity": 2, "states": ["aged"], "loadFromProperties": "block/wood" },
		"W": { type: "item", code: "fendragonsmp:shema-chornavarta", isTool: true, toolDurabilityCost: 1  },
		},
		"width": 3,
		"height": 3,
		"output": {	"type": "item", "code": "langstrothbroodtop-{primary}-kapok", "quantity": "1"}
	},
	{//
		"ingredientPattern": "WH_,_A_,PAP",
		"ingredients": {
			"H": {"type": "item", "code": "game:hammer-*", "isTool": true },
			"P": {"type": "item", "code": "langstrothside-*",	"name":	"primary", "quantity": "2", "states": ["aged"], "loadFromProperties": "block/wood" },
			"A": {"type": "item", "code": "langstrothside-baldcypress", "quantity": 2, "states": ["aged"], "loadFromProperties": "block/wood" },
		"W": { type: "item", code: "fendragonsmp:shema-chornavarta", isTool: true, toolDurabilityCost: 1  },
		},
		"width": 3,
		"height": 3,
		"output": {	"type": "item", "code": "langstrothbroodtop-{primary}-baldcypress", "quantity": "1"}
	},
	{//
		"ingredientPattern": "WH_,_A_,PAP",
		"enabled": true,
		"ingredients": {
			"H": {"type": "item", "code": "game:hammer-*", "isTool": true },
			"P": {"type": "item", "code": "langstrothside-*",	"name":	"primary", "quantity": "2", "states": ["aged"], "loadFromProperties": "block/wood" },
			"A": {"type": "item", "code": "langstrothside-larch", "quantity": 2, "states": ["aged"], "loadFromProperties": "block/wood" },
		"W": { type: "item", code: "fendragonsmp:shema-chornavarta", isTool: true, toolDurabilityCost: 1  },
		},
		"width": 3,
		"height": 3,
		"output": {	"type": "item", "code": "langstrothbroodtop-{primary}-larch", "quantity": "1"}
	},
	{//
		"ingredientPattern": "WH_,_A_,PAP",
		"enabled": true,
		"ingredients": {
			"H": {"type": "item", "code": "game:hammer-*", "isTool": true },
			"P": {"type": "item", "code": "langstrothside-*",	"name":	"primary", "quantity": "2", "states": ["aged"], "loadFromProperties": "block/wood" },
			"A": {"type": "item", "code": "langstrothside-redwood", "quantity": 2, "states": ["aged"], "loadFromProperties": "block/wood" },
		"W": { type: "item", code: "fendragonsmp:shema-chornavarta", isTool: true, toolDurabilityCost: 1  },
		},
		"width": 3,
		"height": 3,
		"output": {	"type": "item", "code": "langstrothbroodtop-{primary}-redwood", "quantity": "1"}
	},
	{//
		"ingredientPattern": "WH_,_A_,PAP",
		"enabled": true,
		"ingredients": {
			"H": {"type": "item", "code": "game:hammer-*", "isTool": true },
			"P": {"type": "item", "code": "langstrothside-*",	"name":	"primary", "quantity": "2", "states": ["aged"], "loadFromProperties": "block/wood" },
			"A": {"type": "item", "code": "langstrothside-ebony", "quantity": 2, "states": ["aged"], "loadFromProperties": "block/wood" },
		"W": { type: "item", code: "fendragonsmp:shema-chornavarta", isTool: true, toolDurabilityCost: 1  },
		},
		"width": 3,
		"height": 3,
		"output": {	"type": "item", "code": "langstrothbroodtop-{primary}-ebony", "quantity": "1"}
	},
	{//
		"ingredientPattern": "WH_,_A_,PAP",
		"enabled": true,
		"ingredients": {
			"H": {"type": "item", "code": "game:hammer-*", "isTool": true },
			"P": {"type": "item", "code": "langstrothside-*",	"name":	"primary", "quantity": "2", "states": ["aged"], "loadFromProperties": "block/wood" },
			"A": {"type": "item", "code": "langstrothside-walnut", "quantity": 2, "states": ["aged"], "loadFromProperties": "block/wood" },
		"W": { type: "item", code: "fendragonsmp:shema-chornavarta", isTool: true, toolDurabilityCost: 1  },
		},
		"width": 3,
		"height": 3,
		"output": {	"type": "item", "code": "langstrothbroodtop-{primary}-walnut", "quantity": "1"}
	},
	{//
		"ingredientPattern": "WH_,_A_,PAP",
		"enabled": true,
		"ingredients": {
			"H": {"type": "item", "code": "game:hammer-*", "isTool": true },
			"P": {"type": "item", "code": "langstrothside-*",	"name":	"primary", "quantity": "2", "states": ["aged"], "loadFromProperties": "block/wood" },
			"A": {"type": "item", "code": "langstrothside-purpleheart", "quantity": 2, "states": ["aged"], "loadFromProperties": "block/wood" },
		"W": { type: "item", code: "fendragonsmp:shema-chornavarta", isTool: true, toolDurabilityCost: 1  },
		},
		"width": 3,
		"height": 3,
		"output": {	"type": "item", "code": "langstrothbroodtop-{primary}-purpleheart", "quantity": "1"}
	},
	{//
	//********************************* langstrothsuper
		"ingredientPattern": "WH_,PAP",
		"enabled": true,
		"ingredients": {
			
			"H": {"type": "item", "code": "game:hammer-*", "isTool": true },
			"P": {"type": "item", "code": "langstrothside-*",	"name":	"primary", "quantity": "2", "states": ["aged"], "loadFromProperties": "block/wood" },
			"A": {"type": "item", "code": "langstrothside-aged", "quantity": "2",  "states": ["aged"],  "loadFromProperties": "block/wood" },
		"W": { type: "item", code: "fendragonsmp:shema-chornavarta", isTool: true, toolDurabilityCost: 1  },		
		},
		"width": 3,
		"height": 2,
		"output": {	"type": "block", "code": "langstrothsuper-closed-{primary}-aged-east"}
	},
	{
		"ingredientPattern": "WH_,PAP",
		"enabled": true,
		"ingredients": {
			"H": {"type": "item", "code": "game:hammer-*", "isTool": true },
			"P": {"type": "item", "code": "langstrothside-*",	"name":	"primary", "quantity": "2", "states": ["aged"], "loadFromProperties": "block/wood" },
			"A": {"type": "item", "code": "langstrothside-acacia", "quantity": "2",  "states": ["aged"],  "loadFromProperties": "block/wood" },
		"W": { type: "item", code: "fendragonsmp:shema-chornavarta", isTool: true, toolDurabilityCost: 1  },		
		},
		"width": 3,
		"height": 2,
		"output": {	"type": "block", "code": "langstrothsuper-closed-{primary}-acacia-east"}
	},
	{
		"ingredientPattern": "WH_,PAP",
		"enabled": true,
		"ingredients": {
			"H": {"type": "item", "code": "game:hammer-*", "isTool": true },
			"P": {"type": "item", "code": "langstrothside-*",	"name":	"primary", "quantity": "2", "states": ["aged"], "loadFromProperties": "block/wood" },
			"A": {"type": "item", "code": "langstrothside-birch", "quantity": "2",  "states": ["aged"],  "loadFromProperties": "block/wood" },
		"W": { type: "item", code: "fendragonsmp:shema-chornavarta", isTool: true, toolDurabilityCost: 1  },		
		},
		"width": 3,
		"height": 2,
		"output": {	"type": "block", "code": "langstrothsuper-closed-{primary}-birch-east"}
	},
	{
		"ingredientPattern": "WH_,PAP",
		"enabled": true,
		"ingredients": {
			"H": {"type": "item", "code": "game:hammer-*", "isTool": true },
			"P": {"type": "item", "code": "langstrothside-*",	"name":	"primary", "quantity": "2", "states": ["aged"], "loadFromProperties": "block/wood" },
			"A": {"type": "item", "code": "langstrothside-oak", "quantity": "2",  "states": ["aged"],  "loadFromProperties": "block/wood" },
		"W": { type: "item", code: "fendragonsmp:shema-chornavarta", isTool: true, toolDurabilityCost: 1  },		
		},
		"width": 3,
		"height": 2,
		"output": {	"type": "block", "code": "langstrothsuper-closed-{primary}-oak-east"}
	},
	{
		"ingredientPattern": "WH_,PAP",
		"enabled": true,
		"ingredients": {
			"H": {"type": "item", "code": "game:hammer-*", "isTool": true },
			"P": {"type": "item", "code": "langstrothside-*",	"name":	"primary", "quantity": "2", "states": ["aged"], "loadFromProperties": "block/wood" },
			"A": {"type": "item", "code": "langstrothside-maple", "quantity": "2",  "states": ["aged"],  "loadFromProperties": "block/wood" },
		"W": { type: "item", code: "fendragonsmp:shema-chornavarta", isTool: true, toolDurabilityCost: 1  },		
		},
		"width": 3,
		"height": 2,
		"output": {	"type": "block", "code": "langstrothsuper-closed-{primary}-maple-east"}
	},
	{
		"ingredientPattern": "WH_,PAP",
		"enabled": true,
		"ingredients": {
			"H": {"type": "item", "code": "game:hammer-*", "isTool": true },
			"P": {"type": "item", "code": "langstrothside-*",	"name":	"primary", "quantity": "2", "states": ["aged"], "loadFromProperties": "block/wood" },
			"A": {"type": "item", "code": "langstrothside-pine", "quantity": "2",  "states": ["aged"],  "loadFromProperties": "block/wood" },
		"W": { type: "item", code: "fendragonsmp:shema-chornavarta", isTool: true, toolDurabilityCost: 1  },		
		},
		"width": 3,
		"height": 2,
		"output": {	"type": "block", "code": "langstrothsuper-closed-{primary}-pine-east"}
	},
	{
		"ingredientPattern": "WH_,PAP",
		"enabled": true,
		"ingredients": {
			"H": {"type": "item", "code": "game:hammer-*", "isTool": true },
			"P": {"type": "item", "code": "langstrothside-*",	"name":	"primary", "quantity": "2", "states": ["aged"], "loadFromProperties": "block/wood" },
			"A": {"type": "item", "code": "langstrothside-kapok", "quantity": "2",  "states": ["aged"],  "loadFromProperties": "block/wood" },
		"W": { type: "item", code: "fendragonsmp:shema-chornavarta", isTool: true, toolDurabilityCost: 1  },		
		},
		"width": 3,
		"height": 2,
		"output": {	"type": "block", "code": "langstrothsuper-closed-{primary}-kapok-east"}
	},
	{
		"ingredientPattern": "WH_,PAP",
		"enabled": true,
		"ingredients": {
			"H": {"type": "item", "code": "game:hammer-*", "isTool": true },
			"P": {"type": "item", "code": "langstrothside-*",	"name":	"primary", "quantity": "2", "states": ["aged"], "loadFromProperties": "block/wood" },
			"A": {"type": "item", "code": "langstrothside-baldcypress", "quantity": "2",  "states": ["aged"],  "loadFromProperties": "block/wood" },
		"W": { type: "item", code: "fendragonsmp:shema-chornavarta", isTool: true, toolDurabilityCost: 1  },		
		},
		"width": 3,
		"height": 2,
		"output": {	"type": "block", "code": "langstrothsuper-closed-{primary}-baldcypress-east"}
	},
	{
		"ingredientPattern": "WH_,PAP",
		"enabled": true,
		"ingredients": {
			"H": {"type": "item", "code": "game:hammer-*", "isTool": true },
			"P": {"type": "item", "code": "langstrothside-*",	"name":	"primary", "quantity": "2", "states": ["aged"], "loadFromProperties": "block/wood" },
			"A": {"type": "item", "code": "langstrothside-larch", "quantity": "2",  "states": ["aged"],  "loadFromProperties": "block/wood" },
		"W": { type: "item", code: "fendragonsmp:shema-chornavarta", isTool: true, toolDurabilityCost: 1  },		
		},
		"width": 3,
		"height": 2,
		"output": {	"type": "block", "code": "langstrothsuper-closed-{primary}-larch-east"}
	},
	{
		"ingredientPattern": "WH_,PAP",
		"enabled": true,
		"ingredients": {
			"H": {"type": "item", "code": "game:hammer-*", "isTool": true },
			"P": {"type": "item", "code": "langstrothside-*",	"name":	"primary", "quantity": "2", "states": ["aged"], "loadFromProperties": "block/wood" },
			"A": {"type": "item", "code": "langstrothside-redwood", "quantity": "2",  "states": ["aged"],  "loadFromProperties": "block/wood" },
		"W": { type: "item", code: "fendragonsmp:shema-chornavarta", isTool: true, toolDurabilityCost: 1  },		
		},
		"width": 3,
		"height": 2,
		"output": {	"type": "block", "code": "langstrothsuper-closed-{primary}-redwood-east"}
	},
	{
		"ingredientPattern": "WH_,PAP",
		"enabled": true,
		"ingredients": {
			"H": {"type": "item", "code": "game:hammer-*", "isTool": true },
			"P": {"type": "item", "code": "langstrothside-*",	"name":	"primary", "quantity": "2", "states": ["aged"], "loadFromProperties": "block/wood" },
			"A": {"type": "item", "code": "langstrothside-ebony", "quantity": "2",  "states": ["aged"],  "loadFromProperties": "block/wood" },
		"W": { type: "item", code: "fendragonsmp:shema-chornavarta", isTool: true, toolDurabilityCost: 1  },		
		},
		"width": 3,
		"height": 2,
		"output": {	"type": "block", "code": "langstrothsuper-closed-{primary}-ebony-east"}
	},
	{
		"ingredientPattern": "WH_,PAP",
		"enabled": true,
		"ingredients": {
			"H": {"type": "item", "code": "game:hammer-*", "isTool": true },
			"P": {"type": "item", "code": "langstrothside-*",	"name":	"primary", "quantity": "2", "states": ["aged"], "loadFromProperties": "block/wood" },
			"A": {"type": "item", "code": "langstrothside-walnut", "quantity": "2",  "states": ["aged"],  "loadFromProperties": "block/wood" },
		"W": { type: "item", code: "fendragonsmp:shema-chornavarta", isTool: true, toolDurabilityCost: 1  },		
		},
		"width": 3,
		"height": 2,
		"output": {	"type": "block", "code": "langstrothsuper-closed-{primary}-walnut-east"}
	},
	{
		"ingredientPattern": "WH_,PAP",
		"enabled": true,
		"ingredients": {
			"H": {"type": "item", "code": "game:hammer-*", "isTool": true },
			"P": {"type": "item", "code": "langstrothside-*",	"name":	"primary", "quantity": "2", "states": ["aged"], "loadFromProperties": "block/wood" },
			"A": {"type": "item", "code": "langstrothside-purpleheart", "quantity": "2",  "states": ["aged"],  "loadFromProperties": "block/wood" },
		"W": { type: "item", code: "fendragonsmp:shema-chornavarta", isTool: true, toolDurabilityCost: 1  },		
		},
		"width": 3,
		"height": 2,
		"output": {	"type": "block", "code": "langstrothsuper-closed-{primary}-purpleheart-east"}
	},
	{//
	//********************************* langstrothbase
		"ingredientPattern": "WH_,PPP,L_L",
		"enabled": true,
		"ingredients": {
			"H": {"type": "item", "code": "game:hammer-*", "isTool": true },
			"P": {"type": "item", "code": "langstrothside-*",	"name":	"primary", "quantity": 2, "states": ["aged"], "loadFromProperties": "block/wood" },
			"L": {"type": "block", "code": "game:log-*-aged-*", "quantity": 2, "states": ["aged"], "loadFromProperties": "block/wood" },
		"W": { type: "item", code: "fendragonsmp:shema-chornavarta", isTool: true, toolDurabilityCost: 1  },
		},
		"width": 3,
		"height": 3,
		"output": {	"type": "block", "code": "langstrothbase-{primary}-aged-east", "quantity": 1}
	},
	{
		"ingredientPattern": "_H_,PPP,L_L",
		"enabled": true,
		"ingredients": {
			"H": {"type": "item", "code": "game:hammer-*", "isTool": true },
			"P": {"type": "item", "code": "langstrothside-*",	"name":	"primary", "quantity": 2, "states": ["aged"], "loadFromProperties": "block/wood" },
			"L": {"type": "block", "code": "game:log-*-acacia-*", "quantity": 2, "states": ["aged"], "loadFromProperties": "block/wood" },
		"W": { type: "item", code: "fendragonsmp:shema-chornavarta", isTool: true, toolDurabilityCost: 1  },
		},
		"width": 3,
		"height": 3,
		"output": {	"type": "block", "code": "langstrothbase-{primary}-acacia-east", "quantity": 1}
	},
	{
		"ingredientPattern": "WH_,PPP,L_L",
		"enabled": true,
		"ingredients": {
			"H": {"type": "item", "code": "game:hammer-*", "isTool": true },
			"P": {"type": "item", "code": "langstrothside-*",	"name":	"primary", "quantity": 2, "states": ["aged"], "loadFromProperties": "block/wood" },
			"L": {"type": "block", "code": "game:log-*-birch-*", "quantity": 2, "states": ["aged"], "loadFromProperties": "block/wood" },
		"W": { type: "item", code: "fendragonsmp:shema-chornavarta", isTool: true, toolDurabilityCost: 1  },
		},
		"width": 3,
		"height": 3,
		"output": {	"type": "block", "code": "langstrothbase-{primary}-birch-east", "quantity": 1}
	},
	{
		"ingredientPattern": "WH_,PPP,L_L",
		"enabled": true,
		"ingredients": {
			"H": {"type": "item", "code": "game:hammer-*", "isTool": true },
			"P": {"type": "item", "code": "langstrothside-*",	"name":	"primary", "quantity": 2, "states": ["aged"], "loadFromProperties": "block/wood" },
			"L": {"type": "block", "code": "game:log-*-oak-*", "quantity": 2, "states": ["aged"], "loadFromProperties": "block/wood" },
		"W": { type: "item", code: "fendragonsmp:shema-chornavarta", isTool: true, toolDurabilityCost: 1  },
		},
		"width": 3,
		"height": 3,
		"output": {	"type": "block", "code": "langstrothbase-{primary}-oak-east", "quantity": 1}
	},
	{
		"ingredientPattern": "WH_,PPP,L_L",
		"enabled": true,
		"ingredients": {
			"H": {"type": "item", "code": "game:hammer-*", "isTool": true },
			"P": {"type": "item", "code": "langstrothside-*",	"name":	"primary", "quantity": 2, "states": ["aged"], "loadFromProperties": "block/wood" },
			"L": {"type": "block", "code": "game:log-*-maple-*", "quantity": 2, "states": ["aged"], "loadFromProperties": "block/wood" },
		"W": { type: "item", code: "fendragonsmp:shema-chornavarta", isTool: true, toolDurabilityCost: 1  },
		},
		"width": 3,
		"height": 3,
		"output": {	"type": "block", "code": "langstrothbase-{primary}-maple-east", "quantity": 1}
	},
	{
		"ingredientPattern": "WH_,PPP,L_L",
		"enabled": true,
		"ingredients": {
			"H": {"type": "item", "code": "game:hammer-*", "isTool": true },
			"P": {"type": "item", "code": "langstrothside-*",	"name":	"primary", "quantity": 2, "states": ["aged"], "loadFromProperties": "block/wood" },
			"L": {"type": "block", "code": "game:log-*-pine-*", "quantity": 2, "states": ["aged"], "loadFromProperties": "block/wood" },
		"W": { type: "item", code: "fendragonsmp:shema-chornavarta", isTool: true, toolDurabilityCost: 1  },
		},
		"width": 3,
		"height": 3,
		"output": {	"type": "block", "code": "langstrothbase-{primary}-pine-east", "quantity": 1}
	},
	{
		"ingredientPattern": "WH_,PPP,L_L",
		"enabled": true,
		"ingredients": {
			"H": {"type": "item", "code": "game:hammer-*", "isTool": true },
			"P": {"type": "item", "code": "langstrothside-*",	"name":	"primary", "quantity": 2, "states": ["aged"], "loadFromProperties": "block/wood" },
			"L": {"type": "block", "code": "game:log-*-kapok-*", "quantity": 2, "states": ["aged"], "loadFromProperties": "block/wood" },
		"W": { type: "item", code: "fendragonsmp:shema-chornavarta", isTool: true, toolDurabilityCost: 1  },
		},
		"width": 3,
		"height": 3,
		"output": {	"type": "block", "code": "langstrothbase-{primary}-kapok-east", "quantity": 1}
	},
	{
		"ingredientPattern": "WH_,PPP,L_L",
		"enabled": true,
		"ingredients": {
			"H": {"type": "item", "code": "game:hammer-*", "isTool": true },
			"P": {"type": "item", "code": "langstrothside-*",	"name":	"primary", "quantity": 2, "states": ["aged"], "loadFromProperties": "block/wood" },
			"L": {"type": "block", "code": "game:log-*-baldcypress-*", "quantity": 2, "states": ["aged"], "loadFromProperties": "block/wood" },
		"W": { type: "item", code: "fendragonsmp:shema-chornavarta", isTool: true, toolDurabilityCost: 1  },
		},
		"width": 3,
		"height": 3,
		"output": {	"type": "block", "code": "langstrothbase-{primary}-baldcypress-east", "quantity": 1}
	},
	{
		"ingredientPattern": "WH_,PPP,L_L",
		"enabled": true,
		"ingredients": {
			"H": {"type": "item", "code": "game:hammer-*", "isTool": true },
			"P": {"type": "item", "code": "langstrothside-*",	"name":	"primary", "quantity": 2, "states": ["aged"], "loadFromProperties": "block/wood" },
			"L": {"type": "block", "code": "game:log-*-larch-*", "quantity": 2, "states": ["aged"], "loadFromProperties": "block/wood" },
		"W": { type: "item", code: "fendragonsmp:shema-chornavarta", isTool: true, toolDurabilityCost: 1  },
		},
		"width": 3,
		"height": 3,
		"output": {	"type": "block", "code": "langstrothbase-{primary}-larch-east", "quantity": 1}
	},
	{
		"ingredientPattern": "WH_,PPP,L_L",
		"enabled": true,
		"ingredients": {
			"H": {"type": "item", "code": "game:hammer-*", "isTool": true },
			"P": {"type": "item", "code": "langstrothside-*",	"name":	"primary", "quantity": 2, "states": ["aged"], "loadFromProperties": "block/wood" },
			"L": {"type": "block", "code": "game:log-*-redwood-*", "quantity": 2, "states": ["aged"], "loadFromProperties": "block/wood" },
		"W": { type: "item", code: "fendragonsmp:shema-chornavarta", isTool: true, toolDurabilityCost: 1  },
		},
		"width": 3,
		"height": 3,
		"output": {	"type": "block", "code": "langstrothbase-{primary}-redwood-east", "quantity": 1}
	},
	{
		"ingredientPattern": "WH_,PPP,L_L",
		"enabled": true,
		"ingredients": {
			"H": {"type": "item", "code": "game:hammer-*", "isTool": true },
			"P": {"type": "item", "code": "langstrothside-*",	"name":	"primary", "quantity": 2, "states": ["aged"], "loadFromProperties": "block/wood" },
			"L": {"type": "block", "code": "game:log-*-ebony-*", "quantity": 2, "states": ["aged"], "loadFromProperties": "block/wood" },
		"W": { type: "item", code: "fendragonsmp:shema-chornavarta", isTool: true, toolDurabilityCost: 1  },
		},
		"width": 3,
		"height": 3,
		"output": {	"type": "block", "code": "langstrothbase-{primary}-ebony-east", "quantity": 1}
	},
	{
		"ingredientPattern": "WH_,PPP,L_L",
		"enabled": true,
		"ingredients": {
			"H": {"type": "item", "code": "game:hammer-*", "isTool": true },
			"P": {"type": "item", "code": "langstrothside-*",	"name":	"primary", "quantity": 2, "states": ["aged"], "loadFromProperties": "block/wood" },
			"L": {"type": "block", "code": "game:log-*-walnut-*", "quantity": 2, "states": ["aged"], "loadFromProperties": "block/wood" },
		"W": { type: "item", code: "fendragonsmp:shema-chornavarta", isTool: true, toolDurabilityCost: 1  },
		},
		"width": 3,
		"height": 3,
		"output": {	"type": "block", "code": "langstrothbase-{primary}-walnut-east", "quantity": 1}
	},
	{
		"ingredientPattern": "WH_,PPP,L_L",
		"enabled": true,
		"ingredients": {
			"H": {"type": "item", "code": "game:hammer-*", "isTool": true },
			"P": {"type": "item", "code": "langstrothside-*",	"name":	"primary", "quantity": 2, "states": ["aged"], "loadFromProperties": "block/wood" },
			"L": {"type": "block", "code": "game:log-*-purpleheart-*", "quantity": 2, "states": ["aged"], "loadFromProperties": "block/wood" },
		"W": { type: "item", code: "fendragonsmp:shema-chornavarta", isTool: true, toolDurabilityCost: 1  },
		},
		"width": 3,
		"height": 3,
		"output": {	"type": "block", "code": "langstrothbase-{primary}-purpleheart-east", "quantity": 1}
	},
	{//
	//********************************* framerack
		"ingredientPattern": "SHS,PAP,_W_", 
		"enabled": true,		
		"ingredients": {   
			"A": {"type": "item", "code": "langstrothside-aged", "quantity": "1",  "states": ["aged"],  "loadFromProperties": "block/wood" },   
			"H": {"type": "item", "code": "game:hammer-*", "isTool": true },   
			"P": {"type": "item", "code": "langstrothside-*", "name": "primary", "quantity": "1", "states": ["aged"], "loadFromProperties": "block/wood" },   
			"S": {"type": "item", "code": "game:stick" },
		"W": { type: "item", code: "fendragonsmp:shema-chornavarta", isTool: true, toolDurabilityCost: 1  },
		},  
		"width": 3,  
		"height": 3,  
		"output": { "type": "block", "code": "framerack-{primary}-aged-east" }
	},
	{  
		"ingredientPattern": "SHS,PAP,_W_",
		"enabled": true,		
		"ingredients": {   
			"A": {"type": "item", "code": "langstrothside-acacia", "quantity": "1",  "states": ["aged"],  "loadFromProperties": "block/wood" },   
			"H": {"type": "item", "code": "game:hammer-*", "isTool": true },   
			"P": {"type": "item", "code": "langstrothside-*", "name": "primary", "quantity": "1", "states": ["aged"], "loadFromProperties": "block/wood" },   
			"S": {"type": "item", "code": "game:stick"},
		"W": { type: "item", code: "fendragonsmp:shema-chornavarta", isTool: true, toolDurabilityCost: 1  }, 
		},  
		"width": 3,  
		"height": 3,  
		"output": { "type": "block", "code": "framerack-{primary}-acacia-east"}
	},
	{  
		"ingredientPattern": "SHS,PAP,_W_",
		"enabled": true,  
		"ingredients": {   
			"A": {"type": "item", "code": "langstrothside-birch", "quantity": "1",  "states": ["aged"],  "loadFromProperties": "block/wood" },   
			"H": {"type": "item", "code": "game:hammer-*", "isTool": true },   
			"P": {"type": "item", "code": "langstrothside-*", "name": "primary", "quantity": "1", "states": ["aged"], "loadFromProperties": "block/wood" },   
			"S": {"type": "item", "code": "game:stick"},
		"W": { type: "item", code: "fendragonsmp:shema-chornavarta", isTool: true, toolDurabilityCost: 1  },  
		},  
		"width": 3,  
		"height": 3,  
		"output": { "type": "block", "code": "framerack-{primary}-birch-east"}
	},
	{  
		"ingredientPattern": "SHS,PAP_W_",
		"enabled": true,  
		"ingredients": {   
			"A": {"type": "item", "code": "langstrothside-oak", "quantity": "1",  "states": ["aged"],  "loadFromProperties": "block/wood" },   
			"H": {"type": "item", "code": "game:hammer-*", "isTool": true },   
			"P": {"type": "item", "code": "langstrothside-*", "name": "primary", "quantity": "1", "states": ["aged"], "loadFromProperties": "block/wood" },   
			"S": {"type": "item", "code": "game:stick"},
		"W": { type: "item", code: "fendragonsmp:shema-chornavarta", isTool: true, toolDurabilityCost: 1  },  
		},  
		"width": 3,  
		"height": 3,  
		"output": { "type": "block", "code": "framerack-{primary}-oak-east"}
	},
	{  
		"ingredientPattern": "SHS,PAP,_W_",
		"enabled": true,  
		"ingredients": {   
			"A": {"type": "item", "code": "langstrothside-maple", "quantity": "1",  "states": ["aged"],  "loadFromProperties": "block/wood" },   
			"H": {"type": "item", "code": "game:hammer-*", "isTool": true },   
			"P": {"type": "item", "code": "langstrothside-*", "name": "primary", "quantity": "1", "states": ["aged"], "loadFromProperties": "block/wood" },   
			"S": {"type": "item", "code": "game:stick"},
		"W": { type: "item", code: "fendragonsmp:shema-chornavarta", isTool: true, toolDurabilityCost: 1  },  
		},  
		"width": 3,  
		"height": 3,  
		"output": { "type": "block", "code": "framerack-{primary}-maple-east"}
	},
	{  
		"ingredientPattern": "SHS,PAP,_W_",
		"enabled": true,  
		"ingredients": {   
			"A": {"type": "item", "code": "langstrothside-pine", "quantity": "1",  "states": ["aged"],  "loadFromProperties": "block/wood" },   
			"H": {"type": "item", "code": "game:hammer-*", "isTool": true },   
			"P": {"type": "item", "code": "langstrothside-*", "name": "primary", "quantity": "1", "states": ["aged"], "loadFromProperties": "block/wood" },   
			"S": {"type": "item", "code": "game:stick"},
		"W": { type: "item", code: "fendragonsmp:shema-chornavarta", isTool: true, toolDurabilityCost: 1  },  
		},  
		"width": 3,  
		"height": 3,  
		"output": { "type": "block", "code": "framerack-{primary}-pine-east"}
	},
	{  
		"ingredientPattern": "SHS,PAP,_W_",
		"enabled": true,  
		"ingredients": {   
			"A": {"type": "item", "code": "langstrothside-kapok", "quantity": "1",  "states": ["aged"],  "loadFromProperties": "block/wood" },   
			"H": {"type": "item", "code": "game:hammer-*", "isTool": true },   
			"P": {"type": "item", "code": "langstrothside-*", "name": "primary", "quantity": "1", "states": ["aged"], "loadFromProperties": "block/wood" },   
			"S": {"type": "item", "code": "game:stick"},
		"W": { type: "item", code: "fendragonsmp:shema-chornavarta", isTool: true, toolDurabilityCost: 1  },  
		},  
		"width": 3,  
		"height": 3,  
		"output": { "type": "block", "code": "framerack-{primary}-kapok-east"}
	},
	{  
		"ingredientPattern": "SHS,PAP,_W_",
		"enabled": true,  
		"ingredients": {   
			"A": {"type": "item", "code": "langstrothside-baldcypress", "quantity": "1",  "states": ["aged"],  "loadFromProperties": "block/wood" },   
			"H": {"type": "item", "code": "game:hammer-*", "isTool": true },   
			"P": {"type": "item", "code": "langstrothside-*", "name": "primary", "quantity": "1", "states": ["aged"], "loadFromProperties": "block/wood" },   
			"S": {"type": "item", "code": "game:stick"},
		"W": { type: "item", code: "fendragonsmp:shema-chornavarta", isTool: true, toolDurabilityCost: 1  },  
		},  
		"width": 3,  
		"height": 3,  
		"output": { "type": "block", "code": "framerack-{primary}-baldcypress-east"}
	},
	{  
		"ingredientPattern": "SHS,PAP,_W_",
		"enabled": true,  
		"ingredients": {   
			"A": {"type": "item", "code": "langstrothside-larch", "quantity": "1",  "states": ["aged"],  "loadFromProperties": "block/wood" },   
			"H": {"type": "item", "code": "game:hammer-*", "isTool": true },   
			"P": {"type": "item", "code": "langstrothside-*", "name": "primary", "quantity": "1", "states": ["aged"], "loadFromProperties": "block/wood" },   
			"S": {"type": "item", "code": "game:stick"},
		"W": { type: "item", code: "fendragonsmp:shema-chornavarta", isTool: true, toolDurabilityCost: 1  },  
		},  
		"width": 3,  
		"height": 3,  
		"output": { "type": "block", "code": "framerack-{primary}-larch-east"}
	},
	{  
		"ingredientPattern": "SHS,PAP,_W_",
		"enabled": true,  
		"ingredients": {   
			"A": {"type": "item", "code": "langstrothside-redwood", "quantity": "1",  "states": ["aged"],  "loadFromProperties": "block/wood" },   
			"H": {"type": "item", "code": "game:hammer-*", "isTool": true },   
			"P": {"type": "item", "code": "langstrothside-*", "name": "primary", "quantity": "1", "states": ["aged"], "loadFromProperties": "block/wood" },   
			"S": {"type": "item", "code": "game:stick"},
		"W": { type: "item", code: "fendragonsmp:shema-chornavarta", isTool: true, toolDurabilityCost: 1  },  
		},  
		"width": 3,  
		"height": 3,  
		"output": { "type": "block", "code": "framerack-{primary}-redwood-east"}
	},
	{  
		"ingredientPattern": "SHS,PAP,_W_",
		"enabled": true,  
		"ingredients": {   
			"A": {"type": "item", "code": "langstrothside-ebony", "quantity": "1",  "states": ["aged"],  "loadFromProperties": "block/wood" },   
			"H": {"type": "item", "code": "game:hammer-*", "isTool": true },   
			"P": {"type": "item", "code": "langstrothside-*", "name": "primary", "quantity": "1", "states": ["aged"], "loadFromProperties": "block/wood" },   
			"S": {"type": "item", "code": "game:stick"},
		"W": { type: "item", code: "fendragonsmp:shema-chornavarta", isTool: true, toolDurabilityCost: 1  },  
		},  
		"width": 3,  
		"height": 3,  
		"output": { "type": "block", "code": "framerack-{primary}-ebony-east"}
	},
	{  
		"ingredientPattern": "SHS,PAP,_W_",
		"enabled": true,  
		"ingredients": {   
			"A": {"type": "item", "code": "langstrothside-walnut", "quantity": "1",  "states": ["aged"],  "loadFromProperties": "block/wood" },   
			"H": {"type": "item", "code": "game:hammer-*", "isTool": true },   
			"P": {"type": "item", "code": "langstrothside-*", "name": "primary", "quantity": "1", "states": ["aged"], "loadFromProperties": "block/wood" },   
			"S": {"type": "item", "code": "game:stick"},
		"W": { type: "item", code: "fendragonsmp:shema-chornavarta", isTool: true, toolDurabilityCost: 1  },  
		},  
		"width": 3,  
		"height": 3,  
		"output": { "type": "block", "code": "framerack-{primary}-walnut-east"}
	},
	{  
		"ingredientPattern": "SHS,PAP,_W_",
		"enabled": true,  
		"ingredients": {   
			"A": {"type": "item", "code": "langstrothside-purpleheart", "quantity": "1",  "states": ["aged"],  "loadFromProperties": "block/wood" },   
			"H": {"type": "item", "code": "game:hammer-*", "isTool": true },   
			"P": {"type": "item", "code": "langstrothside-*", "name": "primary", "quantity": "1", "states": ["aged"], "loadFromProperties": "block/wood" },   
			"S": {"type": "item", "code": "game:stick"},
		"W": { type: "item", code: "fendragonsmp:shema-chornavarta", isTool: true, toolDurabilityCost: 1  },  
		},  
		"width": 3,  
		"height": 3,  
		"output": { "type": "block", "code": "framerack-{primary}-purpleheart-east"}
	},	
]