[
	{//
//Крафт люстри - СХЕМА
		"ingredientPattern":"HST,СSС,SWS",
		"enabled": true,
		"ingredients": {			
			"H": { "type": "item", "code": "game:hammer-*", "isTool": true, "toolDurabilityCost": 25  },
			"T": { "type": "item", "code": "game:chisel-*", "isTool": true, "toolDurabilityCost": 25  },
			"С": { "type": "item", "code": "game:candle", "quantity": 4 },
			"S": { "type": "block", "code": "game:metal-scraps", "quantity": 1 },
		"W": { type: "item", code: "fendragonsmp:shema-koval", isTool: true, toolDurabilityCost: 1 },
		},
		"width": 3,
		"height": 3,
		"recipeGroup": 2,
		"output": { "type": "block", "code": "game:chandelier-candle8", "quantity": 1 }
	},
	{//
		"ingredientPattern":"HST,_S_,SWS",
		"enabled": true,
		"ingredients": {			
			"H": { "type": "item", "code": "game:hammer-*", "isTool": true, "toolDurabilityCost": 25  },
			"T": { "type": "item", "code": "game:chisel-*", "isTool": true, "toolDurabilityCost": 25  },
			"S": { "type": "block", "code": "game:metal-scraps", "quantity": 1 },
		"W": { type: "item", code: "fendragonsmp:shema-koval", isTool: true, toolDurabilityCost: 1 },
		},
		"width": 3,
		"height": 3,
		"recipeGroup": 2,
		"output": { "type": "block", "code": "game:chandelier-candle0", "quantity": 1 }
	},
	{//
//Крафт залізних брам - СХЕМА
		ingredientPattern:"HPK,MGS,RPW",
		enabled: true,
		ingredients: {			
			"H": { type: "item", code: "game:hammer-*", isTool: true, toolDurabilityCost: 25  },
			"K": { type: "item", code: "game:wrench-*", isTool: true, toolDurabilityCost: 25  },			
			"P": { type: "item", code: "game:plank-*", quantity: 10 },
			"S": { type: "item", code: "game:metalnailsandstrips-*", quantity: 5 },
			"M": { type: "item", code: "game:metalplate-iron", quantity: 2 },
			"G": { type: "item", code: "game:gear-rusty", quantity: 3 },
			"R": { type: "block", code: "game:metal-scraps", quantity: 5 },
		"W": { type: "item", code: "fendragonsmp:shema-koval", isTool: true, toolDurabilityCost: 1 },
		},
		width: 3,
		height: 3,
		recipeGroup: 2,
		output: { type: "block", code: "game:door-1x2heavy-aged", quantity: 1 }
	},
	{//
		ingredientPattern:"HPK,MGS,RPW",
		enabled: true,
		ingredients: {			
			"H": { type: "item", code: "game:hammer-*", isTool: true, toolDurabilityCost: 25  },
			"K": { type: "item", code: "game:wrench-*", isTool: true, toolDurabilityCost: 25  },			
			"P": { type: "item", code: "game:plank-*", quantity: 10 },
			"S": { type: "item", code: "game:metalnailsandstrips-*", quantity: 5 },
			"M": { type: "item", code: "game:metalplate-iron", quantity: 2 },
			"G": { type: "block", code: "game:door-1x2heavy-aged", quantity: 1},
			"R": { type: "block", code: "game:metal-scraps", quantity: 5 },
		"W": { type: "item", code: "fendragonsmp:shema-koval", isTool: true, toolDurabilityCost: 1 },
		},
		width: 3,
		height: 3,
		recipeGroup: 2,
		output: { type: "block", code: "game:door-1x3heavy-aged", quantity: 1 }
	},
	{//
		ingredientPattern:"HPK,MGS,RPW",
		enabled: true,
		ingredients: {			
			"H": { type: "item", code: "game:hammer-*", isTool: true, toolDurabilityCost: 25  },
			"K": { type: "item", code: "game:wrench-*", isTool: true, toolDurabilityCost: 25  },			
			"P": { type: "item", code: "game:plank-*", quantity: 10 },
			"S": { type: "item", code: "game:metalnailsandstrips-*", quantity: 5 },
			"M": { type: "item", code: "game:metalplate-iron", quantity: 2 },
			"G": { type: "block", code: "game:door-1x3heavy-aged", quantity: 1 },
			"R": { type: "block", code: "game:metal-scraps", quantity: 5 },
		"W": { type: "item", code: "fendragonsmp:shema-koval", isTool: true, toolDurabilityCost: 1 },
		},
		width: 3,
		height: 3,
		recipeGroup: 2,
		output: { type: "block", code: "game:door-2x4heavy-aged", quantity: 1 }
	},
  {//
//Крафт лотків для промивання  - СХЕМА
    "ingredientPattern": "H_,PW",
	"enabled": true,
    "ingredients": {
      "P": {"type": "item","code": "game:metalplate-*", "name": "metal", "allowedVariants": [ "copper", "tinbronze", "iron", "steel" ], "quantity": 1 },
      "H": {"type": "item","code": "game:hammer-*","isTool": true, "toolDurabilityCost": 50 },
	"W": { type: "item", code: "fendragonsmp:shema-koval", isTool: true, toolDurabilityCost: 1 },
    },
    "width": 2,
    "height": 2,
	"recipeGroup": 2,
    "output": {"type": "block","code": "fendragonsmp:metalpan-{metal}","quantity": 1 }
  },
  {//
//Шахтарський ліхтар ПРОСТИЙ - СХЕМА
    "ingredientPattern": "_B_,WFT,_PW",
	"enabled": true,
    "ingredients": {
      "B": {"type": "item","code": "game:bone","quantity": 1},
      "W": {"type": "item","code": "game:firewood","quantity": 4},
      "T": {"type": "item","code": "game:flaxtwine","quantity": 1},
      "F": {"type": "item","code": "game:fat","quantity": 2},
      "P": {"type": "block","code": "game:flowerpot-burnt","quantity": 1},
	"W": { type: "item", code: "fendragonsmp:shema-koval", isTool: true, toolDurabilityCost: 1 },
    },
    "width": 3,
    "height": 3,
    "shapeless": false,
    "output": {"type": "block","code": "fendragonsmp:primitivemininglantern-south","quantity": 1}
  },
  {//
//Шахтарський ліхтар ПРОДВИНУТИЙ - СХЕМА
    "ingredientPattern": "B_,FT,MW",
	"enabled": true,
    "ingredients": {
      "B": {"type": "item","code": "game:metalplate-brass","quantity": 1},
      "M": {"type": "item","code": "game:metalplate-molybdochalkos","quantity": 1},
      "F": {"type": "item","code": "game:fat","quantity": 2},
      "T": {"type": "item","code": "game:flaxtwine","quantity": 1},
	"W": { type: "item", code: "fendragonsmp:shema-koval", isTool: true, toolDurabilityCost: 1 },
    },
    "width": 2,
    "height": 3,
    "shapeless": false,
    "output": {"type": "block","code": "fendragonsmp:metalmininglantern-south","quantity": 1}
  }, 
	{//
//Крафт розбитих ліхтарів в звичайні - СХЕМА
		"ingredientPattern": "_H_,_L_,_MW",
		"enabled": true,		
		"ingredients": {
			"H": { "type": "item", "code": "game:hammer-*", "isTool": true, "toolDurabilityCost": 10  },
			"L": {"type": "block","code": "game:clutter", "attributes": { "type": "lantern/ground1" }, "quantity": 1 },
			"M": {"type": "item","code": "game:metalplate-*", "name": "material", "allowedVariants": ["copper", "brass", "blackbronze", "bismuth", "tinbronze", "bismuthbronze", "iron", "molybdochalkos", "silver", "gold", "meteoriciron", "steel" ], "quantity": 1 },
		"W": { type: "item", code: "fendragonsmp:shema-koval", isTool: true, toolDurabilityCost: 1 },
		},
		"width": 3,
		"height": 3,
		"recipeGroup": 3,
		"shapeless": false,
		"output": {"type": "block", "code": "game:lantern-up", "attributes": { "material": "{material}", "lining": "plain", "glass": "quartz" }, "quantity": 1}
	},
	{//
		"ingredientPattern": "_H_,_L_,_MW",
		"enabled": true,		
		"ingredients": {
			"H": { "type": "item", "code": "game:hammer-*", "isTool": true, "toolDurabilityCost": 10  },
			"L": {"type": "block","code": "game:clutter", "attributes": { "type": "lantern/ground2" }, "quantity": 1 },
			"M": {"type": "item","code": "game:metalplate-*", "name": "material", "allowedVariants": ["copper", "brass", "blackbronze", "bismuth", "tinbronze", "bismuthbronze", "iron", "molybdochalkos", "silver", "gold", "meteoriciron", "steel" ], "quantity": 1 },
		"W": { type: "item", code: "fendragonsmp:shema-koval", isTool: true, toolDurabilityCost: 1 },
		},
		"width": 3,
		"height": 3,
		"recipeGroup": 3,
		"shapeless": false,
		"output": {"type": "block", "code": "game:lantern-up", "attributes": { "material": "{material}", "lining": "plain", "glass": "quartz" }, "quantity": 1}
	},
	{//
		"ingredientPattern": "_H_,_L_,_MW",
		"enabled": true,
		"ingredients": {
			"H": { "type": "item", "code": "game:hammer-*", "isTool": true, "toolDurabilityCost": 10  },
			"L": {"type": "block","code": "game:clutter", "attributes": { "type": "lantern/ground3" }, "quantity": 1 },
			"M": {"type": "item","code": "game:metalplate-*", "name": "material", "allowedVariants": ["copper", "brass", "blackbronze", "bismuth", "tinbronze", "bismuthbronze", "iron", "molybdochalkos", "silver", "gold", "meteoriciron", "steel" ], "quantity": 1 },
		"W": { type: "item", code: "fendragonsmp:shema-koval", isTool: true, toolDurabilityCost: 1 },
		},
		"width": 3,
		"height": 3,
		"recipeGroup": 3,
		"shapeless": false,
		"output": {"type": "block", "code": "game:lantern-up", "attributes": { "material": "{material}", "lining": "plain", "glass": "quartz" }, "quantity": 1}
	},
	{//
		"ingredientPattern": "_H_,_L_,_MW",
		"enabled": true,		
		"requiresTrait": "koval",
		"ingredients": {
			"H": { "type": "item", "code": "game:hammer-*", "isTool": true, "toolDurabilityCost": 10  },
			"L": {"type": "block","code": "game:clutter", "attributes": { "type": "lantern/ground4" }, "quantity": 1 },
			"M": {"type": "item","code": "game:metalplate-*", "name": "material", "allowedVariants": ["copper", "brass", "blackbronze", "bismuth", "tinbronze", "bismuthbronze", "iron", "molybdochalkos", "silver", "gold", "meteoriciron", "steel" ], "quantity": 1 },
		"W": { type: "item", code: "fendragonsmp:shema-koval", isTool: true, toolDurabilityCost: 1 },
		},
		"width": 3,
		"height": 3,
		"recipeGroup": 3,
		"shapeless": false,
		"output": {"type": "block", "code": "game:lantern-up", "attributes": { "material": "{material}", "lining": "plain", "glass": "quartz" }, "quantity": 1}
	},
	{//
		"ingredientPattern": "_H_,_L_,_MW",
		"enabled": true,		
		"ingredients": {
			"H": { "type": "item", "code": "game:hammer-*", "isTool": true, "toolDurabilityCost": 10  },
			"L": {"type": "block","code": "game:clutter", "attributes": { "type": "lantern/ground5" }, "quantity": 1 },
			"M": {"type": "item","code": "game:metalplate-*", "name": "material", "allowedVariants": ["copper", "brass", "blackbronze", "bismuth", "tinbronze", "bismuthbronze", "iron", "molybdochalkos", "silver", "gold", "meteoriciron", "steel" ], "quantity": 1 },
		"W": { type: "item", code: "fendragonsmp:shema-koval", isTool: true, toolDurabilityCost: 1 },
		},
		"width": 3,
		"height": 3,
		"recipeGroup": 3,
		"shapeless": false,
		"output": {"type": "block", "code": "game:lantern-up", "attributes": { "material": "{material}", "lining": "plain", "glass": "quartz" }, "quantity": 1}
	},
	{//
		"ingredientPattern": "_H_,_L_,_MW",
		"enabled": true,
		"ingredients": {
			"H": { "type": "item", "code": "game:hammer-*", "isTool": true, "toolDurabilityCost": 10  },
			"L": {"type": "block","code": "game:clutter", "attributes": { "type": "lantern/ground6" }, "quantity": 1 },
			"M": {"type": "item","code": "game:metalplate-*", "name": "material", "allowedVariants": ["copper", "brass", "blackbronze", "bismuth", "tinbronze", "bismuthbronze", "iron", "molybdochalkos", "silver", "gold", "meteoriciron", "steel" ], "quantity": 1 },
		"W": { type: "item", code: "fendragonsmp:shema-koval", isTool: true, toolDurabilityCost: 1 },
		},
		"width": 3,
		"height": 3,
		"recipeGroup": 3,
		"shapeless": false,
		"output": {"type": "block", "code": "game:lantern-up", "attributes": { "material": "{material}", "lining": "plain", "glass": "quartz" }, "quantity": 1}
	},
	{//
		"ingredientPattern": "_H_,_L_,_MW",
		"enabled": true,
		"ingredients": {
			"H": { "type": "item", "code": "game:hammer-*", "isTool": true, "toolDurabilityCost": 10  },
			"L": {"type": "block","code": "game:clutter", "attributes": { "type": "lantern/ground-evaporating" }, "quantity": 1 },
			"M": {"type": "item","code": "game:metalplate-*", "name": "material", "allowedVariants": ["copper", "brass", "blackbronze", "bismuth", "tinbronze", "bismuthbronze", "iron", "molybdochalkos", "silver", "gold", "meteoriciron", "steel" ], "quantity": 1 },
		"W": { type: "item", code: "fendragonsmp:shema-koval", isTool: true, toolDurabilityCost: 1 },
		},
		"width": 3,
		"height": 3,
		"recipeGroup": 3,
		"shapeless": false,
		"output": {"type": "block", "code": "game:lantern-up", "attributes": { "material": "{material}", "lining": "plain", "glass": "quartz" }, "quantity": 1}
	},
	{
//Крафт шамотних цеглин - СХЕМА
	//***** Тір 1
		ingredientPattern: "FFW,QB_",
		enabled: true,
		ingredients: {
			"F": { type: "item", code: "game:clay-fire" },
			"Q": { type: "item", code: "game:crushed-quartz" },
			"B": { type: "item", code: "game:crushed-bauxite" },
		"W": { type: "item", code: "fendragonsmp:shema-koval", isTool: true, toolDurabilityCost: 1 },
		},
		width: 3,
		height: 2,
		recipeGroup: 1,
		shapeless: false,
		output: { type: "item", code: "game:refractorybrick-raw-tier1", quantity: 1  }
	},
	{
	//***** Тір 2
		ingredientPattern: "FFW,QB_,P__",
		enabled: true,
		ingredients: {
			"F": { type: "item", code: "game:clay-fire" },
			"Q": { type: "item", code: "game:crushed-quartz" },
			"B": { type: "item", code: "game:crushed-bauxite" },
			"P": { type: "item", code: "game:crushed-olivine" },
		"W": { type: "item", code: "fendragonsmp:shema-koval", isTool: true, toolDurabilityCost: 1 },
		},
		width: 3,
		height: 3,
		recipeGroup: 1,
		shapeless: false,
		output: { type: "item", code: "game:refractorybrick-raw-tier2", quantity: 1  }
	},
	{
	//***** Тір 3
		ingredientPattern: "FFW,QB_,PI_",
		enabled: true,
		ingredients: {
			"F": { type: "item", code: "game:clay-fire" },
			"Q": { type: "item", code: "game:crushed-quartz" },
			"B": { type: "item", code: "game:crushed-bauxite" },
			"P": { type: "item", code: "game:crushed-olivine" },
			"I": { type: "item", code: "game:crushed-ilmenite" },
		"W": { type: "item", code: "fendragonsmp:shema-koval", isTool: true, toolDurabilityCost: 1 },
		},
		width: 3,
		height: 3,
		recipeGroup: 1,
		shapeless: false,
		output: { type: "item", code: "game:refractorybrick-raw-tier3", quantity: 1  }
	},
	{
//Крафт Кладка шамотної цегли (Тір 1-3) - СХЕМА
		ingredientPattern: "BB_,BB_,CW_",
		enabled: true,
		ingredients: {
			"C": { type: "item", code: "game:mortar", quantity: 1 },
			"B": { type: "item", code: "game:refractorybrick-fired-*", name: "type", quantity: 2 },
		"W": { type: "item", code: "fendragonsmp:shema-koval", isTool: true, toolDurabilityCost: 1 },
		},
		width: 3,
		height: 3,
		recipeGroup: 1,
		shapeless: false,
		output: { type: "block", code: "game:refractorybricks-good-{type}", quantity: 2  }
	},
	{
//Крафт Решітка із шамотної цегли (Тір 1-3) - СХЕМА
		ingredientPattern: "B_B,BCB,BWB",
		enabled: true,
		ingredients: {
			"C": { type: "item", code: "game:mortar" },
			"B": { type: "item", code: "game:refractorybrick-fired-*", name: "type" },
		"W": { type: "item", code: "fendragonsmp:shema-koval", isTool: true, toolDurabilityCost: 1 },
		},
		width: 3,
		height: 3,
		recipeGroup: 1,
		shapeless: false,
		output: { type: "block", code: "game:refractorybrickgrating-good-{type}", quantity: 3  }
	},
	{
//Крафт Двері обпал. печі із шамотної цегли - СХЕМА
	//***** Тір 1
		ingredientPattern: "BRW,BN_,BR_",
		enabled: true,
		ingredients: {
			"B": { type: "item", code: "game:refractorybrick-fired-tier1", name: "type", quantity: 4 },
			"R": { type: "item", code: "game:rod-iron", quantity: 2 },
			"N": { type: "item", code: "game:metalnailsandstrips-*", name: "metal", allowedVariants: ["iron", "meteoriciron", "steel"], quantity: 4 },
		"W": { type: "item", code: "fendragonsmp:shema-koval", isTool: true, toolDurabilityCost: 1 },
		},
		width: 3,
		height: 3,
		recipeGroup: 1,
		shapeless: false,
		output: { type: "block", code: "game:doorkiln-tier1" }
	},
	{
	//***** Тір 2
		ingredientPattern: "BRW,BN_,BR_",
		enabled: true,
		ingredients: {
			"B": { type: "item", code: "game:refractorybrick-fired-tier2", name: "type", quantity: 4 },
			"R": { type: "item", code: "game:rod-iron", quantity: 2 },
			"N": { type: "item", code: "game:metalnailsandstrips-*", name: "metal", allowedVariants: ["iron", "meteoriciron", "steel"], quantity: 4 },
		"W": { type: "item", code: "fendragonsmp:shema-koval", isTool: true, toolDurabilityCost: 1 },
		},
		width: 3,
		height: 3,
		recipeGroup: 1,
		shapeless: false,
		output: { type: "block", code: "game:doorkiln-tier2" }
	},
	{
	//***** Тір 3
		ingredientPattern: "BRW,BN_,BR_",
		enabled: true,
		ingredients: {
			"B": { type: "item", code: "game:refractorybrick-fired-tier3", name: "type", quantity: 4 },
			"R": { type: "item", code: "game:rod-iron", quantity: 2 },
			"N": { type: "item", code: "game:metalnailsandstrips-*", name: "metal", allowedVariants: ["iron", "meteoriciron", "steel"], quantity: 4 },
		"W": { type: "item", code: "fendragonsmp:shema-koval", isTool: true, toolDurabilityCost: 1 },
		},
		width: 3,
		height: 3,
		recipeGroup: 1,
		shapeless: false,
		output: { type: "block", code: "game:doorkiln-tier3" }
	},
	{
//Крафт скринь з моду Extra Chests - СХЕМА
	// ***** Дерево - > Мідь (без етикетки)
		"ingredientPattern": "_PW,SCS,_S_",
		"enabled": true,
		"ingredients": {
			"S": { "type": "item", "code": "game:plank-*" },
			"C": { "type": "block", "code": "game:chest-east", "attributes": { "type": "normal-generic" } },
			"P": { "type": "item", "code": "game:metalplate-copper" },
		"W": { type: "item", code: "fendragonsmp:shema-koval", isTool: true, toolDurabilityCost: 1 },
		},
		"width": 3,
		"height": 3,	
		"recipeGroup": 1,
		"shapeless": false,
		"output": { "type": "block", "code": "extrachests:chest-east", "attributes": { "type": "copper" } }
	},
	{
	// ***** Дерево - > Мідь (з етикеткою)
		"ingredientPattern": "_PW,SCS,_S_",
		"enabled": true,
		"ingredients": {
			"S": { "type": "item", "code": "game:plank-*" },
			"C": { "type": "block", "code": "game:labeledchest-east", "attributes": { "type": "normal-labeled" } },
			"P": { "type": "item", "code": "game:metalplate-copper" },
		"W": { type: "item", code: "fendragonsmp:shema-koval", isTool: true, toolDurabilityCost: 1 },
		},
		"width": 3,
		"height": 3,
		"recipeGroup": 1,
		"shapeless": false,
		"output": { "type": "block", "code": "extrachests:labeledchest-east", "attributes": { "type": "copper" } }
	},
	{
	// ***** Мідь - > Олов.Бронза (без етикетки)
		"ingredientPattern": "_PW,SCS,_S_",
		"enabled": true,
		"ingredients": {
			"S": { "type": "item", "code": "game:plank-*" },
			"C": { "type": "block", "code": "extrachests:chest-east", "attributes": { "type": "copper" } },
			"P": { "type": "item", "code": "game:metalplate-tinbronze" },
		"W": { type: "item", code: "fendragonsmp:shema-koval", isTool: true, toolDurabilityCost: 1 },
		},
		"width": 3,
		"height": 3,
		"recipeGroup": 1,
		"shapeless": false,
		"output": { "type": "block", "code": "extrachests:chest-east", "attributes": { "type": "tinbronze" } }
	},
	{
	// ***** Мідь - > Олов.Бронза (з етикеткою)
		"ingredientPattern": "_PW,SCS,_S_",
		"enabled": true,
		"ingredients": {
			"S": { "type": "item", "code": "game:plank-*" },
			"C": { "type": "block", "code": "extrachests:labeledchest-east", "attributes": { "type": "copper" } },
			"P": { "type": "item", "code": "game:metalplate-tinbronze" },
		"W": { type: "item", code: "fendragonsmp:shema-koval", isTool: true, toolDurabilityCost: 1 },
		},
		"width": 3,
		"height": 3,
		"recipeGroup": 1,
		"shapeless": false,
		"output": { "type": "block", "code": "extrachests:labeledchest-east", "attributes": { "type": "tinbronze" } }
	},
	{
	// ***** Мідь - > Вісм.Бронза (без етикетки)
		"ingredientPattern": "_PW,SCS,_S_",
		"enabled": true,
		"ingredients": {
			"S": { "type": "item", "code": "game:plank-*" },
			"C": { "type": "block", "code": "extrachests:chest-east", "attributes": { "type": "copper" } },
			"P": { "type": "item", "code": "game:metalplate-bismuthbronze" },
		"W": { type: "item", code: "fendragonsmp:shema-koval", isTool: true, toolDurabilityCost: 1 },
		},
		"width": 3,
		"height": 3,
		"recipeGroup": 1,
		"shapeless": false,		
		"output": { "type": "block", "code": "extrachests:chest-east", "attributes": { "type": "bismuthbronze" } }
	},
	{
	// ***** Мідь - > Вісм.Бронза (з етикеткою)
		"ingredientPattern": "_PW,SCS,_S_",
		"enabled": true,
		"ingredients": {
			"S": { "type": "item", "code": "game:plank-*" },
			"C": { "type": "block", "code": "extrachests:labeledchest-east", "attributes": { "type": "copper" } },
			"P": { "type": "item", "code": "game:metalplate-bismuthbronze" },
		"W": { type: "item", code: "fendragonsmp:shema-koval", isTool: true, toolDurabilityCost: 1 },
		},
		"width": 3,
		"height": 3,
		"recipeGroup": 1,
		"shapeless": false,
		"output": { "type": "block", "code": "extrachests:labeledchest-east", "attributes": { "type": "bismuthbronze" } }
	},
	{
	// ***** Мідь - > Чорн.Бронза (без етикетки)
		"ingredientPattern": "_PW,SCS,_S_",
		"enabled": true,
		"ingredients": {
			"S": { "type": "item", "code": "game:plank-*" },
			"C": { "type": "block", "code": "extrachests:chest-east", "attributes": { "type": "copper" } },
			"P": { "type": "item", "code": "game:metalplate-blackbronze" },
		"W": { type: "item", code: "fendragonsmp:shema-koval", isTool: true, toolDurabilityCost: 1 },
		},
		"width": 3,
		"height": 3, 
		"recipeGroup": 1,
		"shapeless": false,		
		"output": { "type": "block", "code": "extrachests:chest-east", "attributes": { "type": "blackbronze" } }
	},
	{
	// ***** Мідь - > Чорн.Бронза (з етикеткою)
		"ingredientPattern": "_PW,SCS,_S_",
		"enabled": true,
		"ingredients": {
			"S": { "type": "item", "code": "game:plank-*" },
			"C": { "type": "block", "code": "extrachests:labeledchest-east", "attributes": { "type": "copper" } },
			"P": { "type": "item", "code": "game:metalplate-blackbronze" },
		"W": { type: "item", code: "fendragonsmp:shema-koval", isTool: true, toolDurabilityCost: 1 },
		},
		"width": 3,
		"height": 3,
		"recipeGroup": 1,
		"shapeless": false,		
		"output": { "type": "block", "code": "extrachests:labeledchest-east", "attributes": { "type": "blackbronze" } }
	},
	{
	// ***** Олов.Бронза - > Залізо (без етикетки)
		"ingredientPattern": "_PW,SCS,_S_",
		"enabled": true,
		"ingredients": {
			"S": { "type": "item", "code": "game:plank-*" },
			"C": { "type": "block", "code": "extrachests:chest-east", "attributes": { "type": "tinbronze" } },
			"P": { "type": "item", "code": "game:metalplate-iron" },
		"W": { type: "item", code: "fendragonsmp:shema-koval", isTool: true, toolDurabilityCost: 1 },
		},
		"width": 3,
		"height": 3,
		"recipeGroup": 1,
		"shapeless": false,
		"output": { "type": "block", "code": "extrachests:chest-east", "attributes": { "type": "iron" } }
	},
	{
	// ***** Вісм.Бронза - > Залізо (без етикетки)
		"ingredientPattern": "_PW,SCS,_S_",
		"enabled": true,
		"ingredients": {
			"S": { "type": "item", "code": "game:plank-*" },
			"C": { "type": "block", "code": "extrachests:chest-east", "attributes": { "type": "bismuthbronze" } },
			"P": { "type": "item", "code": "game:metalplate-iron" },
		"W": { type: "item", code: "fendragonsmp:shema-koval", isTool: true, toolDurabilityCost: 1 },
		},
		"width": 3,
		"height": 3,
		"recipeGroup": 1,
		"shapeless": false,
		"output": { "type": "block", "code": "extrachests:chest-east", "attributes": { "type": "iron" } }
	},
	{
	// ***** Чорн.Бронза - > Залізо (без етикетки)
		"ingredientPattern": "_PW,SCS,_S_",
		"enabled": true,
		"ingredients": {
			"S": { "type": "item", "code": "game:plank-*" },
			"C": { "type": "block", "code": "extrachests:chest-east", "attributes": { "type": "blackbronze" } },
			"P": { "type": "item", "code": "game:metalplate-iron" },
		"W": { type: "item", code: "fendragonsmp:shema-koval", isTool: true, toolDurabilityCost: 1 },
		},
		"width": 3,
		"height": 3,
		"recipeGroup": 1,
		"shapeless": false,
		"output": { "type": "block", "code": "extrachests:chest-east", "attributes": { "type": "iron" } }
	},
	{
	// ***** Олов.Бронза - > Залізо (з етикеткою)
		"ingredientPattern": "_PW,SCS,_S_",
		"enabled": true,
		"ingredients": {
			"S": { "type": "item", "code": "game:plank-*" },
			"C": { "type": "block", "code": "extrachests:labeledchest-east", "attributes": { "type": "tinbronze" } },
			"P": { "type": "item", "code": "game:metalplate-iron" },
		"W": { type: "item", code: "fendragonsmp:shema-koval", isTool: true, toolDurabilityCost: 1 },
		},
		"width": 3,
		"height": 3,
		"recipeGroup": 1,
		"shapeless": false,
		"output": { "type": "block", "code": "extrachests:labeledchest-east", "attributes": { "type": "iron" } }
	},
	{
	// ***** Вісм.Бронза - > Залізо (з етикеткою)
		"ingredientPattern": "_PW,SCS,_S_",
		"enabled": true,
		"ingredients": {
			"S": { "type": "item", "code": "game:plank-*" },
			"C": { "type": "block", "code": "extrachests:labeledchest-east", "attributes": { "type": "bismuthbronze" } },
			"P": { "type": "item", "code": "game:metalplate-iron" },
		"W": { type: "item", code: "fendragonsmp:shema-koval", isTool: true, toolDurabilityCost: 1 },
		},
		"width": 3,
		"height": 3,
		"recipeGroup": 1,
		"shapeless": false,
		"output": { "type": "block", "code": "extrachests:labeledchest-east", "attributes": { "type": "iron" } }
	},
	{
	// ***** Чорн.Бронза - > Залізо (з етикеткою)
		"ingredientPattern": "_PW,SCS,_S_",
		"enabled": true,
		"ingredients": {
			"S": { "type": "item", "code": "game:plank-*" },
			"C": { "type": "block", "code": "extrachests:labeledchest-east", "attributes": { "type": "blackbronze" } },
			"P": { "type": "item", "code": "game:metalplate-iron" },
		"W": { type: "item", code: "fendragonsmp:shema-koval", isTool: true, toolDurabilityCost: 1 },
		},
		"width": 3,
		"height": 3,
		"recipeGroup": 1,
		"shapeless": false,
		"output": { "type": "block", "code": "extrachests:labeledchest-east", "attributes": { "type": "iron" } }
	},
	{
	// ***** Залізо - > Сталь (без етикетки)
		"ingredientPattern": "_PW,SCS,_S_",
		"enabled": true,
		"ingredients": {
			"S": { "type": "item", "code": "game:plank-*" },
			"C": { "type": "block", "code": "extrachests:chest-east", "attributes": { "type": "iron" } },
			"P": { "type": "item", "code": "game:metalplate-steel" },
		"W": { type: "item", code: "fendragonsmp:shema-koval", isTool: true, toolDurabilityCost: 1 },
		},
		"width": 3,
		"height": 3, 
		"recipeGroup": 1,
		"shapeless": false,
		"output": { "type": "block", "code": "extrachests:chest-east", "attributes": { "type": "steel" } }
	},
	{
	// ***** Залізо - > Сталь (з етикеткою)
		"ingredientPattern": "_PW,SCS,_S_",
		"enabled": true,
		"ingredients": {
			"S": { "type": "item", "code": "game:plank-*" },
			"C": { "type": "block", "code": "extrachests:labeledchest-east", "attributes": { "type": "iron" } },
			"P": { "type": "item", "code": "game:metalplate-steel" },
		"W": { type: "item", code: "fendragonsmp:shema-koval", isTool: true, toolDurabilityCost: 1 },
		},
		"width": 3,
		"height": 3,
		"recipeGroup": 1,
		"shapeless": false,
		"output": { "type": "block", "code": "extrachests:labeledchest-east", "attributes": { "type": "steel" } }
	},
	{//
//Крафт ящиків з моду BetterCrates - СХЕМА
	//********************************* з однією етикеткою спереду ***** дерево
		"ingredientPattern": "BLB,BCW,BBB",
		"enabled": true,
		"ingredients": { 
			"B": { type: "item", code: "game:plank-*" },
			"L": { "type": "block","code": "game:linen-*-down", name: "pattern", allowedVariants: ["diamond", "normal", "offset", "square"] },
			"C": { "type": "block", "code": "game:chest-east", "attributes": { "type": "normal-generic" } }, 
		"W": { type: "item", code: "fendragonsmp:shema-koval", isTool: true, toolDurabilityCost: 1 },
		},
		"width": 3,
		"height": 3,
		"recipeGroup": 1,
		"shapeless": false,
		"output": { "type": "block", "code": "bettercrates:bettercrate-wood-center-east" }
	},
	{
		"ingredientPattern": "BLB,BCW,BBB",
		"enabled": true,
		"ingredients": { 
			"B": { type: "item", code: "game:plank-*" },
			"L": { "type": "block","code": "game:linen-*-down", name: "pattern", allowedVariants: ["diamond", "normal", "offset", "square"] },
			"C": { "type": "block", "code": "game:labeledchest-east" },
		"W": { type: "item", code: "fendragonsmp:shema-koval", isTool: true, toolDurabilityCost: 1 },			
		},
		"width": 3,
		"height": 3,
		"recipeGroup": 1,
		"shapeless": false,
		"output": { "type": "block", "code": "bettercrates:bettercrate-wood-center-east" }
	},
	{
	//********************************* етикетка спереду й ззаду ***** дерево
		"ingredientPattern": "BLB,BCW,BLB",
		"enabled": true,
		"ingredients": {
			"B": { "type": "item", "code": "game:plank-*" },
			"L": { "type": "block", "code": "game:linen-*-down", "name": "pattern", "allowedVariants": [ "diamond", "normal", "offset", "square" ] },
			"C": { "type": "block", "code": "game:chest-east", "attributes": { "type": "normal-generic" } },
		"W": { type: "item", code: "fendragonsmp:shema-koval", isTool: true, toolDurabilityCost: 1 },
		},
		"width": 3,
		"height": 3,
		"recipeGroup": 1,
		"shapeless": false,
		"output": { "type": "block", "code": "bettercrates:bettercrate2sided-wood-center-east" }
	},

	{
		"ingredientPattern": "BLB,BCW,BLB",
		"enabled": true,
		"ingredients": {
			"B": { "type": "item", "code": "game:plank-*" },
			"L": { "type": "block", "code": "game:linen-*-down", "name": "pattern", "allowedVariants": [ "diamond", "normal", "offset", "square" ] },
			"C": { "type": "block", "code": "game:labeledchest-east" },
		"W": { type: "item", code: "fendragonsmp:shema-koval", isTool: true, toolDurabilityCost: 1 },
		},
		"width": 3,
		"height": 3,
		"recipeGroup": 1,
		"shapeless": false,
		"output": { "type": "block", "code": "bettercrates:bettercrate2sided-wood-center-east" }
	},
    {
//Крафт форми для 8 злитків з моду Molds - СХЕМА	
        "ingredientPattern": "HSI,MPM,NWN",
		"enabled": true,
        "ingredients": {
            "H": { "type": "item", "code": "game:hammer-*", "isTool": true, "toolDurabilityCost": 5 },
            "S": { "type": "item", "code": "game:solderbar-*", "quantity": 2 },
			"I": { "type": "item", "code": "game:solderingiron", "isTool": true, "toolDurabilityCost": 5 },
			"M": { "type": "block", "code": "game:ingotmold-burned", "quantity": 4 },
			"P": { "type": "item", "code": "game:metalplate-iron", "quantity": 2 },
			"N": { "type": "item", "code": "game:metalnailsandstrips-*", "quantity": 2 },
		"W": { type: "item", code: "fendragonsmp:shema-koval", isTool: true, toolDurabilityCost: 1 },
        },
        "width": 3,
        "height": 3,
		"recipeGroup": 1,
		"shapeless": false,
        "output": { "type": "block", "code": "molds:ingotmold-burned-normal", "quantity": 1 }
    },
	{
        "ingredientPattern": "HSI,MPM,_WN",
		"enabled": true,
        "ingredients": {
            "H": { "type": "item", "code": "game:hammer-*", "isTool": true, "toolDurabilityCost": 5 },
            "S": { "type": "item", "code": "game:solderbar-*", "quantity": 2 },
			"I": { "type": "item", "code": "game:solderingiron", "isTool": true, "toolDurabilityCost": 5 },
			"M": { "type": "block", "code": "molds:ingotmold-burned-mini"},
			"P": { "type": "item", "code": "game:metalplate-iron", "quantity": 1 },
			"N": { "type": "item", "code": "game:metalnailsandstrips-*", "quantity": 2 },
		"W": { type: "item", code: "fendragonsmp:shema-koval", isTool: true, toolDurabilityCost: 1 },
        },
        "width": 3,
        "height": 3,
		"recipeGroup": 1,
		"shapeless": false,
        "output": { "type": "block", "code": "molds:ingotmold-burned-normal", "quantity": 1 }
    },
]