[
	{//
//**********************************Крафт солодкого перцю на посадку - СХЕМА
		"ingredientPattern": "NCW,GS_",
		"enabled": true,
		"ingredients": {
			"N": {"type": "item","code": "game:seeds-bellpepper", "quantity": 1 },
			"C": {"type": "item","code": "game:compost", "quantity": 16 },
			"S": {"type": "block","code": "game:soil-*", "quantity": 1 },			
			"G": {"type": "block","code": "game:flowerpot-burnt", "quantity": 1 },
		"W": { type: "item", code: "fendragonsmp:shema-remisnik", isTool: true, toolDurabilityCost: 1 },
		},
		"width": 3,
		"height": 2,
		"shapeless": false,
		"output": { "type": "block","code": "game:crop-bellpepper-1", "quantity": 1 }
	},
	{//
//**********************************Крафт Базового добрива (30) - СХЕМА
		"ingredientPattern": "BCB,GCG,SWS",
		"enabled": true,
		"ingredients": {
			"C": {"type": "item","code": "game:compost","quantity": 3 },
			"B": {"type": "item","code": "game:bonemeal","quantity": 1 },
			"G": {"type": "item","code": "game:paper-parchment","quantity": 1 },
			"S": {"type": "item","code": "game:saltpeter","quantity": 1 },
		"W": { type: "item", code: "fendragonsmp:shema-remisnik", isTool: true, toolDurabilityCost: 1 },
		},
		"width": 3,
		"height": 3,
		"shapeless": false,
		"output": {"type": "item","code": "fendragonsmp:basicbooster","quantity": 4 }
	},
	{//
//Крафт Якісного добрива (60) - СХЕМА
		"ingredientPattern": "SCP,GCG,BWX",
		"enabled": true,
		"ingredients": {
			"C": {"type": "item","code": "game:compost","quantity": 3 },
			"B": {"type": "item","code": "game:bonemeal","quantity": 2 },
			"P": {"type": "item","code": "game:ore-phosphorite","quantity": 1 },
			"G": {"type": "item","code": "game:paper-parchment","quantity": 1 },
			"X": {"type": "item","code": "game:powder-sulfur","quantity": 1 },
			"S": {"type": "item","code": "game:potash","quantity": 1},
		"W": { type: "item", code: "fendragonsmp:shema-remisnik", isTool: true, toolDurabilityCost: 1 },
		},
		"width": 3,
		"height": 3,
		"shapeless": false,
		"output": {"type": "item","code": "fendragonsmp:qualitybooster","quantity": 4 }
	},
	{//
//**********************************Крафт землі високої плодородності
		"ingredientPattern": "CBC,XSX,_BW",
		"enabled": true,
		"ingredients": {
			"S": {"type": "block","code": "game:soil-medium-*", "quantity": 1 },
			"C": {"type": "item","code": "game:compost", "quantity": 2 },
			"B": {"type": "item","code": "game:bonemeal", "quantity": 2 },
			"X": {"type": "block","code": "game:peatbrick", "quantity": 2 },
		"W": { type: "item", code: "fendragonsmp:shema-remisnik", isTool: true, toolDurabilityCost: 1 },
		},
		"width": 3,
		"height": 3,
		"recipeGroup": 3,
		"shapeless": false,
		"output": {"type": "block","code": "game:soil-compost-none", "quantity": 1}
	},
	{//
//Крафт чорнозему
		"ingredientPattern": "CBC,XSX,_BW",
		"enabled": true,
		"ingredients": {
			"S": {"type": "block","code": "game:soil-compost-*","quantity": 1 },
			"C": {"type": "item","code": "game:compost","quantity": 4 },
			"B": {"type": "item","code": "game:bonemeal","quantity": 4 },
			"X": {"type": "item","code": "game:saltpeter","quantity": 2 },
		"W": { type: "item", code: "fendragonsmp:shema-remisnik", isTool: true, toolDurabilityCost: 1 },
		},
		"width": 3,
		"height": 3,
		"recipeGroup": 3,
		"shapeless": false,
		"output": {"type": "block","code": "game:soil-high-none","quantity": 1}
	},
	{//
//**********************************Крафт компостера з копролітів
		ingredientPattern: "WDW,WPW,WCW",
		enabled: true,
		ingredients: {
			"W": { type: "item", code: "game:plank-*", name: "wood", allowedVariants: [ "aged", "birch", "oak", "maple", "pine", "acacia", "kapok", "baldcypress", "larch", "redwood", "ebony", "walnut", "purpleheart" ], quantity: 3 },
			"P": { type: "item", code: "game:saw-*", isTool: true, toolDurabilityCost: 10  },			
			"D": { type: "item", code: "primitivesurvival:earthwormcastings", quantity: 5 },
		"C": { type: "item", code: "fendragonsmp:shema-remisnik", isTool: true, toolDurabilityCost: 1 },
		},
		width: 3,
		height: 3,
		recipeGroup: 2,
		shapeless: false,
		output: { type: "block", code: "fendragonsmp:composter-{wood}", quantity: 1  }
	},
	{//
//Крафт компостера з червами
		ingredientPattern: "WDW,WPW,WCW",
		enabled: true,
		ingredients: {
			"W": { type: "item", code: "game:plank-*", name: "wood", allowedVariants: [ "aged", "birch", "oak", "maple", "pine", "acacia", "kapok", "baldcypress", "larch", "redwood", "ebony", "walnut", "purpleheart" ], quantity: 3 },
			"P": { type: "item", code: "game:saw-*", isTool: true, toolDurabilityCost: 10  },			
			"D": { type: "item", code: "primitivesurvival:earthworm", quantity: 15 },
		"C": { type: "item", code: "fendragonsmp:shema-remisnik", isTool: true, toolDurabilityCost: 1 },
		},
		width: 3,
		height: 3,
		recipeGroup: 2,
		shapeless: false,
		output: { type: "block", code: "fendragonsmp:composter-{wood}", quantity: 1  }
	},
	{//	
//**********************************Крафт ПОЛОТНЯНОГО високого рюкзака мідь (ліхтар з кварцу)
		ingredientPattern: "KFN,PBA,LWL",
		enabled: true,
		ingredients: {
			"K": { type: "item", code: "game:shears-*", isTool: true, toolDurabilityCost: 10 },
			"F": { type: "block", code: "game:lantern-up", attributes: { material: "copper", lining: "plain", glass: "quartz" }, quantity: 1 },
			"N": { type: "item", code: "game:sewingkit", quantity: 1 },			
			"P": { type: "item", code: "game:pickaxe-copper", quantity: 1 },
			"B": { type: "item", code: "fendragonbcs:fbcs-polotno-copper-mini", quantity: 1 },
			"A": { type: "item", code: "game:axe-felling-copper", quantity: 1 },
			"L": { type: "block", code: "game:linen-*-down", name: "variant", allowedVariants: [ "diamond", "normal", "offset", "square" ], quantity: 4 },
		"W": { type: "item", code: "fendragonsmp:shema-remisnik", isTool: true, toolDurabilityCost: 1 },			
		},	
		width: 3,
		height: 3,
		recipeGroup: 5,
		output: { type: "item", code: "fendragonbcs:fbcs-polotno-copper-tall", quantity: 1 }
	},
	{//	
//Крафт ПОЛОТНЯНОГО високого рюкзака олов'яна бронза (ліхтар з кварцу)
		ingredientPattern: "KFN,PBA,LWL",
		enabled: true,
		ingredients: {
			"K": { type: "item", code: "game:shears-*", isTool: true, toolDurabilityCost: 10 },
			"F": { type: "block", code: "game:lantern-up", attributes: { material: "tinbronze", lining: "plain", glass: "quartz" }, quantity: 1 },
			"N": { type: "item", code: "game:sewingkit", quantity: 1 },			
			"P": { type: "item", code: "game:pickaxe-tinbronze", quantity: 1 },
			"B": { type: "item", code: "fendragonbcs:fbcs-polotno-tinbronze-mini", quantity: 1 },
			"A": { type: "item", code: "game:axe-felling-tinbronze", quantity: 1 },
			"L": { type: "block", code: "game:linen-*-down", name: "variant", allowedVariants: [ "diamond", "normal", "offset", "square" ], quantity: 4 },
		"W": { type: "item", code: "fendragonsmp:shema-remisnik", isTool: true, toolDurabilityCost: 1 },	
		},	
		width: 3,
		height: 3,
		recipeGroup: 5,
		output: { type: "item", code: "fendragonbcs:fbcs-polotno-tinbronze-tall", quantity: 1 }
	},
	{//	
//Крафт ПОЛОТНЯНОГО високого рюкзака вісмутова бронза (ліхтар з кварцу)
		ingredientPattern: "KFN,PBA,LWL",
		enabled: true,
		ingredients: {
			"K": { type: "item", code: "game:shears-*", isTool: true, toolDurabilityCost: 10 },
			"F": { type: "block", code: "game:lantern-up", attributes: { material: "bismuthbronze", lining: "plain", glass: "quartz" }, quantity: 1 },
			"N": { type: "item", code: "game:sewingkit", quantity: 1 },			
			"P": { type: "item", code: "game:pickaxe-bismuthbronze", quantity: 1 },
			"B": { type: "item", code: "fendragonbcs:fbcs-polotno-bismuthbronze-mini", quantity: 1 },
			"A": { type: "item", code: "game:axe-felling-bismuthbronze", quantity: 1 },
			"L": { type: "block", code: "game:linen-*-down", name: "variant", allowedVariants: [ "diamond", "normal", "offset", "square" ], quantity: 4 },
		"W": { type: "item", code: "fendragonsmp:shema-remisnik", isTool: true, toolDurabilityCost: 1 },	
		},	
		width: 3,
		height: 3,
		recipeGroup: 5,
		output: { type: "item", code: "fendragonbcs:fbcs-polotno-bismuthbronze-tall", quantity: 1 }
	},
	{//	
//Крафт ПОЛОТНЯНОГО високого рюкзака чорна бронза (ліхтар з кварцу)
		ingredientPattern: "KFN,PBA,LWL",
		enabled: true,
		ingredients: {
			"K": { type: "item", code: "game:shears-*", isTool: true, toolDurabilityCost: 10 },
			"F": { type: "block", code: "game:lantern-up", attributes: { material: "blackbronze", lining: "plain", glass: "quartz" }, quantity: 1 },
			"N": { type: "item", code: "game:sewingkit", quantity: 1 },			
			"P": { type: "item", code: "game:pickaxe-blackbronze", quantity: 1 },
			"B": { type: "item", code: "fendragonbcs:fbcs-polotno-blackbronze-mini", quantity: 1 },
			"A": { type: "item", code: "game:axe-felling-blackbronze", quantity: 1 },
			"L": { type: "block", code: "game:linen-*-down", name: "variant", allowedVariants: [ "diamond", "normal", "offset", "square" ], quantity: 4 },
		"W": { type: "item", code: "fendragonsmp:shema-remisnik", isTool: true, toolDurabilityCost: 1 },	
		},	
		width: 3,
		height: 3,
		recipeGroup: 5,
		output: { type: "item", code: "fendragonbcs:fbcs-polotno-blackbronze-tall", quantity: 1 }
	},
	{//	
//Крафт ПОЛОТНЯНОГО високого рюкзака золото (ліхтар з кварцу)
		ingredientPattern: "KFN,PBA,LWL",
		enabled: true,
		ingredients: {
			"K": { type: "item", code: "game:shears-*", isTool: true, toolDurabilityCost: 10 },
			"F": { type: "block", code: "game:lantern-up", attributes: { material: "gold", lining: "plain", glass: "quartz" }, quantity: 1 },
			"N": { type: "item", code: "game:sewingkit", quantity: 1 },			
			"P": { type: "item", code: "game:pickaxe-gold", quantity: 1 },
			"B": { type: "item", code: "fendragonbcs:fbcs-polotno-gold-mini", quantity: 1 },
			"A": { type: "item", code: "game:axe-felling-gold", quantity: 1 },
			"L": { type: "block", code: "game:linen-*-down", name: "variant", allowedVariants: [ "diamond", "normal", "offset", "square" ], quantity: 4 },
		"W": { type: "item", code: "fendragonsmp:shema-remisnik", isTool: true, toolDurabilityCost: 1 },	
		},	
		width: 3,
		height: 3,
		recipeGroup: 5,
		output: { type: "item", code: "fendragonbcs:fbcs-polotno-gold-tall", quantity: 1 }
	},
	{//	
//Крафт ПОЛОТНЯНОГО високого рюкзака срібло (ліхтар з кварцу)
		ingredientPattern: "KFN,PBA,LWL",
		enabled: true,
		ingredients: {
			"K": { type: "item", code: "game:shears-*", isTool: true, toolDurabilityCost: 10 },
			"F": { type: "block", code: "game:lantern-up", attributes: { material: "silver", lining: "plain", glass: "quartz" }, quantity: 1 },
			"N": { type: "item", code: "game:sewingkit", quantity: 1 },			
			"P": { type: "item", code: "game:pickaxe-silver", quantity: 1 },
			"B": { type: "item", code: "fendragonbcs:fbcs-polotno-silver-mini", quantity: 1 },
			"A": { type: "item", code: "game:axe-felling-silver", quantity: 1 },
			"L": { type: "block", code: "game:linen-*-down", name: "variant", allowedVariants: [ "diamond", "normal", "offset", "square" ], quantity: 4 },
		"W": { type: "item", code: "fendragonsmp:shema-remisnik", isTool: true, toolDurabilityCost: 1 },	
		},	
		width: 3,
		height: 3,
		recipeGroup: 5,
		output: { type: "item", code: "fendragonbcs:fbcs-polotno-silver-tall", quantity: 1 }
	},
	{//	
//Крафт ПОЛОТНЯНОГО високого рюкзака залізо (ліхтар з кварцу)
		ingredientPattern: "KFN,PBA,LWL",
		enabled: true,
		ingredients: {
			"K": { type: "item", code: "game:shears-*", isTool: true, toolDurabilityCost: 10 },
			"F": { type: "block", code: "game:lantern-up", attributes: { material: "iron", lining: "plain", glass: "quartz" }, quantity: 1 },
			"N": { type: "item", code: "game:sewingkit", quantity: 1 },			
			"P": { type: "item", code: "game:pickaxe-iron", quantity: 1 },
			"B": { type: "item", code: "fendragonbcs:fbcs-polotno-iron-mini", quantity: 1 },
			"A": { type: "item", code: "game:axe-felling-iron", quantity: 1 },
			"L": { type: "block", code: "game:linen-*-down", name: "variant", allowedVariants: [ "diamond", "normal", "offset", "square" ], quantity: 4 },
		"W": { type: "item", code: "fendragonsmp:shema-remisnik", isTool: true, toolDurabilityCost: 1 },	
		},	
		width: 3,
		height: 3,
		recipeGroup: 5,
		output: { type: "item", code: "fendragonbcs:fbcs-polotno-iron-tall", quantity: 1 }
	},
	{//	
//Крафт ПОЛОТНЯНОГО високого рюкзака метеор.залізо (ліхтар з кварцу)
		ingredientPattern: "KFN,PBA,LWL",
		enabled: true,
		ingredients: {
			"K": { type: "item", code: "game:shears-*", isTool: true, toolDurabilityCost: 10 },
			"F": { type: "block", code: "game:lantern-up", attributes: { material: "meteoriciron", lining: "plain", glass: "quartz" }, quantity: 1 },
			"N": { type: "item", code: "game:sewingkit", quantity: 1 },			
			"P": { type: "item", code: "game:pickaxe-meteoriciron", quantity: 1 },
			"B": { type: "item", code: "fendragonbcs:fbcs-polotno-meteoriciron-mini", quantity: 1 },
			"A": { type: "item", code: "game:axe-felling-meteoriciron", quantity: 1 },
			"L": { type: "block", code: "game:linen-*-down", name: "variant", allowedVariants: [ "diamond", "normal", "offset", "square" ], quantity: 4 },
		"W": { type: "item", code: "fendragonsmp:shema-remisnik", isTool: true, toolDurabilityCost: 1 },	
		},	
		width: 3,
		height: 3,
		recipeGroup: 5,
		output: { type: "item", code: "fendragonbcs:fbcs-polotno-meteoriciron-tall", quantity: 1 }
	},
	{//	
//Крафт ПОЛОТНЯНОГО високого рюкзака сталь (ліхтар з кварцу)
		ingredientPattern: "KFN,PBA,LWL",
		enabled: true,
		ingredients: {
			"K": { type: "item", code: "game:shears-*", isTool: true, toolDurabilityCost: 10 },
			"F": { type: "block", code: "game:lantern-up", attributes: { material: "steel", lining: "plain", glass: "quartz" }, quantity: 1 },
			"N": { type: "item", code: "game:sewingkit", quantity: 1 },			
			"P": { type: "item", code: "game:pickaxe-steel", quantity: 1 },
			"B": { type: "item", code: "fendragonbcs:fbcs-polotno-steel-mini", quantity: 1 },
			"A": { type: "item", code: "game:axe-felling-steel", quantity: 1 },
			"L": { type: "block", code: "game:linen-*-down", name: "variant", allowedVariants: [ "diamond", "normal", "offset", "square" ], quantity: 4 },
		"W": { type: "item", code: "fendragonsmp:shema-remisnik", isTool: true, toolDurabilityCost: 1 },	
		},	
		width: 3,
		height: 3,
		recipeGroup: 5,
		output: { type: "item", code: "fendragonbcs:fbcs-polotno-steel-tall", quantity: 1 }
	},
	{//	
_Comment: "Крафт ПОЛОТНЯНОГО базового рюкзака",	
		ingredientPattern: "KWN,LBL,QMQ",
		enabled: true,
		ingredients: {
			"K": { type: "item", code: "game:shears-*", isTool: true, toolDurabilityCost: 10 },
			"N": { type: "item", code: "game:sewingkit", quantity: 1 },
			"L": { type: "item", code: "game:cloth-brown", quantity: 4 },					
			"B": { type: "item", code: "fendragonbcs:fbcs-polotno-*-tall", name: "material", allowedVariants: [ "copper", "tinbronze", "bismuthbronze", "blackbronze", "gold", "silver", "iron", "meteoriciron", "steel"], quantity: 1 },
			"Q": { type: "item", code: "game:clearquartz", quantity: 1 },
			"M": { type: "item", code: "game:metalplate-molybdochalkos", quantity: 1 },
		"W": { type: "item", code: "fendragonsmp:shema-remisnik", isTool: true, toolDurabilityCost: 1 },
		},	
		width: 3,
		height: 3,
		recipeGroup: 5,
		output: { type: "item", code: "fendragonbcs:fbcs-polotno-{material}-basic", quantity: 1 }
	},
	{//	
_Comment: "Крафт ПОЛОТНЯНОГО супер рюкзака",	
		ingredientPattern: "KWN,LBL,QMQ",
		enabled: true,
		ingredients: {
			"K": { type: "item", code: "game:shears-*", isTool: true, toolDurabilityCost: 10 },
			"N": { type: "item", code: "game:sewingkit", quantity: 1 },
			"L": { type: "item", code: "game:cloth-blue", quantity: 4 },					
			"B": { type: "item", code: "fendragonbcs:fbcs-polotno-*-basic", name: "material", allowedVariants: [ "copper", "tinbronze", "bismuthbronze", "blackbronze", "gold", "silver", "iron", "meteoriciron", "steel"], quantity: 1 },
			"Q": { type: "item", code: "game:ore-lapislazuli", quantity: 1 },
			"M": { type: "item", code: "game:metalplate-blackbronze", quantity: 1 },
		"W": { type: "item", code: "fendragonsmp:shema-remisnik", isTool: true, toolDurabilityCost: 1 },
		},	
		width: 3,
		height: 3,
		recipeGroup: 5,
		output: { type: "item", code: "fendragonbcs:fbcs-polotno-{material}-super", quantity: 1 }
	},
	{//	
_Comment: "Крафт ПОЛОТНЯНОГО мега рюкзака",	
		ingredientPattern: "KWN,LBL,QMQ",
		enabled: true,
		ingredients: {
			"K": { type: "item", code: "game:shears-*", isTool: true, toolDurabilityCost: 10 },
			"N": { type: "item", code: "game:sewingkit", quantity: 1 },
			"L": { type: "item", code: "game:cloth-black", quantity: 4 },					
			"B": { type: "item", code: "fendragonbcs:fbcs-polotno-*-super", name: "material", allowedVariants: [ "copper", "tinbronze", "bismuthbronze", "blackbronze", "gold", "silver", "iron", "meteoriciron", "steel"], quantity: 1 },
			"Q": { type: "item", code: "game:gem-emerald-rough", quantity: 1 },
			"M": { type: "item", code: "game:metalplate-meteoriciron", quantity: 1 },
		"W": { type: "item", code: "fendragonsmp:shema-remisnik", isTool: true, toolDurabilityCost: 1 },
		},	
		width: 3,
		height: 3,
		recipeGroup: 5,
		output: { type: "item", code: "fendragonbcs:fbcs-polotno-{material}-mega", quantity: 1 }
	},
	{//	
_Comment: "Крафт ПОЛОТНЯНОГО ультра рюкзака",	
		ingredientPattern: "KWN,LBL,QMQ",
		enabled: true,
		ingredients: {
			"K": { type: "item", code: "game:shears-*", isTool: true, toolDurabilityCost: 10 },
			"N": { type: "item", code: "game:sewingkit", quantity: 1 },
			"L": { type: "item", code: "game:cloth-red", quantity: 4 },					
			"B": { type: "item", code: "fendragonbcs:fbcs-polotno-*-mega", name: "material", allowedVariants: [ "copper", "tinbronze", "bismuthbronze", "blackbronze", "gold", "silver", "iron", "meteoriciron", "steel"], quantity: 1 },
			"Q": { type: "item", code: "game:gem-diamond-rough", quantity: 1 },
			"M": { type: "item", code: "game:metalplate-steel", quantity: 1 },
		"W": { type: "item", code: "fendragonsmp:shema-remisnik", isTool: true, toolDurabilityCost: 1 },
		},	
		width: 3,
		height: 3,
		recipeGroup: 5,
		output: { type: "item", code: "fendragonbcs:fbcs-polotno-{material}-ultra", quantity: 1 }
	},
	{//	
//Крафт ПОЛОТНЯНОГО високого рюкзака мідь (ліхтар зі скляних блоків)
		ingredientPattern: "KFN,PBA,LWL",
		enabled: true,
		ingredients: {
			"K": { type: "item", code: "game:shears-*", isTool: true, toolDurabilityCost: 10 },
			"F": { type: "block", code: "game:lantern-up", attributes: { material: "copper", lining: "plain", glass: "plain" }, quantity: 1 },
			"N": { type: "item", code: "game:sewingkit", quantity: 1 },			
			"P": { type: "item", code: "game:pickaxe-copper", quantity: 1 },
			"B": { type: "item", code: "fendragonbcs:fbcs-polotno-copper-mini", quantity: 1 },
			"A": { type: "item", code: "game:axe-felling-copper", quantity: 1 },
			"L": { type: "block", code: "game:linen-*-down", name: "variant", allowedVariants: [ "diamond", "normal", "offset", "square" ], quantity: 4 },
		"W": { type: "item", code: "fendragonsmp:shema-remisnik", isTool: true, toolDurabilityCost: 1 },			
		},	
		width: 3,
		height: 3,
		recipeGroup: 5,
		output: { type: "item", code: "fendragonbcs:fbcs-polotno-copper-tall", quantity: 1 }
	},
	{//	
//Крафт ПОЛОТНЯНОГО високого рюкзака олов'яна бронза (ліхтар зі скляних блоків)
		ingredientPattern: "KFN,PBA,LWL",
		enabled: true,
		ingredients: {
			"K": { type: "item", code: "game:shears-*", isTool: true, toolDurabilityCost: 10 },
			"F": { type: "block", code: "game:lantern-up", attributes: { material: "tinbronze", lining: "plain", glass: "plain" }, quantity: 1 },
			"N": { type: "item", code: "game:sewingkit", quantity: 1 },			
			"P": { type: "item", code: "game:pickaxe-tinbronze", quantity: 1 },
			"B": { type: "item", code: "fendragonbcs:fbcs-polotno-tinbronze-mini", quantity: 1 },
			"A": { type: "item", code: "game:axe-felling-tinbronze", quantity: 1 },
			"L": { type: "block", code: "game:linen-*-down", name: "variant", allowedVariants: [ "diamond", "normal", "offset", "square" ], quantity: 4 },
		"W": { type: "item", code: "fendragonsmp:shema-remisnik", isTool: true, toolDurabilityCost: 1 },	
		},	
		width: 3,
		height: 3,
		recipeGroup: 5,
		output: { type: "item", code: "fendragonbcs:fbcs-polotno-tinbronze-tall", quantity: 1 }
	},
	{//	
//Крафт ПОЛОТНЯНОГО високого рюкзака вісмутова бронза (ліхтар зі скляних блоків)
		ingredientPattern: "KFN,PBA,LWL",
		enabled: true,
		ingredients: {
			"K": { type: "item", code: "game:shears-*", isTool: true, toolDurabilityCost: 10 },
			"F": { type: "block", code: "game:lantern-up", attributes: { material: "bismuthbronze", lining: "plain", glass: "plain" }, quantity: 1 },
			"N": { type: "item", code: "game:sewingkit", quantity: 1 },			
			"P": { type: "item", code: "game:pickaxe-bismuthbronze", quantity: 1 },
			"B": { type: "item", code: "fendragonbcs:fbcs-polotno-bismuthbronze-mini", quantity: 1 },
			"A": { type: "item", code: "game:axe-felling-bismuthbronze", quantity: 1 },
			"L": { type: "block", code: "game:linen-*-down", name: "variant", allowedVariants: [ "diamond", "normal", "offset", "square" ], quantity: 4 },
		"W": { type: "item", code: "fendragonsmp:shema-remisnik", isTool: true, toolDurabilityCost: 1 },	
		},	
		width: 3,
		height: 3,
		recipeGroup: 5,
		output: { type: "item", code: "fendragonbcs:fbcs-polotno-bismuthbronze-tall", quantity: 1 }
	},
	{//	
//Крафт ПОЛОТНЯНОГО високого рюкзака чорна бронза (ліхтар зі скляних блоків)
		ingredientPattern: "KFN,PBA,LWL",
		enabled: true,
		ingredients: {
			"K": { type: "item", code: "game:shears-*", isTool: true, toolDurabilityCost: 10 },
			"F": { type: "block", code: "game:lantern-up", attributes: { material: "blackbronze", lining: "plain", glass: "plain" }, quantity: 1 },
			"N": { type: "item", code: "game:sewingkit", quantity: 1 },			
			"P": { type: "item", code: "game:pickaxe-blackbronze", quantity: 1 },
			"B": { type: "item", code: "fendragonbcs:fbcs-polotno-blackbronze-mini", quantity: 1 },
			"A": { type: "item", code: "game:axe-felling-blackbronze", quantity: 1 },
			"L": { type: "block", code: "game:linen-*-down", name: "variant", allowedVariants: [ "diamond", "normal", "offset", "square" ], quantity: 4 },
		"W": { type: "item", code: "fendragonsmp:shema-remisnik", isTool: true, toolDurabilityCost: 1 },	
		},	
		width: 3,
		height: 3,
		recipeGroup: 5,
		output: { type: "item", code: "fendragonbcs:fbcs-polotno-blackbronze-tall", quantity: 1 }
	},
	{//	
//Крафт ПОЛОТНЯНОГО високого рюкзака золото (ліхтар зі скляних блоків)
		ingredientPattern: "KFN,PBA,LWL",
		enabled: true,
		ingredients: {
			"K": { type: "item", code: "game:shears-*", isTool: true, toolDurabilityCost: 10 },
			"F": { type: "block", code: "game:lantern-up", attributes: { material: "gold", lining: "plain", glass: "plain" }, quantity: 1 },
			"N": { type: "item", code: "game:sewingkit", quantity: 1 },			
			"P": { type: "item", code: "game:pickaxe-gold", quantity: 1 },
			"B": { type: "item", code: "fendragonbcs:fbcs-polotno-gold-mini", quantity: 1 },
			"A": { type: "item", code: "game:axe-felling-gold", quantity: 1 },
			"L": { type: "block", code: "game:linen-*-down", name: "variant", allowedVariants: [ "diamond", "normal", "offset", "square" ], quantity: 4 },
		"W": { type: "item", code: "fendragonsmp:shema-remisnik", isTool: true, toolDurabilityCost: 1 },	
		},	
		width: 3,
		height: 3,
		recipeGroup: 5,
		output: { type: "item", code: "fendragonbcs:fbcs-polotno-gold-tall", quantity: 1 }
	},
	{//	
//Крафт ПОЛОТНЯНОГО високого рюкзака срібло (ліхтар зі скляних блоків)
		ingredientPattern: "KFN,PBA,LWL",
		enabled: true,
		ingredients: {
			"K": { type: "item", code: "game:shears-*", isTool: true, toolDurabilityCost: 10 },
			"F": { type: "block", code: "game:lantern-up", attributes: { material: "silver", lining: "plain", glass: "plain" }, quantity: 1 },
			"N": { type: "item", code: "game:sewingkit", quantity: 1 },			
			"P": { type: "item", code: "game:pickaxe-silver", quantity: 1 },
			"B": { type: "item", code: "fendragonbcs:fbcs-polotno-silver-mini", quantity: 1 },
			"A": { type: "item", code: "game:axe-felling-silver", quantity: 1 },
			"L": { type: "block", code: "game:linen-*-down", name: "variant", allowedVariants: [ "diamond", "normal", "offset", "square" ], quantity: 4 },
		"W": { type: "item", code: "fendragonsmp:shema-remisnik", isTool: true, toolDurabilityCost: 1 },	
		},	
		width: 3,
		height: 3,
		recipeGroup: 5,
		output: { type: "item", code: "fendragonbcs:fbcs-polotno-silver-tall", quantity: 1 }
	},
	{//	
//Крафт ПОЛОТНЯНОГО високого рюкзака залізо (ліхтар зі скляних блоків)
		ingredientPattern: "KFN,PBA,LWL",
		enabled: true,
		ingredients: {
			"K": { type: "item", code: "game:shears-*", isTool: true, toolDurabilityCost: 10 },
			"F": { type: "block", code: "game:lantern-up", attributes: { material: "iron", lining: "plain", glass: "plain" }, quantity: 1 },
			"N": { type: "item", code: "game:sewingkit", quantity: 1 },			
			"P": { type: "item", code: "game:pickaxe-iron", quantity: 1 },
			"B": { type: "item", code: "fendragonbcs:fbcs-polotno-iron-mini", quantity: 1 },
			"A": { type: "item", code: "game:axe-felling-iron", quantity: 1 },
			"L": { type: "block", code: "game:linen-*-down", name: "variant", allowedVariants: [ "diamond", "normal", "offset", "square" ], quantity: 4 },
		"W": { type: "item", code: "fendragonsmp:shema-remisnik", isTool: true, toolDurabilityCost: 1 },	
		},	
		width: 3,
		height: 3,
		recipeGroup: 5,
		output: { type: "item", code: "fendragonbcs:fbcs-polotno-iron-tall", quantity: 1 }
	},
	{//	
//Крафт ПОЛОТНЯНОГО високого рюкзака метеор.залізо (ліхтар зі скляних блоків)
		ingredientPattern: "KFN,PBA,LWL",
		enabled: true,
		ingredients: {
			"K": { type: "item", code: "game:shears-*", isTool: true, toolDurabilityCost: 10 },
			"F": { type: "block", code: "game:lantern-up", attributes: { material: "meteoriciron", lining: "plain", glass: "plain" }, quantity: 1 },
			"N": { type: "item", code: "game:sewingkit", quantity: 1 },			
			"P": { type: "item", code: "game:pickaxe-meteoriciron", quantity: 1 },
			"B": { type: "item", code: "fendragonbcs:fbcs-polotno-meteoriciron-mini", quantity: 1 },
			"A": { type: "item", code: "game:axe-felling-meteoriciron", quantity: 1 },
			"L": { type: "block", code: "game:linen-*-down", name: "variant", allowedVariants: [ "diamond", "normal", "offset", "square" ], quantity: 4 },
		"W": { type: "item", code: "fendragonsmp:shema-remisnik", isTool: true, toolDurabilityCost: 1 },	
		},	
		width: 3,
		height: 3,
		recipeGroup: 5,
		output: { type: "item", code: "fendragonbcs:fbcs-polotno-meteoriciron-tall", quantity: 1 }
	},
	{//
//Крафт ПОЛОТНЯНОГО високого рюкзака сталь (ліхтар зі скляних блоків)
		ingredientPattern: "KFN,PBA,LWL",
		enabled: true,
		ingredients: {
			"K": { type: "item", code: "game:shears-*", isTool: true, toolDurabilityCost: 10 },
			"F": { type: "block", code: "game:lantern-up", attributes: { material: "steel", lining: "plain", glass: "plain" }, quantity: 1 },
			"N": { type: "item", code: "game:sewingkit", quantity: 1 },			
			"P": { type: "item", code: "game:pickaxe-steel", quantity: 1 },
			"B": { type: "item", code: "fendragonbcs:fbcs-polotno-steel-mini", quantity: 1 },
			"A": { type: "item", code: "game:axe-felling-steel", quantity: 1 },
			"L": { type: "block", code: "game:linen-*-down", name: "variant", allowedVariants: [ "diamond", "normal", "offset", "square" ], quantity: 4 },
		"W": { type: "item", code: "fendragonsmp:shema-remisnik", isTool: true, toolDurabilityCost: 1 },	
		},	
		width: 3,
		height: 3,
		recipeGroup: 5,
		output: { type: "item", code: "fendragonbcs:fbcs-polotno-steel-tall", quantity: 1 }
	},	
]