[
	{//
//Крафт ламп Джонаса - СХЕМА
		  ingredientPattern:"_SW,SHS,MLM",
		  enabled: true,
		  ingredients: {
				"W": { type: "item", code: "game:wrench-*", isTool: true, toolDurabilityCost: 15  },						
				"S": { type: "block", code: "game:glass-plain", quantity: 1},
				"M": { type: "block", code: "game:metal-parts", quantity: 1},			
				"L": { type: "item", code: "game:candle", quantity: 5},
			"H": { type: "item", code: "fendragonsmp:shema-vinaxidnik", isTool: true, toolDurabilityCost: 1 },
			},
		  width: 3,
		  height: 3,
		  recipeGroup: 2,
		  shapeless: false,
		  output: {type: "block", code: "game:jonas-lamp", attributes: {type: "lightsource/on/lumi-floor1"} }
	},
	{//
		  ingredientPattern:"_SH,SWS,MLM",
		  enabled: true,
		  ingredients: {
				"W": { type: "item", code: "game:wrench-*", isTool: true, toolDurabilityCost: 15  },						
				"S": { type: "block", code: "game:glass-plain", quantity: 1},
				"M": { type: "block", code: "game:metal-parts", quantity: 1},			
				"L": { type: "item", code: "game:candle", quantity: 5},
			"H": { type: "item", code: "fendragonsmp:shema-vinaxidnik", isTool: true, toolDurabilityCost: 1 },
			},
		  width: 3,
		  height: 3,
		  recipeGroup: 2,
		  shapeless: false,
		  output: {type: "block", code: "game:jonas-lamp", attributes: {type: "lightsource/on/lumi-floor2"} }
	},
	{//
		  ingredientPattern:"WS_,SHS,MLM",
		  enabled: true,
		  ingredients: {
				"W": { type: "item", code: "game:wrench-*", isTool: true, toolDurabilityCost: 15  },						
				"S": { type: "block", code: "game:glass-plain", quantity: 1},
				"M": { type: "block", code: "game:metal-parts", quantity: 1},			
				"L": { type: "item", code: "game:candle", quantity: 5},
			"H": { type: "item", code: "fendragonsmp:shema-vinaxidnik", isTool: true, toolDurabilityCost: 1 },
			},
		  width: 3,
		  height: 3,
		  recipeGroup: 2,
		  shapeless: false,
		  output: {type: "block", code: "game:jonas-lamp", attributes: {type: "lightsource/on/lumi-floor3"} }
	},
	{//
		  ingredientPattern:"SWS,S_S,MLM",
		  enabled: true,
		  ingredients: {
				"W": { type: "item", code: "game:wrench-*", isTool: true, toolDurabilityCost: 15  },						
				"S": { type: "block", code: "game:glass-plain", quantity: 1},
				"M": { type: "block", code: "game:metal-parts", quantity: 1},			
				"L": { type: "item", code: "game:candle", quantity: 5},
			"H": { type: "item", code: "fendragonsmp:shema-vinaxidnik", isTool: true, toolDurabilityCost: 1 },
			},
		  width: 3,
		  height: 3,
		  recipeGroup: 2,
		  shapeless: false,
		  output: {type: "block", code: "game:jonas-lamp", attributes: {type: "lightsource/on/lumi-floor8"} }
	},
	{//
		  ingredientPattern:"CCC,SHW,MLM",
		  enabled: true,
		  ingredients: {
				"W": { type: "item", code: "game:wrench-*", isTool: true, toolDurabilityCost: 15  },						
				"S": { type: "block", code: "game:glass-plain", quantity: 2},
				"C": { type: "block", code: "game:glass-plain", quantity: 1},
				"M": { type: "block", code: "game:metal-parts", quantity: 1},			
				"L": { type: "item", code: "game:candle", quantity: 5},
			"H": { type: "item", code: "fendragonsmp:shema-vinaxidnik", isTool: true, toolDurabilityCost: 1 },
			},
		  width: 3,
		  height: 3,
		  recipeGroup: 2,
		  shapeless: false,
		  output: {type: "block", code: "game:jonas-lamp", attributes: {type: "lightsource/on/lumi-floor9"} }
	},
	{//
		  ingredientPattern:"SHS,SWS,MLM",
		  enabled: true,
		  ingredients: {
				"W": { type: "item", code: "game:wrench-*", isTool: true, toolDurabilityCost: 15  },						
				"S": { type: "block", code: "game:glass-plain", quantity: 1},
				"M": { type: "block", code: "game:metal-parts", quantity: 1},			
				"L": { type: "item", code: "game:candle", quantity: 5},
			"H": { type: "item", code: "fendragonsmp:shema-vinaxidnik", isTool: true, toolDurabilityCost: 1 },
			},
		  width: 3,
		  height: 3,
		  recipeGroup: 2,
		  shapeless: false,
		  output: {type: "block", code: "game:jonas-lamp", attributes: {type: "lightsource/on/lumi-floor10"} }
	},
	{//
//Крафт паперових ліхтарів - СХЕМА
		ingredientPattern: "DPD,YPW,DPD",
		enabled: true,
		ingredients: {
			"D": { type: "item", code: "game:plank-*", quantity: 2 },
			"Y": { type: "block", code: "game:jonas-lamp", attributes: {type: "lightsource/on/lumi-floor3"} },
			"P": { type: "item", code: "game:paper-parchment", quantity: 3 },
		"W": { type: "item", code: "fendragonsmp:shema-vinaxidnik", isTool: true, toolDurabilityCost: 1 },
		},
		width: 3,
		height: 3,
		shapeless: false,
		recipeGroup: 2,
		output: { type: "block", code: "game:paperlantern-on", quantity: 1 }
	},
	{//
//Крафт морозильника з моду Butchering - СХЕМА
		"ingredientPattern": "WIH,MCG,RSV",
		"enabled": true,
		"ingredients": {
			"W": { "type": "item", "code": "game:wrench-*", "isTool": true, "toolDurabilityCost": 10 },
			"I": { "type": "item", "code": "game:solderbar-*", "quantity": 5 },
			"M": { "type": "block", "code": "game:metal-parts", "quantity": 4 },
			"C": { "type": "item", "code": "game:ingot-cupronickel", "quantity": 2 },
			"G": { "type": "item", "code": "game:jonasframes-gearbox01", "quantity": 1 },
			"R": { "type": "item", "code": "game:gear-rusty", "quantity": 16 },
			"S": { "type": "block", "code": "game:metal-scraps", "quantity": 16 },
			"V": { "type": "item", "code": "game:jonasparts-valve01", "quantity": 1 },
			"H": { type: "item", code: "fendragonsmp:shema-vinaxidnik", isTool: true, toolDurabilityCost: 1 },
		},
		"width": 3,
		"height": 3,
		"shapeless": false,
		"recipeGroup": 1,
		"output": { "type": "block", "code": "butchering:temporalbutcherbox-off-north", "quantity": 1 }
	},
	{
//Крафт на рецепти з моду MillWright - СХЕМА
		"ingredientPattern": "HW,C_,SM",
		"enabled": true,
		"ingredients": {
			"H": { "type": "item", "code": "game:hammer-*", "isTool": true, "toolDurabilityCost": 5 },
			"C": { "type": "item", "code": "game:chisel-*", "isTool": true, "toolDurabilityCost": 5 },
			"S": { "type": "block", "code": "game:woodenaxle-ud", "quantity": 2 },
			"M": { "type": "item", "code": "game:metalplate-iron" },
		"W": { type: "item", code: "fendragonsmp:shema-vinaxidnik", isTool: true, toolDurabilityCost: 1 },
		},
		"width": 2,
		"height": 3,
		"recipeGroup": 1,
		"shapeless": false,
		"output": { "type": "block", "code": "millwright:woodenaxlepassthroughfull", "quantity": 1 }
	},
	{//
		"ingredientPattern": "H_W,CM_,SFR",
		"enabled": true,
		"ingredients": {
			"H": { "type": "item", "code": "game:hammer-*", "isTool": true, "toolDurabilityCost": 60 },
			"C": { "type": "item", "code": "game:chisel-*", "isTool": true, "toolDurabilityCost": 40 },
			"M": { "type": "item", "code": "game:metalplate-iron" },
			"S": { "type": "block", "code": "game:log-placed-*-ud", "name": "wood" },
			"F": { "type": "block", "code": "game:woodenaxle-ud" },
			"R": { "type": "item", "code": "game:resin", "quantity": 2 },
		"W": { type: "item", code: "fendragonsmp:shema-vinaxidnik", isTool: true, toolDurabilityCost: 1 }, 
		},
		"width": 3,
		"height": 3,
		"recipeGroup": 1,
		"shapeless": false,
		"output": { "type": "block", "code": "millwright:brake-north", "quantity": 1 }
	},
	{//
		"ingredientPattern": "HC_,M_W",
		"enabled": true,
		"ingredients": {
			"H": { "type": "item", "code": "game:hammer-*", "isTool": true, "toolDurabilityCost": 5 },
			"C": { "type": "item", "code": "game:chisel-*", "isTool": true, "toolDurabilityCost": 5 },
			"M": { "type": "block", "code": "millwright:woodenaxlepassthroughfull" },
		"W": { type: "item", code: "fendragonsmp:shema-vinaxidnik", isTool: true, toolDurabilityCost: 1 }, 
		},
		"width": 3,
		"height": 2,
		"recipeGroup": 1,
		"shapeless": false,
		"output": { "type": "block", "code": "millwright:improvedaxlepassthroughfull", "quantity": 1 }
	},
	{//
		"ingredientPattern": "HC_,SMW",
		"enabled": true,
		"ingredients": {
			"H": { "type": "item", "code": "game:hammer-*", "isTool": true, "toolDurabilityCost": 5 },
			"C": { "type": "item", "code": "game:chisel-*", "isTool": true, "toolDurabilityCost": 5 },
			"S": { "type": "block", "code": "game:woodenaxle-ud", "quantity": 1 },
			"M": { "type": "item", "code": "game:metalplate-iron" },
		"W": { type: "item", code: "fendragonsmp:shema-vinaxidnik", isTool: true, toolDurabilityCost: 1 }, 
		},
		"width": 3,
		"height": 2,
		"recipeGroup": 1,
		"shapeless": false,
		"output": {	"type": "block", "code": "millwright:improvedaxlepassthroughfull", "quantity": 1 }
	},
	{//
		"ingredientPattern": "HCW,SRT",
		"enabled": true,
		"ingredients": {
			"H": { "type": "item", "code": "game:hammer-*", "isTool": true	},
			"C": { "type": "item", "code": "game:chisel-*", "isTool": true	},
			"S": { "type": "item", "code": "millwright:sailwide", "quantity": 3	},
			"R": { "type": "block", "code": "game:woodenaxle-ud" },
			"T": { "type": "item", "code": "game:stick", "quantity": 3 },
		"W": { type: "item", code: "fendragonsmp:shema-vinaxidnik", isTool: true, toolDurabilityCost: 1 },
		},
		"width": 3,
		"height": 2,
		"recipeGroup": 1,
		"shapeless": false,
		"output": {	"type": "item",	"code": "millwright:sailassembly-three-sailwide", "quantity": 1	}
	},
	{//
		"ingredientPattern": "HC,RW",
		"enabled": true,
		"ingredients": {
			"H": { "type": "item", "code": "game:hammer-*", "isTool": true },
			"C": { "type": "item", "code": "game:chisel-*", "isTool": true },
			"R": { "type": "item", "code": "millwright:sailassembly-three-sailwide" },
		"W": { type: "item", code: "fendragonsmp:shema-vinaxidnik", isTool: true, toolDurabilityCost: 1 },
		},
		"width": 2,
		"height": 2,
		"recipeGroup": 1,
		"shapeless": false,
		"output": { "type": "item", "code": "millwright:sailwide", "quantity": 3 }
	},
	{//
		"ingredientPattern": "_LS,LSL,SLW",
		"enabled": true,
		"ingredients": {
			"S": { "type": "item", "code": "game:stick", "quantity": 4 },
			"L": { "type": "block", "code": "game:linen-*", "quantity": 2 }, 
		"W": { type: "item", code: "fendragonsmp:shema-vinaxidnik", isTool: true, toolDurabilityCost: 1 },
		},
		"width": 3,
		"height": 3,
		"recipeGroup": 1,
		"shapeless": false,
		"output": { "type": "item", "code": "millwright:sailcentered", "quantity": 4 }
	},
	{//
		"ingredientPattern": "SL_,LSL,WLS",
		"enabled": true,
		"ingredients": {
			"S": { "type": "item", "code": "game:stick", "quantity": 2 },
			"L": { "type": "block", "code": "game:linen-*", "quantity": 2 },
		"W": { type: "item", code: "fendragonsmp:shema-vinaxidnik", isTool: true, toolDurabilityCost: 1 },
		},
		"width": 3,
		"height": 3,
		"recipeGroup": 1,
		"shapeless": false,
		"output": { "type": "item", "code": "millwright:sailangled", "quantity": 4 }
	},
	{//
		"ingredientPattern": "SL_,_SL,_WS",
		"enabled": true,
		"ingredients": {
			"S": { "type": "item", "code": "game:stick", "quantity": 4 },
			"L": { "type": "block", "code": "game:linen-*", "quantity": 4 },
		"W": { type: "item", code: "fendragonsmp:shema-vinaxidnik", isTool: true, toolDurabilityCost: 1 },
		},
		"width": 3,
		"height": 3,
		"recipeGroup": 1,
		"shapeless": false,
		"output": { "type": "item", "code": "millwright:sailwide", "quantity": 4 }
	},
	{//
		"ingredientPattern": "HCW,RM_",
		"enabled": true,
		"ingredients": {
			"H": { "type": "item", "code": "game:hammer-*", "isTool": true },
			"C": { "type": "item", "code": "game:chisel-*", "isTool": true },
			"R": { "type": "block", "code": "game:windmillrotor-*" },
			"M": { "type": "item", "code": "game:metalplate-iron" },
		"W": { type: "item", code: "fendragonsmp:shema-vinaxidnik", isTool: true, toolDurabilityCost: 1 },
		},
		"width": 3,
		"height": 2,
		"recipeGroup": 1,
		"shapeless": false,
		"output": { "type": "block", "code": "millwright:windmillrotor-single-north", "quantity": 1 }
	},
	{//
		"ingredientPattern": "HCS,RLE,_W_",
		"enabled": true,
		"ingredients": {
			"H": { "type": "item", "code": "game:hammer-*", "isTool": true },
			"C": { "type": "item", "code": "game:chisel-*", "isTool": true },
			"S": { "type": "item", "code": "game:saw-*", "isTool": true },
			"R": { "type": "block", "code": "millwright:windmillrotor-single-*" },
			"L": { "type": "block", "code": "game:log-placed-*-ud", "name": "wood", "quantity": 1 },
			"E": { "type": "item", "code": "game:resin" },
		"W": { type: "item", code: "fendragonsmp:shema-vinaxidnik", isTool: true, toolDurabilityCost: 1 },
		},
		"width": 3,
		"height": 3,
		"recipeGroup": 1,
		"shapeless": false,
		"output": { "type": "block", "code": "millwright:windmillrotor-double-north", "quantity": 1 }
	},
	{//
		"ingredientPattern": "HCS,RLE,M_W",
		"enabled": true,
		"ingredients": {
			"H": { "type": "item", "code": "game:hammer-*", "isTool": true },
			"C": { "type": "item", "code": "game:chisel-*", "isTool": true },
			"S": { "type": "item", "code": "game:saw-*", "isTool": true },
			"R": { "type": "block", "code": "game:windmillrotor-*" },
			"L": { "type": "block", "code": "game:log-placed-*-ud", "name": "wood", "quantity": 1 },
			"E": { "type": "item", "code": "game:resin" },
			"M": { "type": "item", "code": "game:metalplate-iron" },
		"W": { type: "item", code: "fendragonsmp:shema-vinaxidnik", isTool: true, toolDurabilityCost: 1 },
		},
		"width": 3,
		"height": 3,
		"recipeGroup": 1,
		"shapeless": false,
		"output": { "type": "block", "code": "millwright:windmillrotor-double-north", "quantity": 1 }
	},
	{//
		"ingredientPattern": "_H_,WCM,ELF",
		"enabled": true,
		"ingredients": {
			"H": { "type": "item", "code": "game:hammer-*", "isTool": true },
			"C": { "type": "item", "code": "game:chisel-*", "isTool": true },
			"L": { "type": "block", "code": "game:log-placed-*-ud", "name": "wood", "quantity": 1 },
			"E": { "type": "item", "code": "game:resin" },
			"M": { "type": "item", "code": "game:metalplate-iron" },
			"F": { "type": "item", "code": "game:fat" },
		"W": { type: "item", code: "fendragonsmp:shema-vinaxidnik", isTool: true, toolDurabilityCost: 1 },
		},
		"width": 3,
		"height": 3,
		"recipeGroup": 1,
		"shapeless": false,
		"output": { "type": "block", "code": "millwright:windmillrotor-three-north", "quantity": 1 }
	},
	{//
		"ingredientPattern": "_HW,LCM,ELF",
		"enabled": true,
		"ingredients": {
			"H": { "type": "item", "code": "game:hammer-*", "isTool": true },
			"C": { "type": "item", "code": "game:chisel-*", "isTool": true },
			"L": { "type": "block", "code": "game:log-placed-*-ud", "name": "wood", "quantity": 1 },
			"E": { "type": "item", "code": "game:resin" },
			"M": { "type": "item", "code": "game:metalplate-iron" },
			"F": { "type": "item", "code": "game:fat" },
		"W": { type: "item", code: "fendragonsmp:shema-vinaxidnik", isTool: true, toolDurabilityCost: 1 },
		},
		"width": 3,
		"height": 3,
		"recipeGroup": 1,
		"shapeless": false,
		"output": { "type": "block", "code": "millwright:windmillrotor-six-north", "quantity": 1 }
	},
	{//
		"ingredientPattern": "HCS,RLE,_W_",
		"enabled": true,
		"ingredients": {
			"H": { "type": "item", "code": "game:hammer-*", "isTool": true },
			"C": { "type": "item", "code": "game:chisel-*", "isTool": true },
			"S": { "type": "item", "code": "game:saw-*", "isTool": true },
			"R": { "type": "block", "code": "millwright:windmillrotor-single-*" },
			"L": { "type": "block", "code": "game:logsection-placed-*-ud", "name": "wood", "quantity": 1 },
			"E": { "type": "item", "code": "game:resin" },
		"W": { type: "item", code: "fendragonsmp:shema-vinaxidnik", isTool: true, toolDurabilityCost: 1 },
		},
		"width": 3,
		"height": 3,
		"recipeGroup": 1,
		"shapeless": false,
		"output": { "type": "block", "code": "millwright:windmillrotor-double-north", "quantity": 1 }
	},
	{//
		"ingredientPattern": "HCS,RLE,M_W",
		"enabled": true,
		"ingredients": {
			"H": { "type": "item", "code": "game:hammer-*", "isTool": true },
			"C": { "type": "item", "code": "game:chisel-*", "isTool": true },
			"S": { "type": "item", "code": "game:saw-*", "isTool": true },
			"R": { "type": "block", "code": "game:windmillrotor-*" },
			"L": { "type": "block", "code": "game:logsection-placed-*-ud", "name": "wood", "quantity": 1 },
			"E": { "type": "item", "code": "game:resin" },
			"M": { "type": "item", "code": "game:metalplate-iron" },
		"W": { type: "item", code: "fendragonsmp:shema-vinaxidnik", isTool: true, toolDurabilityCost: 1 },
		},
		"width": 3,
		"height": 3,
		"recipeGroup": 1,
		"shapeless": false,
		"output": { "type": "block", "code": "millwright:windmillrotor-double-north", "quantity": 1 }
	},
	{//
		"ingredientPattern": "_H_,WCM,ELF",
		"enabled": true,
		"ingredients": {
			"H": { "type": "item", "code": "game:hammer-*", "isTool": true },
			"C": { "type": "item", "code": "game:chisel-*", "isTool": true },
			"L": { "type": "block", "code": "game:logsection-placed-*-ud", "name": "wood", "quantity": 1 },
			"E": { "type": "item", "code": "game:resin" },
			"M": { "type": "item", "code": "game:metalplate-iron" },
			"F": { "type": "item", "code": "game:fat" },
		"W": { type: "item", code: "fendragonsmp:shema-vinaxidnik", isTool: true, toolDurabilityCost: 1 },
		},
		"width": 3,
		"height": 3,
		"recipeGroup": 1,
		"shapeless": false,
		"output": { "type": "block", "code": "millwright:windmillrotor-three-north", "quantity": 1 }
	},
	{//
		"ingredientPattern": "_HW,LCM,ELF",
		"enabled": true,
		"ingredients": {
			"H": { "type": "item", "code": "game:hammer-*", "isTool": true },
			"C": { "type": "item", "code": "game:chisel-*", "isTool": true },
			"L": { "type": "block", "code": "game:logsection-placed-*-ud", "name": "wood", "quantity": 1 },
			"E": { "type": "item", "code": "game:resin" },
			"M": { "type": "item", "code": "game:metalplate-iron" },
			"F": { "type": "item", "code": "game:fat" },
		"W": { type: "item", code: "fendragonsmp:shema-vinaxidnik", isTool: true, toolDurabilityCost: 1 },
		},
		"width": 3,
		"height": 3,
		"recipeGroup": 1,
		"shapeless": false,
		"output": { "type": "block", "code": "millwright:windmillrotor-six-north", "quantity": 1 }
	},
	{//
		"ingredientPattern": "_H_,MCW,ELF",
		"enabled": true,
		"ingredients": {
			"H": { "type": "item", "code": "game:hammer-*", "isTool": true },
			"C": { "type": "item", "code": "game:chisel-*", "isTool": true },
			"L": { "type": "block", "code": "game:log-placed-*-ud", "name": "wood", "quantity": 2 },
			"E": { "type": "item", "code": "game:resin" },
			"M": { "type": "item", "code": "game:metalplate-iron" },
			"F": { "type": "item", "code": "game:fat" },
		"W": { type: "item", code: "fendragonsmp:shema-vinaxidnik", isTool: true, toolDurabilityCost: 1 },
		},
		"width": 3,
		"height": 3,
		"recipeGroup": 1,
		"shapeless": false,
		"output": { "type": "block", "code": "millwright:windmillrotor-single-north", "quantity": 1 }
	},
	{//
		"ingredientPattern": "_H_,MCW,ELF",
		"enabled": true,
		"ingredients": {
			"H": { "type": "item", "code": "game:hammer-*", "isTool": true },
			"C": { "type": "item", "code": "game:chisel-*", "isTool": true },
			"L": { "type": "block", "code": "game:logsection-placed-*-ud", "name": "wood", "quantity": 2 },
			"E": { "type": "item", "code": "game:resin" },
			"M": { "type": "item", "code": "game:metalplate-iron" },
			"F": { "type": "item", "code": "game:fat" },
		"W": { type: "item", code: "fendragonsmp:shema-vinaxidnik", isTool: true, toolDurabilityCost: 1 },
		},
		"width": 3,
		"height": 3,
		"recipeGroup": 1,
		"shapeless": false,
		"output": { "type": "block", "code": "millwright:windmillrotor-single-north", "quantity": 1 }
	},
	{//
		"ingredientPattern": "HC_,MBW",
		"enabled": true,
		"ingredients": {
			"H": { "type": "item", "code": "game:hammer-*", "isTool": true, "toolDurabilityCost": 10 },
			"C": { "type": "item", "code": "game:chisel-*", "isTool": true, "toolDurabilityCost": 10 },
			"B": { "type": "block", "code": "game:brake-north", "quantity": 1 },
			"M": { "type": "item", "code": "game:metalplate-iron", "quantity": 1 },
		"W": { type: "item", code: "fendragonsmp:shema-vinaxidnik", isTool: true, toolDurabilityCost: 1 },
		},
		"width": 3,
		"height": 2,
		"recipeGroup": 2,
		"shapeless": false,
		"output": { "type": "block", "code": "millwright:brake-north", "quantity": 1 }
	},
	{//
		"ingredientPattern": "_HW,MCM,ELF",
		"enabled": true,
		"ingredients": {
			"H": { "type": "item", "code": "game:hammer-*", "isTool": true, "toolDurabilityCost": 10 },
			"C": { "type": "item", "code": "game:chisel-*", "isTool": true, "toolDurabilityCost": 10 },
			"L": { "type": "block", "code": "game:log-placed-*-ud", "name": "wood", "quantity": 1 },
			"E": { "type": "item", "code": "game:resin" },
			"M": { "type": "item", "code": "game:metalplate-iron" },
			"F": { "type": "item", "code": "game:fat" },
		"W": { type: "item", code: "fendragonsmp:shema-vinaxidnik", isTool: true, toolDurabilityCost: 1 },
		},
		"width": 3,
		"height": 3,
		"recipeGroup": 1,
		"shapeless": false,
		"output": { "type": "block", "code": "millwright:windmillrotorud-three-up", "quantity": 1 }
	},
	{
//Крафт апгрейдів з моду BetterCrates - СХЕМА
	//Мідь
		//***** без етикетки
		"ingredientPattern": "IBI,PCW,IBI",
		"enabled": true,
		"ingredients": { 
			"B": { "type": "item", "code": "game:plank-*" },
			"P": { type: "item", code: "game:plank-*", "quantity": 1 },
			"I": { "type": "item","code": "game:ingot-copper", },
			"C": { "type": "block", "code": "game:chest-east", "attributes": { "type": "normal-generic" } },
		"W": { type: "item", code: "fendragonsmp:shema-vinaxidnik", isTool: true, toolDurabilityCost: 1 },
		},
		"width": 3,
		"height": 3,
		"recipeGroup": 1,
		"shapeless": false,
		"output": { "type": "item", "code": "bettercrates:upgrade-copper" }
	},
	{
		//***** з етикеткою
		"ingredientPattern": "IBI,PCW,IBI",
		"enabled": true,
		"ingredients": { 
			"B": { type: "item", code: "game:plank-*" },
			"P": { type: "item", code: "game:plank-*", "quantity": 1 },
			"I": { "type": "item","code": "game:ingot-copper", },
			"C": { "type": "block", "code": "game:labeledchest-east" },
		"W": { type: "item", code: "fendragonsmp:shema-vinaxidnik", isTool: true, toolDurabilityCost: 1 },
		},
		"width": 3,
		"height": 3,
		"recipeGroup": 1,
		"shapeless": false,
		"output": { "type": "item", "code": "bettercrates:upgrade-copper" }
	},
	{
	//Бронза
		//***** без етикетки
		"ingredientPattern": "IBI,PCW,IBI",
		"enabled": true,
		"ingredients": { 
			"B": { "type": "item", "code": "game:plank-*" },
			"P": { type: "item", code: "game:plank-*", "quantity": 1 },
			"I": { "type": "item","code": "game:ingot-*", "allowedVariants": [ "tinbronze", "blackbronze", "bismuthbronze" ] },
			"C": { "type": "block", "code": "game:chest-east", "attributes": { "type": "normal-generic" } },
		"W": { type: "item", code: "fendragonsmp:shema-vinaxidnik", isTool: true, toolDurabilityCost: 1 },
		},
		"width": 3,
		"height": 3,
		"recipeGroup": 1,
		"shapeless": false,
		"output": { "type": "item", "code": "bettercrates:upgrade-bronze" }
	},
	{
		//***** з етикеткою
		"ingredientPattern": "IBI,PCW,IBI",
		"enabled": true,
		"ingredients": { 
			"B": { type: "item", code: "game:plank-*" },
			"P": { type: "item", code: "game:plank-*", "quantity": 1 },
			"I": { "type": "item","code": "game:ingot-*", "allowedVariants": [ "tinbronze", "blackbronze", "bismuthbronze" ] },
			"C": { "type": "block", "code": "game:labeledchest-east" },
		"W": { type: "item", code: "fendragonsmp:shema-vinaxidnik", isTool: true, toolDurabilityCost: 1 },
		},
		"width": 3,
		"height": 3,
		"recipeGroup": 1,
		"shapeless": false,
		"output": { "type": "item", "code": "bettercrates:upgrade-bronze" }
	},
	{
	//Залізо
		//***** без етикетки
		"ingredientPattern": "IBI,PCW,IBI",
		"enabled": true,
		"ingredients": { 
			"B": { "type": "item", "code": "game:plank-*" },
			"P": { type: "item", code: "game:plank-*", "quantity": 1 },
			"I": { "type": "item","code": "game:ingot-iron" },
			"C": { "type": "block", "code": "game:chest-east", "attributes": { "type": "normal-generic" } },
		"W": { type: "item", code: "fendragonsmp:shema-vinaxidnik", isTool: true, toolDurabilityCost: 1 },
		},
		"width": 3,
		"height": 3,
		"recipeGroup": 1,
		"shapeless": false,
		"output": { "type": "item", "code": "bettercrates:upgrade-iron" }
	},
	{
		//***** з етикеткою
		"ingredientPattern": "IBI,PCW,IBI",
		"enabled": true,
		"ingredients": { 
			"B": { type: "item", code: "game:plank-*" },
			"P": { type: "item", code: "game:plank-*", "quantity": 1 },
			"I": { "type": "item","code": "game:ingot-iron" },
			"C": { "type": "block", "code": "game:labeledchest-east" },
		"W": { type: "item", code: "fendragonsmp:shema-vinaxidnik", isTool: true, toolDurabilityCost: 1 },
		},
		"width": 3,
		"height": 3,
		"recipeGroup": 1,
		"shapeless": false,
		"output": { "type": "item", "code": "bettercrates:upgrade-iron" }
	},
	{
	//Сталь
		//***** без етикетки
		"ingredientPattern": "IBI,PCW,IBI",
		"enabled": true,
		"ingredients": { 
			"B": { "type": "item", "code": "game:plank-*" },
			"P": { type: "item", code: "game:plank-*", "quantity": 1 },
			"I": { "type": "item","code": "game:ingot-steel" },
			"C": { "type": "block", "code": "game:chest-east", "attributes": { "type": "normal-generic" } },
		"W": { type: "item", code: "fendragonsmp:shema-vinaxidnik", isTool: true, toolDurabilityCost: 1 },
		},
		"width": 3,
		"height": 3,
		"recipeGroup": 1,
		"shapeless": false,
		"output": { "type": "item", "code": "bettercrates:upgrade-steel" }
	},
	{
		//***** з етикеткою
		"ingredientPattern": "IBI,PCW,IBI",
		"enabled": true,
		"ingredients": { 
			"B": { type: "item", code: "game:plank-*" },
			"P": { type: "item", code: "game:plank-*", "quantity": 1 },
			"I": { "type": "item","code": "game:ingot-steel" },
			"C": { "type": "block", "code": "game:labeledchest-east" },
		"W": { type: "item", code: "fendragonsmp:shema-vinaxidnik", isTool: true, toolDurabilityCost: 1 },
		},
		"width": 3,
		"height": 3,
		"recipeGroup": 1,
		"shapeless": false,
		"output": { "type": "item", "code": "bettercrates:upgrade-steel" }
	},
  {//
//Крафт спускового гачка з моду MaltiezFirearms - СХЕМА
		"ingredientPattern": "_FW,NGP",
		"enabled": true,
		"ingredients": {
		  "P": {"type": "item", "code": "game:metalplate-tinbronze", "quantity": 1},
		  "N": {"type": "item", "code": "game:metalplate-brass", "quantity": 1},
		  "G": {"type": "item", "code": "game:gear-rusty", "quantity": 1},
		  "F": {"type": "item", "code": "game:flint", "quantity": 1},
		"W": { type: "item", code: "fendragonsmp:shema-vinaxidnik", isTool: true, toolDurabilityCost: 1 },
		},
		"width": 3,
		"height": 2,
		"recipeGroup": 1,
		"shapeless": false,
		"output": {"type": "item", "code": "maltiezfirearms:lock-wheellock-tinbronze"}
	},
	{//
		"ingredientPattern": "_FW,NGP",
		"enabled": true,
		"ingredients": {
		  "P": {"type": "item", "code": "game:metalplate-bismuthbronze", "quantity": 1},
		  "N": {"type": "item", "code": "game:metalplate-brass", "quantity": 1},
		  "G": {"type": "item", "code": "game:gear-rusty", "quantity": 1},
		  "F": {"type": "item", "code": "game:flint", "quantity": 1},
		"W": { type: "item", code: "fendragonsmp:shema-vinaxidnik", isTool: true, toolDurabilityCost: 1 },
		},
		"width": 3,
		"height": 2,
		"recipeGroup": 1,
		"shapeless": false,
		"output": {"type": "item", "code": "maltiezfirearms:lock-wheellock-bismuthbronze"}
	},
	{//
		"ingredientPattern": "_FW,NGP",
		"enabled": true,
		"ingredients": {
		  "P": {"type": "item", "code": "game:metalplate-blackbronze", "quantity": 1},
		  "N": {"type": "item", "code": "game:metalplate-brass", "quantity": 1},
		  "G": {"type": "item", "code": "game:gear-rusty", "quantity": 1},
		  "F": {"type": "item", "code": "game:flint", "quantity": 1},
		"W": { type: "item", code: "fendragonsmp:shema-vinaxidnik", isTool: true, toolDurabilityCost: 1 },
		},
		"width": 3,
		"height": 2,
		"recipeGroup": 1,
		"shapeless": false,
		"output": {"type": "item", "code": "maltiezfirearms:lock-wheellock-blackbronze"}
	},
	{
		"ingredientPattern": "ISF,_BW",
		"enabled": true,
		"ingredients": {
		  "I": {"type": "item", "code": "game:metalplate-steel", "quantity": 1},
		  "S": {"type": "item", "code": "game:metalnailsandstrips-steel", "quantity": 1},
		  "B": {"type": "item", "code": "game:metalplate-brass", "quantity": 1},
		  "F": {"type": "item", "code": "game:flint", "quantity": 1},
		"W": { type: "item", code: "fendragonsmp:shema-vinaxidnik", isTool: true, toolDurabilityCost: 1 },
		},
		"width": 3,
		"height": 2,
		"recipeGroup": 1,
		"shapeless": false,
		"output": {"type": "item", "code": "maltiezfirearms:lock-flintlock-steel"}
	},
	{//
//Крафт Акумуляторів (тір 2) з моду ElectricalProgressive: Basics - СХЕМА
		"ingredientPattern": "OSW,ZPE,ICE",
		"enabled": true,
		"ingredients": {      
			"P": { "type": "item", "code": "game:plank-*", "quantity": 4 },
			"S": { "type": "item", "code": "game:saw-*", "isTool": true, "toolDurabilityCost": 32 },
			"I": { "type": "item", "code": "game:metalplate-iron", "quantity": 4 },
			"O": { "type": "item", "code": "game:metalplate-copper", "quantity": 4 },
			"Z": { "type": "item", "code": "game:metalplate-zinc", "quantity": 4 },
			"C": { "type": "block", "code": "electricalprogressivebasics:ecable-128v-copper-single-part", "quantity": 16 },
			"E": { "type": "item", "code": "game:ore-bituminouscoal", "quantity": 16 },
		"W": { type: "item", code: "fendragonsmp:shema-vinaxidnik", isTool: true, toolDurabilityCost: 1 },
		},
		"width": 3,
		"height": 3,
		"recipeGroup": 1,
		"shapeless": false,
		"output": { "type": "block", "code": "electricalprogressivebasics:accumulator-tier2-normal", "quantity": 1 }
	},
	{
		"ingredientPattern": "OSW,ZPE,ICE",
		"enabled": true,
		"ingredients": {      
			"P": { "type": "item", "code": "game:plank-*", "quantity": 4 },
			"S": { "type": "item", "code": "game:saw-*", "isTool": true, "toolDurabilityCost": 32 },
			"I": { "type": "item", "code": "game:metalplate-iron", "quantity": 4 },
			"O": { "type": "item", "code": "game:metalplate-copper", "quantity": 4 },
			"Z": { "type": "item", "code": "game:metalplate-zinc", "quantity": 4 },
			"C": { "type": "block", "code": "electricalprogressivebasics:ecable-128v-copper-single-part", "quantity": 16 },
			"E": { "type": "item", "code": "game:powder-charcoal", "quantity": 64 },
		"W": { type: "item", code: "fendragonsmp:shema-vinaxidnik", isTool: true, toolDurabilityCost: 1 },
		},
		"width": 3,
		"height": 3,
		"recipeGroup": 1,
		"shapeless": false,
		"output": { "type": "block", "code": "electricalprogressivebasics:accumulator-tier2-normal", "quantity": 1 }
	},
	{
//Крафт Моток проводу з моду ElectricalProgressive: Basics - СХЕМА
		"ingredientPattern": "W_W,_SH,W_W",
		"enabled": true,
		"ingredients": {
			"W": { "type": "block", "code": "electricalprogressivebasics:ecable-32v-copper-single-part", "quantity": 2 },
			"S": { "type": "item", "code": "game:hammer-*", "isTool": true, "toolDurabilityCost": 8 },
		"H": { type: "item", code: "fendragonsmp:shema-vinaxidnik", isTool: true, toolDurabilityCost: 1 },
		},
		"width": 3,
		"height": 3,
		"recipeGroup": 1,
		"shapeless": false,
		"output": { "type": "item", "code": "electricalprogressivebasics:coil", "quantity": 8 }
	},
	{
//Крафт Електро кабелів з моду ElectricalProgressive: Basics - СХЕМА
		"ingredientPattern": "PSH",
		"enabled": true,
		"ingredients": {
			"P": { "type": "item", "code": "game:metalplate-*", "name": "metal", "allowedVariants": [ "copper", "silver", "lead", "gold", "steel", "iron", "tinbronze", "brass", "electrum" ] },
			"S": { "type": "item", "code": "game:saw-*", "isTool": true, "toolDurabilityCost": 16 },
		"H": { type: "item", code: "fendragonsmp:shema-vinaxidnik", isTool: true, toolDurabilityCost: 1 },
		},
		"width": 1,
		"height": 3,
		"recipeGroup": 1,
		"shapeless": false,
		"output": { "type": "block", "code": "electricalprogressivebasics:ecable-128v-{metal}-single-part", "quantity": 8 }
	},
	{
		"ingredientPattern": "PIH,SW_",
		"enabled": true,
		"ingredients": {
			"P": { "type": "item", "code": "game:metalplate-*", "name": "metal", "allowedVariants": [ "copper", "silver", "lead", "gold", "steel", "iron", "tinbronze", "brass", "electrum" ] },
			"S": { "type": "item", "code": "game:saw-*", "isTool": true, "toolDurabilityCost": 16 },
			"I": { "type": "item", "code": "game:paper-parchment", "quantity": 1 },
			"W": { "type": "item", "code": "game:beeswax", "quantity": 1 },
		"H": { type: "item", code: "fendragonsmp:shema-vinaxidnik", isTool: true, toolDurabilityCost: 1 },
		},
		"width": 3,
		"height": 2,
		"recipeGroup": 1,
		"shapeless": false,
		"output": { "type": "block", "code": "electricalprogressivebasics:ecable-128v-{metal}-single-isolated", "quantity": 8 }
	},
	{
		"ingredientPattern": "PH,IW",
		"enabled": true,
		"ingredients": {
			"P": { "type": "block", "code": "electricalprogressivebasics:ecable-128v-*-single-part", "quantity": 8, "name": "metal", "allowedVariants": [ "copper", "silver", "lead", "gold", "steel", "iron", "tinbronze", "brass", "electrum" ] },
			"I": { "type": "item", "code": "game:paper-parchment", "quantity": 1 },
			"W": { "type": "item", "code": "game:beeswax", "quantity": 1 },
		"H": { type: "item", code: "fendragonsmp:shema-vinaxidnik", isTool: true, toolDurabilityCost: 1 },
		},
		"width": 2,
		"height": 2,
		"recipeGroup": 1,
		"shapeless": false,
		"output": { "type": "block", "code": "electricalprogressivebasics:ecable-128v-{metal}-single-isolated", "quantity": 8 }
	},	
	{
//Крафт Електрогенератора - СХЕМА
	// ***** Тір - 2
		"ingredientPattern": "HSW,XMC,_G_",
		"enabled": true,
		"ingredients": {
			"S": {	"type": "item",	"code": "game:solderingiron",	"isTool": true,	"toolDurabilityCost": 50	},
			"H": {	"type": "block", "code": "electricalprogressivebasics:egenerator-tier1-stator", "quantity": 1	},
			"X": {	"type": "item",	"code": "game:metalplate-zinc",	"quantity": 1 },
			"M": {	"type": "item",	"code": "game:hammer-*",	"isTool": true,	"toolDurabilityCost": 100	},
			"G": {	"type": "item",	"code": "game:metalplate-steel", "quantity": 1 },
			"C": {	"type": "block", "code": "electricalprogressivebasics:ecable-32v-copper-single-part", "quantity": 16 },
		"W": { type: "item", code: "fendragonsmp:shema-vinaxidnik", isTool: true, toolDurabilityCost: 1 },
		},
		"width": 3,
		"height": 3,
		"recipeGroup": 1,
		"shapeless": false,
		"output": {	"type": "block",	"code": "electricalprogressivebasics:egenerator-tier2-stator",	"quantity": 1	}
	},
	{
	// ***** Тір - 2
		"ingredientPattern": "HSW,XMC,_G_",
		"enabled": true,
		"ingredients": {
			"S": {	"type": "item",	"code": "game:solderingiron", "isTool": true,	"toolDurabilityCost": 25	},
			"H": {	"type": "block", "code": "electricalprogressivebasics:egenerator-tier1-stator",	"quantity": 1	},
			"X": {	"type": "block", "code": "electricalprogressivebasics:ecable-32v-copper-single-part", "quantity": 8	},
			"M": {	"type": "item",	"code": "game:hammer-*", "isTool": true,	"toolDurabilityCost": 100	},
			"G": {	"type": "item",	"code": "game:metalplate-*", "quantity": 1	},	
			"C": {	"type": "block", "code": "game:metal-parts", "quantity": 2	},
		"W": { type: "item", code: "fendragonsmp:shema-vinaxidnik", isTool: true, toolDurabilityCost: 1 },
		},
		"width": 3,
		"height": 3,
		"recipeGroup": 1,
		"shapeless": false,
		"output": {	"type": "block", "code": "electricalprogressivebasics:egenerator-tier2-stator",	"quantity": 1	}
	},
	{
	// ***** Тір - 3
		"ingredientPattern": "HSW,XGC",
		"enabled": true,
		"ingredients": {
			"S": {	"type": "item",	"code": "game:solderingiron",	"isTool": true,	"toolDurabilityCost": 50	},
			"H": {	"type": "block", "code": "electricalprogressivebasics:egenerator-tier2-stator",	"quantity": 1	},
			"X": {	"type": "block", "code": "electricalprogressivebasics:ecable-128v-electrum-single-part",	"quantity": 4 },
			"G": {	"type": "item",	"code": "game:metalplate-steel",	"quantity": 1	},
			"C": {	"type": "item",	"code": "game:metalplate-zinc",	"quantity": 1	},
		"W": { type: "item", code: "fendragonsmp:shema-vinaxidnik", isTool: true, toolDurabilityCost: 1 },
		},
		"width": 3,
		"height": 2,
		"recipeGroup": 1,
		"shapeless": false,
		"output": {	"type": "block", "code": "electricalprogressivebasics:egenerator-tier3-stator",	"quantity": 1 }
	},
	{//
//Крафт Моторів ElectricalProgressiveBasics - СХЕМА
		"ingredientPattern": "HSW,XMC,_G_",
		"enabled": true,
		"ingredients": {
			"S": { "type": "item", "code": "game:solderingiron", "isTool": true, "toolDurabilityCost": 50 },
			"H": { "type": "block", "code": "electricalprogressivebasics:emotor-tier1-stator", "quantity": 1 },
			"X": { "type": "item", "code": "game:metalplate-zinc", "quantity": 1 },
			"M": { "type": "item", "code": "game:hammer-*", "isTool": true, "toolDurabilityCost": 100 },
			"G": { "type": "item", "code": "game:metalplate-steel", "quantity": 1 },
			"C": { "type": "block", "code": "electricalprogressivebasics:ecable-32v-copper-single-part", "quantity": 16 },
		"W": { type: "item", code: "fendragonsmp:shema-vinaxidnik", isTool: true, toolDurabilityCost: 1 },
		},
		"width": 3,
		"height": 3,
		"recipeGroup": 1,
		"shapeless": false,
		"output": {"type": "block","code": "electricalprogressivebasics:emotor-tier2-stator","quantity": 1}
	},
	{//
		"ingredientPattern": "HSW,XMC,_G_",
		"enabled": true,
		"ingredients": {
			"S": { "type": "item", "code": "game:solderingiron", "isTool": true, "toolDurabilityCost": 25 },
			"H": { "type": "block", "code": "electricalprogressivebasics:emotor-tier1-stator", "quantity": 1 },
			"X": { "type": "block", "code": "electricalprogressivebasics:ecable-32v-copper-single-part", "quantity": 8 },
			"M": { "type": "item", "code": "game:hammer-*", "isTool": true, "toolDurabilityCost": 100 },
			"G": { "type": "item", "code": "game:metalplate-*", "quantity": 1 },
			"C": { "type": "block", "code": "game:metal-parts", "quantity": 2 },
		"W": { type: "item", code: "fendragonsmp:shema-vinaxidnik", isTool: true, toolDurabilityCost: 1 },
		},
		"width": 3,
		"height": 3,
		"recipeGroup": 1,
		"shapeless": false,
		"output": { "type": "block", "code": "electricalprogressivebasics:emotor-tier2-stator", "quantity": 1 }
	},
	{//
		"ingredientPattern": "HSW,XGC",
		"enabled": true,
		"ingredients": {
			"S": { "type": "item", "code": "game:solderingiron", "isTool": true, "toolDurabilityCost": 50 },
			"H": { "type": "block", "code": "electricalprogressivebasics:emotor-tier2-stator", "quantity": 1 },
			"X": { "type": "block", "code": "electricalprogressivebasics:ecable-128v-electrum-single-part", "quantity": 4 },
			"G": { "type": "item", "code": "game:metalplate-steel", "quantity": 1 },
			"C": { "type": "item", "code": "game:metalplate-zinc", "quantity": 1 },
		"W": { type: "item", code: "fendragonsmp:shema-vinaxidnik", isTool: true, toolDurabilityCost: 1 },
		},
		"width": 3,
		"height": 2,
		"recipeGroup": 1,
		"shapeless": false,
		"output": { "type": "block", "code": "electricalprogressivebasics:emotor-tier3-stator", "quantity": 1 }
	},
	{
//Крафт Ротору ElectricalProgressiveBasics - СХЕМА 
		"ingredientPattern": "IW,R_,C_",
		"enabled": true,
		"ingredients": {
			"I": { "type": "item", "code": "game:ingot-iron" },
			"R": { "type": "block", "code": "game:woodenaxle-ud" },
			"C": { "type": "item", "code": "electricalprogressivebasics:coil", "quantity": 2 },
		"W": { type: "item", code: "fendragonsmp:shema-vinaxidnik", isTool: true, toolDurabilityCost: 1 },
		},
		"width": 2,		
		"height": 3,
		"recipeGroup": 1,
		"shapeless": false,
		"output": { "type": "item", "code": "electricalprogressivebasics:engineshaft" }
	},
	{
//Крафт Трансформатора з моду ElectricalProgressiveBasics - СХЕМА
		"ingredientPattern": "HS_,XMW,LC_",
		"enabled": true,
		"ingredients": {
			"L": { "type": "block", "code": "game:linen-*-down", "quantity": 2 },
			"S": { "type": "item", "code": "game:saw-*", "isTool": true, "toolDurabilityCost": 32 },
			"X": { "type": "item", "code": "game:chisel-*", "isTool": true, "toolDurabilityCost": 8 },
			"H": { "type": "item", "code": "game:hammer-*", "isTool": true, "toolDurabilityCost": 8 },
			"M": { "type": "item", "code": "game:metalplate-iron", "quantity": 4 },
			"C": { "type": "block", "code": "electricalprogressivebasics:ecable-128v-copper-single-part", "quantity": 32 },
		"W": { type: "item", code: "fendragonsmp:shema-vinaxidnik", isTool: true, toolDurabilityCost: 1 },
		},
		"width": 3,
		"height": 3,
		"recipeGroup": 1,
		"shapeless": false,
		"output": { "type": "block", "code": "electricalprogressivebasics:transformator-normal-south", "quantity": 1 }
	},
	{
//Риса на крафт Броню з моду ElectricalProgressiveEquipment - СХЕМА
	// ***** Шолом
		"ingredientPattern": "LWL,PCP,EBE",
		"enabled": true,
		"ingredients": {
			"P": { "type": "item", "code": "game:metalplate-steel", "quantity": 2 },
			"C": { "type": "item", "code": "game:armor-head-chain-steel"},
			"L": { "type": "item", "code": "game:leather-normal-plain" },
			"B": {"type": "item", "code": "game:gear-temporal"},
			"E": {"type": "item", "code": "electricalprogressivebasics:coil", "quantity": 8},
		"W": { type: "item", code: "fendragonsmp:shema-vinaxidnik", isTool: true, toolDurabilityCost: 1 },
		},
		"width": 3,
		"height": 3,
		"recipeGroup": 2,
		"shapeless": false,
		"output": { "type": "item", "code": "electricalprogressiveequipment:static-helmet"  }
	},
	{
	// ***** Броня
		"ingredientPattern": "PCP,EZE,_BW",
		"enabled": true,
		"ingredients": {
			"P": { "type": "item", "code": "game:metalplate-steel", "quantity": 2},
			"C": { "type": "item", "code": "game:armor-body-chain-steel"},
			"B": {"type": "item", "code": "game:glider"},
			"E": {"type": "item", "code": "electricalprogressivebasics:coil", "quantity": 8},
			"Z": {"type": "block", "code": "electricalprogressivebasics:accumulator-tier1-normal"},
		"W": { type: "item", code: "fendragonsmp:shema-vinaxidnik", isTool: true, toolDurabilityCost: 1 },
		},
		"width": 3,
		"height": 3,
		"recipeGroup": 2,
		"shapeless": false,
		"output": { "type": "item", "code": "electricalprogressiveequipment:static-armor"  }
	},
	{
	// ***** Ботинки
		"ingredientPattern": "EBE,PCP,_W_",
		"enabled": true,
		"ingredients": {
			"P": { "type": "item", "code": "game:metalplate-steel"},
			"C": { "type": "item", "code": "game:armor-legs-chain-steel"},
			"B": {"type": "item", "code": "game:gear-temporal"},
			"E": {"type": "item", "code": "electricalprogressivebasics:coil", "quantity": 8},
		"W": { type: "item", code: "fendragonsmp:shema-vinaxidnik", isTool: true, toolDurabilityCost: 1 },
		},
		"width": 3,
		"height": 3,
		"recipeGroup": 2,
		"shapeless": false,
		"output": { "type": "item", "code": "electricalprogressiveequipment:static-boots"  }
	},
	{
//Крафт Електро-щит з моду ElectricalProgressiveEquipment - СХЕМА
		"ingredientPattern": "PMP,ZEW,KBK",
		"enabled": true,
		"ingredients": {
			"M": {	"type": "block",	"code": "electricalprogressiveqol:elamp_small-*", "quantity": 1	},
			"B": {	"type": "item",	"code": "game:gear-temporal", "quantity": 1	},
			"P": {	"type": "item",	"code": "electricalprogressivebasics:coil", "quantity": 8	},
			"E": {	"type": "item",	"code": "game:boss-steel", "quantity": 1	},
			"Z": {	"type": "item",	"code": "game:metalplate-steel", "quantity": 4	},
			"K": {	"type": "item",	"code": "game:leather-normal-plain", "quantity": 8	},
		"W": { type: "item", code: "fendragonsmp:shema-vinaxidnik", isTool: true, toolDurabilityCost: 1 },
		},
		"width": 3,
		"height": 3,
		"recipeGroup": 1,
		"shapeless": false,
		"output": {	"type": "item",	"code": "electricalprogressiveequipment:static-shield" }
	},
	{
//Крафт Електро-спис з моду ElectricalProgressiveEquipment - СХЕМА
		"ingredientPattern": "_BZ,KEM,EKW",
		"enabled": true,
		"ingredients": {
			"M": { "type": "block", "code": "electricalprogressivebasics:ecable-128v-copper-single-part", "quantity": 3 },
			"B": { "type": "item", "code": "game:gear-temporal", "quantity": 1 },
			"E": { "type": "item", "code": "game:stick", "quantity": 1 },
			"Z": { "type": "item", "code": "game:spearhead-blackbronze", "quantity": 1 },
			"K": { "type": "item", "code": "game:leather-normal-plain", "quantity": 8 },
		"W": { type: "item", code: "fendragonsmp:shema-vinaxidnik", isTool: true, toolDurabilityCost: 1 },
		},
		"width": 3,
		"height": 3,
		"recipeGroup": 1,
		"shapeless": false,
		"output": { "type": "item", "code": "electricalprogressiveequipment:static-spear" }
	},
	{
//Крафт Електро-меч з моду ElectricalProgressiveEquipment - СХЕМА
		"ingredientPattern": "_PZ,MEP,KBW",
		"enabled": true,
		"ingredients": {
			"M": { "type": "block", "code": "game:metal-parts", "quantity": 3 },
			"B": { "type": "item", "code": "game:gear-temporal", "quantity": 1 },
			"P": { "type": "item", "code": "electricalprogressivebasics:coil", "quantity": 6 },
			"E": { "type": "item", "code": "game:stick", "quantity": 1 },
			"Z": { "type": "item", "code": "game:bladehead-falx-steel", "quantity": 1 },
			"K": { "type": "item", "code": "game:leather-normal-plain", "quantity": 16 },
		"W": { type: "item", code: "fendragonsmp:shema-vinaxidnik", isTool: true, toolDurabilityCost: 1 },
		},
		"width": 3,
		"height": 3,
		"recipeGroup": 1,
		"shapeless": false,
		"output": { "type": "item", "code": "electricalprogressiveequipment:static-saber-common" }
	},
	{
//Крафт Електро-сокири з моду ElectricalProgressiveEquipment - СХЕМА
		"ingredientPattern": "_BZ,EPM,PEW",
		"enabled": true,
		"ingredients": {
			"M": { "type": "block", "code": "game:metal-parts", "quantity": 2 },
			"B": { "type": "item", "code": "game:gear-temporal", "quantity": 1 },
			"P": { "type": "item", "code": "electricalprogressivebasics:coil", "quantity": 4 },
			"E": { "type": "item", "code": "electricalprogressivebasics:engineshaft", "quantity": 1 },
			"Z": { "type": "item", "code": "game:axehead-steel", "quantity": 1 },
		"W": { type: "item", code: "fendragonsmp:shema-vinaxidnik", isTool: true, toolDurabilityCost: 1 },
		},
		"width": 3,
		"height": 3,
		"recipeGroup": 1,
		"shapeless": false,
		"output": { "type": "item", "code": "electricalprogressiveequipment:eaxe" }
	},
	{
//Крафт Електро-чизел з моду ElectricalProgressiveEquipment - СХЕМА
		"ingredientPattern": "T_,G_,BW",
		"enabled": true,
		"ingredients": {
			"T": { "type": "item", "code": "game:chisel-iron" },
			"B": { "type": "block", "code": "game:metal-parts" },
			"G": { "type": "item", "code": "game:gear-temporal" },
		"W": { type: "item", code: "fendragonsmp:shema-vinaxidnik", isTool: true, toolDurabilityCost: 1 },
		},
		"width": 2,
		"height": 3,
		"recipeGroup": 1,
		"shapeless": false,
		"output": {	"type": "item",	"code": "electricalprogressiveequipment:echisel" }
	},
	{
//Крафт Електро-дрель з моду ElectricalProgressiveEquipment - СХЕМА
		"ingredientPattern": "BCW,PEM,_ID",
		"enabled": true,
		"ingredients": {
			"M": { "type": "item", "code": "game:gem-diamond-rough", "quantity": 2 },
			"B": { "type": "item", "code": "game:gear-temporal", "quantity": 1 },
			"C": { "type": "item", "code": "electricalprogressivebasics:coil", "quantity": 2 },
			"P": { "type": "item", "code": "electricalprogressivebasics:coil", "quantity": 2 },
			"E": { "type": "item", "code": "electricalprogressivebasics:engineshaft", "quantity": 1 },
			"I": { "type": "item", "code": "game:ingot-cupronickel", "quantity": 2 },
			"D": { "type": "item", "code": "electricalprogressiveqol:edrilltip", "quantity": 1 },
		"W": { type: "item", code: "fendragonsmp:shema-vinaxidnik", isTool: true, toolDurabilityCost: 1 },
		},
		"width": 3,
		"height": 3,
		"recipeGroup": 1,
		"shapeless": false,
		"output": { "type": "item", "code": "electricalprogressiveequipment:edrill" }
	},
	{
//Крафт Станції для заряджання з моду ElectricalProgressiveQoL - СХЕМА
		"ingredientPattern": "_GW,PBP",
		"enabled": true,
		"ingredients": {
			"B": { "type": "item", "code": "electricalprogressivebasics:coil" },
			"G": { "type": "block", "code": "game:glass-plain" },
			"P": { "type": "item", "code": "game:metalplate-iron", "quantity": 1 },
		"W": { type: "item", code: "fendragonsmp:shema-vinaxidnik", isTool: true, toolDurabilityCost: 1 },
		},
		"width": 3,
		"height": 2,
		"recipeGroup": 1,
		"shapeless": false,
		"output": { "type": "block", "code": "electricalprogressiveqol:charger-disabled-south" }
	},
	{
//Крафт Електро-холодильник з моду ElectricalProgressiveQoL - СХЕМА
		"ingredientPattern": "MHM,MXM,ESW",
		"enabled": true,
		"ingredients": {
			"E": { "type": "item", "code": "electricalprogressivebasics:coil", "quantity": 4 },
			"X": { "type": "item", "code": "game:thatch", "quantity": 16 },
			"H": { "type": "item", "code": "game:hammer-*", "isTool": true, "toolDurabilityCost": 8 },
			"S": { "type": "item", "code": "electricalprogressivebasics:engineshaft", "quantity": 1 },
			"M": { "type": "item", "code": "game:metalplate-copper", "quantity": 2 },
		"W": { type: "item", code: "fendragonsmp:shema-vinaxidnik", isTool: true, toolDurabilityCost: 1 },
		},
		"width": 3,
		"height": 3,	
		"recipeGroup": 1,
		"shapeless": false,
		"output": { "type": "block", "code": "electricalprogressiveqol:efreezer-melted-closed-north", "quantity": 1 }
	},
	{
//Крафт Електро-горну з моду ElectricalProgressiveQoL - СХЕМА
		"ingredientPattern": "GS_,MCW",
		"enabled": true,
		"ingredients": {
			"G": { "type": "block", "code": "game:forge" },
			"S": { "type": "item", "code": "game:saw-*", "isTool": true, "toolDurabilityCost": 16 },
			"M": { "type": "item", "code": "game:metalplate-iron" },
			"C": { "type": "block", "code": "electricalprogressivebasics:ecable-128v-copper-single-part", "quantity": 16 },
		"W": { type: "item", code: "fendragonsmp:shema-vinaxidnik", isTool: true, toolDurabilityCost: 1 },
		},
		"width": 3,
		"height": 2,	
		"recipeGroup": 1,
		"shapeless": false,
		"output": { "type": "block", "code": "electricalprogressiveqol:ehorn-disabled-south", "quantity": 1 }
	},
	{
//Крафт Електро-духовка з моду ElectricalProgressiveQoL - СХЕМА
		"ingredientPattern": "MXM,EHE,_XW",
		"enabled": true,
		"ingredients": {
			"E": { "type": "item", "code": "electricalprogressivebasics:coil", "quantity": 2 },
			"X": { "type": "block", "code": "electricalprogressiveqol:heater-disabled", "quantity": 1 },
			"H": { "type": "item", "code": "game:hammer-*", "isTool": true, "toolDurabilityCost": 8 },
			"M": { "type": "item", "code": "game:metalplate-iron", "quantity": 2 },
		"W": { type: "item", code: "fendragonsmp:shema-vinaxidnik", isTool: true, toolDurabilityCost: 1 },
		},
		"width": 3,
		"height": 3,	
		"recipeGroup": 1,
		"shapeless": false,
		"output": { "type": "block", "code": "electricalprogressiveqol:eoven-disabled-north", "quantity": 1 }
	},
	{
//Крафт Електро-плита з моду ElectricalProgressiveQoL - СХЕМА
		"ingredientPattern": "MXM,EWE,MHM",
		"enabled": true,
		"ingredients": {
			"E": { "type": "item", "code": "electricalprogressivebasics:coil", "quantity": 3 },
			"X": { "type": "block", "code": "electricalprogressiveqol:heater-disabled", "quantity": 1 },
			"H": { "type": "item", "code": "game:hammer-*", "isTool": true, "toolDurabilityCost": 8 },
			"M": { "type": "item", "code": "game:metalplate-iron", "quantity": 1 },
		"W": { type: "item", code: "fendragonsmp:shema-vinaxidnik", isTool: true, toolDurabilityCost: 1 },
		},
		"width": 3,
		"height": 3,	
		"recipeGroup": 1,
		"shapeless": false,
		"output": { "type": "block", "code": "electricalprogressiveqol:estove-disabled-south", "quantity": 1 }
	},
	{
//Крафт Електро-обігрівач з моду ElectricalProgressiveQoL - СХЕМА
		"ingredientPattern": "MCW",
		"enabled": true,
		"ingredients": {
			"M": { "type": "item", "code": "game:metalplate-iron" },
			"C": { "type": "block", "code": "electricalprogressivebasics:ecable-32v-copper-single-part", "quantity": 16 },
		"W": { type: "item", code: "fendragonsmp:shema-vinaxidnik", isTool: true, toolDurabilityCost: 1 },
		},
		"width": 3,
		"height": 1,	
		"recipeGroup": 1,
		"shapeless": false,
		"output": { "type": "block", "code": "electricalprogressiveqol:heater-disabled", "quantity": 4 }
	},
	{
//Крафт частин на екзоскелет з моду Exoskeletons
		"ingredientPattern": "NWM,DHS,TRP",
		"enabled": true,
		"ingredients": {
			"N": {"type": "item", "code": "game:metalnailsandstrips-*", "quantity": 4, "name": "material", "allowedVariants": ["iron", "meteoriciron", "steel"]},
			"G": { "type": "item", "code": "game:jonasframes-gearbox02", "quantity": 2 },
			"H": { "type": "item", "code": "game:jonasframes-gearbox01", "quantity": 2 },
			"D": { "type": "item", "code": "game:jonasframes-gears01" },
			"S": { "type": "item", "code": "game:jonasframes-spring01" },
			"T": { "type": "item", "code": "game:jonasparts-tank01" },
			"R": { "type": "item", "code": "game:rod-cupronickel" },
			"P": { "type": "item", "code": "game:metalplate-electrum" },
			"M": { "type": "block", "code": "game:metal-parts", "quantity": 4 },
		"W": { type: "item", code: "fendragonsmp:shema-vinaxidnik", isTool: true, toolDurabilityCost: 1 },
		},
		"width": 3,
		"height": 3,	
		"recipeGroup": 1,
		"shapeless": false,
		"output": { "type": "item", "code": "exoskeletons:exoskeleton-arms-unarmored-none-speed"  }
	},
	{
		"ingredientPattern": "NWM,DGS,TRP",
		"enabled": true,
		"ingredients": {
			"N": {"type": "item", "code": "game:metalnailsandstrips-*", "quantity": 4, "name": "material", "allowedVariants": ["iron", "meteoriciron", "steel"]},
			"G": { "type": "item", "code": "game:jonasframes-gearbox02", "quantity": 2 },
			"H": { "type": "item", "code": "game:jonasframes-gearbox01", "quantity": 2 },
			"D": { "type": "item", "code": "game:jonasframes-gears01" },
			"S": { "type": "item", "code": "game:jonasframes-spring01" },
			"T": { "type": "item", "code": "game:jonasparts-tank01" },
			"R": { "type": "item", "code": "game:rod-cupronickel" },
			"P": { "type": "item", "code": "game:metalplate-electrum" },
			"M": { "type": "block", "code": "game:metal-parts", "quantity": 4 },
		"W": { type: "item", code: "fendragonsmp:shema-vinaxidnik", isTool: true, toolDurabilityCost: 1 },
		},
		"width": 3,
		"height": 3,	
		"recipeGroup": 1,
		"shapeless": false,
		"output": { "type": "item", "code": "exoskeletons:exoskeleton-arms-unarmored-none-torque"  }
	},
	{
		"ingredientPattern": "NLM,DWS,TRP",
		"enabled": true,
		"ingredients": {
			"N": {"type": "item", "code": "game:metalnailsandstrips-*", "quantity": 4, "name": "material", "allowedVariants": ["iron", "meteoriciron", "steel"]},
			"L": { "type": "item", "code": "game:leather-normal-plain" },
			"D": { "type": "item", "code": "game:jonasframes-gears01", "quantity": 2 },
			"S": { "type": "item", "code": "game:jonasframes-spring01", "quantity": 2 },
			"T": { "type": "item", "code": "game:jonasparts-tank01" },
			"R": { "type": "item", "code": "game:rod-cupronickel" },
			"P": { "type": "item", "code": "game:metalplate-electrum" },
			"M": { "type": "block", "code": "game:metal-parts", "quantity": 4 },
		"W": { type: "item", code: "fendragonsmp:shema-vinaxidnik", isTool: true, toolDurabilityCost: 1 },
		},
		"width": 3,
		"height": 3,	
		"recipeGroup": 1,
		"shapeless": false,
		"output": { "type": "item", "code": "exoskeletons:exoskeleton-legs-unarmored-none-speed"  }
	},
	{
		"ingredientPattern": "NLM,DWS,TRP",
		"enabled": true,
		"ingredients": {
			"N": {"type": "item", "code": "game:metalnailsandstrips-*", "quantity": 4, "name": "material", "allowedVariants": ["iron", "meteoriciron", "steel"]},
			"L": { "type": "item", "code": "game:leather-normal-plain", "quantity": 2 },
			"D": { "type": "item", "code": "game:jonasframes-gears01" },
			"S": { "type": "item", "code": "game:jonasframes-spring01" },
			"T": { "type": "item", "code": "game:jonasparts-tank01" },
			"R": { "type": "item", "code": "game:rod-cupronickel" },
			"P": { "type": "item", "code": "game:metalplate-electrum" },
			"M": { "type": "block", "code": "game:metal-parts", "quantity": 4 },
		"W": { type: "item", code: "fendragonsmp:shema-vinaxidnik", isTool: true, toolDurabilityCost: 1 },
		},
		"width": 3,
		"height": 3,	
		"recipeGroup": 1,
		"shapeless": false,
		"output": { "type": "item", "code": "exoskeletons:exoskeleton-torso-unarmored-none-container"  }
	},
	{
		"ingredientPattern": "ABC,_W_",
		"enabled": true,
		"ingredients": {
			"A": {"type": "item", "code": "exoskeletons:exoskeleton-arms-unarmored-none-speed"},
			"B": { "type": "item", "code": "armory:armor-arms-plate-*-vanilla", "name": "material", "allowedVariants": ["iron", "meteoriciron", "steel"] },
			"C": { "type": "item", "code": "armory:armor-hands-plate-*-vanilla", "name": "material", "allowedVariants": ["iron", "meteoriciron", "steel"] },
		"W": { type: "item", code: "fendragonsmp:shema-vinaxidnik", isTool: true, toolDurabilityCost: 1 },
		},
		"width": 3,
		"height": 2,	
		"recipeGroup": 1,
		"shapeless": false,
		"output": { "type": "item", "code": "exoskeletons:exoskeleton-arms-armored-{material}-speed"  }
	},
	{
		"ingredientPattern": "ABC,_W_",
		"enabled": true,
		"ingredients": {
			"A": {"type": "item", "code": "exoskeletons:exoskeleton-arms-unarmored-none-torque"},
			"B": { "type": "item", "code": "armory:armor-arms-plate-*-vanilla", "name": "material", "allowedVariants": ["iron", "meteoriciron", "steel"] },
			"C": { "type": "item", "code": "armory:armor-hands-plate-*-vanilla", "name": "material", "allowedVariants": ["iron", "meteoriciron", "steel"] },
		"W": { type: "item", code: "fendragonsmp:shema-vinaxidnik", isTool: true, toolDurabilityCost: 1 },
		},
		"width": 3,
		"height": 2,	
		"recipeGroup": 1,
		"shapeless": false,
		"output": { "type": "item", "code": "exoskeletons:exoskeleton-arms-armored-{material}-torque"  }
	},
	{
		"ingredientPattern": "ABC,_W_",
		"enabled": true,
		"ingredients": {
			"A": {"type": "item", "code": "exoskeletons:exoskeleton-legs-unarmored-none-speed"},
			"B": { "type": "item", "code": "armory:armor-legs-plate-*-vanilla", "name": "material", "allowedVariants": ["iron", "meteoriciron", "steel"] },
			"C": { "type": "item", "code": "armory:armor-feet-plate-*-vanilla", "name": "material", "allowedVariants": ["iron", "meteoriciron", "steel"] },
		"W": { type: "item", code: "fendragonsmp:shema-vinaxidnik", isTool: true, toolDurabilityCost: 1 },
		},
		"width": 3,
		"height": 2,	
		"recipeGroup": 1,
		"shapeless": false,
		"output": { "type": "item", "code": "exoskeletons:exoskeleton-legs-armored-{material}-speed"  }
	},
	{
		"ingredientPattern": "ABW",
		"enabled": true,
		"ingredients": {
			"A": {"type": "item", "code": "exoskeletons:exoskeleton-torso-unarmored-none-container"},
			"B": { "type": "item", "code": "armory:armor-torso-plate-*-vanilla", "name": "material", "allowedVariants": ["iron", "meteoriciron", "steel"] },
		"W": { type: "item", code: "fendragonsmp:shema-vinaxidnik", isTool: true, toolDurabilityCost: 1 },
		},
		"width": 3,
		"height": 1,	
		"recipeGroup": 1,
		"shapeless": false,
		"output": { "type": "item", "code": "exoskeletons:exoskeleton-torso-armored-{material}-container"  }
	},
]