{
	"code": "elementalravager",
	"classByType": {
		"*": "EntityRavagerRM"
	},
	"habitat": "Land",
	"enabled": true,

	"variantgroups": [
		{
			"code": "element",
			"states": [ "rust", "blood", "ghost" ],
			"loadFromProperties": "rustboundmagic:abstract/elements"
		},
		{
			"code": "variant",
			"states": [ "common", "scarlet", "russet", "ashen" ]
		}
	],
	"skipVariants": [ "*-none-*", "*-blood-*", "*-ghost-*", "*-scarlet", "*-russet", "*-ashen" ],

	"canClimb": true,
	"canClimbAnywhere": false,
	"climbTouchDistance": 0.1,
	"rotateModelOnClimb": false,
	"fallDamage": false,

	"hitboxSizeByType": {
		"*": {
			"x": 0.8,
			"y": 1.4
		}
	},
	"deadHitboxSizeByType": {
		"*": {
			"x": 0.8,
			"y": 0.5
		}
	},

	"eyeHeight": 1.0,

	"knockbackResistanceByType": {
		"*": 0.5
	},


	"attributesByType": {
		"*-rust-*": {
			"frostable": false,
			"killedByInfoText": "rustboundmagic:deadcreature-elementaldamage-{element}",
			"glitchAffected": true,
			"glitchFlicker": true,
			"spawnDamageParticles": true,
			"spawnCloserDuringLowStability": true,
			"weaknessElement1RM": "none",
			"weaknessAmount1RM": 0,
			"resistanceElement1RM": "none",
			"resistanceAmount1RM": 0,
			"strengthElement1RM": "none",
			"strengthAmount1RM": 0
		},
		"*-fire-*": {
			"frostable": false,
			"killedByInfoText": "rustboundmagic:deadcreature-elementaldamage-{element}",
			"glitchAffected": true,
			"glitchFlicker": true,
			"spawnDamageParticles": true,
			"spawnCloserDuringLowStability": true,
			"weaknessElement1RM": "water",
			"weaknessAmount1RM": 1.5,
			"resistanceElement1RM": "none",
			"resistanceAmount1RM": 0,
			"strengthElement1RM": "fire",
			"strengthAmount1RM": 2.0
		},
		"*-water-*": {
			"frostable": false,
			"killedByInfoText": "rustboundmagic:deadcreature-elementaldamage-{element}",
			"glitchAffected": true,
			"glitchFlicker": true,
			"spawnDamageParticles": true,
			"spawnCloserDuringLowStability": true,
			"weaknessElement1RM": "fire",
			"weaknessAmount1RM": 1.5,
			"resistanceElement1RM": "none",
			"resistanceAmount1RM": 0,
			"strengthElement1RM": "water",
			"strengthAmount1RM": 2.0
		},
		"*-wind-*": {
			"frostable": false,
			"killedByInfoText": "rustboundmagic:deadcreature-elementaldamage-{element}",
			"glitchAffected": true,
			"glitchFlicker": true,
			"spawnDamageParticles": true,
			"spawnCloserDuringLowStability": true,
			"weaknessElement1RM": "earth",
			"weaknessAmount1RM": 1.5,
			"resistanceElement1RM": "none",
			"resistanceAmount1RM": 0,
			"strengthElement1RM": "wind",
			"strengthAmount1RM": 2.0
		},
		"*-earth-*": {
			"frostable": false,
			"killedByInfoText": "rustboundmagic:deadcreature-elementaldamage-{element}",
			"glitchAffected": true,
			"glitchFlicker": true,
			"spawnDamageParticles": true,
			"spawnCloserDuringLowStability": true,
			"weaknessElement1RM": "wind",
			"weaknessAmount1RM": 1.5,
			"resistanceElement1RM": "none",
			"resistanceAmount1RM": 0,
			"strengthElement1RM": "earth",
			"strengthAmount1RM": 2.0
		},
		"*-lightning-*": {
			"frostable": false,
			"killedByInfoText": "rustboundmagic:deadcreature-elementaldamage-{element}",
			"glitchAffected": true,
			"glitchFlicker": true,
			"spawnDamageParticles": true,
			"spawnCloserDuringLowStability": true,
			"weaknessElement1RM": "frost",
			"weaknessAmount1RM": 1.5,
			"resistanceElement1RM": "none",
			"resistanceAmount1RM": 0,
			"strengthElement1RM": "lightning",
			"strengthAmount1RM": 2.0
		},
		"*-frost-*": {
			"frostable": false,
			"killedByInfoText": "rustboundmagic:deadcreature-elementaldamage-{element}",
			"glitchAffected": true,
			"glitchFlicker": true,
			"spawnDamageParticles": true,
			"spawnCloserDuringLowStability": true,
			"weaknessElement1RM": "lightning",
			"weaknessAmount1RM": 1.5,
			"resistanceElement1RM": "none",
			"resistanceAmount1RM": 0,
			"strengthElement1RM": "frost",
			"strengthAmount1RM": 2.0
		},
		"*-nature-*": {
			"frostable": false,
			"killedByInfoText": "rustboundmagic:deadcreature-elementaldamage-{element}",
			"glitchAffected": true,
			"glitchFlicker": true,
			"spawnDamageParticles": true,
			"spawnCloserDuringLowStability": true,
			"weaknessElement1RM": "arcane",
			"weaknessAmount1RM": 1.5,
			"resistanceElement1RM": "none",
			"resistanceAmount1RM": 0,
			"strengthElement1RM": "nature",
			"strengthAmount1RM": 2.0
		},
		"*-arcane-*": {
			"frostable": false,
			"killedByInfoText": "rustboundmagic:deadcreature-elementaldamage-{element}",
			"glitchAffected": true,
			"glitchFlicker": true,
			"spawnDamageParticles": true,
			"spawnCloserDuringLowStability": true,
			"weaknessElement1RM": "nature",
			"weaknessAmount1RM": 1.5,
			"resistanceElement1RM": "none",
			"resistanceAmount1RM": 0,
			"strengthElement1RM": "arcane",
			"strengthAmount1RM": 2.0
			//"onDeathStabilityRecoveryByType": {
			//	"*": 0.01
			//}
		}
	},


	"client": {
		"sizeByType": {
			"*": 0.75
		},
		"renderer": "ShapeEntityRendererElementalCreatureRM",
		"shapeByType": {
			"*": { "base": "entities/creatures/elementals/elementalravager" }
		},
		"texturesByType": {
			"*": {
				"default": { "base": "default" },
				//"solidrock": { "base": "entities/creatures/elementals/ravager/{element}/solidrock*" },
				"solidrock": { "base": "entities/creatures/elementals/general/{element}/cobblestone*" },
				"cobblestone": { "base": "entities/creatures/elementals/general/{element}/cobblestone*" },
				"elementalsolid": { "base": "entities/creatures/elementals/general/{element}/elementalsolid" },
				"elementalcrystal": { "base": "entities/creatures/elementals/general/{element}/elementalsolid" }
				//"elementalcrystal": { "base": "entities/creatures/elementals/{element}/elementalcrystal" }
			}
		},
		"behaviors": [
			{
				"code": "EntityBehaviorElementalDamageModifiersRM"
			},
			{
				"code": "repulseagents"
			},
			{
				"code": "controlledphysics",
				"stepHeight": 1.1251
			},
			{
				"code": "floatupwhenstuck",
				"onlyWhenDead": true
			},
			{
				"code": "interpolateposition"
			},
			{
				"code": "harvestable",
				"duration": 3
			}
		],
		"animations": [
			{
				"code": "hurt",
				"animation": "hurt",
				"animationSpeed": 2.2,
				"weight": 5,
				"blendMode": "AddAverage"
			},
			{
				"code": "dead",
				"animation": "dead",
				"animationSpeed": 1.0,
				"weight": 10,
				"blendMode": "Average",
				"triggeredBy": { "onControls": [ "dead" ] }
			},
			{
				"code": "idle",
				"animation": "idle",
				"blendMode": "AddAverage",
				"triggeredBy": { "defaultAnim": true }
			}
		]
	},
	"server": {
		"attributes": {
			"pathfinder": {
				"minTurnAnglePerSec": 720,
				"maxTurnAnglePerSec": 1440
			}
		},
		"behaviors": [
			{ "code": "repulseagents" },
			{
				"code": "controlledphysics",
				"stepHeight": 1.1251
			},
			{
				"code": "health",
				"currenthealthByType": {
					"*-common": 10,
					"*-scarlet": 20,
					"*-russet": 20,
					"*-ashen": 20
				},
				"maxhealthByType": {
					"*-common": 10,
					"*-scarlet": 20,
					"*-russet": 20,
					"*-ashen": 20
				}
			},
			{
				"code": "deaddecay",
				"hoursToDecay": 3
			},
			{
				"code": "floatupwhenstuck",
				"onlyWhenDead": true
			},
			{
				"code": "despawn",
				"minPlayerDistance": 64,
				"minSeconds": 90
			},
			//{
			//	"code": "despawn",
			//	"minPlayerDistance": 32,
			//	"minSeconds": 300
			//},
			{
				"code": "emotionstates",
				"states": [
					{
						"code": "aggressiveondamage",
						"duration": 30,
						"chance": 1,
						"slot": 2,
						"priority": 2,
						"accumType": "noaccum"
					}
				]
			},
			{
				"code": "taskai",
				"aitasks": [
					//{
					//	"__comment-aitasks": "Daytime sleep emote.",
					//	"code": "idle_em",
					//	"priority": 6.5,
					//	"minduration": 5000000,
					//	"maxduration": 5000000,
					//	"mincooldown": 5000,
					//	"maxcooldown": 10000,
					//	"animation": "standdie",
					//	"animationSpeed": 2.8,
					//	"duringDayTimeFrames": [
					//		{
					//			"fromHour": 7,
					//			"toHour": 19
					//		}
					//	],
					//	"stopOnNearbyEntityCodes": [ "player" ],
					//	"stopRange": 10,
					//	"stopOnHurt": true,
					//	"whenNotInEmotionState": "aggressiveondamage"
					//},

					//{
					//	"__comment-aitasks": "Ability: Door Breaker",
					//	"code": "hollowbreakdoor_em",
					//	"priority": 6.4,
					//	"priorityForCancel": 5.7,
					//	"minduration": 16000,
					//	"maxduration": 18000,
					//	"mincooldown": 20000,
					//	"maxcooldown": 30000,
					//	"sitDays": 0.001,
					//	"sitAnimation": "standhitleftrightmiddle",
					//	"movespeed": 0.030,
					//	"animation": "standwalk",
					//	"animationSpeed": 3.75
					//},


					{
						"__comment-aitasks": "Ability: Explosion",
						"code": "AiTaskRavagerExplosionRM",
						"priority": 5.5,
						"entityCodes": [ "player" ],
						"movespeed": 0.035,
						"seekingRange": 25,
						"mincooldown": 1000,
						"maxcooldown": 2000,
						//"maxFollowTime": 10,
						"mustDirectlySeeTarget": true,
						"animation": "walk",
						"animationSpeed": 0.75,
						"whenInEmotionState": "aggressiveondamage"
					},

					{
						"__comment-aitasks": "Ability: Explosion",
						"code": "AiTaskRavagerExplosionRM",
						"priority": 5.2,
						"entityCodes": [ "player" ],
						"movespeed": 0.035,
						"seekingRange": 8,
						"mincooldown": 1000,
						"maxcooldown": 2000,
						//"maxFollowTime": 10,
						"mustDirectlySeeTarget": true,
						"animation": "walk",
						"animationSpeed": 0.75
					},
					{
						"__comment-aitasks": "Ability: Explosion",
						"code": "AiTaskRavagerExplosionRM",
						"priority": 5.1,
						"priorityForCancel": 5.15,
						"entityCodes": [ "player" ],
						"movespeed": 0.035,
						"seekingRange": 8,
						"mincooldown": 1000,
						"maxcooldown": 2000,
						//"maxFollowTime": 10,
						"mustDirectlySeeTarget": true,
						"animation": "walk",
						"animationSpeed": 0.75
					},
					{
						"__comment-aitasks": "Ability: Explosion",
						"code": "AiTaskRavagerExplosionRM",
						"priority": 5.0,
						"priorityForCancel": 5.05,
						"entityCodes": [ "player" ],
						"movespeed": 0.01,
						"seekingRange": 25,
						"mincooldown": 750,
						"maxcooldown": 1000,
						//"maxFollowTime": 10,
						"mustDirectlySeeTarget": true,
						"animation": "walk",
						"animationSpeed": 0.75
					},



					//
					//{
					//	"__comment-aitasks": "Ability: Detonate",
					//	"code": "AiTaskRavagerExplosionRM",
					//	"priority": 5.71,
					//	"entityCodes": [ "player" ],
					//	"movespeed": 0.035,
					//	"mincooldown": 1000,
					//	"maxcooldown": 1000,
					//	"releaseAtMs": 800,
					//	"durationMs": 1000,
					//	"seekingRange": 15,
					//	"maxFollowTime": 30,
					//	"mustDirectlySeeTarget": true
					//	//"animation": "aggrorun",
					//	//"animationSpeed": 0.75//,
					//	//"sound": "eldritchmonsters:monsters/unstables/unstable-aggro"
					//},
					//
					//{
					//	"__comment-aitasks": "Ability: Detonate",
					//	"code": "AiTaskRavagerExplosionRM",
					//	"priority": 5.7,
					//	"entityCodes": [ "player" ],
					//	"movespeed": 0.03,
					//	"releaseAtMs": 800,
					//	"durationMs": 1000,
					//	"seekingRange": 25,
					//	"maxFollowTime": 30,
					//	"mustDirectlySeeTarget": true
					//	//"animation": "aggrorun",
					//	//"animationSpeed": 0.75//,
					//	//"sound": "eldritchmonsters:monsters/unstables/unstable-aggro"
					//},

					{
						"__comment-aitasks": "Seek getting out of water.",
						"code": "getoutofwater",
						"priority": 2.4,
						"priorityForCancel": 5.3,
						"movespeed": 0.025,
						"animation": "walk",
						"animationSpeed": 4.25
					},

					//{
					//	"__comment-aitasks": "Despair emote.",
					//	"code": "idle",
					//	"priority": 1.2,
					//	"priorityForCancel": 1.25,
					//	"minduration": 8000,
					//	"maxduration": 9000,
					//	"chance": 0.005,
					//	"mincooldown": 30000,
					//	"maxcooldown": 90000,
					//	"animation": "standdespair",
					//	"animationSpeed": 1.00,
					//	"sound": "eldritchmonsters:monsters/hollows/hollow-idle1"
					//},

					{
						"__comment-aitasks": "Slow speed random wander movement.",
						"code": "wander",
						"priority": 1.1,
						"priorityForCancel": 1.2,
						"movespeedByType": {
							"*": 0.01
							//"*-tainted": 0.0015,
							//"*-corrupt": 0.00175,
							//"*-abomination": 0.00225
						},
						"animationSpeedByType": {
							"*": 0.85
							//"*-tainted": 2.25,
							//"*-corrupt": 2.625,
							//"*-abomination": 3.375
						},
						"animation": "walk" //,
						//"preferredLightLevel": 7
					},
					{
						"__comment-aitasks": "Idle emote.",
						"code": "lookaround",
						"priority": 0.5
					}
				]
			},
			{
				"code": "harvestable",
				"duration": 2,
				"dropsByType": {
					"*": [
						{
							"type": "block",
							"code": "rustboundmagic:elementalcrystals-rust-small-up",
							"quantity": {
								"avg": 0.8,
								"var": 1
							}
						},
						{
							"type": "item",
							"code": "rustboundmagic:rustydust",
							"quantity": {
								"avg": 0.5,
								"var": 3
							}
						},
						{
							"type": "item",
							"code": "rustboundmagic:shiftingfibers",
							"quantity": {
								"avg": 0.5,
								"var": 3
							}
						},
						{
							"type": "item",
							"code": "rustboundmagic:primordialfragment",
							"quantity": {
								"avg": 0.5,
								"var": 1
							}
						},
						{
							"type": "item",
							"code": "rustboundmagic:arcanus-normal",
							"quantity": {
								"avg": 0.5,
								"var": 0
							}
						},
						{
							"type": "item",
							"code": "rustboundmagic:crystallizedmemories",
							"quantity": {
								"avg": 0.10,
								"var": 0
							}
						},
						{
							"type": "item",
							"code": "game:gear-rusty",
							"dropModbyStat": "rustyGearDropRate",
							"quantity": {
								"avg": 0.04,
								"var": 0
							}
						},
						{
							"type": "item",
							"code": "game:gear-temporal",
							"quantity": {
								"avg": 0.06,
								"var": 0
							}
						}
					]
				}
			}
		],
		"spawnconditionsByType": {
			"*-rust-*": {
				"runtime": {
					"group": "hostile",
					"tryOnlySurface": false,
					"chanceByType": {
						"*-common": 0.002 //0.001,
						//"*-scarlet": 0.001,
						//"*-russet": 0.001,
						//"*-ashen": 0.001
					},
					"maxQuantityByType": {
						"*-common": 1 //,
						//"*-scarlet": 1,
						//"*-russet": 1,
						//"*-ashen": 1
					},

					"maxLightLevel": 8,
					"lightLevelType": "onlyBlockLight",
					//"maxLightLevel": 10,
					//"lightLevelType": "MaxTimeOfDayLight",

					"groupSizeByType": {
						"*-common": {
							"dist": "invexp",
							"avg": 1,
							"var": 0
						} //,
						//"*-scarlet": {
						//	"dist": "verynarrowgaussian",
						//	"avg": 1,
						//	"var": 0
						//},
						//"*-russet": {
						//	"dist": "verynarrowgaussian",
						//	"avg": 1,
						//	"var": 0
						//},
						//"*-ashen": {
						//	"dist": "verynarrowgaussian",
						//	"avg": 1,
						//	"var": 0
						//}
					},
					"insideBlockCodes": [ "game:tallgrass-*", "game:snowlayer-1", "game:loosestones-*", "game:air" ]
				}
			}
		}
	},
	"sounds": {
		//"hurt": "eldritchmonsters:monsters/hollows/hollow-hurt",
		//"death": "eldritchmonsters:monsters/hollows/hollow-death",
		//"idle": "entities/elementalidle"
	},
	//"idleSoundChance": 0.15,
	"idleSoundRange": 16
}
