﻿{
  "code": "hoe-summonedobject",
  "classByType": {
    "*": "ItemSummonedObjectHoeRM"
  },
  "tool": "hoe",
  "enabled": true,

  "storageFlags": 131329,

  "variantgroups": [
    {
      "code": "glyphs",
      "states": [ "none" ],
      "loadFromProperties": "rustboundmagic:abstract/glyphs"
    },
    {
      "code": "state",
      "states": [ "unstable", "permanent", "admin" ]
    }
  ],
  "allowedVariants": [ "*-hoe1-*", "*-hoe2-*", "*-hoe3-*" ],
  "skipVariants": [ "*-permanent", "*-admin" ],

  "behaviors": [
    {
      "name": "GroundStorable",
      "properties": {
        "layout": "WallHalves",
        "wallOffYByType": {
          "*": 1
        },
        "ctrlKey": true,
        "selectionBox": {
          "x1": 0,
          "y1": 0,
          "z1": 0,
          "x2": 1,
          "y2": 0.1,
          "z2": 1
        },
        "collisionBox": {
          "x1": 0,
          "y1": 0,
          "z1": 0,
          "x2": 0,
          "y2": 0,
          "z2": 0
        }
      }
    }
  ],

  "attributesByType": {
    "*": {
      "heldItemPitchFollow": 0.5,
      "rackable": true,
      "toolrackTransformByType": {
        "*-hoe1-*": {
          "rotation": {
            "y": 1,
            "z": -1
          },
          "translation": {
            "x": -0.25,
            "y": 0.6
          },
          "scale": 1.25
        },
        "*-hoe2-*": {
          "rotation": {
            "y": 1,
            "z": -1
          },
          "translation": {
            "x": -0.25,
            "y": 0.6
          },
          "scale": 1.25
        },
        "*-hoe3-*": {
          "rotation": {
            "y": 1,
            "z": -1
          },
          "translation": {
            "x": -0.25,
            "y": 0.6
          },
          "scale": 1.25
        }
      },
      "groundStorageTransformByType": {
        "*-hoe1-*": {
          "translation": {
            "x": 0,
            "y": 0.04,
            "z": -0.23
          },
          "rotation": {
            "x": 23,
            "y": 87,
            "z": -90
          },
          "scale": 0.88
        },
        "*-hoe2-*": {
          "translation": {
            "x": 0,
            "y": 0.04,
            "z": -0.23
          },
          "rotation": {
            "x": 23,
            "y": 87,
            "z": -90
          },
          "scale": 0.88
        },
        "*-hoe3-*": {
          "translation": {
            "x": 0,
            "y": 0.04,
            "z": -0.23
          },
          "rotation": {
            "x": 23,
            "y": 87,
            "z": -90
          },
          "scale": 0.88
        }
      },

      "handbookByType": {
        "*": {
          "groupBy": [ "summonedobject-*" ],
          "extraSections": [
            {
              "title": "game:Created by",
              "text": "rustboundmagic:handbook-thaumicworkbenchonlytier1-text"
            },
            {
              "title": "rustboundmagic:handbook-magictooluse-title",
              "text": "rustboundmagic:handbook-toolusespellcastingsinglespell-text"
            }
          ]
        }
      }
    }
  },

  "creativeinventory": {
    "general": [ "*" ],
    "items": [ "*" ],
    "tools": [ "*" ],
    "rustboundmagicequipment": [ "*" ]
  },

  "maxstacksize": 1,
  "materialDensity": 1200,

  "shapeByType": {
    "*": { "base": "rustboundmagic:items/spells/summoneditems/{glyphs}" }
  },
  "texturesByType": {
    "*-hoe1-*": {
      "default": { "base": "rustboundmagic:default" },
      "string": { "base": "rustboundmagic:items/resources/shiftingfibers" },
      "handle": { "base": "rustboundmagic:items/spells/summoneditems/tier0-handle" },
      "material": { "base": "rustboundmagic:items/spells/summoneditems/tier1-metal" }
    },
    "*-hoe2-*": {
      "default": { "base": "rustboundmagic:default" },
      "string": { "base": "rustboundmagic:items/resources/shiftingfibers" },
      "handle": { "base": "rustboundmagic:items/spells/summoneditems/tier0-handle" },
      "material": { "base": "rustboundmagic:items/spells/summoneditems/tier2-metal" }
    },
    "*-hoe3-*": {
      "default": { "base": "rustboundmagic:default" },
      "string": { "base": "rustboundmagic:items/resources/shiftingfibers" },
      "handle": { "base": "rustboundmagic:items/spells/summoneditems/tier0-handle" },
      "material": { "base": "rustboundmagic:items/spells/summoneditems/tier3-metal" }
    }
  },

  "damagedby": [ "blockbreaking", "attacking" ],

  "heldTpHitAnimationByType": {
    "*-hoe1-*": "breaktool",
    "*-hoe2-*": "breaktool",
    "*-hoe3-*": "breaktool"
  },
  "heldTpUseAnimation": "hoe",

  "durabilityByType": {
    "*-hoe1-*": 50,
    "*-hoe2-*": 100,
    "*-hoe3-*": 150
  },

  "tooltierByType": {
    "*-hoe1-*": 1,
    "*-hoe2-*": 2,
    "*-hoe3-*": 4
  },

  "attackpowerByType": {
    "*-hoe1-*": 1,
    "*-hoe2-*": 2,
    "*-hoe3-*": 3
  },

  "miningspeedByType": {
    "*-hoe1-*": {
      "soil": 3.0
    },
    "*-hoe2-*": {
      "soil": 4.5
    },
    "*-hoe3-*": {
      "soil": 5.0
    }
  },

  "transitionablePropsByType": {
    "*-unstable": [
      {
        "type": "Harden",
        "freshHours": { "avg": 0 },
        "transitionHoursByType": {
          "*-hoe1-*": { "avg": 24 },
          "*-hoe2-*": { "avg": 48 },
          "*-hoe3-*": { "avg": 96 },
          "*": { "avg": 4 }
        },
        "transitionedStack": {
          "type": "item",
          "code": "game:rot"
        },
        "transitionRatio": 0
      }
    ]
  },

  "guiTransformByType": {
    "*-hoe1-*": {
      "rotate": false,
      "translation": {
        "x": 0,
        "y": 0,
        "z": 0
      },
      "rotation": {
        "x": -56,
        "y": -127,
        "z": -180
      },
      "origin": {
        "x": 0.35,
        "y": 0,
        "z": 0.55
      },
      "scale": 1.43
    },
    "*-hoe2-*": {
      "rotate": false,
      "translation": {
        "x": 0,
        "y": 0,
        "z": 0
      },
      "rotation": {
        "x": -56,
        "y": -127,
        "z": -180
      },
      "origin": {
        "x": 0.35,
        "y": 0,
        "z": 0.55
      },
      "scale": 1.43
    },
    "*-hoe3-*": {
      "rotate": false,
      "translation": {
        "x": 0,
        "y": 0,
        "z": 0
      },
      "rotation": {
        "x": -56,
        "y": -127,
        "z": -180
      },
      "origin": {
        "x": 0.35,
        "y": 0,
        "z": 0.55
      },
      "scale": 1.43
    }
  },
  "groundTransformByType": {
    "*-hoe1-*": {
      "translation": {
        "x": 0,
        "y": 0,
        "z": 0
      },
      "rotation": {
        "x": 0,
        "y": 0,
        "z": 0
      },
      "origin": {
        "x": 0.5,
        "y": 0,
        "z": 0.5
      },
      "scale": 3.6
    },
    "*-hoe2-*": {
      "translation": {
        "x": 0,
        "y": 0,
        "z": 0
      },
      "rotation": {
        "x": 0,
        "y": 0,
        "z": 0
      },
      "origin": {
        "x": 0.5,
        "y": 0,
        "z": 0.5
      },
      "scale": 3.6
    },
    "*-hoe3-*": {
      "translation": {
        "x": 0,
        "y": 0,
        "z": 0
      },
      "rotation": {
        "x": 0,
        "y": 0,
        "z": 0
      },
      "origin": {
        "x": 0.5,
        "y": 0,
        "z": 0.5
      },
      "scale": 3.6
    }
  },
  "fpHandTransformByType": {
    "*-hoe1-*": {
      "translation": {
        "x": -0.3,
        "y": -0.2,
        "z": 0
      },
      "rotation": {
        "x": -7,
        "y": 16,
        "z": 90
      },
      "scale": 2.5
    },
    "*-hoe2-*": {
      "translation": {
        "x": -0.3,
        "y": -0.2,
        "z": 0
      },
      "rotation": {
        "x": -7,
        "y": 16,
        "z": 90
      },
      "scale": 2.5
    },
    "*-hoe3-*": {
      "translation": {
        "x": -0.3,
        "y": -0.2,
        "z": 0
      },
      "rotation": {
        "x": -7,
        "y": 16,
        "z": 90
      },
      "scale": 2.5
    }
  },
  "tpHandTransformByType": {
    "*-hoe1-*": {
      "translation": {
        "x": -1,
        "y": -0.5,
        "z": -0.08
      },
      "rotation": {
        "x": 90,
        "y": 0,
        "z": -5
      },
      "scale": 1
    },
    "*-hoe2-*": {
      "translation": {
        "x": -1,
        "y": -0.5,
        "z": -0.08
      },
      "rotation": {
        "x": 90,
        "y": 0,
        "z": -5
      },
      "scale": 1
    },
    "*-hoe3-*": {
      "translation": {
        "x": -1,
        "y": -0.5,
        "z": -0.08
      },
      "rotation": {
        "x": 90,
        "y": 0,
        "z": -5
      },
      "scale": 1
    }
  }
}