﻿{
  "code": "shovel-summonedobject",
  "classByType": {
    "*": "ItemSummonedObjectShovelRM"
  },
  "tool": "shovel",
  "enabled": true,

  "storageFlags": 131329,

  "variantgroups": [
    {
      "code": "glyphs",
      "states": [ "none" ],
      "loadFromProperties": "rustboundmagic:abstract/glyphs"
    },
    {
      "code": "state",
      "states": [ "unstable", "permanent", "admin" ]
    }
  ],
  "allowedVariants": [ "*-shovel1-*", "*-shovel2-*", "*-shovel3-*" ],
  "skipVariants": [ "*-permanent", "*-admin" ],

  "behaviors": [
    {
      "name": "GroundStorable",
      "properties": {
        "layout": "WallHalves",
        "wallOffYByType": {
          "*": 2
        },
        "ctrlKey": true,
        "selectionBox": {
          "x1": 0,
          "y1": 0,
          "z1": 0,
          "x2": 1,
          "y2": 0.1,
          "z2": 1
        },
        "collisionBox": {
          "x1": 0,
          "y1": 0,
          "z1": 0,
          "x2": 0,
          "y2": 0,
          "z2": 0
        }
      }
    }
  ],

  "attributesByType": {
    "*": {
      "rackable": true,
      "toolrackTransformByType": {
        "*": {
          "rotation": {
            "y": 1,
            "z": -1
          },
          "translation": {
            "x": -0.47,
            "y": 0.6
          },
          "scale": 1.25
        }
      },
      "groundStorageTransformByType": {
        "*": {
          "translation": {
            "x": 0,
            "y": 0.5,
            "z": -0.16
          },
          "rotation": {
            "x": 13,
            "y": 88,
            "z": -87
          },
          "scale": 0.88
        }
      },

      "handbookByType": {
        "*": {
          "groupBy": [ "summonedobject-*" ],
          "extraSections": [
            {
              "title": "game:Created by",
              "text": "rustboundmagic:handbook-thaumicworkbenchonlytier1-text"
            },
            {
              "title": "rustboundmagic:handbook-magictooluse-title",
              "text": "rustboundmagic:handbook-toolusespellcastingsinglespell-text"
            }
          ]
        }
      }
    }
  },

  "creativeinventory": {
    "general": [ "*" ],
    "items": [ "*" ],
    "tools": [ "*" ],
    "rustboundmagicequipment": [ "*" ]
  },

  "maxstacksize": 1,
  "materialDensity": 1200,

  "shapeByType": {
    "*": { "base": "rustboundmagic:items/spells/summoneditems/{glyphs}" }
  },
  "texturesByType": {
    "*-shovel1-*": {
      "default": { "base": "rustboundmagic:default" },
      "string": { "base": "rustboundmagic:items/resources/shiftingfibers" },
      "handle": { "base": "rustboundmagic:items/spells/summoneditems/tier0-handle" },
      "material": { "base": "rustboundmagic:items/spells/summoneditems/tier1-metal" }
    },
    "*-shovel2-*": {
      "default": { "base": "rustboundmagic:default" },
      "string": { "base": "rustboundmagic:items/resources/shiftingfibers" },
      "handle": { "base": "rustboundmagic:items/spells/summoneditems/tier0-handle" },
      "material": { "base": "rustboundmagic:items/spells/summoneditems/tier2-metal" }
    },
    "*-shovel3-*": {
      "default": { "base": "rustboundmagic:default" },
      "string": { "base": "rustboundmagic:items/resources/shiftingfibers" },
      "handle": { "base": "rustboundmagic:items/spells/summoneditems/tier0-handle" },
      "material": { "base": "rustboundmagic:items/spells/summoneditems/tier3-metal" }
    }
  },

  "damagedby": [ "blockbreaking", "attacking" ],

  "heldTpIdleAnimation": "shovelidle",
  "heldRightReadyAnimation": "shovelready",
  "heldTpHitAnimation": "shoveldig",
  "heldTpUseAnimation": "interactStaticLong",

  "durabilityByType": {
    "*-shovel1-*": 90,
    "*-shovel2-*": 180,
    "*-shovel3-*": 270
  },

  "tooltierByType": {
    "*-shovel1-*": 1,
    "*-shovel2-*": 2,
    "*-shovel3-*": 4
  },

  "attackpowerByType": {
    "*-shovel1-*": 1,
    "*-shovel2-*": 2,
    "*-shovel3-*": 3
  },

  "miningspeedByType": {
    "*-shovel1-*": {
      "soil": 2.5,
      "sand": 2.5,
      "gravel": 2.1,
      "snow": 2.1
    },
    "*-shovel2-*": {
      "soil": 4,
      "sand": 4,
      "gravel": 2.6,
      "snow": 2.6
    },
    "*-shovel3-*": {
      "soil": 6,
      "sand": 6,
      "gravel": 4,
      "snow": 4
    }
  },

  "transitionablePropsByType": {
    "*-unstable": [
      {
        "type": "Harden",
        "freshHours": { "avg": 0 },
        "transitionHoursByType": {
          "*-shovel1-*": { "avg": 24 },
          "*-shovel2-*": { "avg": 48 },
          "*-shovel3-*": { "avg": 96 },
          "*": { "avg": 4 }
        },
        "transitionedStack": {
          "type": "item",
          "code": "game:rot"
        },
        "transitionRatio": 0
      }
    ]
  },

  "guiTransformByType": {
    "*": {
      "translation": {
        "x": 0,
        "y": 0,
        "z": 0
      },
      "rotation": {
        "x": -113,
        "y": -147,
        "z": 139
      },
      "origin": {
        "x": 0.2,
        "y": 0.7,
        "z": 0.8
      },
      "scale": 1
    }
  },
  "groundTransformByType": {
    "*": {
      "translation": {
        "x": 0,
        "y": 0,
        "z": 0
      },
      "rotation": {
        "x": 0,
        "y": 0,
        "z": 0
      },
      "origin": {
        "x": 0.5,
        "y": 0,
        "z": 0.5
      },
      "scale": 3.6
    }
  },
  "fpHandTransformByType": {
    "*": {
      "translation": {
        "x": 0.046875,
        "y": -0.2,
        "z": 0
      },
      "rotation": {
        "x": -15,
        "y": 15,
        "z": 100
      },
      "scale": 2
    }
  },
  "tpHandTransformByType": {
    "*": {
      "translation": {
        "x": -1.69,
        "y": -0.29,
        "z": -0.6
      },
      "rotation": {
        "x": 0,
        "y": 0,
        "z": -10
      },
      "scale": 0.8
    }
  }
}