﻿{
  "code": "saw-summonedobject",
  "classByType": {
    "*": "ItemSummonedObjectSawRM"
  },
  "tool": "saw",
  "enabled": true,

  "storageFlags": 131329,

  "variantgroups": [
    {
      "code": "glyphs",
      "states": [ "none" ],
      "loadFromProperties": "rustboundmagic:abstract/glyphs"
    },
    {
      "code": "state",
      "states": [ "unstable", "permanent", "admin" ]
    }
  ],
  "allowedVariants": [ "*-saw1-*", "*-saw2-*" ],
  "skipVariants": [ "*-permanent", "*-admin" ],

  "behaviors": [
    {
      "name": "GroundStorable",
      "properties": {
        "layout": "WallHalves",
        "wallOffY": 1,
        "ctrlKey": true,
        "selectionBox": {
          "x1": 0,
          "y1": 0,
          "z1": 0,
          "x2": 1,
          "y2": 0.1,
          "z2": 1
        },
        "collisionBox": {
          "x1": 0,
          "y1": 0,
          "z1": 0,
          "x2": 0,
          "y2": 0,
          "z2": 0
        }
      }
    },
    { "name": "EntityDeconstructTool" }
  ],

  "attributesByType": {
    "*": {
      "rackable": true,
      "toolrackTransformByType": {
        "*": {
          "translation": {
            "x": -0.15,
            "y": 0.05,
            "z": 0
          },
          "rotation": {
            "x": 0,
            "y": 1,
            "z": -1
          },
          "scale": 1.35
        }
      },
      "groundStorageTransformByType": {
        "*": {
          "translation": {
            "x": 0.03,
            "y": -0.18,
            "z": 0.29
          },
          "rotation": {
            "x": 26,
            "y": 90,
            "z": -90
          },
          "scale": 0.88
        }
      },

      "handbookByType": {
        "*": {
          "groupBy": [ "summonedobject-*" ],
          "extraSections": [
            {
              "title": "game:Created by",
              "text": "rustboundmagic:handbook-thaumicworkbenchonlytier1-text"
            },
            {
              "title": "rustboundmagic:handbook-magictooluse-title",
              "text": "rustboundmagic:handbook-toolusespellcastingsinglespell-text"
            }
          ]
        }
      }
    }
  },

  "creativeinventory": {
    "general": [ "*" ],
    "items": [ "*" ],
    "tools": [ "*" ],
    "rustboundmagicequipment": [ "*" ]
  },

  "maxstacksize": 1,
  "materialDensity": 1200,

  "shapeByType": {
    "*": { "base": "rustboundmagic:items/spells/summoneditems/{glyphs}" }
  },
  "texturesByType": {
    "*-saw1-*": {
      "default": { "base": "rustboundmagic:default" },
      "string": { "base": "rustboundmagic:items/resources/shiftingfibers" },
      "handle": { "base": "rustboundmagic:items/spells/summoneditems/tier0-handle" },
      "material": { "base": "rustboundmagic:items/spells/summoneditems/tier2-metal" }
    },
    "*-saw2-*": {
      "default": { "base": "rustboundmagic:default" },
      "string": { "base": "rustboundmagic:items/resources/shiftingfibers" },
      "handle": { "base": "rustboundmagic:items/spells/summoneditems/tier0-handle" },
      "material": { "base": "rustboundmagic:items/spells/summoneditems/tier3-metal" }
    }
  },

  "damagedby": [ "blockbreaking", "attacking" ],

  "heldTpHitAnimation": "breaktool",

  "attackRange": 2,

  "durabilityByType": {
    "*-saw1-*": 200,
    "*-saw2-*": 250
  },

  "tooltierByType": {
    "*-saw1-*": 2,
    "*-saw2-*": 4
  },

  //"attackpowerByType": {
  //  "*-saw1-*": 2,
  //  "*-saw2-*": 3
  //},

  "miningspeedByType": {
    "*-saw1-*": {
      "wood": 4,
      "leaves": 3.5
    },
    "*-saw2-*": {
      "wood": 5,
      "leaves": 3.5
    }
  },

  "transitionablePropsByType": {
    "*-unstable": [
      {
        "type": "Harden",
        "freshHours": { "avg": 0 },
        "transitionHoursByType": {
          "*-saw1-*": { "avg": 48 },
          "*-saw2-*": { "avg": 96 },
          "*": { "avg": 4 }
        },
        "transitionedStack": {
          "type": "item",
          "code": "game:rot"
        },
        "transitionRatio": 0
      }
    ]
  },

  "guiTransformByType": {
    "*": {
      "rotate": false,
      "translation": {
        "x": 1,
        "y": 0,
        "z": 0
      },
      "rotation": {
        "x": -77,
        "y": 47,
        "z": -151
      },
      "origin": {
        "x": 0.5,
        "y": 0.5,
        "z": 0.38
      },
      "scale": 1.9
    }
  },
  "groundTransformByType": {
    "*": {
      "translation": {
        "x": 0,
        "y": 0,
        "z": 0
      },
      "rotation": {
        "x": 0,
        "y": 0,
        "z": 0
      },
      "origin": {
        "x": 0.5,
        "y": 0.45,
        "z": 0.5
      },
      "scale": 3.6
    }
  },
  "fpHandTransformByType": {
    "*": {
      "translation": {
        "x": 0.0468,
        "y": 0,
        "z": 0
      },
      "rotation": {
        "x": -161,
        "y": 20,
        "z": 90
      },
      "scale": 2.5
    }
  },
  "tpHandTransformByType": {
    "*": {
      "translation": {
        "x": -0.65,
        "y": -0.62,
        "z": -0.45
      },
      "rotation": {
        "x": 90,
        "y": -174,
        "z": 0
      },
      "scale": 1
    }
  }
}