{
  "version": 1,
  	"formatting": [
		{
			"type": "separator",
			"title": "Налаштування для моду FendragoN:",
			"weight": 0.1
		},
		{
			"type": "separator",
			"title": "Частинки з інструментів:",
			"weight": 0.2
		},
		{
			"type": "separator",
			"title": "Частинки з заготовок:",
			"weight": 0.3
		},
		{
			"type": "separator",
			"title": "Міцність кузнечних молотів:",
			"weight": 0.4
		},
		{
			"type": "separator",
			"title": "Піднімання човна ВКЛ/ВИКЛ:",
			"weight": 0.5
		},
		{
			"type": "separator",
			"title": "Шанс дропу 'Класових схем':",
			"weight": 0.6
		},
		{
			"type": "separator",
			"title": "Кількість можливих крафтів 'Класових схем':",
			"weight": 0.7
		},
		{
			"type": "separator",
			"title": "Швидкість плавзасобів:",
			"weight": 0.8
		},
	],
	"patches": {		 
		"number": {
		//Інструменти
			"fendragonsmp:recipes/grid/all-recraft/all-recraft-tool-metalbit.json": {
				"/0/output/quantity": "tool_metalbit_recraft",
				"/1/output/quantity": "tool_metalbit_recraft",
				"/2/output/quantity": "tool_metalbit_recraft",
				"/3/output/quantity": "tool_metalbit_recraft",
				"/4/output/quantity": "tool_metalbit_recraft",
				"/5/output/quantity": "tool_metalbit_recraft",
				"/6/output/quantity": "tool_metalbit_recraft",
				"/7/output/quantity": "tool_metalbit_recraft",
				"/8/output/quantity": "tool_metalbit_recraft",
				"/9/output/quantity": "tool_metalbit_recraft",
				"/10/output/quantity": "tool_metalbit_recraft",
				"/11/output/quantity": "tool_metalbit_recraft",
				"/12/output/quantity": "tool_metalbit_recraft",
				"/13/output/quantity": "tool_metalbit_recraft",
				"/14/output/quantity": "tool_metalbit_recraft",
			},
		//Заготовки (головки)	
			"fendragonsmp:recipes/grid/all-recraft/all-recraft-toolhead-metalbit.json": {
				"/0/output/quantity": "toolhead_metalbit_recraft",
				"/1/output/quantity": "toolhead_metalbit_recraft",
				"/2/output/quantity": "toolhead_metalbit_recraft",
				"/3/output/quantity": "toolhead_metalbit_recraft",
				"/4/output/quantity": "toolhead_metalbit_recraft",
				"/5/output/quantity": "toolhead_metalbit_recraft",
				"/6/output/quantity": "toolhead_metalbit_recraft",
				"/7/output/quantity": "toolhead_metalbit_recraft",
				"/8/output/quantity": "toolhead_metalbit_recraft",
				"/9/output/quantity": "toolhead_metalbit_recraft",
				"/10/output/quantity": "toolhead_metalbit_recraft",
				"/11/output/quantity": "toolhead_metalbit_recraft",
			},
		//Міцність кузнечного молота по металам
			"game:patches/vanila-other-small-pathces.json": {
				"/28/value/*-tinbronze": "molot_tinbronze",
				"/28/value/*-bismuthbronze": "molot_bismuthbronze",
				"/28/value/*-blackbronze": "molot_blackbronze",
				"/28/value/*-iron": "molot_iron",
				"/28/value/*-meteoriciron": "molot_meteoriciron",
				"/28/value/*-steel": "molot_steel",
			},
		//Швидкість плавзасобів
			"game:patches/vanila-add-speed-boat.json": { 
				"/0/value": "speed_plit",
				"/1/value/canoe-barkcanoe-*": "speed_canoe",
				"/2/value": "speed_choven",
			},
		//Можливість піднімати човен
			"game:patches/vanila-add-speed-boat.json": {
				"/3/enabled": "choven",
			},
		//Шанс дропу 'Класових схем'	
			"game:patches/vanila-stackrandomize.json": {
				"/6/value/0/chance": "drop_chance_shema",
				"/7/value/0/chance": "drop_chance_shema",
				"/8/value/0/chance": "drop_chance_shema",
				"/9/value/0/chance": "drop_chance_shema",
				"/10/value/0/chance": "drop_chance_shema",
			},
		//Кількість крафтів від 'Класової схеми'	
			"fendragonsmp:itemtypes/tool/shema.json": {
				"/durability": "craft_kilkist_shema",
			},
		}, 
	},		
	"settings": {
		//Інструменти
		"number": {
			"tool_metalbit_recraft": {
				"name": "tool_metalbit_recraft",
				"ingui": "fendragonsmp:metalbit_title",
				"comment": "fendragonsmp:recraft_comment",
				"default": 6,
				"weight": 0.21,
				"logarithmic": true,
				"range": {
				  "min": 0,
				  "max": 20,
				  "step": 1
				},
			},
		//Заготовки
			"toolhead_metalbit_recraft": {
				"name": "toolhead_metalbit_recraft",
				"ingui": "fendragonsmp:metalbit_title",
				"comment": "fendragonsmp:recraft_comment",
				"default": 10,
				"weight": 0.31,
				"logarithmic": true,
				"range": {
				  "min": 0,
				  "max": 20,
				  "step": 1
				},
			},
		//Міцність молота tinbronze
			"molot_tinbronze": {
				"name": "molot_tinbronze",
				"ingui": "fendragonsmp:molot_tinbronze_title",
				"comment": "fendragonsmp:molot_comment",
				"default": 3000,
				"weight": 0.41,
				"logarithmic": true,
				"range": {
				  "min": 1000,
				  "max": 12000,
				  "step": 100
				},
			},
		//Міцність молота bismuthbronze
			"molot_bismuthbronze": {
				"name": "molot_bismuthbronze",
				"ingui": "fendragonsmp:molot_bismuthbronze_title",
				"comment": "fendragonsmp:molot_comment",
				"default": 3600,
				"weight": 0.42,
				"logarithmic": true,
				"range": {
				  "min": 1000,
				  "max": 14400,
				  "step": 100
				},
			},
		//Міцність молота blackbronze
			"molot_blackbronze": {
				"name": "molot_blackbronze",
				"ingui": "fendragonsmp:molot_blackbronze_title",
				"comment": "fendragonsmp:molot_comment",
				"default": 4400,
				"weight": 0.43,
				"logarithmic": true,
				"range": {
				  "min": 1000,
				  "max": 17600,
				  "step": 100
				},
			},
		//Міцність молота iron
			"molot_iron": {
				"name": "molot_iron",
				"ingui": "fendragonsmp:molot_iron_title",
				"comment": "fendragonsmp:molot_comment",
				"default": 7200,
				"weight": 0.44,
				"logarithmic": true,
				"range": {
				  "min": 1000,
				  "max": 28800,
				  "step": 100
				},
			},
		//Міцність молота meteoriciron
			"molot_meteoriciron": {
				"name": "molot_meteoriciron",
				"ingui": "fendragonsmp:molot_meteoriciron_title",
				"comment": "fendragonsmp:molot_comment",
				"default": 8400,
				"weight": 0.45,
				"logarithmic": true,
				"range": {
				  "min": 1000,
				  "max": 33600,
				  "step": 100
				},
			},
		//Міцність молота steel
			"molot_steel": {
				"name": "molot_steel",
				"ingui": "fendragonsmp:molot_steel_title",
				"comment": "fendragonsmp:molot_comment",
				"default": 18000,
				"weight": 0.46,
				"logarithmic": true,
				"range": {
				  "min": 1000,
				  "max": 72000,
				  "step": 100
				},
			},
		//Шанс дропу 'Класової схеми'
			"molot_steel": {
				"name": "drop_chance_shema",
				"ingui": "fendragonsmp:drop_chance_title",
				"comment": "fendragonsmp:drop_chance_comment",
				"default": 3,
				"weight": 0.61,
				"logarithmic": true,
				"range": {
				  "min": 0.05,
				  "max": 50,
				  "step": 0.05
				},
			},
		//Кількість крафтів від 'Класової схеми'
			"molot_steel": {
				"name": "craft_kilkist_shema",
				"ingui": "fendragonsmp:craft_kilkist_shema_title",
				"comment": "fendragonsmp:craft_kilkist_shema_comment",
				"default": 1,
				"weight": 0.71,
				"logarithmic": true,
				"range": {
				  "min": 1,
				  "max": 16,
				  "step": 1
				},
			},
		//Швидкість плоту
			"speed_plit": {
				"name": "speed_plit",
				"ingui": "fendragonsmp:speed_plit_title",
				"comment": "fendragonsmp:speed_comment",
				"default": 1,
				"weight": 0.81,
				"logarithmic": true,
				"range": {
				  "min": 0.1,
				  "max": 3,
				  "step": 0.1
				},
			},
		//Швидкість каное
			"speed_canoe": {
				"name": "speed_canoe",
				"ingui": "fendragonsmp:speed_canoe_title",
				"comment": "fendragonsmp:speed_comment",
				"default": 1.1,
				"weight": 0.82,
				"logarithmic": true,
				"range": {
				  "min": 0.1,
				  "max": 3,
				  "step": 0.1
				},
			},
		//Швидкість човна
			"speed_choven": {
				"name": "speed_choven",
				"ingui": "fendragonsmp:speed_choven_title",
				"comment": "fendragonsmp:speed_comment",
				"default": 1.2,
				"weight": 0.83,
				"logarithmic": true,
				"range": {
				  "min": 0.1,
				  "max": 3,
				  "step": 0.1
				},
			},
		},
    "boolean": {
		  "choven": {
			"name": "choven_pidnimat",
			"comment": "fendragonsmp:choven_pidnimat_comment",
			"ingui": "fendragonsmp:choven_pidnimat_title",
			"weight": 0.51,
			"default": false
		  },
		},
	},
}