{
	code: "crab-both",
	class: "EntityAgent",
	hitboxSize: { x: 0.55, y: 0.55 },
	deadHitboxSize: { x: 0.55, y: 0.55 },
	eyeHeight: 0.3,
	drops: [],
	client: {
		renderer: "Shape",
		shape: { base: "entity/land/crab/crab_base1" },
		texture: { "base": "entity/crab/crab_redx1", alternates: [ { base: "entity/crab/crab_redx2" }, { base: "entity/crab/crab_redx3" }, ] },
		size: 1.2,		
		behaviors: [
			{ code: "repulseagents" }, 
			{ code: "controlledphysics", stepHeight: 1.1055 }, 
			{ code: "floatupwhenstuck", onlyWhenDead: true },
			{ code: "interpolateposition" },
			{ code: "harvestable" },	
		],
		animations: [
			{
				code: "hurt",
				animation: "hurt", 
				animationSpeed: 2.2,
				weight: 10,
				blendMode: "AddAverage" 
			},
			{
				code: "die",
				animation: "death", 
				animationSpeed: 1.25,
				weight: 10,
				blendMode: "Average",
				triggeredBy: { onControls: ["dead"] }
			},
			{ 
				code: "idle", 
				animation: "idle",
				blendMode: "AddAverage",
				easeOutSpeed: 4,
				triggeredBy: { defaultAnim: true },
			},
			{
				code: "sleep", 
				animation: "sleep",
				easeInSpeed: 4,
				easeOutSpeed: 4,
				blendMode: "Average", 
			},
		]
	},
	server: {
		behaviors: [
			{ code: "repulseagents" }, 
			{ code: "controlledphysics", stepHeight: 1.1055 },
			{ code: "despawn", minPlayerDistance: 8, belowLightLevel: 8, minSeconds: 300 },
			{ code: "health", currenthealth: 3.8, maxhealth: 3.8 },
			{ code: "deaddecay", hoursToDecay: 12/*, decayedBlock: "carcass-tiny"*/ },
			{ code: "floatupwhenstuck", onlyWhenDead: true },			
			{ code: "emotionstates",
				states: [
					{ code: "fleeondamage", duration: 60, chance: 1, slot: 2, priority: 5, accumType: "max", whenHealthRelBelow: 1.65 },
					{ code: "saturated", duration: 1200, chance: 1, slot: 0, priority: 1, accumType: "sum" },
					{ code: "aggressiveondamage", duration: 30, chance: 1, slot: 2, priority: 2, accumType: "noaccum" },
					{ code: "alarmherdondamage", chance: 1, slot: 1, priority: 1, accumType: "max" },
				],
			},
			{ code: "harvestable", 
				drops: [
					{
						type: "item", 
						code: "game:fish-raw", 
						quantity: { avg: 1, var: 0.5 } 
					},
					{
						type: "block", 
						code: "game:seashell-conch-plain",
						quantity: { avg: 1, var: 0.5 } 
					},
				],
			},		
			{ code: "taskai",
				aitasks: [					
					{
						code: "fleeentity",
						entityCodes: [ "player", "wolf-*", "fox-*", "hyena-*", "bear-*", "chicken-rooster", "chicken-hen" ],
						priority: 2.65,
						movespeed: 0.0230,
						animationSpeed: 2.1,
						seekingRange: 8,
						animation: "Walk",		
						whenNotInEmotionState: "fleeondamage",
					},
					{
						code: "idle",
						priority: 1.88,
						minduration: 10000,
						maxduration: 1200000,
						mincooldown: 10000,
						maxcooldown: 80000,
						priorityForCancel: 1.98,
						animation: "Sleep",
						animationSpeed: 0.5,						
						whenNotInEmotionState: "aggressiveondamage",				
						duringDayTimeFrames: [ { fromHour: 16, toHour: 4 }, { fromHour: 15, toHour: 6 } ],
						stopOnNearbyEntityCodes: [ "player", "wolf-*", "fox-*", "hyena-*", "bear-*", "chicken-rooster", "chicken-hen" ],
						stopRange: 3,
						stopOnHurt: true
					},
					{
						code: "idle",
						priority: 1.3,
						priorityForCancel: 1.35,
						minduration: 2500,
						maxduration: 2500,
						mincooldown: 10000,
						maxcooldown: 50000,
						animation: "Guard",
						animationSpeed: 0.8,
						stopOnNearbyEntityCodes: [ "player", "wolf-*", "fox-*", "hyena-*", "bear-*", "chicken-rooster", "chicken-hen" ],
						stopRange: 5,							
					},
					{
						code: "idle",
						priority: 1.1,
						minduration: 1000,
						maxduration: 3000,
						mincooldown: 2000,
						maxcooldown: 30000,
						animation: "Idle",
						stopOnNearbyEntityCodes: [ "player", "wolf-*", "fox-*", "hyena-*", "bear-*", "chicken-rooster", "chicken-hen" ],
						stopRange: 5,						
					},
					{
						code: "wander", 
						priority: 1.0, 
						priorityForCancel: 1.35,
						movespeed: 0.01,
						animationSpeed: 1.7,
						animation: "Walk",
						stopOnNearbyEntityCodes: [ "player", "wolf-*", "fox-*", "hyena-*", "bear-*", "chicken-rooster", "chicken-hen" ],
						stopRange: 5,							
					},
					{ 
						code: "lookaround", 
						priority: 0.5,
						animation: "Look",						
						stopOnNearbyEntityCodes: [ "player", "wolf-*", "fox-*", "hyena-*", "bear-*", "chicken-rooster", "chicken-hen" ],
						stopRange: 5,							
					},
					{
						code: "seekentity",
						entityCodes: ["snail", "grub"],
						priority: 1.36,
						priorityForCancel: 1.37,						
						movespeed: 0.002,
						animationSpeed: 3,
						seekingRange: 2,
						animation: "Walk",
						whenNotInEmotionState: "saturated"
					},	
				]
			}
		],
		spawnconditions: {
			worldgen: {
			   "TriesPerChunk": {
				  "offset": 0.0,
				  "avg": 0.2,
				  "var": 0.2,
				  "dist": 0
				},
				"Group": null,
				"MinLightLevel": 10,
				"MaxLightLevel": 32,
				"LightLevelType": 2,
				"HerdSize": {
				  "offset": 0.0,
				  "avg": 2.0,
				  "var": 1.0,
				  "dist": 10
				},
				"Companions": [
				  "fendragonsmp:crab-baby"
				],
				"InsideBlockCodes": [
				  "game:air",
				  "game:tallgrass-*",
				  "game:sludgygravel",
				  "game:aquatic-kelp-*",
				  "game:seaweed-*"
				],
				"RequireSolidGround": true,
				"TryOnlySurface": false,
				"ClimateValueMode": 0,
				"MinTemp": 1.0,
				"MaxTemp": 22.0,
				"MinRain": 0.2,
				"MaxRain": 1.2,
				"MinForest": 0.0,
				"MaxForest": 0.0,
				"MinShrubs": 0.0,
				"MaxShrubs": 0.9,
				"MinY": 0.0,
				"MaxY": 2.0,
				"MinForestOrShrubs": 0.2,
				"GroupSize": {
				  "offset": 0.0,
				  "avg": 2.0,
				  "var": 1.0,
				  "dist": 10
				}
			},
			runtime: {
				"Chance": 0.01,
				"MaxQuantity": 1,
				"MaxQuantityByGroup": null,
				"SpawnCapPlayerScaling": 1.0,
				"MinDistanceToPlayer": 18,
				"Group": "neutral",
				"MinLightLevel": 3,
				"MaxLightLevel": 8,
				"LightLevelType": 0,
				"HerdSize": {
				  "offset": 0.0,
				  "avg": 2.0,
				  "var": 1.0,
				  "dist": 10
				},
				"Companions": [
				  "fendragonsmp:crab-baby"
				],
				"InsideBlockCodes": [
				  "game:air",
				  "game:tallgrass-*",
				  "game:sludgygravel",
				  "game:aquatic-kelp-*",
				  "game:seaweed-*"
				],
				"RequireSolidGround": true,
				"TryOnlySurface": false,
				"ClimateValueMode": 0,
				"MinTemp": 1.0,
				"MaxTemp": 22.0,
				"MinRain": 0.2,
				"MaxRain": 1.2,
				"MinForest": 0.0,
				"MaxForest": 0.0,
				"MinShrubs": 0.0,
				"MaxShrubs": 0.9,
				"MinY": 0.0,
				"MaxY": 2.0,
				"MinForestOrShrubs": 0.2,
				"GroupSize": {
				  "offset": 0.0,
				  "avg": 2.0,
				  "var": 1.0,
				  "dist": 10
				}
			}
		}
	},
	sounds: {
	},
	idleSoundChance: 0.05,
		idlesoundrange: 5
}