{
    "enableHardcore": false,
    "hardcoreLosePercentage": 0.8,
    "hardcorePenaltyDelayInWorldSeconds": 1000,
    "hardcoreMessageWhenDying": true,
    "enableLevelHunter": true,
    "enableLevelBow": true,
    "enableLevelKnife": true,
    "enableLevelSpear": true,
    "enableLevelHammer": true,
    "enableLevelAxe": true,
    "enableLevelPickaxe": true,
    "enableLevelShovel": true,
    "enableLevelSword": true,
    "enableLevelShield": true,
    "enableLevelHand": true,
    "enableLevelFarming": true,
    "enableLevelCooking": true,
    "enableLevelPanning": true,
    "enableLevelVitality": true,
    "enableLevelLeatherArmor": true,
    "enableLevelChainArmor": true,
    "enableLevelBrigandineArmor": true,
    "enableLevelPlateArmor": true,
    "enableLevelScaleArmor": true,
    "enableLevelSmithing": true,
    "cookingFirePitOverflow": 10,
    "minimumEXPEarned": 1,
    "enableLevelUpChatMessages": true,
    "enableLevelUpExperienceServerLog": false,
    "enableExtendedLog": false
}