{
  "code": "glyphs",
  "variants": [
    //{
    //  "code": "knife0"
    //},
    //{
    //  "code": "hoe0"
    //},
    //{
    //  "code": "shovel0"
    //},

    //--------//--------//--------//--------//

    {
      "code": "knife1"
    },
    {
      "code": "hoe1"
    },
    {
      "code": "shovel1"
    },
    {
      "code": "axe1"
    },
    {
      "code": "weapon1"
    },
    {
      "code": "food1"
    },
    //{
    //  "code": "poultice1"
    //},

    //--------//--------//--------//--------//

    {
      "code": "knife2"
    },
    {
      "code": "hoe2"
    },
    {
      "code": "shovel2"
    },
    {
      "code": "axe2"
    },
    {
      "code": "weapon2"
    },
    {
      "code": "food2"
    },
    //{
    //  "code": "poultice2"
    //},

    {
      "code": "saw1"
    },
    //{
    //  "code": "hammer1"
    //},
    //{
    //  "code": "chisel1"
    //},
    {
      "code": "pickaxe1"
    },
    //{
    //  "code": "bow1"
    //},
    //{
    //  "code": "arrow1"
    //},

    //--------//--------//--------//--------//

    {
      "code": "knife3"
    },
    {
      "code": "hoe3"
    },
    {
      "code": "shovel3"
    },
    {
      "code": "axe3"
    },
    {
      "code": "weapon3"
    },
    {
      "code": "food3"
    },
    //{
    //  "code": "poultice3"
    //},

    {
      "code": "saw2"
    },
    //{
    //  "code": "hammer2"
    //},
    //{
    //  "code": "chisel2"
    //},
    {
      "code": "pickaxe2"
    },
    //{
    //  "code": "bow2"
    //},
    //{
    //  "code": "arrow2"
    //},

    //{
    //  "code": "armorhead1"
    //},
    //{
    //  "code": "armorbody1"
    //},
    //{
    //  "code": "armorlegs1"
    //},
    {
      "code": "bag1"
    },
    //{
    //  "code": "feast1"
    //},

    //--------//--------//--------//--------//

    //{
    //  "code": "elementalarrowfire"
    //},
    //{
    //  "code": "elementalarrowwater"
    //},
    //{
    //  "code": "elementalarrowwind"
    //},
    //{
    //  "code": "elementalarrowearth"
    //},
    //{
    //  "code": "elementalarrowlightning"
    //},
    //{
    //  "code": "elementalarrowfrost"
    //},
    //{
    //  "code": "elementalarrownature"
    //},
    //{
    //  "code": "elementalarrowarcane"
    //},

    {
      "code": "ultimateweaponfire"
    },
    {
      "code": "ultimateweaponwater"
    },
    {
      "code": "ultimateweaponwind"
    },
    {
      "code": "ultimateweaponearth"
    },
    {
      "code": "ultimateweaponlightning"
    },
    {
      "code": "ultimateweaponfrost"
    },
    {
      "code": "ultimateweaponnature"
    },
    {
      "code": "ultimateweaponarcane"
    }
  ]
}
