[
	{//0
//Рекрафт Блок з черепиці  
		ingredientPattern: "HS",
		enabled: true,
		ingredients: {
			"S": { type: "block", code: "game:clayshingleblock-*", name: "type", allowedVariants: ["black", "brown", "cream", "fire", "gray", "orange", "red", "tan"], quantity: 1 },
			"H": { type: "item", code: "game:hammer-*", isTool: true, toolDurabilityCost: 1 },
		},
		width: 2,
		height: 1,
		recipeGroup: 1,
		shapeless: false,
		output: { type: "item", code: "game:shingle-burned-{type}", quantity: 1  }
	},
	{//1
//Рекрафт Плита з черепиці  
		ingredientPattern: "HS",
		enabled: true,
		ingredients: {
			"S": { type: "block", code: "game:clayshinglelabs-*-down-free", name: "type", allowedVariants: ["black", "brown", "cream", "fire", "gray", "orange", "red", "tan"], quantity: 1 },
			"H": { type: "item", code: "game:hammer-*", isTool: true, toolDurabilityCost: 1 },
		},
		width: 2,
		height: 1,
		recipeGroup: 1,
		shapeless: false,
		output: { type: "item", code: "game:shingle-burned-{type}", quantity: 1  }
	},
	{//2
//Рекрафт Сходи з черепиці  
		ingredientPattern: "HS",
		enabled: true,
		ingredients: {
			"S": { type: "block", code: "game:clayshinglestairs-*-up-north-free", name: "type", allowedVariants: ["black", "brown", "cream", "fire", "gray", "orange", "red", "tan"], quantity: 1 },
			"H": { type: "item", code: "game:hammer-*", isTool: true, toolDurabilityCost: 1 },
		},
		width: 2,
		height: 1,
		recipeGroup: 1,
		shapeless: false,
		output: { type: "item", code: "game:shingle-burned-{type}", quantity: 1  }
	},
	{//3
//Рекрафт "Похила покрівля з черепиці  
		ingredientPattern: "HS",
		enabled: true,
		ingredients: {
			"S": { type: "block", code: "game:slantedroofing-*clay-east-free", name: "type", allowedVariants: ["black", "brown", "cream", "fire", "gray", "orange", "red", "tan"], quantity: 1 },
			"H": { type: "item", code: "game:hammer-*", isTool: true, toolDurabilityCost: 1 },
		},
		width: 2,
		height: 1,
		recipeGroup: 1,
		shapeless: false,
		output: { type: "item", code: "game:shingle-burned-{type}", quantity: 1  }
	}, 
	{//4
//Рекрафт "Гребінь покрівлі з черепиці  
		ingredientPattern: "HS",
		enabled: true,
		ingredients: {
			"S": { type: "block", code: "game:slantedroofingridge-*clay-ns-free", name: "type", allowedVariants: ["black", "brown", "cream", "fire", "gray", "orange", "red", "tan"], quantity: 1 },
			"H": { type: "item", code: "game:hammer-*", isTool: true, toolDurabilityCost: 1 },
		},
		width: 2,
		height: 1,
		recipeGroup: 1,
		shapeless: false,
		output: { type: "item", code: "game:shingle-burned-{type}", quantity: 1  }
	}, 
	{//5
//Рекрафт "Верхівка покрівлі з черепиці  
		ingredientPattern: "HS",
		enabled: true,
		ingredients: {
			"S": { type: "block", code: "game:slantedroofingtip-*clay-free", name: "type", allowedVariants: ["black", "brown", "cream", "fire", "gray", "orange", "red", "tan"], quantity: 1 },
			"H": { type: "item", code: "game:hammer-*", isTool: true, toolDurabilityCost: 1 },
		},
		width: 2,
		height: 1,
		recipeGroup: 1,
		shapeless: false,
		output: { type: "item", code: "game:shingle-burned-{type}", quantity: 1  }
	}, 
	{//6
//Рекрафт "Внутрішній кут покрівлі з черепиці  
		ingredientPattern: "HS",
		enabled: true,
		ingredients: {
			"S": { type: "block", code: "game:slantedroofingcornerinner-*clay-east-free", name: "type", allowedVariants: ["black", "brown", "cream", "fire", "gray", "orange", "red", "tan"], quantity: 1 },
			"H": { type: "item", code: "game:hammer-*", isTool: true, toolDurabilityCost: 1 },
		},
		width: 2,
		height: 1,
		recipeGroup: 1,
		shapeless: false,
		output: { type: "item", code: "game:shingle-burned-{type}", quantity: 1  }
	}, 
	{//7
//Рекрафт "Зовнішній кут покрівлі з черепиці  
		ingredientPattern: "HS",
		enabled: true,
		ingredients: {
			"S": { type: "block", code: "game:slantedroofingcornerouter-*clay-east-free", name: "type", allowedVariants: ["black", "brown", "cream", "fire", "gray", "orange", "red", "tan"], quantity: 1 },
			"H": { type: "item", code: "game:hammer-*", isTool: true, toolDurabilityCost: 1 },
		},
		width: 2,
		height: 1,
		recipeGroup: 1,
		shapeless: false,
		output: { type: "item", code: "game:shingle-burned-{type}", quantity: 1  }
	}, 
	{//8
//Рекрафт "Нижня частина покрівлі" з черепиці  
		ingredientPattern: "HS",
		enabled: true,
		ingredients: {
			"S": { type: "block", code: "game:slantedroofingbottom-*clay-east-free", name: "type", allowedVariants: ["black", "brown", "cream", "fire", "gray", "orange", "red", "tan"], quantity: 1 },
			"H": { type: "item", code: "game:hammer-*", isTool: true, toolDurabilityCost: 1 },
		},
		width: 2,
		height: 1,
		recipeGroup: 1,
		shapeless: false,
		output: { type: "item", code: "game:shingle-burned-{type}", quantity: 1  }
	}, 
	{//9
//Рекрафт "Верхня частина покрівлі" з черепиці  
		ingredientPattern: "HS",
		enabled: true,
		ingredients: {
			"S": { type: "block", code: "game:slantedroofingtop-*clay-east-free", name: "type", allowedVariants: ["black", "brown", "cream", "fire", "gray", "orange", "red", "tan"], quantity: 1 },
			"H": { type: "item", code: "game:hammer-*", isTool: true, toolDurabilityCost: 1 },
		},
		width: 2,
		height: 1,
		recipeGroup: 1,
		shapeless: false,
		output: { type: "item", code: "game:shingle-burned-{type}", quantity: 1  }
	}, 
	{//10
//Рекрафт "Кінець гребеня покрівлі" з черепиці  
		ingredientPattern: "HS",
		enabled: true,
		ingredients: {
			"S": { type: "block", code: "game:slantedroofingridgeend-*clay-east-free", name: "type", allowedVariants: ["black", "brown", "cream", "fire", "gray", "orange", "red", "tan"], quantity: 1 },
			"H": { type: "item", code: "game:hammer-*", isTool: true, toolDurabilityCost: 1 },
		},
		width: 2,
		height: 1,
		recipeGroup: 1,
		shapeless: false,
		output: { type: "item", code: "game:shingle-burned-{type}", quantity: 1  }
	}, 
	{//11
//Рекрафт "Права пол. гребеня покрівлі" з черепиці  
		ingredientPattern: "HS",
		enabled: true,
		ingredients: {
			"S": { type: "block", code: "game:slantedroofinghalfright-*clay-east-free", name: "type", allowedVariants: ["black", "brown", "cream", "fire", "gray", "orange", "red", "tan"], quantity: 1 },
			"H": { type: "item", code: "game:hammer-*", isTool: true, toolDurabilityCost: 1 },
		},
		width: 2,
		height: 1,
		recipeGroup: 1,
		shapeless: false,
		output: { type: "item", code: "game:shingle-burned-{type}", quantity: 1  }
	},
	{//12
//Рекрафт "Ліва пол. гребеня покрівлі" з черепиці  
		ingredientPattern: "HS",
		enabled: true,
		ingredients: {
			"S": { type: "block", code: "game:slantedroofinghalfleft-*clay-east-free", name: "type", allowedVariants: ["black", "brown", "cream", "fire", "gray", "orange", "red", "tan"], quantity: 1 },
			"H": { type: "item", code: "game:hammer-*", isTool: true, toolDurabilityCost: 1 },
		},
		width: 2,
		height: 1,
		recipeGroup: 1,
		shapeless: false,
		output: { type: "item", code: "game:shingle-burned-{type}", quantity: 1  }
	}, 
	{//13
//Рекрафт "Права пол. греб. покрівлі" з черепиці  
		ingredientPattern: "HS",
		enabled: true,
		ingredients: {
			"S": { type: "block", code: "game:slantedroofingridgehalfright-*clay-east-free", name: "type", allowedVariants: ["black", "brown", "cream", "fire", "gray", "orange", "red", "tan"], quantity: 1 },
			"H": { type: "item", code: "game:hammer-*", isTool: true, toolDurabilityCost: 1 },
		},
		width: 2,
		height: 1,
		recipeGroup: 1,
		shapeless: false,
		output: { type: "item", code: "game:shingle-burned-{type}", quantity: 1  }
	},
	{//14
//Рекрафт "Ліва пол. греб. покрівлі" з черепиці  
		ingredientPattern: "HS",
		enabled: true,
		ingredients: {
			"S": { type: "block", code: "game:slantedroofingridgehalfleft-*clay-east-free", name: "type", allowedVariants: ["black", "brown", "cream", "fire", "gray", "orange", "red", "tan"], quantity: 1 },
			"H": { type: "item", code: "game:hammer-*", isTool: true, toolDurabilityCost: 1 },
		},
		width: 2,
		height: 1,
		recipeGroup: 1,
		shapeless: false,
		output: { type: "item", code: "game:shingle-burned-{type}", quantity: 1  }
	},
]