[
	{//0
//Рекрафт - головка сокири
	  ingredientPattern:"C,A",
	  enabled: true,
	  ingredients: {			
			"C": { type: "item", code: "game:chisel-*", isTool: true, toolDurabilityCost: 25  },
			"A": {  type: "item", code: "game:axehead-*",  name: "material", skipVariants: [ "chert", "granite", "andesite", "basalt", "obsidian", "peridotite", "flint" ], quantity: 1 }
		},
	  width: 2,
	  height: 1,
	  recipeGroup: 10,
	  shapeless: false,
	  output: { type: "item", code: "game:metalbit-{material}", quantity: 1 }
	},
	{//1
//Рекрафт - заготовка меча (фалькс)
	  ingredientPattern:"C,A",
	  enabled: true,
	  ingredients: {			
			"C": { type: "item", code: "game:chisel-*", isTool: true, toolDurabilityCost: 25  },
			"A": {  type: "item", code: "game:bladehead-falx-*",  name: "metal", quantity: 1 }
		},
	  width: 2,
	  height: 1,
	  recipeGroup: 10,
	  shapeless: false,
	  output: { type: "item", code: "game:metalbit-{metal}", quantity: 1 }
	},
	{//2
//Рекрафт - заготовка меча (шортс)
	  ingredientPattern:"C,A",
	  enabled: true,
	  ingredients: {			
			"C": { type: "item", code: "game:chisel-*", isTool: true, toolDurabilityCost: 25  },
			"A": {  type: "item", code: "game:bladehead-short-*",  name: "metal", allowedVariants: [ "iron" ], quantity: 1 }
		},
	  width: 2,
	  height: 1,
	  recipeGroup: 10,
	  shapeless: false,
	  output: { type: "item", code: "game:metalbit-{metal}", quantity: 1 }
	},
	{//3
//Рекрафт - заготовка молота
	  ingredientPattern:"C,A",
	  enabled: true,
	  ingredients: {			
			"C": { type: "item", code: "game:chisel-*", isTool: true, toolDurabilityCost: 25  },
			"A": {  type: "item", code: "game:hammerhead-*",  name: "metal", quantity: 1 }
		},
	  width: 2,
	  height: 1,
	  recipeGroup: 10,
	  shapeless: false,
	  output: { type: "item", code: "game:metalbit-{metal}", quantity: 1 }
	},
	{//4
//Рекрафт - заготовка мотики
	  ingredientPattern:"C,A",
	  enabled: true,
	  ingredients: {			
			"C": { type: "item", code: "game:chisel-*", isTool: true, toolDurabilityCost: 25  },
			"A": {  type: "item", code: "game:hoehead-*",  name: "material", skipVariants: [ "chert", "granite", "andesite", "basalt", "obsidian", "peridotite", "flint" ], quantity: 1 }
		},
	  width: 2,
	  height: 1,
	  recipeGroup: 10,
	  shapeless: false,
	  output: { type: "item", code: "game:metalbit-{material}", quantity: 1 }
	},
	{//5
//Рекрафт - заготовка ножа
	  ingredientPattern:"C,A",
	  enabled: true,
	  ingredients: {			
			"C": { type: "item", code: "game:chisel-*", isTool: true, toolDurabilityCost: 25  },
			"A": {  type: "item", code: "game:knifeblade-*",  name: "material", skipVariants: [ "chert", "granite", "andesite", "basalt", "obsidian", "peridotite", "flint" ], quantity: 1 }
		},
	  width: 2,
	  height: 1,
	  recipeGroup: 10,
	  shapeless: false,
	  output: { type: "item", code: "game:metalbit-{material}", quantity: 1 }
	},
	{//6
//Рекрафт - заготовка кайло
	  ingredientPattern:"C,A",
	  enabled: true,
	  ingredients: {			
			"C": { type: "item", code: "game:chisel-*", isTool: true, toolDurabilityCost: 25  },
			"A": {  type: "item", code: "game:pickaxehead-*",  name: "metal", quantity: 1 }
		},
	  width: 2,
	  height: 1,
	  recipeGroup: 10,
	  shapeless: false,
	  output: { type: "item", code: "game:metalbit-{metal}", quantity: 1 }
	},
	{//7
//Рекрафт - заготовка геол.молот
	  ingredientPattern:"C,A",
	  enabled: true,
	  ingredients: {			
			"C": { type: "item", code: "game:chisel-*", isTool: true, toolDurabilityCost: 25  },
			"A": {  type: "item", code: "game:prospectingpickhead-*",  name: "metal", quantity: 1 }
		},
	  width: 2,
	  height: 1,
	  recipeGroup: 10,
	  shapeless: false,
	  output: { type: "item", code: "game:metalbit-{metal}", quantity: 1 }
	},
	{//8
//Рекрафт - заготовка пилки
	  ingredientPattern:"C,A",
	  enabled: true,
	  ingredients: {			
			"C": { type: "item", code: "game:chisel-*", isTool: true, toolDurabilityCost: 25  },
			"A": {  type: "item", code: "game:sawblade-*",  name: "metal", quantity: 1 }
		},
	  width: 2,
	  height: 1,
	  recipeGroup: 10,
	  shapeless: false,
	  output: { type: "item", code: "game:metalbit-{metal}", quantity: 1 }
	},
	{//9
//Рекрафт - заготовка коса
	  ingredientPattern:"C,A",
	  enabled: true,
	  ingredients: {			
			"C": { type: "item", code: "game:chisel-*", isTool: true, toolDurabilityCost: 25  },
			"A": {  type: "item", code: "game:scythehead-*",  name: "metal", quantity: 1 }
		},
	  width: 2,
	  height: 1,
	  recipeGroup: 10,
	  shapeless: false,
	  output: { type: "item", code: "game:metalbit-{metal}", quantity: 1 }
	},
	{//10
//Рекрафт - заготовка лопата
	  ingredientPattern:"C,A",
	  enabled: true,
	  ingredients: {			
			"C": { type: "item", code: "game:chisel-*", isTool: true, toolDurabilityCost: 25  },
			"A": {  type: "item", code: "game:shovelhead-*",  name: "material", skipVariants: [ "chert", "granite", "andesite", "basalt", "obsidian", "peridotite", "flint" ], quantity: 1 }
		},
	  width: 2,
	  height: 1,
	  recipeGroup: 10,
	  shapeless: false,
	  output: { type: "item", code: "game:metalbit-{material}", quantity: 1 }
	},
	{//11
//Рекрафт - заготовка спис
	  ingredientPattern:"C,A",
	  enabled: true,
	  ingredients: {			
			"C": { type: "item", code: "game:chisel-*", isTool: true, toolDurabilityCost: 25  },
			"A": {  type: "item", code: "game:spearhead-*",  name: "material", skipVariants: [ "chert", "granite", "andesite", "basalt", "obsidian", "peridotite", "flint" ], quantity: 1 }
		},
	  width: 2,
	  height: 1,
	  recipeGroup: 10,
	  shapeless: false,
	  output: { type: "item", code: "game:metalbit-{material}", quantity: 1 }
	},
]