[
	{//0
//Рекрафт - сокира
	  ingredientPattern:"C,A",
	  enabled: true,
	  ingredients: {			
			"C": { type: "item", code: "game:chisel-*", isTool: true, toolDurabilityCost: 25  },
			"A": {  type: "item", code: "game:axe-felling-*",  name: "material", skipVariants: [ "scrap", "ruined", "wfradmin" ], quantity: 1 }
																													//"wfradmin" - це предмет з WildFarming
		},
	  width: 1,
	  height: 2,
	  recipeGroup: 10,
	  shapeless: false,
	  output: { type: "item", code: "game:metalbit-{material}", quantity: 1 }
	},
	{//1
//Рекрафт - лезо меча
	  ingredientPattern:"C,A",
	  enabled: true,
	  ingredients: {			
			"C": { type: "item", code: "game:chisel-*", isTool: true, toolDurabilityCost: 25  },
			"A": {  type: "item", code: "game:blade-falx-*",  name: "metal", skipVariants: [ "scrap", "ruined", "admin" ], quantity: 1 }
		},
	  width: 1,
	  height: 2,
	  recipeGroup: 10,
	  shapeless: false,
	  output: { type: "item", code: "game:metalbit-{metal}", quantity: 1 }
	},
	{//2
//Рекрафт - зубило
	  ingredientPattern:"C,A",
	  enabled: true,
	  ingredients: {			
			"C": { type: "item", code: "game:chisel-*", isTool: true, toolDurabilityCost: 25  },
			"A": {  type: "item", code: "game:chisel-*",  name: "material", quantity: 1 }
		},
	  width: 1,
	  height: 2,
	  recipeGroup: 10,
	  shapeless: false,
	  output: { type: "item", code: "game:metalbit-{material}", quantity: 1 }
	},
	{//3
//Рекрафт - тесак
	  ingredientPattern:"C,A",
	  enabled: true,
	  ingredients: {			
			"C": { type: "item", code: "game:chisel-*", isTool: true, toolDurabilityCost: 25  },
			"A": {  type: "item", code: "game:cleaver-*",  name: "material", quantity: 1 }
		},
	  width: 1,
	  height: 2,
	  recipeGroup: 10,
	  shapeless: false,
	  output: { type: "item", code: "game:metalbit-{material}", quantity: 1 }
	},
	{//4
//Рекрафт - молот
	  ingredientPattern:"C,A",
	  enabled: true,
	  ingredients: {			
			"C": { type: "item", code: "game:chisel-*", isTool: true, toolDurabilityCost: 25  },
			"A": {  type: "item", code: "game:hammer-*",  name: "metal", quantity: 1 }
		},
	  width: 1,
	  height: 2,
	  recipeGroup: 10,
	  shapeless: false,
	  output: { type: "item", code: "game:metalbit-{metal}", quantity: 1 }
	},
	{//5
//Рекрафт - мотика
	  ingredientPattern:"C,A",
	  enabled: true,
	  ingredients: {			
			"C": { type: "item", code: "game:chisel-*", isTool: true, toolDurabilityCost: 25  },
			"A": {  type: "item", code: "game:hoe-*",  name: "material", skipVariants: [ "chert", "granite", "andesite", "basalt", "obsidian", "peridotite", "flint" ], quantity: 1 }
		},
	  width: 1,
	  height: 2,
	  recipeGroup: 10,
	  shapeless: false,
	  output: { type: "item", code: "game:metalbit-{material}", quantity: 1 }
	},
	{//6
//Рекрафт - ніж
	  ingredientPattern:"C,A",
	  enabled: true,
	  ingredients: {			
			"C": { type: "item", code: "game:chisel-*", isTool: true, toolDurabilityCost: 25  },
			"A": {  type: "item", code: "game:knife-generic-*",  name: "material", allowedVariants: [ "copper", "tinbronze", "bismuthbronze", "blackbronze", "gold", "silver", "iron", "meteoriciron", "steel" ], quantity: 1 }
		},
	  width: 1,
	  height: 2,
	  recipeGroup: 10,
	  shapeless: false,
	  output: { type: "item", code: "game:metalbit-{material}", quantity: 1 }
	},	
	{//7
//Рекрафт - кайло
	  ingredientPattern:"C,A",
	  enabled: true,
	  ingredients: {			
			"C": { type: "item", code: "game:chisel-*", isTool: true, toolDurabilityCost: 25  },
			"A": {  type: "item", code: "game:pickaxe-*",  name: "metal", quantity: 1 }
		},
	  width: 1,
	  height: 2,
	  recipeGroup: 10,
	  shapeless: false,
	  output: { type: "item", code: "game:metalbit-{metal}", quantity: 1 }
	},
	{//8
//Рекрафт - геологічний молоток
	  ingredientPattern:"C,A",
	  enabled: true,
	  ingredients: {			
			"C": { type: "item", code: "game:chisel-*", isTool: true, toolDurabilityCost: 25  },
			"A": {  type: "item", code: "game:prospectingpick-*",  name: "metal", quantity: 1 }
		},
	  width: 1,
	  height: 2,
	  recipeGroup: 10,
	  shapeless: false,
	  output: { type: "item", code: "game:metalbit-{metal}", quantity: 1 }
	},
	{//9
//Рекрафт - пилка
	  ingredientPattern:"C,A",
	  enabled: true,
	  ingredients: {			
			"C": { type: "item", code: "game:chisel-*", isTool: true, toolDurabilityCost: 25  },
			"A": {  type: "item", code: "game:saw-*",  name: "metal", quantity: 1 }
		},
	  width: 1,
	  height: 2,
	  recipeGroup: 10,
	  shapeless: false,
	  output: { type: "item", code: "game:metalbit-{metal}", quantity: 1 }
	},
	{//10
//Рекрафт - коса
	  ingredientPattern:"C,A",
	  enabled: true,
	  ingredients: {			
			"C": { type: "item", code: "game:chisel-*", isTool: true, toolDurabilityCost: 25  },
			"A": {  type: "item", code: "game:scythe-*",  name: "metal", quantity: 1 }
		},
	  width: 1,
	  height: 2,
	  recipeGroup: 10,
	  shapeless: false,
	  output: { type: "item", code: "game:metalbit-{metal}", quantity: 1 }
	},
	{//11
//Рекрафт - ножиці
	  ingredientPattern:"C,A",
	  enabled: true,
	  ingredients: {			
			"C": { type: "item", code: "game:chisel-*", isTool: true, toolDurabilityCost: 25  },
			"A": {  type: "item", code: "game:shears-*",  name: "metal", quantity: 1 }
		},
	  width: 1,
	  height: 2,
	  recipeGroup: 10,
	  shapeless: false,
	  output: { type: "item", code: "game:metalbit-{metal}", quantity: 1 }
	},
	{//12
//Рекрафт - лопата
	  ingredientPattern:"C,A",
	  enabled: true,
	  ingredients: {			
			"C": { type: "item", code: "game:chisel-*", isTool: true, toolDurabilityCost: 25  },
			"A": {  type: "item", code: "game:shovel-*",  name: "material", skipVariants: [ "chert", "granite", "andesite", "basalt", "obsidian", "peridotite", "flint" ], quantity: 1 }
		},
	  width: 1,
	  height: 2,
	  recipeGroup: 10,
	  shapeless: false,
	  output: { type: "item", code: "game:metalbit-{material}", quantity: 1 }
	},
	{//13
//Рекрафт - спис
	  ingredientPattern:"C,A",
	  enabled: true,
	  ingredients: {			
			"C": { type: "item", code: "game:chisel-*", isTool: true, toolDurabilityCost: 25  },
			"A": {  type: "item", code: "game:spear-generic-*",  name: "material", allowedVariants: [ "copper", "tinbronze", "bismuthbronze", "blackbronze" ], quantity: 1 }
		},
	  width: 1,
	  height: 2,
	  recipeGroup: 10,
	  shapeless: false,
	  output: { type: "item", code: "game:metalbit-{material}", quantity: 1 }
	},
	{//14
//Рекрафт - гайковий ключ
	  ingredientPattern:"C,A",
	  enabled: true,
	  ingredients: {			
			"C": { type: "item", code: "game:chisel-*", isTool: true, toolDurabilityCost: 25  },
			"A": {  type: "item", code: "game:wrench-*",  name: "metal", quantity: 1 }
		},
	  width: 1,
	  height: 2,
	  recipeGroup: 10,
	  shapeless: false,
	  output: { type: "item", code: "game:metalbit-{metal}", quantity: 1 }
	},
]