[
	{
//Рекрафт броні lamellar на частинки
	  ingredientPattern:"C,A",
	  enabled: true,
	  ingredients: {			
			"C": { type: "item", code: "game:chisel-*", isTool: true, toolDurabilityCost: 25  },
			"A": {  type: "item", code: "game:armor-head-lamellar-*",  name: "metal", allowedVariants: ["copper", "tinbronze", "blackbronze", "bismuthbronze"], quantity: 1 }
		},
	  width: 1,
	  height: 2,
	  recipeGroup: 7,
	  shapeless: false,
	  output: { type: "item", code: "game:metalbit-{metal}", quantity: 30 }
	},
	{
	  ingredientPattern:"C,A",
	  enabled: true,
	  ingredients: {			
			"C": { type: "item", code: "game:chisel-*", isTool: true, toolDurabilityCost: 25  },
			"A": {  type: "item", code: "game:armor-body-lamellar-*",  name: "metal", allowedVariants: ["copper", "tinbronze", "blackbronze", "bismuthbronze"], quantity: 1 }
		},
	  width: 1,
	  height: 2,
	  recipeGroup: 7,
	  shapeless: false,
	  output: { type: "item", code: "game:metalbit-{metal}", quantity: 110 }
	},
	{
	  ingredientPattern:"C,A",
	  enabled: true,
	  ingredients: {			
			"C": { type: "item", code: "game:chisel-*", isTool: true, toolDurabilityCost: 25  },
			"A": {  type: "item", code: "game:armor-legs-lamellar-*",  name: "metal", allowedVariants: ["copper", "tinbronze", "blackbronze", "bismuthbronze"], quantity: 1 }
		},
	  width: 1,
	  height: 2,
	  recipeGroup: 7,
	  shapeless: false,
	  output: { type: "item", code: "game:metalbit-{metal}", quantity: 50 }
	},			
	{
//Рекрафт броні brigandine на частинки
	  ingredientPattern:"C,A",
	  enabled: true,
	  ingredients: {			
			"C": { type: "item", code: "game:chisel-*", isTool: true, toolDurabilityCost: 25  },
			"A": {  type: "item", code: "game:armor-head-brigandine-*",  name: "metal", allowedVariants: ["copper", "tinbronze", "bismuthbronze", "blackbronze", "iron", "meteoriciron", "steel"], quantity: 1 }
		},
	  width: 1,
	  height: 2,
	  recipeGroup: 8,
	  shapeless: false,
	  output: { type: "item", code: "game:metalbit-{metal}", quantity: 20 }
	},
	{
	  ingredientPattern:"C,A",
	  enabled: true,
	  ingredients: {			
			"C": { type: "item", code: "game:chisel-*", isTool: true, toolDurabilityCost: 25  },
			"A": {  type: "item", code: "game:armor-body-brigandine-*",  name: "metal", allowedVariants: ["copper", "tinbronze", "blackbronze", "bismuthbronze"], quantity: 1 }
		},
	  width: 1,
	  height: 2,
	  recipeGroup: 8,
	  shapeless: false,
	  output: { type: "item", code: "game:metalbit-{metal}", quantity: 80 }
	},
	{
	  ingredientPattern:"C,A",
	  enabled: true,
	  ingredients: {			
			"C": { type: "item", code: "game:chisel-*", isTool: true, toolDurabilityCost: 25  },
			"A": {  type: "item", code: "game:armor-legs-brigandine-*",  name: "metal", allowedVariants: ["copper", "tinbronze", "blackbronze", "bismuthbronze"], quantity: 1 }
		},
	  width: 1,
	  height: 2,
	  recipeGroup: 8,
	  shapeless: false,
	  output: { type: "item", code: "game:metalbit-{metal}", quantity: 40 }
	},			
	{
//Рекрафт броні chain на частинки
	  ingredientPattern:"C,A",
	  enabled: true,
	  ingredients: {			
			"C": { type: "item", code: "game:chisel-*", isTool: true, toolDurabilityCost: 25  },
			"A": {  type: "item", code: "game:armor-head-chain-*",  name: "metal", allowedVariants: ["copper", "tinbronze", "bismuthbronze", "blackbronze", "iron", "meteoriciron", "steel", "gold", "silver"], quantity: 1 }
		},
	  width: 1,
	  height: 2,
	  recipeGroup: 9,
	  shapeless: false,
	  output: { type: "item", code: "game:metalbit-{metal}", quantity: 60 }
	},
	{
	  ingredientPattern:"C,A",
	  enabled: true,
	  ingredients: {			
			"C": { type: "item", code: "game:chisel-*", isTool: true, toolDurabilityCost: 25  },
			"A": {  type: "item", code: "game:armor-body-chain-*",  name: "metal", allowedVariants: ["copper", "tinbronze", "bismuthbronze", "blackbronze", "iron", "meteoriciron", "steel", "gold", "silver"], quantity: 1 }
		},
	  width: 1,
	  height: 2,
	  recipeGroup: 9,
	  shapeless: false,
	  output: { type: "item", code: "game:metalbit-{metal}", quantity: 160 }
	},
	{
	  ingredientPattern:"C,A",
	  enabled: true,
	  ingredients: {			
			"C": { type: "item", code: "game:chisel-*", isTool: true, toolDurabilityCost: 25  },
			"A": {  type: "item", code: "game:armor-legs-chain-*",  name: "metal", allowedVariants: ["copper", "tinbronze", "bismuthbronze", "blackbronze", "iron", "meteoriciron", "steel", "gold", "silver"], quantity: 1 }
		},
	  width: 1,
	  height: 2,
	  recipeGroup: 9,
	  shapeless: false,
	  output: { type: "item", code: "game:metalbit-{metal}", quantity: 100 }
	},			
	{
//Рекрафт броні scale на частинки
	  ingredientPattern:"C,A",
	  enabled: true,
	  ingredients: {			
			"C": { type: "item", code: "game:chisel-*", isTool: true, toolDurabilityCost: 25  },
			"A": {  type: "item", code: "game:armor-head-scale-*",  name: "metal", allowedVariants: ["copper", "tinbronze", "bismuthbronze", "blackbronze", "iron", "meteoriciron", "steel"], quantity: 1 }
		},
	  width: 1,
	  height: 2,
	  recipeGroup: 10,
	  shapeless: false,
	  output: { type: "item", code: "game:metalbit-{metal}", quantity: 30 }
	},
	{
	  ingredientPattern:"C,A",
	  enabled: true,
	  ingredients: {			
			"C": { type: "item", code: "game:chisel-*", isTool: true, toolDurabilityCost: 25  },
			"A": {  type: "item", code: "game:armor-body-scale-*",  name: "metal", allowedVariants: ["copper", "tinbronze", "bismuthbronze", "blackbronze", "iron", "meteoriciron", "steel"], quantity: 1 }
		},
	  width: 1,
	  height: 2,
	  recipeGroup: 10,
	  shapeless: false,
	  output: { type: "item", code: "game:metalbit-{metal}", quantity: 60 }
	},
	{
	  ingredientPattern:"C,A",
	  enabled: true,
	  ingredients: {			
			"C": { type: "item", code: "game:chisel-*", isTool: true, toolDurabilityCost: 25  },
			"A": {  type: "item", code: "game:armor-legs-scale-*",  name: "metal", allowedVariants: ["copper", "tinbronze", "bismuthbronze", "blackbronze", "iron", "meteoriciron", "steel"], quantity: 1 }
		},
	  width: 1,
	  height: 2,
	  recipeGroup: 10,
	  shapeless: false,
	  output: { type: "item", code: "game:metalbit-{metal}", quantity: 40 }
	},			
	{
//Рекрафт броні plate на частинки
	  ingredientPattern:"C,A",
	  enabled: true,
	  ingredients: {			
			"C": { type: "item", code: "game:chisel-*", isTool: true, toolDurabilityCost: 25  },
			"A": {  type: "item", code: "game:armor-head-plate-*",  name: "metal", allowedVariants: ["copper", "tinbronze", "bismuthbronze", "blackbronze", "iron", "meteoriciron", "steel", "gold", "silver"], quantity: 1 }
		},
	  width: 1,
	  height: 2,
	  recipeGroup: 11,
	  shapeless: false,
	  output: { type: "item", code: "game:metalbit-{metal}", quantity: 60 }
	},
	{
	  ingredientPattern:"C,A",
	  enabled: true,
	  ingredients: {			
			"C": { type: "item", code: "game:chisel-*", isTool: true, toolDurabilityCost: 25  },
			"A": {  type: "item", code: "game:armor-body-plate-*",  name: "metal", allowedVariants: ["copper", "tinbronze", "bismuthbronze", "blackbronze", "iron", "meteoriciron", "steel", "gold", "silver"], quantity: 1 }
		},
	  width: 1,
	  height: 2,
	  recipeGroup: 11,
	  shapeless: false,
	  output: { type: "item", code: "game:metalbit-{metal}", quantity: 160 }
	},
	{
	  ingredientPattern:"C,A",
	  enabled: true,
	  ingredients: {			
			"C": { type: "item", code: "game:chisel-*", isTool: true, toolDurabilityCost: 25  },
			"A": {  type: "item", code: "game:armor-legs-plate-*",  name: "metal", allowedVariants: ["copper", "tinbronze", "bismuthbronze", "blackbronze", "iron", "meteoriciron", "steel", "gold", "silver"], quantity: 1 }
		},
	  width: 1,
	  height: 2,
	  recipeGroup: 11,
	  shapeless: false,
	  output: { type: "item", code: "game:metalbit-{metal}", quantity: 100 }
	},
	{
//Рекрафт броні head blackguard на частинки
	  ingredientPattern:"C,A",
	  enabled: true,
	  ingredients: {			
			"C": { type: "item", code: "game:chisel-*", isTool: true, toolDurabilityCost: 25  },
			"A": {  type: "item", code: "game:armor-head-antique-blackguard-broken", returnedStack: { type: "item", code: "game:armor-head-chain-blackbronze", quantity: 1 }, quantity: 1 }
		},
	  width: 1,
	  height: 2,
	  recipeGroup: 11,
	  shapeless: false,
	  output: { type: "item", code: "game:metalbit-iron", quantity: 20 }
	},
	{
	  ingredientPattern:"C,A",
	  enabled: true,
	  ingredients: {			
			"C": { type: "item", code: "game:chisel-*", isTool: true, toolDurabilityCost: 25  },
			"A": {  type: "item", code: "game:armor-head-antique-blackguard-damaged", returnedStack: { type: "item", code: "game:armor-head-antique-blackguard-broken", quantity: 1 }, quantity: 1 }
		},
	  width: 1,
	  height: 2,
	  recipeGroup: 11,
	  shapeless: false,
	  output: { type: "item", code: "game:metalbit-iron", quantity: 20 }
	},
	{
	  ingredientPattern:"C,A",
	  enabled: true,
	  ingredients: {			
			"C": { type: "item", code: "game:chisel-*", isTool: true, toolDurabilityCost: 25  },
			"A": {  type: "item", code: "game:armor-head-antique-blackguard-pristine", returnedStack: { type: "item", code: "game:armor-head-antique-blackguard-damaged", quantity: 1 }, quantity: 1 }
		},
	  width: 1,
	  height: 2,
	  recipeGroup: 11,
	  shapeless: false,
	  output: { type: "item", code: "game:metalbit-iron", quantity: 20 }
	},			
	{
//Рекрафт броні body blackguard на частинки
	  ingredientPattern:"C,A",
	  enabled: true,
	  ingredients: {			
			"C": { type: "item", code: "game:chisel-*", isTool: true, toolDurabilityCost: 25  },
			"A": {  type: "item", code: "game:armor-body-antique-blackguard-broken", returnedStack: { type: "item", code: "game:armor-body-chain-blackbronze", quantity: 1 }, quantity: 1 }
		},
	  width: 1,
	  height: 2,
	  recipeGroup: 11,
	  shapeless: false,
	  output: { type: "item", code: "game:metalbit-iron", quantity: 100 }
	},
	{
	  ingredientPattern:"C,A",
	  enabled: true,
	  ingredients: {			
			"C": { type: "item", code: "game:chisel-*", isTool: true, toolDurabilityCost: 25  },
			"A": {  type: "item", code: "game:armor-body-antique-blackguard-damaged", returnedStack: { type: "item", code: "game:armor-body-antique-blackguard-broken", quantity: 1 }, quantity: 1 }
		},
	  width: 1,
	  height: 2,
	  recipeGroup: 11,
	  shapeless: false,
	  output: { type: "item", code: "game:metalbit-iron", quantity: 100 }
	},
	{
	  ingredientPattern:"C,A",
	  enabled: true,
	  ingredients: {			
			"C": { type: "item", code: "game:chisel-*", isTool: true, toolDurabilityCost: 25  },
			"A": {  type: "item", code: "game:armor-body-antique-blackguard-pristine", returnedStack: { type: "item", code: "game:armor-body-antique-blackguard-damaged", quantity: 1 }, quantity: 1 }
		},
	  width: 1,
	  height: 2,
	  recipeGroup: 11,
	  shapeless: false,
	  output: { type: "item", code: "game:metalbit-iron", quantity: 100 }
	},
	{
//Рекрафт броні legs blackguard на частинки
	  ingredientPattern:"C,A",
	  enabled: true,
	  ingredients: {			
			"C": { type: "item", code: "game:chisel-*", isTool: true, toolDurabilityCost: 25  },
			"A": {  type: "item", code: "game:armor-legs-antique-blackguard-broken", returnedStack: { type: "item", code: "game:armor-legs-chain-blackbronze", quantity: 1 }, quantity: 1 }
		},
	  width: 1,
	  height: 2,
	  recipeGroup: 11,
	  shapeless: false,
	  output: { type: "item", code: "game:metalbit-iron", quantity: 60 }
	},
	{
	  ingredientPattern:"C,A",
	  enabled: true,
	  ingredients: {			
			"C": { type: "item", code: "game:chisel-*", isTool: true, toolDurabilityCost: 25  },
			"A": {  type: "item", code: "game:armor-legs-antique-blackguard-damaged", returnedStack: { type: "item", code: "game:armor-legs-antique-blackguard-broken", quantity: 1 }, quantity: 1 }
		},
	  width: 1,
	  height: 2,
	  recipeGroup: 11,
	  shapeless: false,
	  output: { type: "item", code: "game:metalbit-iron", quantity: 60 }
	},
	{
	  ingredientPattern:"C,A",
	  enabled: true,
	  ingredients: {			
			"C": { type: "item", code: "game:chisel-*", isTool: true, toolDurabilityCost: 25  },
			"A": {  type: "item", code: "game:armor-legs-antique-blackguard-pristine", returnedStack: { type: "item", code: "game:armor-legs-antique-blackguard-damaged", quantity: 1 }, quantity: 1 }
		},
	  width: 1,
	  height: 2,
	  recipeGroup: 11,
	  shapeless: false,
	  output: { type: "item", code: "game:metalbit-iron", quantity: 60 }
	},
	{
//Рекрафт броні head forlorn на частинки
	  ingredientPattern:"C,A",
	  enabled: true,
	  ingredients: {			
			"C": { type: "item", code: "game:chisel-*", isTool: true, toolDurabilityCost: 25  },
			"A": {  type: "item", code: "game:armor-head-antique-forlorn-broken", returnedStack: { type: "item", code: "game:armor-head-chain-gold", quantity: 1}, quantity: 1 }
		},
	  width: 1,
	  height: 2,
	  recipeGroup: 11,
	  shapeless: false,
	  output: { type: "item", code: "game:metalbit-iron", quantity: 20 }
	},
	{
	  ingredientPattern:"C,A",
	  enabled: true,
	  ingredients: {			
			"C": { type: "item", code: "game:chisel-*", isTool: true, toolDurabilityCost: 25  },
			"A": {  type: "item", code: "game:armor-head-antique-forlorn-damaged", returnedStack: { type: "item", code: "game:armor-head-antique-forlorn-broken", quantity: 1 }, quantity: 1 }
		},
	  width: 1,
	  height: 2,
	  recipeGroup: 11,
	  shapeless: false,
	  output: { type: "item", code: "game:metalbit-iron", quantity: 20 }
	},
	{
	  ingredientPattern:"C,A",
	  enabled: true,
	  ingredients: {			
			"C": { type: "item", code: "game:chisel-*", isTool: true, toolDurabilityCost: 25  },
			"A": {  type: "item", code: "game:armor-head-antique-forlorn-pristine", returnedStack: { type: "item", code: "game:armor-head-antique-forlorn-damaged", quantity: 1 }, quantity: 1 }
		},
	  width: 1,
	  height: 2,
	  recipeGroup: 11,
	  shapeless: false,
	  output: { type: "item", code: "game:metalbit-iron", quantity: 20 }
	},
			
	{
//Рекрафт броні body forlorn на частинки
	  ingredientPattern:"C,A",
	  enabled: true,
	  ingredients: {			
			"C": { type: "item", code: "game:chisel-*", isTool: true, toolDurabilityCost: 25  },
			"A": {  type: "item", code: "game:armor-body-antique-forlorn-broken", returnedStack: { type: "item", code: "game:armor-body-chain-gold", quantity: 1 }, quantity: 1 }
		},
	  width: 1,
	  height: 2,
	  recipeGroup: 11,
	  shapeless: false,
	  output: { type: "item", code: "game:metalbit-iron", quantity: 100 }
	},
	{
	  ingredientPattern:"C,A",
	  enabled: true,
	  ingredients: {			
			"C": { type: "item", code: "game:chisel-*", isTool: true, toolDurabilityCost: 25  },
			"A": {  type: "item", code: "game:armor-body-antique-forlorn-damaged", returnedStack: { type: "item", code: "game:armor-body-antique-forlorn-broken", quantity: 1 }, quantity: 1 }
		},
	  width: 1,
	  height: 2,
	  recipeGroup: 11,
	  shapeless: false,
	  output: { type: "item", code: "game:metalbit-iron", quantity: 100 }
	},
	{
	  ingredientPattern:"C,A",
	  enabled: true,
	  ingredients: {			
			"C": { type: "item", code: "game:chisel-*", isTool: true, toolDurabilityCost: 25  },
			"A": {  type: "item", code: "game:armor-body-antique-forlorn-pristine", returnedStack: { type: "item", code: "game:armor-body-antique-forlorn-damaged", quantity: 1 }, quantity: 1 }
		},
	  width: 1,
	  height: 2,
	  recipeGroup: 11,
	  shapeless: false,
	  output: { type: "item", code: "game:metalbit-iron", quantity: 100 }
	},
	{
//Рекрафт броні legs forlorn на частинки
	  ingredientPattern:"C,A",
	  enabled: true,
	  ingredients: {			
			"C": { type: "item", code: "game:chisel-*", isTool: true, toolDurabilityCost: 25  },
			"A": {  type: "item", code: "game:armor-legs-antique-forlorn-broken", returnedStack: { type: "item", code: "game:armor-legs-chain-gold", quantity: 1 }, quantity: 1 }
		},
	  width: 1,
	  height: 2,
	  recipeGroup: 11,
	  shapeless: false,
	  output: { type: "item", code: "game:metalbit-iron", quantity: 60 }
	},
	{
	  ingredientPattern:"C,A",
	  enabled: true,
	  ingredients: {			
			"C": { type: "item", code: "game:chisel-*", isTool: true, toolDurabilityCost: 25  },
			"A": {  type: "item", code: "game:armor-legs-antique-forlorn-damaged", returnedStack: { type: "item", code: "game:armor-legs-antique-forlorn-broken", quantity: 1 }, quantity: 1 }
		},
	  width: 1,
	  height: 2,
	  recipeGroup: 11,
	  shapeless: false,
	  output: { type: "item", code: "game:metalbit-iron", quantity: 60 }
	},
	{
	  ingredientPattern:"C,A",
	  enabled: true,
	  ingredients: {			
			"C": { type: "item", code: "game:chisel-*", isTool: true, toolDurabilityCost: 25  },
			"A": {  type: "item", code: "game:armor-legs-antique-forlorn-pristine", returnedStack: { type: "item", code: "game:armor-legs-antique-forlorn-damaged", quantity: 1 }, quantity: 1 }
		},
	  width: 1,
	  height: 2,
	  recipeGroup: 11,
	  shapeless: false,
	  output: { type: "item", code: "game:metalbit-iron", quantity: 60 }
	}
]