[
	{
//Рекрафт тиньку
		"ingredientPattern": "H_T,_S_,___",
		"ingredients": {
			"H": { "type": "item", "code": "game:hammer-*", "isTool": true, "toolDurabilityCost": 1 },
			"T": { "type": "item", "code": "game:chisel-*", "isTool": true, "toolDurabilityCost": 1 },
			"S": {"type": "block","code": "game:plaster-*", "allowedVariants": [ "diagonal-ud", "stripes-ud", "square" ], "quantity": 1 }
		},
		"width": 3,
		"height": 3,
		"recipeGroup": 3,
		"shapeless": false,
		"output": { "type": "block", "code": "game:plaster-plain", "quantity": 1 }
	},
	{
//Рекрафт мапи скарбів ваніль
		"ingredientPattern": "MK",
		"enabled": true,		
		"ingredients": {
			"M": { "type": "item", "code": "game:locatormap-treasures", "quantity": 1 },
			"K": { "type": "item", "code": "game:knife-*", "isTool": true, "toolDurabilityCost": 5 }
		},
		"width": 1,
		"height": 2,
		"recipeGroup": 1,
		"shapeless": false,
		"output": { "type": "item", "code": "game:paper-parchment", "quantity": 1 }
	},
	{
//Рекрафт мапи скарбів BetterRuins
		"ingredientPattern": "MK",
		"enabled": true,		
		"ingredients": {
			"M": { "type": "item", "code": "betterruins:locatormap-*", "quantity": 1 },
			"K": { "type": "item", "code": "game:knife-*", "isTool": true, "toolDurabilityCost": 5 }
		},
		"width": 1,
		"height": 2,
		"recipeGroup": 1,
		"shapeless": false,
		"output": { "type": "item", "code": "game:paper-parchment", "quantity": 1 }
	},
	{
//Рекрафт льняної тканини в полотно
		ingredientPattern: "KL",
		shapeless: true,
		ingredients: {
			"K": { type: "item", code: "game:shears-*", isTool: true, toolDurabilityCost: 3 },
			"L": { type: "item", code: "game:cloth-plain", quantity: 1 }
		},
		width: 2,
		height: 1,
		recipeGroup: 2,
		output: { type: "block", code: "game:linen-normal-down"  }
	},
	{
//Рекрафт паркану на дошки й палички
		ingredientPattern: "AF",
		enabled: true,
		ingredients: {
			"A": { type: "item", code: "game:saw-*", isTool: true, toolDurabilityCost: 3  },
			"F": { type: "block", code: "game:woodenfence-*-ew-free", 
					quantity: 2, 
					returnedStack: { type: "item", code: "game:stick", quantity: 1 }, 
					name: "wood", 
					allowedVariants: ["birch", "oak", "maple", "pine", "acacia", "kapok", "aged", "baldcypress", "larch", "redwood", "ebony", "walnut", "purpleheart"] }
		},
		width: 1,
		height: 2,
		recipeGroup: 2,
		shapeless: true,
		output: { type: "item", code: "game:plank-{wood}", quantity: 1  }
	},
	{
//Рекрафт фіртки на дошки й палички
		ingredientPattern: "AF",
		enabled: true,
		ingredients: {
			"A": { type: "item", code: "game:saw-*", isTool: true, toolDurabilityCost: 3  },
			"F": { type: "block", code: "game:woodenfencegate-*-n-closed-left-free", 
					quantity: 1, 
					returnedStack: { type: "item", code: "game:stick", quantity: 2 }, 
					name: "wood", 
					allowedVariants: ["birch", "oak", "maple", "pine", "acacia", "kapok", "aged", "baldcypress", "larch", "redwood", "ebony", "walnut", "purpleheart"] }
		},
		width: 1,
		height: 2,
		recipeGroup: 2,
		shapeless: true,
		output: { type: "item", code: "game:plank-{wood}", quantity: 1  }
	},
	{
//Рекрафт насухо складений паркан в камінці
		ingredientPattern: "HFD",
		enabled: true,
		ingredients: {
			"H": { type: "item", code: "game:hammer-*", isTool: true, toolDurabilityCost: 2  },
			"D": { type: "item", code: "game:chisel-*", isTool: true, toolDurabilityCost: 2  },
			"F": { type: "block", code: "game:drystonefence-*-ew-free", quantity: 1, name: "rock", allowedVariants: ["andesite", "chalk", "chert", "conglomerate", "limestone", "claystone", "granite", "sandstone", "shale", "basalt", "peridotite", "phyllite", "slate", "bauxite", "kimberlite", "suevite", "whitemarble", "redmarble", "greenmarble"] }
		},
		width: 3,
		height: 1,
		recipeGroup: 2,
		shapeless: true,
		output: { type: "item", code: "game:stone-{rock}", quantity: 4 }
	},
	{
//Рекрафт сухої кладки в камінці
		ingredientPattern: "HFD",
		enabled: true,
		ingredients: {
			"H": { type: "item", code: "game:hammer-*", isTool: true, toolDurabilityCost: 2  },
			"D": { type: "item", code: "game:chisel-*", isTool: true, toolDurabilityCost: 2  },
			"F": { type: "block", code: "game:drystone-*", quantity: 1, name: "rock", allowedVariants: ["andesite", "chalk", "chert", "conglomerate", "limestone", "claystone", "granite", "sandstone", "shale", "basalt", "peridotite", "phyllite", "slate", "bauxite", "kimberlite", "suevite", "whitemarble", "redmarble", "greenmarble"] }
		},
		width: 3,
		height: 1,
		recipeGroup: 2,
		shapeless: true,
		output: { type: "item", code: "game:stone-{rock}", quantity: 8 }
	},
	{
//Рекрафт буту в камінці
		ingredientPattern: "HFD",
		enabled: true,
		ingredients: {
			"H": { type: "item", code: "game:hammer-*", isTool: true, toolDurabilityCost: 2  },
			"D": { type: "item", code: "game:chisel-*", isTool: true, toolDurabilityCost: 2  },
			"F": { type: "block", code: "game:cobblestone-*", quantity: 1, name: "rock", allowedVariants: ["andesite", "bauxite", "chalk", "claystone", "granite", "sandstone", "shale"] }
		},
		width: 3,
		height: 1,
		recipeGroup: 2,
		shapeless: true,
		output: { type: "item", code: "game:stone-{rock}", quantity: 4 }
	},
	{
//Рекрафт плити в камінці
		ingredientPattern: "HFD",
		enabled: true,
		ingredients: {
			"H": { type: "item", code: "game:hammer-*", isTool: true, toolDurabilityCost: 2  },
			"D": { type: "item", code: "game:chisel-*", isTool: true, toolDurabilityCost: 2  },
			"F": { type: "block", code: "game:cobblestoneslab-*-down-free", quantity: 1, name: "rock", allowedVariants: ["andesite", "bauxite", "chalk", "claystone", "granite", "sandstone", "shale"] }
		},
		width: 3,
		height: 1,
		recipeGroup: 2,
		shapeless: true,
		output: { type: "item", code: "game:stone-{rock}", quantity: 2 }
	},
	{
//Рекрафт сходинок в камінці
		ingredientPattern: "HFD",
		enabled: true,
		ingredients: {
			"H": { type: "item", code: "game:hammer-*", isTool: true, toolDurabilityCost: 2  },
			"D": { type: "item", code: "game:chisel-*", isTool: true, toolDurabilityCost: 2  },
			"F": { type: "block", code: "game:cobblestonestairs-*-up-north-free", quantity: 1, name: "rock", allowedVariants: ["andesite", "bauxite", "chalk", "claystone", "granite", "sandstone", "shale"] }
		},
		width: 3,
		height: 1,
		recipeGroup: 2,
		shapeless: true,
		output: { type: "item", code: "game:stone-{rock}", quantity: 3 }
	},
	{
//Рекрафт жолобів
		  ingredientPattern:"DS",
		  enabled: true,
		  ingredients: {			
			"D": { type: "item", code: "game:chisel-*", isTool: true, toolDurabilityCost: 5  },
			"S": { type: "item", code: "game:chutesection-copper", quantity: 1 } 
			},
		  width: 2,
		  height: 1,
		  recipeGroup: 2,
		  output: { type: "item", code: "game:metalbit-copper", quantity: 10 }
	},
	{
		ingredientPattern:"DS",
		enabled: true,
		ingredients: {			
			"D": { type: "item", code: "game:chisel-*", isTool: true, toolDurabilityCost: 5  },
			"S": { type: "block", code: "game:chute-3way-down-east", quantity: 1 } 
		},
		width: 2,
		height: 1,
		recipeGroup: 2,
		output: { type: "item", code: "game:metalbit-copper", quantity: 30 }
	},
	{
		ingredientPattern:"DS",
		enabled: true,
		ingredients: {			
			"D": { type: "item", code: "game:chisel-*", isTool: true, toolDurabilityCost: 5  },
			"S": { type: "block", code: "game:chute-elbow-down-east", quantity: 1 } 
		},
		width: 2,
		height: 1,
		recipeGroup: 2,
		output: { type: "item", code: "game:metalbit-copper", quantity: 25 }
	},
	{
		ingredientPattern:"DS",
		enabled: true,
		ingredients: {			
			"D": { type: "item", code: "game:chisel-*", isTool: true, toolDurabilityCost: 5  },
			"S": { type: "block", code: "game:chute-t-ns", quantity: 1 } 
		},
		width: 2,
		height: 1,
		recipeGroup: 2,
		output: { type: "item", code: "game:metalbit-copper", quantity: 25 }
	},
	{
		ingredientPattern:"DS",
		enabled: true,
		ingredients: {			
			"D": { type: "item", code: "game:chisel-*", isTool: true, toolDurabilityCost: 5  },
			"S": { type: "block", code: "game:chute-straight-ns", quantity: 1 } 
		},
		width: 2,
		height: 1,
		recipeGroup: 2,
		output: { type: "item", code: "game:metalbit-copper", quantity: 20 }
	},
	{
		ingredientPattern:"DS",
		enabled: true,
		ingredients: {			
			"D": { type: "item", code: "game:chisel-*", isTool: true, toolDurabilityCost: 5  },
			"S": { type: "block", code: "game:chute-cross-ground", quantity: 1 } 
		},
		width: 2,
		height: 1,
		recipeGroup: 2,
		output: { type: "item", code: "game:metalbit-copper", quantity: 40 }
	},
	{
//Рекрафт гвинта Архімеда
		  ingredientPattern:"DS",
		  enabled: true,
		  ingredients: {			
			"D": { type: "item", code: "game:chisel-*", isTool: true, toolDurabilityCost: 5  },
			"S": { type: "block", code: "game:archimedesscrew-*", name: "arhim", allowVariants: ["straight", "ported-north"], quantity: 1 } 
			},
		  width: 2,
		  height: 1,
		  recipeGroup: 12,
		  output: { type: "item", code: "game:metalbit-copper", quantity: 40 }
	},
	{
//Рекрафт Скриньок для дорогоцінностей golden
	  ingredientPattern:"HDC",
	  enabled: false,
	  ingredients: {			
		"H": { type: "item", code: "game:hammer-*", isTool: true, toolDurabilityCost: 10  },
		"D": { type: "item", code: "game:chisel-*", isTool: true, toolDurabilityCost: 10  },	
		"C": { type: "block", code: "game:chest-east", attributes: { type: "golden" }, quantity: 1 }
		},
	  width: 1,
	  height: 3,
	  recipeGroup: 5,
	  output: { type: "item", code: "game:metalbit-gold", quantity: 5 }
	},	
	{
//Рекрафт Скриньок для дорогоцінностей golden-aged
	  ingredientPattern:"HDC",
	  enabled: false,
	  ingredients: {			
		"H": { type: "item", code: "game:hammer-*", isTool: true, toolDurabilityCost: 10  },
		"D": { type: "item", code: "game:chisel-*", isTool: true, toolDurabilityCost: 10  },	
		"C": { type: "block", code: "game:chest-east", attributes: { type: "golden-aged" }, quantity: 1 }
		},
	  width: 1,
	  height: 3,
	  recipeGroup: 6,
	  output: { type: "item", code: "game:metalbit-gold", quantity: 5 }
	},
	{
//Рекрафт Металевий бак (мотлох вар.1)
	  ingredientPattern:"HDNB",
	  ingredients: {
		"H": { type: "item", code: "game:hammer-*", isTool: true, toolDurabilityCost: 10  },
		"D": { type: "item", code: "game:chisel-*", isTool: true, toolDurabilityCost: 10  },
		"N": { type: "item", code: "game:shears-*", isTool: true, toolDurabilityCost: 10 },					
		"B": { type: "block", code: "game:clutter", attributes: { type: "tank-metal1" }, quantity: 1 }
		},
	  width: 2,
	  height: 2,
	  recipeGroup: 2,
	  output: { type: "item", code: "game:metalbit-copper", quantity: 15 }
	},
	{
//Рекрафт Металевий бак (мотлох вар.2)
	  ingredientPattern:"HDNB",
	  ingredients: {
		"H": { type: "item", code: "game:hammer-*", isTool: true, toolDurabilityCost: 10  },
		"D": { type: "item", code: "game:chisel-*", isTool: true, toolDurabilityCost: 10  },
		"N": { type: "item", code: "game:shears-*", isTool: true, toolDurabilityCost: 10 },					
		"B": { type: "block", code: "game:clutter", attributes: { type: "tank-metal2" }, quantity: 1 }
		},
	  width: 2,
	  height: 2,
	  recipeGroup: 2,
	  output: { type: "item", code: "game:metalbit-copper", quantity: 15 }
	},
	{
//Рекрафт Металевий бак (мотлох вар.3)
	  ingredientPattern:"HDNB",
	  ingredients: {
		"H": { type: "item", code: "game:hammer-*", isTool: true, toolDurabilityCost: 10  },
		"D": { type: "item", code: "game:chisel-*", isTool: true, toolDurabilityCost: 10  },
		"N": { type: "item", code: "game:shears-*", isTool: true, toolDurabilityCost: 10 },					
		"B": { type: "block", code: "game:clutter", attributes: { type: "tank-metal3" }, quantity: 1 }
		},
	  width: 2,
	  height: 2,
	  recipeGroup: 2,
	  output: { type: "item", code: "game:metalbit-copper", quantity: 15 }
	},
	{
//Рекрафт Великий ящик зі сміттям
	  ingredientPattern:"HDB",
	  ingredients: {
		"H": { type: "item", code: "game:hammer-*", isTool: true, toolDurabilityCost: 10  },
		"D": { type: "item", code: "game:chisel-*", isTool: true, toolDurabilityCost: 10  },
		"B": { type: "block", code: "game:clutter", attributes: { type: "crate/crate-large-junk" }, quantity: 1 }
		},
	  width: 1,
	  height: 3,
	  recipeGroup: 2,
	  output: { type: "block", code: "game:metal-scraps", quantity: 3 }
	},
	{
//Рекрафт Голови Ейдолона
	  ingredientPattern:"HB",
	  ingredients: {
		"H": { type: "item", code: "game:wrench-*", isTool: true, toolDurabilityCost: 10  },
		"B": { type: "block", code: "game:clutter", attributes: { type: "golem-head" }, quantity: 1 }
		},
	  width: 1,
	  height: 2,
	  recipeGroup: 2,
	  output: { type: "item", code: "game:gear-rusty", quantity: 25 }
	},
	{
//Рекрафт Черепа Ейдолона
	  ingredientPattern:"HB",
	  ingredients: {
		"H": { type: "item", code: "game:wrench-*", isTool: true, toolDurabilityCost: 10  },
		"B": { type: "block", code: "game:clutter", attributes: { type: "golem-skull" }, quantity: 1 }
		},
	  width: 1,
	  height: 2,
	  recipeGroup: 2,
	  output: { type: "item", code: "game:gear-rusty", quantity: 20 }
	},
	{
//Рекрафт Зламана стійка для захисного вбрання (мотлох вар.1)
	  ingredientPattern:"HDB",
	  ingredients: {
		"H": { type: "item", code: "game:hammer-*", isTool: true, toolDurabilityCost: 10  },
		"D": { type: "item", code: "game:chisel-*", isTool: true, toolDurabilityCost: 10  },
		"B": { type: "block", code: "game:clutter", attributes: { type: "hazmat-rack-ruined1" }, quantity: 1 }
		},
	  width: 1,
	  height: 3,
	  recipeGroup: 2,
	  output: { type: "item", code: "game:metalbit-iron", quantity: 30 }
	},
	{
//Рекрафт Зламана стійка для захисного вбрання (мотлох вар.2)
	  ingredientPattern:"HDB",
	  ingredients: {
		"H": { type: "item", code: "game:hammer-*", isTool: true, toolDurabilityCost: 10  },
		"D": { type: "item", code: "game:chisel-*", isTool: true, toolDurabilityCost: 10  },
		"B": { type: "block", code: "game:clutter", attributes: { type: "hazmat-rack-ruined2" }, quantity: 1 }
		},
	  width: 1,
	  height: 3,
	  recipeGroup: 2,
	  output: { type: "item", code: "game:metalbit-iron", quantity: 30 }
	},
	{
//Рекрафт Зламана стійка для захисного вбрання (мотлох вар.3)
	  ingredientPattern:"HDB",
	  ingredients: {
		"H": { type: "item", code: "game:hammer-*", isTool: true, toolDurabilityCost: 10  },
		"D": { type: "item", code: "game:chisel-*", isTool: true, toolDurabilityCost: 10  },
		"B": { type: "block", code: "game:clutter", attributes: { type: "hazmat-rack-ruined3" }, quantity: 1 }
		},
	  width: 1,
	  height: 3,
	  recipeGroup: 2,
	  output: { type: "item", code: "game:metalbit-iron", quantity: 30 }
	},
	{
//Рекрафт Зламана стійка для захисного вбрання (мотлох вар.4)
	  ingredientPattern:"HDB",
	  ingredients: {
		"H": { type: "item", code: "game:hammer-*", isTool: true, toolDurabilityCost: 10  },
		"D": { type: "item", code: "game:chisel-*", isTool: true, toolDurabilityCost: 10  },
		"B": { type: "block", code: "game:clutter", attributes: { type: "hazmat-rack-ruined4" }, quantity: 1 }
		},
	  width: 1,
	  height: 3,
	  recipeGroup: 2,
	  output: { type: "item", code: "game:metalbit-iron", quantity: 30 }
	},
	{
//Рекрафт Зламана стійка для захисного вбрання (мотлох вар.5)
	  ingredientPattern:"HDB",
	  ingredients: {
		"H": { type: "item", code: "game:hammer-*", isTool: true, toolDurabilityCost: 10  },
		"D": { type: "item", code: "game:chisel-*", isTool: true, toolDurabilityCost: 10  },
		"B": { type: "block", code: "game:clutter", attributes: { type: "hazmat-rack-ruined5" }, quantity: 1 }
		},
	  width: 1,
	  height: 3,
	  recipeGroup: 2,
	  output: { type: "item", code: "game:metalbit-iron", quantity: 30 }
	},
	{
//Рекрафт Стійка для захисного вбрання (мотлох)
	  ingredientPattern:"HDB",
	  ingredients: {
			"H": { type: "item", code: "game:hammer-*", isTool: true, toolDurabilityCost: 10  },
			"D": { type: "item", code: "game:chisel-*", isTool: true, toolDurabilityCost: 10  },
			"B": { type: "block", code: "game:clutter", attributes: { type: "hazmat-rack" }, quantity: 1 }
		},
	  width: 1,
	  height: 3,
	  recipeGroup: 2,
	  output: { type: "item", code: "game:metalbit-iron", quantity: 30 }
	},
	{
//Рекрафт стріл
		"enabled": true,	
		"ingredientPattern": "HS",
		"ingredients": {
			"H": { type: "item", code: "game:hammer-*", isTool: true, toolDurabilityCost: 5  },
			"S": { type: "item", code: "game:arrow-*", name: "mettal", allowedVariants: ["copper", "tinbronze", "bismuthbronze", "blackbronze", "gold", "silver", "iron", "meteoriciron", "steel"], returnedStack: { type: "item", code: "game:feather", quantity: 1 }, quantity: 1} 
		},
		"width": 1,
		"height": 2,
		"output": { "type": "item", "code": "game:metalbit-{mettal}", quantity: 2}
	},
	{
//Рекрафт наконечників стріл
		"enabled": true,	
		"ingredientPattern": "HS",
		"ingredients": {
			"H": { type: "item", code: "game:hammer-*", isTool: true, toolDurabilityCost: 5  },
			"S": { type: "item", code: "game:arrowhead-*", name: "mettal", allowedVariants: ["copper", "tinbronze", "bismuthbronze", "blackbronze", "gold", "silver", "iron", "meteoriciron", "steel"], quantity: 1 }
		},
		"width": 1,
		"height": 2,
		"output": { "type": "item", "code": "game:metalbit-{mettal}", quantity: 2}
	},
	{
//Рекрафт  зброї з брухту
		"enabled": true,
		"ingredientPattern": "HDS",
		"ingredients": {
			"H": { type: "item", code: "game:hammer-*", isTool: true, toolDurabilityCost: 1 },
			"D": { type: "item", code: "game:chisel-*", isTool: true, toolDurabilityCost: 1 },
			"S": { type: "item", code: "game:*", name: "zbroja", allowedVariants: ["axe-scrap-scrap", "blade-scrap-scrap", "spear-scrap-scrap", "club-scrap-scrap", "club-scrapmace-scrap" ], quantity: 1 }
		},
		"width": 1,
		"height": 3,
		"output": { "type": "block", "code": "game:metal-scraps", quantity: 1}
	},
	{
//Рекрафт стародавніх тримачів
		ingredientPattern:"HDB",
		"enabled": true,
		ingredients: {
			"H": { type: "item", code: "game:hammer-*", isTool: true, toolDurabilityCost: 2  },
			"D": { type: "item", code: "game:chisel-*", isTool: true, toolDurabilityCost: 2  },
			"B": { type: "block", code: "game:torchholder-aged-empty-north", quantity: 1 }
		},
		width: 1,
		height: 3,
		recipeGroup: 2,
		output: { type: "block", code: "game:metal-scraps", quantity: 1 }
	},
	{
//Рекрафт старої зламаної зброї
		ingredientPattern:"HDS",
		"enabled": true,
		enabled: true,
		ingredients: {			
				"H": { type: "item", code: "game:hammer-*", isTool: true, toolDurabilityCost: 5  },
				"D": { type: "item", code: "game:chisel-*", isTool: true, toolDurabilityCost: 5  },
				"S": { type: "item", code: "game:*-ruined", name: "flowervariant", allowedVariants: [ "club-flanged","club-morningstar","club-spiked","club-warhammer","knife-dagger","knife-stiletto","knife-khanjar","knife-baselard","axe-bearded","axe-battle","axe-bardiche","axe-double","blade-gladius","blade-arming","blade-claymore","blade-sabre","spear-boar","spear-voulge","spear-fork","spear-ranseur"], quantity: 1 }
			},
		width: 1,
		height: 3,
		recipeGroup: 1,
		output: { type: "block", code: "game:metal-scraps", quantity: 2}
	},
	{
//Рекрафт музичних циліндрів вибір за гравцем (каситерит)
		ingredientPattern:"H__,D__,S__",
		enabled: true,
		ingredients: {			
				"H": { type: "item", code: "game:hammer-*", isTool: true, toolDurabilityCost: 5  },
				"D": { type: "item", code: "game:chisel-*", isTool: true, toolDurabilityCost: 5  },
				"S": { type: "item", code: "game:tuningcylinder-*", name: "cylinder", allowedVariants: [ "1","2","3","4","5","6","7","8","9" ], quantity: 1 }
			},
		width: 3,
		height: 3,
		recipeGroup: 1,
		output: { type: "item", code: "game:nugget-cassiterite", quantity: 2 }
	},
	{
//Рекрафт музичних циліндрів вибір за гравцем (сфалерит)
		ingredientPattern:"_H_,_D_,_S_",
		enabled: true,
		ingredients: {			
				"H": { type: "item", code: "game:hammer-*", isTool: true, toolDurabilityCost: 5  },
				"D": { type: "item", code: "game:chisel-*", isTool: true, toolDurabilityCost: 5  },
				"S": { type: "item", code: "game:tuningcylinder-*", name: "cylinder", allowedVariants: [ "1","2","3","4","5","6","7","8","9" ], quantity: 1 }
			},
		width: 3,
		height: 3,
		recipeGroup: 1,
		output: { type: "item", code: "game:nugget-sphalerite", quantity: 2 }
	},
	{
//Рекрафт музичних циліндрів вибір за гравцем (золото)
		ingredientPattern:"__H,__D,__S",
		enabled: true,
		ingredients: {			
				"H": { type: "item", code: "game:hammer-*", isTool: true, toolDurabilityCost: 5  },
				"D": { type: "item", code: "game:chisel-*", isTool: true, toolDurabilityCost: 5  },
				"S": { type: "item", code: "game:tuningcylinder-*", name: "cylinder", allowedVariants: [ "1","2","3","4","5","6","7","8","9" ], quantity: 1 }
			},
		width: 3,
		height: 3,
		recipeGroup: 1,
		output: { type: "item", code: "game:nugget-nativegold", quantity: 2 }
	},
	{
//Рекрафт табличок з металів
		"ingredientPattern": "HDS",
		"enabled": true,	
		"ingredients": {
			"H": { "type": "item", "code": "game:hammer-*", "isTool": true, "toolDurabilityCost": 2 },
			"D": { "type": "item", "code": "game:chisel-*", "isTool": true, "toolDurabilityCost": 2 },
			"S": { "type": "block", "code": "game:plaque-fancy-*-wall-north", "name": "metal", "quantity": 1 }
		},
		"width": 1,
		"height": 3,
		"recipeGroup": 1,
		"output": { "type": "item", "code": "game:metalbit-{metal}", "quantity": 10 }
	},
	{
//Рекрафт  залізних парканів
		"ingredientPattern": "HDS",
		"enabled": true,	
		"ingredients": {
			"H": { "type": "item", "code": "game:hammer-*", "isTool": true, "toolDurabilityCost": 2 },
			"D": { "type": "item", "code": "game:chisel-*", "isTool": true, "toolDurabilityCost": 2 },
			"S": { "type": "block", "code": "game:ironfence-*", "name": "varik", "allowedVariants": [ "top-ew", "base-ew" ], "quantity": 1 }
		},
		"width": 1,
		"height": 3,
		"recipeGroup": 1,
		"output": { "type": "item", "code": "game:metalbit-iron", "quantity": 10 }
	},
	{
//Рекрафт  шипів
		"ingredientPattern": "HDS",
		"enabled": true,	
		"ingredients": {
			"H": { "type": "item", "code": "game:hammer-*", "isTool": true, "toolDurabilityCost": 2 },
			"D": { "type": "item", "code": "game:chisel-*", "isTool": true, "toolDurabilityCost": 2 },
			"S": { "type": "block", "code": "game:locustnest-metalspike-*", "name": "varik", "allowedVariants": [ "none", "none-upsid", "tiny", "small", "medium", "large" ], "quantity": 1 }
		},
		"width": 1,
		"height": 3,
		"recipeGroup": 1,
		"output": { "type": "block", "code": "game:metal-scraps", "quantity": 1 }
	},
	{
//Рекрафт  згаслого смолоскипа
		"ingredientPattern": "DS",
		"enabled": true,	
		"ingredients": {
			"D": { "type": "item", "code": "game:knife-*", "isTool": true, "toolDurabilityCost": 2 },
			"S": { "type": "block", "code": "game:torch-basic-*-up", "name": "varik", "allowedVariants": [ "extinct", "lit", "burnedout" ], "quantity": 1 }
		},
		"width": 2,
		"height": 1,
		"recipeGroup": 1,
		"output": { "type": "item", "code": "game:stick", "quantity": 1 }
	},
	{
//Рекрафт Риштака
		"ingredientPattern": "SKR",
		"enabled": true,
		"ingredients": {
			"S": { "type": "item", "code": "game:saw-*", "isTool": true, "toolDurabilityCost": 2 },
			"K": { "type": "item", "code": "game:knife-*", "isTool": true, "toolDurabilityCost": 2 },
			"R": { "type": "block", "code": "fendragonsmp:chock", "returnedStack": { "type": "item", "code": "game:rope", "quantity": 2 }, "quantity": 1 },
		},
		"width": 1,
		"height": 3,
		"recipeGroup": 1,
		"shapeless": false,
		"output": { "type": "item", "code": "game:stick", "quantity": 8 }
	},
	{
//Рекрафт Шкіряних наручів
		"ingredientPattern": "SR",
		"enabled": true,
		"ingredients": {
			"S": { "type": "item", "code": "game:shears-*", "isTool": true, "toolDurabilityCost": 2 },
			"R": { "type": "item", "code": "game:clothes-arm-leather-bracers", "quantity": 1 },
		},
		"width": 2,
		"height": 1,
		"recipeGroup": 1,
		"shapeless": false,
		"output": { "type": "item", "code": "game:leather-normal-plain", "quantity": 4 }
	},
	{
//Рекрафт Кошик-пастки
		"ingredientPattern": "_K_,_B_",
		"enabled": true,
		"ingredients": {
			"K": { "type": "item", "code": "game:knife-*", "isTool": true, "toolDurabilityCost": 2 },
			"B": { "type": "block", "code": "game:baskettrap-reed", "quantity": 1 }
		},
		"width": 3,
		"height": 2,
		"recipeGroup": 3,
		"shapeless": false,
		"output": { "type": "block", "code": "game:stationarybasket-east", "attributes": { "type": "reed" }, "quantity": 1 }
	},
	{//47
//Рекрафт Кременевих крюків для туш моду Butchering
		"ingredientPattern": "_S_,_B_",
		"enabled": false, //Включається коли стоїть мод Butchering в файлі assets\game\patches\mod-butchering-patches.json
		"ingredients": {
			"S": { "type": "item", "code": "game:saw-*", "isTool": true, "toolDurabilityCost": 2 },
			"B": { "type": "block", "code": "butchering:butcherhook-flint-*", "returnedStack": { "type": "item", "code": "game:flint", "quantity": 1 }, "quantity": 1 }
		},
		"width": 3,
		"height": 2,
		"recipeGroup": 1,
		"shapeless": false,
		"output": { "type": "item", "code": "game:stick", "quantity": 4 }
	},
	{
//Рекрафт крюків з металу для туш моду Butchering (треба розписувати на кожну сторону світу, тому нижче 4 крафти одного крюка)
		//north
		"ingredientPattern": "_S_,_B_",
		"enabled": true,
		"ingredients": {
			"S": { "type": "item", "code": "game:saw-*", "isTool": true, "toolDurabilityCost": 2 },
			"B": { "type": "block", "code": "butchering:butcherhook-*-north", "name": "material", "allowedVariants": [ "copper", "tinbronze", "bismuthbronze", "blackbronze", "iron" ], "returnedStack": { "type": "item", "code": "game:stick", "quantity": 4 }, "quantity": 1 }
		},
		"width": 3,
		"height": 2,
		"recipeGroup": 2,
		"shapeless": false,
		"output": { "type": "item", "code": "game:metalbit-{material}", "quantity": 3 }
	},
	{
		//east
		"ingredientPattern": "_S_,_B_",
		"enabled": true,
		"ingredients": {
			"S": { "type": "item", "code": "game:saw-*", "isTool": true, "toolDurabilityCost": 2 },
			"B": { "type": "block", "code": "butchering:butcherhook-*-east", "name": "material", "allowedVariants": [ "copper", "tinbronze", "bismuthbronze", "blackbronze", "iron" ], "returnedStack": { "type": "item", "code": "game:stick", "quantity": 4 }, "quantity": 1 }
		},
		"width": 3,
		"height": 2,
		"recipeGroup": 2,
		"shapeless": false,
		"output": { "type": "item", "code": "game:metalbit-{material}", "quantity": 3 }
	},
	{
		//south
		"ingredientPattern": "_S_,_B_",
		"enabled": true,
		"ingredients": {
			"S": { "type": "item", "code": "game:saw-*", "isTool": true, "toolDurabilityCost": 2 },
			"B": { "type": "block", "code": "butchering:butcherhook-*-south", "name": "material", "allowedVariants": [ "copper", "tinbronze", "bismuthbronze", "blackbronze", "iron" ], "returnedStack": { "type": "item", "code": "game:stick", "quantity": 4 }, "quantity": 1 }
		},
		"width": 3,
		"height": 2,
		"recipeGroup": 2,
		"shapeless": false,
		"output": { "type": "item", "code": "game:metalbit-{material}", "quantity": 3 }
	},
	{
		//west
		"ingredientPattern": "_S_,_B_",
		"enabled": true,
		"ingredients": {
			"S": { "type": "item", "code": "game:saw-*", "isTool": true, "toolDurabilityCost": 2 },
			"B": { "type": "block", "code": "butchering:butcherhook-*-west", "name": "material", "allowedVariants": [ "copper", "tinbronze", "bismuthbronze", "blackbronze", "iron" ], "returnedStack": { "type": "item", "code": "game:stick", "quantity": 4 }, "quantity": 1 }
		},
		"width": 3,
		"height": 2,
		"recipeGroup": 2,
		"shapeless": false,
		"output": { "type": "item", "code": "game:metalbit-{material}", "quantity": 3 }
	},
	{
//Рекрафт Примітивного столу для туш моду Butchering
		"ingredientPattern": "_S_,_T_",
		"enabled": true,
		"ingredients": {
			"S": { "type": "item", "code": "game:saw-*", "isTool": true, "toolDurabilityCost": 5 },
			"T": { "type": "block", "code": "butchering:butchertable-primitive-*", "returnedStack": { "type": "item", "code": "game:flint", "quantity": 4 }, "quantity": 1 }
		},
		"width": 3,
		"height": 2,
		"recipeGroup": 3,
		"shapeless": false,
		"output": { "type": "block", "code": "game:log-placed-aged-ud", "quantity": 2 }
	},
	{
//Рекрафт Простого столу для туш моду Butchering
		"ingredientPattern": "_S_,_T_",
		"enabled": true,
		"ingredients": {
			"S": { "type": "item", "code": "game:saw-*", "isTool": true, "toolDurabilityCost": 5 },
			"T": { "type": "block", "code": "butchering:butchertable-simple-*", "returnedStack": { "type": "item", "code": "game:metalbit-copper", "quantity": 20 }, "quantity": 1 }
		},
		"width": 3,
		"height": 2,
		"recipeGroup": 3,
		"shapeless": false,
		"output": { "type": "item", "code": "game:plank-aged", "quantity": 20 }
	},
	{
//Рекрафт Професійного столу для туш моду Butchering
		"ingredientPattern": "_S_,_T_",
		"enabled": true,
		"ingredients": {
			"S": { "type": "item", "code": "game:saw-*", "isTool": true, "toolDurabilityCost": 5 },
			"T": { "type": "block", "code": "butchering:butchertable-advanced-*", "returnedStack": { "type": "item", "code": "game:metalbit-iron", "quantity": 20 }, "quantity": 1 }
		},
		"width": 3,
		"height": 2,
		"recipeGroup": 3,
		"shapeless": false,
		"output": { "type": "item", "code": "game:plank-aged", "quantity": 20 }
	},
]