﻿{
	"code": "static-saber",
	"damagedby": [ "blockbreaking", "attacking" ],
	"tool": "sword",
	"class": "EWeapon",
	"durability": 1000,
  "tooltier": 5,
	"attributes": {
		"heldItemPitchFollow": 0.9,
		"chargable": true,
		"fireCost": 200,
		"consume": 20,
		"handbook": {
			"groupBy": [ "static-saber-*" ],
			"extraSections": [
				{
					"title": "electricalprogressiveequipment:item-handbooktitle-static-saber",
					"text": "electricalprogressiveequipment:item-handbooktext-static-saber"
				}
			]
		},
		"toolrackTransform": {
			"translation": {
				"x": 0,
				"y": -0.57,
				"z": 0
			},
			"rotation": {
				"x": 180,
				"y": 180,
				"z": 0
			},
			"scale": 1.4
		},
		"groundStorageTransform": {
			"translation": {
				"x": 0,
				"y": 0.39,
				"z": -0.1
			},
			"rotation": {
				"x": 30,
				"y": 90,
				"z": 270
			},
			"scale": 0.8
		}
	},
	"shape": { "base": "item/static-saber-{type}" },

	"heldTpHitAnimation": "spearhit",
	"attackRange": 3,
	"tooltier": 6,
	"attackpower": 8,
	"miningspeed": {
		"wood": 2,
		"leaves": 1.4
	},


	"variantgroups": [
		{
			"code": "type",
			"states": [ "common", "hot" ]
		}
	],

	"behaviors": [
		{
			"name": "GroundStorable",
			"properties": {
				"layout": "WallHalves",
				"wallOffY": 1,
				"ctrlKey": true
			}
		},
		{ "name": "AnimationAuthoritative" }
	],


	"creativeinventory": {
		"general": [ "*" ],
		"electricity": [ "*-common" ]
	},

	"lightHsvByType": {
		"*-hot": [ 0, 0, 5 ],
		"*": [ 0, 0, 0 ]
	},

	"fpHandTransform": {
		"translation": {
			"x": -0.2,
			"y": -0.2,
			"z": 0
		},
		"rotation": {
			"x": 15,
			"y": 15,
			"z": 90
		},
		"scale": 2.72
	},
	"groundTransform": {
		"translation": {
			"x": 0,
			"y": 0,
			"z": 0
		},
		"rotation": {
			"x": 180,
			"y": 0,
			"z": 0
		},
		"origin": {
			"x": 0.5,
			"y": 0.1,
			"z": 0.5299
		},
		"scale": 5
	},
	"tpHandTransform": {
		"translation": {
			"x": 0.05,
			"y": -0.5,
			"z": -0.05
		},
		"rotation": {
			"x": 90,
			"y": 0,
			"z": 0
		},
		"origin": {
			"x": 0,
			"y": 0,
			"z": 0
		},
		"scale": 1
	},
	"guiTransform": {
		"translation": {
			"x": 0,
			"y": 0,
			"z": 0
		},
		"rotation": {
			"x": -50,
			"y": 59,
			"z": 12
		},
		"origin": {
			"x": 1.75,
			"y": 1.05,
			"z": 0
		},
		"scale": 1.7
	}
}