{
	"editor": {
		"collapsedPaths": "Root/origin/hilt",
		"allAngles": false,
		"entityTextureMode": false
	},
	"textureWidth": 16,
	"textureHeight": 16,
	"textureSizes": {
	},
	"textures": {
	},
	"elements": [
		{
			"name": "origin",
			"from": [ 8.0, 0.0, 8.0 ],
			"to": [ 8.0, 0.0, 8.0 ],
			"rotationOrigin": [ 8.0, 0.0, 8.0 ],
			"faces": {
			},
			"children": [
				{
					"name": "hilt",
					"from": [ 0.0, -0.6, -0.6 ],
					"to": [ 0.5, 0.6, 0.6 ],
					"faces": {
						"north": { "texture": "#metal", "uv": [ 15.0, 4.0, 15.5, 5.0 ] },
						"east": { "texture": "#metal", "uv": [ 12.0, 4.5, 13.0, 5.5 ] },
						"south": { "texture": "#metal", "uv": [ 3.5, 7.5, 4.0, 8.5 ] },
						"west": { "texture": "#metal", "uv": [ 9.5, 6.0, 10.5, 7.0 ] },
						"up": { "texture": "#metal", "uv": [ 8.0, 1.0, 8.5, 2.0 ] },
						"down": { "texture": "#metal", "uv": [ 8.5, 3.0, 9.0, 4.0 ] }
					},
					"children": [
						{
							"name": "guard2",
							"from": [ 0.1, -1.0, 0.35 ],
							"to": [ 0.4, 2.2, 0.85 ],
							"rotationOrigin": [ 1.1, 0.6, 0.6 ],
							"faces": {
								"north": { "texture": "#metal", "uv": [ 0.5, 10.0, 1.0, 13.0 ] },
								"east": { "texture": "#metal", "uv": [ 3.5, 1.0, 4.0, 4.0 ] },
								"south": { "texture": "#metal", "uv": [ 5.0, 5.5, 5.5, 8.5 ] },
								"west": { "texture": "#metal", "uv": [ 4.5, 4.5, 5.0, 7.5 ] },
								"up": { "texture": "#metal", "uv": [ 8.5, 13.0, 9.0, 13.5 ] },
								"down": { "texture": "#metal", "uv": [ 9.5, 9.5, 10.0, 10.0 ] }
							}
						},
						{
							"name": "guard3",
							"from": [ -0.05, -1.2, 0.1 ],
							"to": [ 0.55, -1.0, 1.1 ],
							"rotationOrigin": [ -0.1, 0.4, 0.4 ],
							"faces": {
								"north": { "texture": "#metal", "uv": [ 0.5, 10.0, 1.0, 10.5 ] },
								"east": { "texture": "#metal", "uv": [ 3.5, 1.0, 4.5, 1.5 ] },
								"south": { "texture": "#metal", "uv": [ 5.0, 5.5, 5.5, 6.0 ] },
								"west": { "texture": "#metal", "uv": [ 4.5, 4.5, 5.5, 5.0 ] },
								"up": { "texture": "#metal", "uv": [ 8.5, 13.0, 9.0, 14.0 ] },
								"down": { "texture": "#metal", "uv": [ 9.5, 9.5, 10.0, 10.5 ] }
							}
						},
						{
							"name": "guard4",
							"from": [ -0.05, 2.2, 0.1 ],
							"to": [ 0.55, 2.4, 1.1 ],
							"rotationOrigin": [ -0.1, 3.8, 0.4 ],
							"faces": {
								"north": { "texture": "#metal", "uv": [ 0.5, 10.0, 1.0, 10.5 ] },
								"east": { "texture": "#metal", "uv": [ 3.5, 1.0, 4.5, 1.5 ] },
								"south": { "texture": "#metal", "uv": [ 5.0, 5.5, 5.5, 6.0 ] },
								"west": { "texture": "#metal", "uv": [ 4.5, 4.5, 5.5, 5.0 ] },
								"up": { "texture": "#metal", "uv": [ 8.5, 13.0, 9.0, 14.0 ] },
								"down": { "texture": "#metal", "uv": [ 9.5, 9.5, 10.0, 10.5 ] }
							}
						},
						{
							"name": "guard5",
							"from": [ -0.05, 2.44, 0.435 ],
							"to": [ 0.55, 2.64, 0.635 ],
							"rotationOrigin": [ -0.05, 2.4, 0.4 ],
							"rotationX": 45.0,
							"faces": {
								"north": { "texture": "#metal", "uv": [ 0.5, 10.0, 1.0, 10.5 ] },
								"east": { "texture": "#metal", "uv": [ 3.5, 1.0, 4.0, 1.5 ] },
								"south": { "texture": "#metal", "uv": [ 5.0, 5.5, 5.5, 6.0 ] },
								"west": { "texture": "#metal", "uv": [ 4.5, 4.5, 5.0, 5.0 ] },
								"up": { "texture": "#metal", "uv": [ 8.5, 13.0, 9.0, 13.5 ] },
								"down": { "texture": "#metal", "uv": [ 9.5, 9.5, 10.0, 10.0 ] }
							}
						},
						{
							"name": "guard6",
							"from": [ -0.05, 2.33, 0.93 ],
							"to": [ 0.55, 2.53, 1.13 ],
							"rotationOrigin": [ -0.05, 2.3, 0.9 ],
							"rotationX": 45.0,
							"faces": {
								"north": { "texture": "#metal", "uv": [ 0.5, 10.0, 1.0, 10.5 ] },
								"east": { "texture": "#metal", "uv": [ 3.5, 1.0, 4.0, 1.5 ] },
								"south": { "texture": "#metal", "uv": [ 5.0, 5.5, 5.5, 6.0 ] },
								"west": { "texture": "#metal", "uv": [ 4.5, 4.5, 5.0, 5.0 ] },
								"up": { "texture": "#metal", "uv": [ 8.5, 13.0, 9.0, 13.5 ] },
								"down": { "texture": "#metal", "uv": [ 9.5, 9.5, 10.0, 10.0 ] }
							}
						},
						{
							"name": "guard7",
							"from": [ -0.05, 2.33, -0.07 ],
							"to": [ 0.55, 2.53, 0.13 ],
							"rotationOrigin": [ -0.05, 2.3, -0.1 ],
							"rotationX": 45.0,
							"faces": {
								"north": { "texture": "#metal", "uv": [ 0.5, 10.0, 1.0, 10.5 ] },
								"east": { "texture": "#metal", "uv": [ 3.5, 1.0, 4.0, 1.5 ] },
								"south": { "texture": "#metal", "uv": [ 5.0, 5.5, 5.5, 6.0 ] },
								"west": { "texture": "#metal", "uv": [ 4.5, 4.5, 5.0, 5.0 ] },
								"up": { "texture": "#metal", "uv": [ 8.5, 13.0, 9.0, 13.5 ] },
								"down": { "texture": "#metal", "uv": [ 9.5, 9.5, 10.0, 10.0 ] }
							}
						},
						{
							"name": "guard8",
							"from": [ -0.05, -1.07, 0.93 ],
							"to": [ 0.55, -0.87, 1.13 ],
							"rotationOrigin": [ -0.05, -1.1, 0.9 ],
							"rotationX": 45.0,
							"faces": {
								"north": { "texture": "#metal", "uv": [ 0.5, 10.0, 1.0, 10.5 ] },
								"east": { "texture": "#metal", "uv": [ 3.5, 1.0, 4.0, 1.5 ] },
								"south": { "texture": "#metal", "uv": [ 5.0, 5.5, 5.5, 6.0 ] },
								"west": { "texture": "#metal", "uv": [ 4.5, 4.5, 5.0, 5.0 ] },
								"up": { "texture": "#metal", "uv": [ 8.5, 13.0, 9.0, 13.5 ] },
								"down": { "texture": "#metal", "uv": [ 9.5, 9.5, 10.0, 10.0 ] }
							}
						},
						{
							"name": "guard9",
							"from": [ -0.05, -1.16, 0.435 ],
							"to": [ 0.55, -0.96, 0.635 ],
							"rotationOrigin": [ -0.05, -1.2, 0.4 ],
							"rotationX": 45.0,
							"faces": {
								"north": { "texture": "#metal", "uv": [ 0.5, 10.0, 1.0, 10.5 ] },
								"east": { "texture": "#metal", "uv": [ 3.5, 1.0, 4.0, 1.5 ] },
								"south": { "texture": "#metal", "uv": [ 5.0, 5.5, 5.5, 6.0 ] },
								"west": { "texture": "#metal", "uv": [ 4.5, 4.5, 5.0, 5.0 ] },
								"up": { "texture": "#metal", "uv": [ 8.5, 13.0, 9.0, 13.5 ] },
								"down": { "texture": "#metal", "uv": [ 9.5, 9.5, 10.0, 10.0 ] }
							}
						},
						{
							"name": "guard10",
							"from": [ -0.05, -1.07, -0.07 ],
							"to": [ 0.55, -0.87, 0.13 ],
							"rotationOrigin": [ -0.05, -1.1, -0.1 ],
							"rotationX": 45.0,
							"faces": {
								"north": { "texture": "#metal", "uv": [ 0.5, 10.0, 1.0, 10.5 ] },
								"east": { "texture": "#metal", "uv": [ 3.5, 1.0, 4.0, 1.5 ] },
								"south": { "texture": "#metal", "uv": [ 5.0, 5.5, 5.5, 6.0 ] },
								"west": { "texture": "#metal", "uv": [ 4.5, 4.5, 5.0, 5.0 ] },
								"up": { "texture": "#metal", "uv": [ 8.5, 13.0, 9.0, 13.5 ] },
								"down": { "texture": "#metal", "uv": [ 9.5, 9.5, 10.0, 10.0 ] }
							}
						}
					]
				},
				{
					"name": "fuller",
					"from": [ 0.5, -0.2, -0.149 ],
					"to": [ 7.6, 0.2, 0.151 ],
					"rotationOrigin": [ 0.5, 0.0, 0.0 ],
					"faces": {
						"north": { "texture": "#metal", "uv": [ 1.0, 14.5, 8.0, 15.0 ] },
						"east": { "texture": "#metal", "uv": [ 11.5, 1.0, 12.0, 1.5 ] },
						"south": { "texture": "#metal", "uv": [ 1.0, 2.0, 8.0, 2.5 ] },
						"up": { "texture": "#metal", "uv": [ 2.5, 3.5, 9.5, 4.0 ] },
						"down": { "texture": "#metal", "uv": [ 0.0, 5.0, 7.0, 5.5 ] }
					},
					"children": [
						{
							"name": "blade1",
							"from": [ 0.0, 0.3, 0.051 ],
							"to": [ 7.0, 0.5, 0.251 ],
							"rotationOrigin": [ 0.0, 0.4, 0.15 ],
							"rotationX": -45.0,
							"faces": {
								"east": { "texture": "#metal", "uv": [ 5.0, 14.5, 5.5, 15.0 ] },
								"south": { "texture": "#metal", "uv": [ 8.5, 12.5, 15.5, 13.0 ] },
								"up": { "texture": "#metal", "uv": [ 3.5, 7.5, 10.5, 8.0 ] }
							}
						},
						{
							"name": "blade2",
							"from": [ 0.0, -0.1, 0.051 ],
							"to": [ 7.0, 0.1, 0.251 ],
							"rotationOrigin": [ 0.0, 0.0, 0.15 ],
							"rotationX": -45.0,
							"faces": {
								"north": { "texture": "#metal", "uv": [ 3.5, 2.0, 10.5, 2.5 ] },
								"east": { "texture": "#metal", "uv": [ 7.5, 12.5, 8.0, 13.0 ] },
								"down": { "texture": "#metal", "uv": [ 6.5, 9.0, 13.5, 9.5 ] }
							}
						},
						{
							"name": "tip1",
							"from": [ 6.9, 0.3, 0.05 ],
							"to": [ 7.73, 0.5, 0.25 ],
							"rotationOrigin": [ 6.9, 0.4, 0.15 ],
							"rotationX": -45.0,
							"rotationY": 10.0,
							"rotationZ": -10.0,
							"faces": {
								"north": { "texture": "#metal", "uv": [ 13.5, 7.0, 14.0, 7.5 ] },
								"east": { "texture": "#metal", "uv": [ 11.0, 10.0, 11.5, 10.5 ] },
								"south": { "texture": "#metal", "uv": [ 9.5, 0.0, 10.0, 0.5 ] },
								"up": { "texture": "#metal", "uv": [ 5.0, 2.5, 5.5, 3.0 ] },
								"down": { "texture": "#metal", "uv": [ 14.0, 0.5, 14.5, 1.0 ] }
							}
						},
						{
							"name": "tip2",
							"from": [ 6.9, -0.1, 0.05 ],
							"to": [ 7.73, 0.1, 0.25 ],
							"rotationOrigin": [ 6.9, 0.0, 0.15 ],
							"rotationX": -45.0,
							"rotationY": -10.0,
							"rotationZ": 10.0,
							"faces": {
								"north": { "texture": "#metal", "uv": [ 0.5, 8.0, 1.0, 8.5 ] },
								"east": { "texture": "#metal", "uv": [ 4.5, 6.5, 5.0, 7.0 ] },
								"south": { "texture": "#metal", "uv": [ 4.5, 8.0, 5.0, 8.5 ] },
								"up": { "texture": "#metal", "uv": [ 2.5, 1.5, 3.0, 2.0 ] },
								"down": { "texture": "#metal", "uv": [ 9.0, 10.5, 9.5, 11.0 ] }
							}
						},
						{
							"name": "Tippy Tip",
							"from": [ 7.6, 0.1, 0.05 ],
							"to": [ 7.8, 0.3, 0.25 ],
							"rotationOrigin": [ 7.7, 0.2, 0.15 ],
							"rotationZ": -45.0,
							"faces": {
								"north": { "texture": "#metal", "uv": [ 5.0, 2.5, 5.5, 3.0 ] },
								"east": { "texture": "#metal", "uv": [ 3.0, 3.0, 3.5, 3.5 ] },
								"south": { "texture": "#metal", "uv": [ 5.0, 14.0, 5.5, 14.5 ] },
								"west": { "texture": "#metal", "uv": [ 1.0, 8.0, 1.5, 8.5 ] },
								"up": { "texture": "#metal", "uv": [ 8.5, 4.0, 9.0, 4.5 ] },
								"down": { "texture": "#metal", "uv": [ 3.5, 2.5, 4.0, 3.0 ] }
							}
						},
						{
							"name": "tip4",
							"from": [ 7.1, 0.22, 0.01 ],
							"to": [ 7.5, 0.32, 0.29 ],
							"rotationOrigin": [ 7.2, 0.3, 0.05 ],
							"rotationX": -0.7,
							"rotationZ": -13.9,
							"faces": {
								"north": { "texture": "#metal", "uv": [ 5.0, 2.5, 5.5, 3.0 ] },
								"east": { "texture": "#metal", "uv": [ 3.0, 3.0, 3.5, 3.5 ] },
								"south": { "texture": "#metal", "uv": [ 5.0, 14.0, 5.5, 14.5 ] },
								"west": { "texture": "#metal", "uv": [ 1.0, 8.0, 1.5, 8.5 ] },
								"up": { "texture": "#metal", "uv": [ 8.5, 4.0, 9.0, 4.5 ] },
								"down": { "texture": "#metal", "uv": [ 3.5, 2.5, 4.0, 3.0 ] }
							}
						},
						{
							"name": "tip5",
							"from": [ 7.0, 0.08, 0.01 ],
							"to": [ 7.496, 0.17, 0.29 ],
							"rotationOrigin": [ 7.2, 0.2, 0.05 ],
							"rotationX": -0.2,
							"rotationZ": 13.9,
							"faces": {
								"north": { "texture": "#metal", "uv": [ 5.0, 2.5, 5.5, 3.0 ] },
								"east": { "texture": "#metal", "uv": [ 3.0, 3.0, 3.5, 3.5 ] },
								"south": { "texture": "#metal", "uv": [ 5.0, 14.0, 5.5, 14.5 ] },
								"west": { "texture": "#metal", "uv": [ 1.0, 8.0, 1.5, 8.5 ] },
								"up": { "texture": "#metal", "uv": [ 8.5, 4.0, 9.0, 4.5 ] },
								"down": { "texture": "#metal", "uv": [ 3.5, 2.5, 4.0, 3.0 ] }
							}
						},
						{
							"name": "tip6",
							"from": [ 7.1, 0.14, 0.01 ],
							"to": [ 7.4, 0.25, 0.29 ],
							"rotationOrigin": [ 7.2, 0.2, 0.05 ],
							"faces": {
								"north": { "texture": "#metal", "uv": [ 5.0, 2.5, 5.5, 3.0 ] },
								"east": { "texture": "#metal", "uv": [ 3.0, 3.0, 3.5, 3.5 ] },
								"south": { "texture": "#metal", "uv": [ 5.0, 14.0, 5.5, 14.5 ] },
								"west": { "texture": "#metal", "uv": [ 1.0, 8.0, 1.5, 8.5 ] },
								"up": { "texture": "#metal", "uv": [ 8.5, 4.0, 9.0, 4.5 ] },
								"down": { "texture": "#metal", "uv": [ 3.5, 2.5, 4.0, 3.0 ] }
							}
						},
						{
							"name": "tip7",
							"from": [ 7.4, 0.16, 0.01 ],
							"to": [ 7.6, 0.21, 0.29 ],
							"rotationOrigin": [ 7.5, 0.2, 0.05 ],
							"rotationZ": 13.0,
							"faces": {
								"north": { "texture": "#metal", "uv": [ 5.0, 2.5, 5.5, 3.0 ] },
								"east": { "texture": "#metal", "uv": [ 3.0, 3.0, 3.5, 3.5 ] },
								"south": { "texture": "#metal", "uv": [ 5.0, 14.0, 5.5, 14.5 ] },
								"west": { "texture": "#metal", "uv": [ 1.0, 8.0, 1.5, 8.5 ] },
								"up": { "texture": "#metal", "uv": [ 8.5, 4.0, 9.0, 4.5 ] },
								"down": { "texture": "#metal", "uv": [ 3.5, 2.5, 4.0, 3.0 ] }
							}
						},
						{
							"name": "tip8",
							"from": [ 7.4, 0.2, 0.01 ],
							"to": [ 7.6, 0.25, 0.29 ],
							"rotationOrigin": [ 7.5, 0.2, 0.05 ],
							"rotationZ": -13.0,
							"faces": {
								"north": { "texture": "#metal", "uv": [ 5.0, 2.5, 5.5, 3.0 ] },
								"east": { "texture": "#metal", "uv": [ 3.0, 3.0, 3.5, 3.5 ] },
								"south": { "texture": "#metal", "uv": [ 5.0, 14.0, 5.5, 14.5 ] },
								"west": { "texture": "#metal", "uv": [ 1.0, 8.0, 1.5, 8.5 ] },
								"up": { "texture": "#metal", "uv": [ 8.5, 4.0, 9.0, 4.5 ] },
								"down": { "texture": "#metal", "uv": [ 3.5, 2.5, 4.0, 3.0 ] }
							}
						}
					]
				},
				{
					"name": "fuller2",
					"from": [ -3.0, -0.2, -0.149 ],
					"to": [ 0.0, 0.2, 0.151 ],
					"rotationOrigin": [ -3.0, 0.0, 0.0 ],
					"faces": {
						"north": { "texture": "#metal", "uv": [ 1.0, 14.5, 4.0, 15.0 ] },
						"east": { "texture": "#metal", "uv": [ 11.5, 1.0, 12.0, 1.5 ] },
						"south": { "texture": "#metal", "uv": [ 1.0, 2.0, 4.0, 2.5 ] },
						"up": { "texture": "#metal", "uv": [ 2.5, 3.5, 5.5, 4.0 ] },
						"down": { "texture": "#metal", "uv": [ 0.0, 5.0, 3.0, 5.5 ] }
					}
				}
			]
		}
	]}