{
	"editor": {
		"collapsedPaths": "Root/Frame,Root/Putty",
		"allAngles": false,
		"entityTextureMode": false
	},
	"textureWidth": 16,
	"textureHeight": 16,
	"textureSizes": {
	},
	"elements": [
		{
			"name": "Frame",
			"from": [ 7.5, 0.76, 0.7 ],
			"to": [ 8.5, 1.505, 15.24 ],
			"rotationOrigin": [ 6.0, 0.8, 0.7 ],
			"faces": {
				"north": { "texture": "#frame", "uv": [ 0.0, 0.0, 1.0, 0.5 ] },
				"east": { "texture": "#frame", "uv": [ 1.5, 1.0, 16.0, 1.5 ], "autoUv": false },
				"south": { "texture": "#frame", "uv": [ 0.0, 0.0, 1.0, 0.5 ] },
				"west": { "texture": "#frame", "uv": [ 2.0, 0.5, 16.0, 1.0 ], "autoUv": false },
				"up": { "texture": "#frame", "uv": [ 0.0, 0.0, 1.0, 14.5 ] },
				"down": { "texture": "#frame", "uv": [ 0.0, 0.0, 1.0, 14.5 ] }
			},
			"children": [
				{
					"name": "FrameB",
					"from": [ 0.0, 0.74, 0.0 ],
					"to": [ 1.0, 13.73, 0.745 ],
					"rotationOrigin": [ 0.0, 0.3, 0.0 ],
					"faces": {
						"north": { "texture": "#frame", "uv": [ 0.0, 1.0, 1.0, 13.5 ] },
						"east": { "texture": "#frame", "uv": [ 0.0, 0.5, 0.5, 13.0 ] },
						"south": { "texture": "#frame", "uv": [ 1.0, 1.5, 2.0, 14.0 ] },
						"west": { "texture": "#frame", "uv": [ 0.5, 0.5, 1.0, 13.0 ] },
						"up": { "texture": "#frame", "uv": [ 0.0, 0.0, 1.0, 0.5 ] },
						"down": { "texture": "#frame", "uv": [ 0.0, 0.0, 1.0, 0.5 ] }
					}
				},
				{
					"name": "FrameC",
					"from": [ 0.0, 13.73, 0.0 ],
					"to": [ 1.0, 14.475, 14.54 ],
					"rotationOrigin": [ -0.1, 14.3, 0.0 ],
					"faces": {
						"north": { "texture": "#frame", "uv": [ 0.0, 0.0, 1.0, 0.5 ] },
						"east": { "texture": "#frame", "uv": [ 0.0, 0.0, 14.5, 0.5 ] },
						"south": { "texture": "#frame", "uv": [ 0.0, 0.0, 1.0, 0.5 ] },
						"west": { "texture": "#frame", "uv": [ 0.0, 0.0, 14.5, 0.5 ] },
						"up": { "texture": "#frame", "uv": [ 0.0, 0.0, 1.0, 14.5 ] },
						"down": { "texture": "#frame", "uv": [ 0.0, 0.0, 1.0, 14.5 ] }
					}
				},
				{
					"name": "FrameD",
					"from": [ 0.0, 0.745, 13.8 ],
					"to": [ 1.0, 13.735, 14.545 ],
					"rotationOrigin": [ 0.0, 0.2, 14.3 ],
					"faces": {
						"north": { "texture": "#frame", "uv": [ 0.0, 0.0, 1.0, 12.5 ] },
						"east": { "texture": "#frame", "uv": [ 0.0, 0.0, 0.5, 12.5 ] },
						"south": { "texture": "#frame", "uv": [ 0.0, 0.0, 1.0, 12.5 ] },
						"west": { "texture": "#frame", "uv": [ 0.0, 0.0, 0.5, 12.5 ] },
						"up": { "texture": "#frame", "uv": [ 0.0, 0.0, 1.0, 0.5 ] },
						"down": { "texture": "#frame", "uv": [ 0.0, 0.0, 1.0, 0.5 ] }
					}
				}
			]
		},
		{
			"name": "Putty",
			"from": [ 7.7, 1.5, 1.5 ],
			"to": [ 8.3, 1.7, 14.5 ],
			"rotationOrigin": [ 6.0, 1.0, 0.0 ],
			"faces": {
				"east": { "texture": "#putty", "uv": [ 0.0, 0.0, 13.0, 0.5 ] },
				"west": { "texture": "#putty", "uv": [ 0.0, 0.0, 13.0, 0.5 ] },
				"up": { "texture": "#putty", "uv": [ 0.0, 0.0, 0.5, 13.0 ] }
			},
			"children": [
				{
					"name": "PuttyB",
					"from": [ 0.0, 12.8, 0.0 ],
					"to": [ 0.6, 13.0, 13.0 ],
					"rotationOrigin": [ -1.7, 12.5, -1.5 ],
					"faces": {
						"east": { "texture": "#putty", "uv": [ 0.0, 0.0, 13.0, 0.5 ] },
						"west": { "texture": "#putty", "uv": [ 0.0, 0.0, 13.0, 0.5 ] },
						"down": { "texture": "#putty", "uv": [ 0.0, 0.0, 0.5, 13.0 ] }
					}
				},
				{
					"name": "PuttyC",
					"from": [ 0.0, 0.2, 0.0 ],
					"to": [ 0.6, 12.8, 0.2 ],
					"rotationOrigin": [ -1.7, 12.5, -1.5 ],
					"faces": {
						"east": { "texture": "#putty", "uv": [ 0.0, 0.0, 0.5, 12.5 ] },
						"south": { "texture": "#putty", "uv": [ 0.0, 0.0, 0.5, 12.5 ] },
						"west": { "texture": "#putty", "uv": [ 0.0, 0.0, 0.5, 12.5 ] }
					}
				},
				{
					"name": "PuttyD",
					"from": [ 0.0, 0.2, 12.8 ],
					"to": [ 0.6, 12.8, 13.0 ],
					"rotationOrigin": [ -1.7, 12.5, -1.5 ],
					"faces": {
						"north": { "texture": "#putty", "uv": [ 0.0, 0.0, 0.5, 12.5 ] },
						"east": { "texture": "#putty", "uv": [ 0.0, 0.0, 0.5, 12.5 ] },
						"west": { "texture": "#putty", "uv": [ 0.0, 0.0, 0.5, 12.5 ] }
					}
				}
			]
		},
		{
			"name": "Glass",
			"from": [ 7.9, 1.5, 1.5 ],
			"to": [ 8.1, 14.5, 14.5 ],
			"renderPass": 3,
			"rotationOrigin": [ 0.0, 1.0, 0.0 ],
			"faces": {
				"east": { "texture": "#glass", "uv": [ 0.0, 0.0, 16.0, 16.0 ] },
				"west": { "texture": "#glass", "uv": [ 0.0, 0.0, 16.0, 16.0 ] }
			}
		},
		{
			"name": "Frame2",
			"from": [ 7.3, 0.03, -0.04 ],
			"to": [ 8.7, 0.775, 16.0 ],
			"rotationOrigin": [ 5.8, 0.0, 0.0 ],
			"faces": {
				"north": { "texture": "#ramka", "uv": [ 0.0, 0.0, 1.0, 0.5 ] },
				"east": { "texture": "#ramka", "uv": [ 0.0, 0.0, 16.0, 0.5 ] },
				"south": { "texture": "#ramka", "uv": [ 0.0, 0.0, 1.0, 0.5 ] },
				"west": { "texture": "#ramka", "uv": [ 0.0, 0.0, 16.0, 0.5 ] },
				"up": { "texture": "#ramka", "uv": [ 0.0, 0.0, 1.0, 16.0 ] },
				"down": { "texture": "#ramka", "uv": [ 0.0, 0.0, 1.0, 16.0 ] }
			},
			"children": [
				{
					"name": "FrameB2",
					"from": [ 0.0, 0.74, 0.0 ],
					"to": [ 1.4, 15.2, 0.745 ],
					"rotationOrigin": [ 0.0, 0.29, -0.06 ],
					"faces": {
						"north": { "texture": "#ramka", "uv": [ 0.0, 0.0, 1.0, 14.0 ] },
						"east": { "texture": "#ramka", "uv": [ 0.0, 0.0, 0.5, 14.0 ] },
						"south": { "texture": "#ramka", "uv": [ 0.0, 0.0, 1.0, 14.0 ] },
						"west": { "texture": "#ramka", "uv": [ 0.0, 0.0, 0.5, 14.0 ] },
						"up": { "texture": "#ramka", "uv": [ 0.0, 0.0, 1.0, 0.5 ] },
						"down": { "texture": "#ramka", "uv": [ 0.0, 0.0, 1.0, 0.5 ] }
					}
				},
				{
					"name": "FrameC2",
					"from": [ 0.0, 15.2, 0.0 ],
					"to": [ 1.4, 15.945, 16.025 ],
					"rotationOrigin": [ -0.1, 15.89, 0.04 ],
					"faces": {
						"north": { "texture": "#ramka", "uv": [ 0.0, 0.0, 1.0, 0.5 ] },
						"east": { "texture": "#ramka", "uv": [ 0.0, 0.0, 16.0, 0.5 ] },
						"south": { "texture": "#ramka", "uv": [ 0.0, 0.0, 1.0, 0.5 ] },
						"west": { "texture": "#ramka", "uv": [ 0.0, 0.0, 16.0, 0.5 ] },
						"up": { "texture": "#ramka", "uv": [ 0.0, 0.0, 1.0, 16.0 ] },
						"down": { "texture": "#ramka", "uv": [ 0.0, 0.0, 1.0, 16.0 ] }
					}
				},
				{
					"name": "FrameD2",
					"from": [ 0.0, 0.74, 15.28 ],
					"to": [ 1.4, 15.2, 16.025 ],
					"rotationOrigin": [ 0.0, 0.19, 15.84 ],
					"faces": {
						"north": { "texture": "#ramka", "uv": [ 0.5, 1.0, 1.5, 15.0 ] },
						"east": { "texture": "#ramka", "uv": [ 0.5, 1.0, 1.0, 15.0 ] },
						"south": { "texture": "#ramka", "uv": [ 0.0, 0.5, 1.0, 14.5 ] },
						"west": { "texture": "#ramka", "uv": [ 0.5, 1.0, 1.0, 15.0 ] },
						"up": { "texture": "#ramka", "uv": [ 0.0, 0.0, 1.0, 0.5 ] },
						"down": { "texture": "#ramka", "uv": [ 0.0, 0.0, 1.0, 0.5 ] }
					}
				}
			]
		}
	]}