{
	"editor": {
		"collapsedPaths": "Root/origin/Pick,Root/origin/Hammer",
		"allAngles": false,
		"entityTextureMode": false
	},
	"textureWidth": 16,
	"textureHeight": 16,
	"textureSizes": {
	},
	"textures": {
	},
	"elements": [
		{
			"name": "origin",
			"from": [ 10.0, 0.5, 7.7 ],
			"to": [ 10.0, 0.5, 7.7 ],
			"rotationOrigin": [ 8.0, 0.0, 8.0 ],
			"faces": {
				"north": { "texture": "#metal", "uv": [ 0.0, 0.0, 0.5, 0.5 ] },
				"east": { "texture": "#metal", "uv": [ 0.0, 0.0, 0.5, 0.5 ] },
				"south": { "texture": "#metal", "uv": [ 0.0, 0.0, 0.5, 0.5 ] },
				"west": { "texture": "#metal", "uv": [ 0.0, 0.0, 0.5, 0.5 ] },
				"up": { "texture": "#metal", "uv": [ 0.0, 0.0, 0.5, 0.5 ] },
				"down": { "texture": "#metal", "uv": [ 0.0, 0.0, 0.5, 0.5 ] }
			},
			"children": [
				{
					"name": "haft",
					"from": [ -9.0, -0.5, -0.5 ],
					"to": [ 7.5, 1.0, 1.0 ],
					"rotationOrigin": [ -10.5, -8.0, 0.0 ],
					"faces": {
						"north": { "texture": "#haft", "uv": [ 0.0, 5.5, 16.5, 7.0 ] },
						"east": { "texture": "#haft", "uv": [ 0.5, 0.5, 2.0, 2.0 ] },
						"south": { "texture": "#haft", "uv": [ 0.0, 10.5, 16.5, 12.0 ] },
						"west": { "texture": "#haft", "uv": [ 14.0, 10.0, 15.5, 11.5 ], "windMode": [-1,-1,-1,-1] },
						"up": { "texture": "#haft", "uv": [ 0.0, 4.5, 16.5, 6.0 ] },
						"down": { "texture": "#haft", "uv": [ 0.0, 5.0, 16.5, 6.5 ] }
					}
				},
				{
					"name": "Pick",
					"from": [ 5.8, -0.15, -3.3 ],
					"to": [ 7.0, 0.65, -0.8 ],
					"rotationOrigin": [ 6.8, -0.2, -0.3 ],
					"faces": {
						"north": { "texture": "#metal", "uv": [ 1.0, 5.0, 2.0, 5.5 ] },
						"east": { "texture": "#metal", "uv": [ 2.0, 5.0, 4.5, 5.5 ] },
						"south": { "texture": "#metal", "uv": [ 2.0, 7.0, 3.0, 7.5 ] },
						"west": { "texture": "#metal", "uv": [ 2.0, 6.0, 4.5, 6.5 ] },
						"up": { "texture": "#metal", "uv": [ 7.0, 3.5, 8.0, 6.0 ] },
						"down": { "texture": "#metal", "uv": [ 3.0, 3.0, 4.0, 5.5 ] }
					},
					"children": [
						{
							"name": "Pick Midsection",
							"from": [ 0.4, 0.3, -1.5 ],
							"to": [ 1.1, 0.6, 0.0 ],
							"rotationOrigin": [ 0.9, 0.8, 0.5 ],
							"rotationX": -1.0,
							"rotationY": 10.0,
							"faces": {
								"north": { "texture": "#metal", "uv": [ 0.0, 0.0, 0.5, 0.5 ] },
								"east": { "texture": "#metal", "uv": [ 0.0, 0.0, 1.5, 0.5 ] },
								"south": { "texture": "#metal", "uv": [ 0.0, 0.0, 0.5, 0.5 ] },
								"west": { "texture": "#metal", "uv": [ 0.0, 0.0, 1.5, 0.5 ] },
								"up": { "texture": "#metal", "uv": [ 0.0, 0.0, 0.5, 1.5 ] },
								"down": { "texture": "#metal", "uv": [ 0.0, 0.0, 0.5, 1.5 ] }
							}
						},
						{
							"name": "Pick Tip",
							"from": [ 0.2, 0.269, -2.8 ],
							"to": [ 0.4, 0.559, -1.3 ],
							"rotationOrigin": [ 0.7, 0.8, -1.8 ],
							"rotationY": 15.0,
							"faces": {
								"north": { "texture": "#metal", "uv": [ 0.0, 0.0, 0.5, 0.5 ] },
								"east": { "texture": "#metal", "uv": [ 0.0, 0.0, 1.5, 0.5 ] },
								"south": { "texture": "#metal", "uv": [ 0.0, 0.0, 0.5, 0.5 ] },
								"west": { "texture": "#metal", "uv": [ 0.0, 0.0, 1.5, 0.5 ] },
								"up": { "texture": "#metal", "uv": [ 0.0, 0.0, 0.5, 1.5 ] },
								"down": { "texture": "#metal", "uv": [ 0.0, 0.0, 0.5, 1.5 ] }
							}
						}
					]
				},
				{
					"name": "Hammer",
					"from": [ 6.0, -0.2, 1.5 ],
					"to": [ 6.8, 0.6, 2.3 ],
					"rotationOrigin": [ 7.0, -0.2, 4.5 ],
					"faces": {
						"north": { "texture": "#metal", "uv": [ 1.0, 5.0, 1.5, 5.5 ] },
						"east": { "texture": "#metal", "uv": [ 2.0, 5.0, 2.5, 5.5 ] },
						"south": { "texture": "#metal", "uv": [ 2.0, 7.0, 2.5, 7.5 ] },
						"west": { "texture": "#metal", "uv": [ 2.0, 6.0, 2.5, 6.5 ] },
						"up": { "texture": "#metal", "uv": [ 5.5, 11.0, 6.0, 11.5 ], "rotation": 90 },
						"down": { "texture": "#metal", "uv": [ 3.0, 3.0, 3.5, 3.5 ] }
					},
					"children": [
						{
							"name": "Hammer Head",
							"from": [ -0.35, -0.3, 0.6 ],
							"to": [ 1.15, 1.2, 1.1 ],
							"rotationOrigin": [ 0.6, -0.3, 3.6 ],
							"faces": {
								"north": { "texture": "#metal", "uv": [ 1.0, 5.0, 2.5, 6.5 ] },
								"east": { "texture": "#metal", "uv": [ 2.0, 5.0, 2.5, 6.5 ] },
								"south": { "texture": "#metal", "uv": [ 2.0, 7.0, 3.5, 8.5 ] },
								"west": { "texture": "#metal", "uv": [ 2.0, 6.0, 2.5, 7.5 ] },
								"up": { "texture": "#metal", "uv": [ 5.5, 11.0, 6.0, 12.5 ], "rotation": 90 },
								"down": { "texture": "#metal", "uv": [ 3.0, 3.0, 4.5, 3.5 ] }
							}
						}
					]
				},
				{
					"name": "Head",
					"from": [ 5.4, -0.8, -1.0 ],
					"to": [ 7.4, 1.2, 1.5 ],
					"rotationOrigin": [ 5.4, -0.8, -1.0 ],
					"faces": {
						"north": { "texture": "#metal", "uv": [ 7.0, 3.0, 9.0, 5.0 ] },
						"east": { "texture": "#metal", "uv": [ 1.0, 2.0, 3.5, 4.0 ] },
						"south": { "texture": "#metal", "uv": [ 6.0, 4.0, 8.0, 6.0 ] },
						"west": { "texture": "#metal", "uv": [ 6.0, 2.0, 8.5, 4.0 ] },
						"up": { "texture": "#metal", "uv": [ 6.0, 7.5, 8.5, 9.5 ], "rotation": 90 },
						"down": { "texture": "#metal", "uv": [ 4.0, 3.0, 6.0, 5.5 ] }
					},
					"children": [
						{
							"name": "Haft Reinforcement",
							"from": [ -2.3, 0.15, 0.35 ],
							"to": [ 0.0, 1.95, 2.15 ],
							"rotationOrigin": [ -2.3, 0.1, 0.3 ],
							"faces": {
								"north": { "texture": "#metal", "uv": [ 7.0, 3.0, 9.0, 4.5 ] },
								"east": { "texture": "#metal", "uv": [ 1.0, 2.0, 2.5, 3.5 ] },
								"south": { "texture": "#metal", "uv": [ 6.0, 4.0, 8.0, 5.5 ] },
								"west": { "texture": "#metal", "uv": [ 6.0, 2.0, 7.5, 3.5 ] },
								"up": { "texture": "#metal", "uv": [ 6.0, 7.5, 7.5, 9.5 ], "rotation": 90 },
								"down": { "texture": "#metal", "uv": [ 4.0, 3.0, 6.0, 4.5 ] }
							}
						}
					]
				},
				{
					"name": "Eye Pin",
					"from": [ 7.275, 0.1, 0.1 ],
					"to": [ 7.525, 0.35, 0.35 ],
					"rotationOrigin": [ 13.8, -7.9, 0.1 ],
					"faces": {
						"north": { "texture": "#metal", "uv": [ 0.0, 5.5, 0.5, 6.0 ] },
						"east": { "texture": "#metal", "uv": [ 0.5, 0.5, 1.0, 1.0 ] },
						"south": { "texture": "#metal", "uv": [ 0.0, 10.5, 0.5, 11.0 ] },
						"west": { "texture": "#metal", "uv": [ 14.0, 10.0, 14.5, 10.5 ] },
						"up": { "texture": "#metal", "uv": [ 0.0, 4.5, 0.5, 5.0 ] },
						"down": { "texture": "#metal", "uv": [ 0.0, 5.0, 0.5, 5.5 ] }
					}
				},
				{
					"name": "tenderizer1",
					"from": [ 5.7, -0.15, 1.45 ],
					"to": [ 7.1, 0.85, 2.45 ],
					"rotationOrigin": [ 6.5, 0.55, 2.15 ],
					"rotationX": -45.0,
					"faces": {
						"north": { "texture": "#metal", "uv": [ 8.0, 4.0, 9.0, 5.0 ] },
						"east": { "texture": "#metal", "uv": [ 5.0, 6.0, 6.0, 7.0 ] },
						"south": { "texture": "#metal", "uv": [ 9.0, 2.0, 10.0, 3.0 ], "windMode": [-1,-1,-1,-1] },
						"west": { "texture": "#metal", "uv": [ 12.5, 6.5, 13.5, 7.5 ] },
						"up": { "texture": "#metal", "uv": [ 11.0, 0.0, 12.0, 1.0 ] },
						"down": { "texture": "#metal", "uv": [ 7.5, 13.0, 8.5, 14.0 ], "windMode": [-1,-1,-1,-1] }
					}
				},
				{
					"name": "tenderizer2",
					"from": [ 5.7, -0.45, 1.65 ],
					"to": [ 6.8, 0.95, 2.75 ],
					"rotationOrigin": [ 6.4, 0.25, 2.35 ],
					"rotationY": -45.0,
					"faces": {
						"north": { "texture": "#metal", "uv": [ 2.5, 13.5, 3.5, 14.5 ], "windMode": [-1,-1,-1,-1] },
						"east": { "texture": "#metal", "uv": [ 2.5, 3.5, 3.5, 4.5 ], "windMode": [-1,-1,-1,-1] },
						"south": { "texture": "#metal", "uv": [ 14.0, 6.5, 15.0, 7.5 ], "windMode": [-1,-1,-1,-1] },
						"west": { "texture": "#metal", "uv": [ 8.0, 5.0, 9.0, 6.0 ], "windMode": [-1,-1,-1,-1] },
						"up": { "texture": "#metal", "uv": [ 13.5, 6.5, 14.5, 7.5 ] },
						"down": { "texture": "#metal", "uv": [ 9.5, 1.0, 10.5, 2.0 ], "windMode": [-1,-1,-1,-1] }
					}
				}
			]
		}
	]}