{
	"editor": {
		"collapsedPaths": "Root/origin/handle/collar/shaft/head,Root/origin/handle/spike4",
		"allAngles": false,
		"entityTextureMode": false
	},
	"textureWidth": 16,
	"textureHeight": 16,
	"textureSizes": {
		"metal": [16,16],
		"iron": [16,16],
		"wood": [16,16],
		"handle": [16,16]
	},
	"textures": {
	},
	"elements": [
		{
			"name": "origin",
			"from": [ 8.0, 0.0, 8.0 ],
			"to": [ 8.0, 0.0, 8.0 ],
			"rotationOrigin": [ 8.0, 0.0, 8.0 ],
			"faces": {
			},
			"children": [
				{
					"name": "handle",
					"from": [ -7.0, -0.75, -0.75 ],
					"to": [ -2.0, 0.75, 0.75 ],
					"faces": {
						"north": { "texture": "#handle", "uv": [ 2.5, 13.0, 7.5, 14.5 ] },
						"south": { "texture": "#handle", "uv": [ 0.0, 2.5, 5.0, 4.0 ] },
						"up": { "texture": "#handle", "uv": [ 1.5, 12.0, 6.5, 13.5 ] },
						"down": { "texture": "#handle", "uv": [ 3.5, 9.0, 8.5, 10.5 ] }
					},
					"children": [
						{
							"name": "pommel",
							"from": [ -1.0, -0.2, -0.2 ],
							"to": [ 0.0, 1.7, 1.7 ],
							"rotationOrigin": [ 0.0, 0.8, 0.8 ],
							"faces": {
								"north": { "texture": "#metaltwo", "uv": [ 3.5, 9.5, 4.5, 11.0 ] },
								"east": { "texture": "#metaltwo", "uv": [ 2.5, 6.5, 4.0, 8.0 ] },
								"south": { "texture": "#metaltwo", "uv": [ 4.5, 3.0, 5.5, 4.5 ] },
								"west": { "texture": "#metaltwo", "uv": [ 2.0, 0.0, 3.5, 1.5 ] },
								"up": { "texture": "#metaltwo", "uv": [ 10.5, 9.5, 11.5, 11.0 ] },
								"down": { "texture": "#metaltwo", "uv": [ 4.5, 2.0, 5.5, 3.5 ] }
							}
						},
						{
							"name": "collar",
							"from": [ 5.0, -0.2, -0.15 ],
							"to": [ 6.0, 1.7, 1.75 ],
							"rotationOrigin": [ 5.0, 0.75, 1.0 ],
							"faces": {
								"north": { "texture": "#metaltwo", "uv": [ 10.5, 7.0, 11.5, 8.5 ] },
								"east": { "texture": "#metaltwo", "uv": [ 2.5, 6.5, 4.0, 8.0 ] },
								"south": { "texture": "#metaltwo", "uv": [ 12.0, 3.0, 13.0, 4.5 ] },
								"west": { "texture": "#metaltwo", "uv": [ 2.0, 12.0, 3.5, 13.5 ] },
								"up": { "texture": "#metaltwo", "uv": [ 2.5, 10.0, 3.5, 11.5 ] },
								"down": { "texture": "#metaltwo", "uv": [ 0.0, 13.0, 1.0, 14.5 ] }
							},
							"children": [
								{
									"name": "shaft",
									"from": [ 1.0, 0.45, 0.45 ],
									"to": [ 11.5, 1.45, 1.45 ],
									"rotationOrigin": [ 1.0, 0.9, 1.0 ],
									"faces": {
										"north": { "texture": "#shaft", "uv": [ 2.0, 9.0, 12.5, 10.0 ] },
										"south": { "texture": "#shaft", "uv": [ 0.0, 11.5, 10.5, 12.5 ] },
										"up": { "texture": "#shaft", "uv": [ 4.5, 8.0, 15.0, 9.0 ] },
										"down": { "texture": "#shaft", "uv": [ 5.5, 8.5, 16.0, 9.5 ] }
									},
									"children": [
										{
											"name": "head",
											"from": [ 10.5, -0.5, -0.5 ],
											"to": [ 15.5, 1.5, 1.5 ],
											"rotationOrigin": [ 10.5, 0.5, 0.5 ],
											"faces": {
												"north": { "texture": "#metal", "uv": [ 2.5, 10.5, 7.5, 12.5 ] },
												"east": { "texture": "#metal", "uv": [ 6.0, 10.0, 8.0, 12.0 ] },
												"south": { "texture": "#metal", "uv": [ 0.5, 0.5, 5.5, 2.5 ] },
												"west": { "texture": "#metal", "uv": [ 0.5, 2.0, 2.5, 4.0 ] },
												"up": { "texture": "#metal", "uv": [ 8.0, 12.5, 13.0, 14.5 ] },
												"down": { "texture": "#metal", "uv": [ 0.0, 5.0, 5.0, 7.0 ] }
											},
											"children": [
												{
													"name": "flangeV",
													"from": [ 1.0, -1.0, 0.6 ],
													"to": [ 4.0, 3.0, 1.4 ],
													"rotationOrigin": [ 2.5, 1.0, 1.0 ],
													"faces": {
														"north": { "texture": "#metal", "uv": [ 6.0, 4.5, 9.0, 8.5 ] },
														"east": { "texture": "#metal", "uv": [ 14.5, 8.0, 15.0, 12.0 ] },
														"south": { "texture": "#metal", "uv": [ 5.5, 7.0, 8.5, 11.0 ] },
														"west": { "texture": "#metal", "uv": [ 13.5, 8.0, 14.0, 12.0 ] },
														"up": { "texture": "#metal", "uv": [ 9.5, 9.5, 12.5, 10.0 ] },
														"down": { "texture": "#metal", "uv": [ 5.5, 9.5, 8.5, 10.0 ] }
													},
													"children": [
														{
															"name": "taper1",
															"from": [ 0.0, 0.0, 0.1 ],
															"to": [ 1.0, 1.4, 0.7 ],
															"rotationOrigin": [ 0.0, 0.0, 0.5 ],
															"rotationZ": 45.0,
															"faces": {
																"north": { "texture": "#metal", "uv": [ 5.5, 6.0, 6.5, 7.0 ] },
																"south": { "texture": "#metal", "uv": [ 13.0, 1.0, 14.0, 2.0 ] },
																"west": { "texture": "#metal", "uv": [ 13.5, 0.0, 14.0, 1.0 ] }
															}
														},
														{
															"name": "taper2",
															"from": [ 2.0, 0.0, 0.1 ],
															"to": [ 3.0, 1.4, 0.7 ],
															"rotationOrigin": [ 3.0, 0.0, 0.5 ],
															"rotationZ": -45.0,
															"faces": {
																"north": { "texture": "#metal", "uv": [ 11.0, 13.0, 12.0, 14.0 ] },
																"east": { "texture": "#metal", "uv": [ 5.0, 4.0, 5.5, 5.0 ], "windMode": [-1,-1,-1,-1] },
																"south": { "texture": "#metal", "uv": [ 6.5, 3.0, 7.5, 4.0 ] }
															}
														},
														{
															"name": "taper3",
															"from": [ -1.4, 3.0, 0.1 ],
															"to": [ 0.0, 4.0, 0.7 ],
															"rotationOrigin": [ 0.0, 4.0, 0.5 ],
															"rotationZ": 45.0,
															"faces": {
																"north": { "texture": "#metal", "uv": [ 5.5, 13.0, 6.5, 14.0 ] },
																"south": { "texture": "#metal", "uv": [ 10.5, 0.0, 11.5, 1.0 ] },
																"up": { "texture": "#metal", "uv": [ 6.0, 8.0, 7.0, 8.5 ] }
															}
														},
														{
															"name": "taper4",
															"from": [ 3.0, 3.0, 0.1 ],
															"to": [ 4.4, 4.0, 0.7 ],
															"rotationOrigin": [ 3.0, 4.0, 0.5 ],
															"rotationZ": -45.0,
															"faces": {
																"north": { "texture": "#metal", "uv": [ 6.0, 7.0, 7.0, 8.0 ] },
																"south": { "texture": "#metal", "uv": [ 10.5, 8.0, 11.5, 9.0 ] },
																"up": { "texture": "#metal", "uv": [ 1.5, 4.5, 2.5, 5.0 ], "windMode": [-1,-1,-1,-1] }
															}
														}
													]
												},
												{
													"name": "flangeH",
													"from": [ 1.0, 0.6, -1.0 ],
													"to": [ 4.0, 1.4, 3.0 ],
													"rotationOrigin": [ 2.5, 1.0, 1.0 ],
													"faces": {
														"north": { "texture": "#metal", "uv": [ 7.5, 6.0, 10.5, 6.5 ] },
														"east": { "texture": "#metal", "uv": [ 5.0, 2.5, 9.0, 3.0 ] },
														"south": { "texture": "#metal", "uv": [ 7.5, 13.0, 10.5, 13.5 ] },
														"west": { "texture": "#metal", "uv": [ 0.0, 10.0, 4.0, 10.5 ] },
														"up": { "texture": "#metal", "uv": [ 5.5, 6.0, 8.5, 10.0 ] },
														"down": { "texture": "#metal", "uv": [ 7.0, 11.0, 10.0, 15.0 ] }
													},
													"children": [
														{
															"name": "taper5",
															"from": [ -1.4, 0.1, 0.0 ],
															"to": [ 0.0, 0.7, 1.0 ],
															"rotationOrigin": [ 0.0, 0.5, 0.0 ],
															"rotationY": 45.0,
															"faces": {
																"north": { "texture": "#metal", "uv": [ 8.0, 2.5, 9.0, 3.0 ] },
																"up": { "texture": "#metal", "uv": [ 7.5, 2.0, 8.5, 3.0 ] },
																"down": { "texture": "#metal", "uv": [ 9.5, 10.0, 10.5, 11.0 ] }
															}
														},
														{
															"name": "taper6",
															"from": [ 3.0, 0.1, 0.0 ],
															"to": [ 4.4, 0.7, 1.0 ],
															"rotationOrigin": [ 3.0, 0.5, 0.0 ],
															"rotationY": -45.0,
															"faces": {
																"north": { "texture": "#metal", "uv": [ 0.5, 10.5, 1.5, 11.0 ] },
																"up": { "texture": "#metal", "uv": [ 3.5, 14.5, 4.5, 15.5 ] },
																"down": { "texture": "#metal", "uv": [ 0.0, 0.5, 1.0, 1.5 ] }
															}
														},
														{
															"name": "taper8",
															"from": [ 3.0, 0.1, 3.0 ],
															"to": [ 4.4, 0.7, 4.0 ],
															"rotationOrigin": [ 3.0, 0.5, 4.0 ],
															"rotationY": 45.0,
															"faces": {
																"south": { "texture": "#metal", "uv": [ 1.0, 14.0, 2.0, 14.5 ] },
																"up": { "texture": "#metal", "uv": [ 11.0, 10.0, 12.0, 11.0 ] },
																"down": { "texture": "#metal", "uv": [ 7.0, 0.0, 8.0, 1.0 ] }
															}
														},
														{
															"name": "taper7",
															"from": [ -1.4, 0.1, 3.0 ],
															"to": [ 0.0, 0.7, 4.0 ],
															"rotationOrigin": [ 0.0, 0.5, 4.0 ],
															"rotationY": -45.0,
															"faces": {
																"south": { "texture": "#metal", "uv": [ 7.5, 2.5, 8.5, 3.0 ] },
																"up": { "texture": "#metal", "uv": [ 10.5, 14.0, 11.5, 15.0 ] },
																"down": { "texture": "#metal", "uv": [ 8.0, 3.5, 9.0, 4.5 ] }
															}
														}
													]
												},
												{
													"name": "cap1",
													"from": [ 4.75, 0.5, 0.5 ],
													"to": [ 5.25, 1.5, 1.5 ],
													"rotationOrigin": [ 4.7, 1.0, 1.0 ],
													"faces": {
														"north": { "texture": "#metal", "uv": [ 9.0, 14.5, 9.5, 15.5 ] },
														"east": { "texture": "#metal", "uv": [ 3.5, 11.0, 4.5, 12.0 ], "windMode": [-1,-1,-1,-1] },
														"south": { "texture": "#metal", "uv": [ 7.0, 2.0, 7.5, 3.0 ] },
														"up": { "texture": "#metal", "uv": [ 9.0, 2.5, 9.5, 3.5 ] },
														"down": { "texture": "#metal", "uv": [ 11.0, 0.5, 11.5, 1.5 ] }
													}
												},
												{
													"name": "flangeD1",
													"from": [ 1.0, 0.6, -1.0 ],
													"to": [ 4.0, 1.4, 3.0 ],
													"rotationOrigin": [ 2.5, 1.0, 1.0 ],
													"rotationX": -45.0,
													"faces": {
														"north": { "texture": "#metal", "uv": [ 8.5, 2.0, 11.5, 2.5 ] },
														"east": { "texture": "#metal", "uv": [ 3.5, 3.5, 7.5, 4.0 ] },
														"south": { "texture": "#metal", "uv": [ 11.5, 13.0, 14.5, 13.5 ] },
														"west": { "texture": "#metal", "uv": [ 11.0, 6.0, 15.0, 6.5 ] },
														"up": { "texture": "#metal", "uv": [ 9.5, 10.0, 12.5, 14.0 ] },
														"down": { "texture": "#metal", "uv": [ 0.5, 11.5, 3.5, 15.5 ] }
													},
													"children": [
														{
															"name": "taper9",
															"from": [ -1.4, 0.1, 0.0 ],
															"to": [ 0.0, 0.7, 1.0 ],
															"rotationOrigin": [ 0.0, 0.5, 0.0 ],
															"rotationY": 45.0,
															"faces": {
																"north": { "texture": "#metal", "uv": [ 13.0, 3.0, 14.0, 3.5 ] },
																"up": { "texture": "#metal", "uv": [ 13.5, 3.5, 14.5, 4.5 ] },
																"down": { "texture": "#metal", "uv": [ 5.5, 3.5, 6.5, 4.5 ] }
															}
														},
														{
															"name": "taper10",
															"from": [ 3.0, 0.1, 0.0 ],
															"to": [ 4.4, 0.7, 1.0 ],
															"rotationOrigin": [ 3.0, 0.5, 0.0 ],
															"rotationY": -45.0,
															"faces": {
																"north": { "texture": "#metal", "uv": [ 8.5, 6.0, 9.5, 6.5 ] },
																"up": { "texture": "#metal", "uv": [ 7.0, 11.5, 8.0, 12.5 ] },
																"down": { "texture": "#metal", "uv": [ 7.0, 13.5, 8.0, 14.5 ] }
															}
														},
														{
															"name": "taper11",
															"from": [ 3.0, 0.1, 3.0 ],
															"to": [ 4.4, 0.7, 4.0 ],
															"rotationOrigin": [ 3.0, 0.5, 4.0 ],
															"rotationY": 45.0,
															"faces": {
																"south": { "texture": "#metal", "uv": [ 1.0, 6.5, 2.0, 7.0 ] },
																"up": { "texture": "#metal", "uv": [ 2.0, 2.5, 3.0, 3.5 ] },
																"down": { "texture": "#metal", "uv": [ 8.0, 3.0, 9.0, 4.0 ] }
															}
														},
														{
															"name": "taper12",
															"from": [ -1.4, 0.1, 3.0 ],
															"to": [ 0.0, 0.7, 4.0 ],
															"rotationOrigin": [ 0.0, 0.5, 4.0 ],
															"rotationY": -45.0,
															"faces": {
																"south": { "texture": "#metal", "uv": [ 12.0, 5.0, 13.0, 5.5 ] },
																"up": { "texture": "#metal", "uv": [ 12.0, 0.0, 13.0, 1.0 ] },
																"down": { "texture": "#metal", "uv": [ 4.0, 2.0, 5.0, 3.0 ] }
															}
														}
													]
												},
												{
													"name": "flangeD2",
													"from": [ 1.0, -1.0, 0.6 ],
													"to": [ 4.0, 3.0, 1.4 ],
													"rotationOrigin": [ 2.5, 1.0, 1.0 ],
													"rotationX": -45.0,
													"faces": {
														"north": { "texture": "#metal", "uv": [ 4.0, 9.0, 7.0, 13.0 ] },
														"east": { "texture": "#metal", "uv": [ 11.0, 8.5, 11.5, 12.5 ] },
														"south": { "texture": "#metal", "uv": [ 0.5, 8.5, 3.5, 12.5 ] },
														"west": { "texture": "#metal", "uv": [ 14.0, 3.5, 14.5, 7.5 ] },
														"up": { "texture": "#metal", "uv": [ 6.0, 6.5, 9.0, 7.0 ] },
														"down": { "texture": "#metal", "uv": [ 7.0, 8.5, 10.0, 9.0 ] }
													},
													"children": [
														{
															"name": "taper13",
															"from": [ 0.0, 0.0, 0.1 ],
															"to": [ 1.0, 1.4, 0.7 ],
															"rotationOrigin": [ 0.0, 0.0, 0.5 ],
															"rotationZ": 45.0,
															"faces": {
																"north": { "texture": "#metal", "uv": [ 2.0, 6.5, 3.0, 7.5 ] },
																"south": { "texture": "#metal", "uv": [ 8.5, 9.0, 9.5, 10.0 ] },
																"west": { "texture": "#metal", "uv": [ 14.0, 2.0, 14.5, 3.0 ] }
															}
														},
														{
															"name": "taper14",
															"from": [ 2.0, 0.0, 0.1 ],
															"to": [ 3.0, 1.4, 0.7 ],
															"rotationOrigin": [ 3.0, 0.0, 0.5 ],
															"rotationZ": -45.0,
															"faces": {
																"north": { "texture": "#metal", "uv": [ 3.5, 10.0, 4.5, 11.0 ] },
																"east": { "texture": "#metal", "uv": [ 15.0, 6.0, 15.5, 7.0 ] },
																"south": { "texture": "#metal", "uv": [ 12.5, 14.0, 13.5, 15.0 ] }
															}
														},
														{
															"name": "taper15",
															"from": [ -1.4, 3.0, 0.1 ],
															"to": [ 0.0, 4.0, 0.7 ],
															"rotationOrigin": [ 0.0, 4.0, 0.5 ],
															"rotationZ": 45.0,
															"faces": {
																"north": { "texture": "#metal", "uv": [ 14.0, 12.0, 15.0, 13.0 ] },
																"south": { "texture": "#metal", "uv": [ 6.5, 3.5, 7.5, 4.5 ] },
																"up": { "texture": "#metal", "uv": [ 10.5, 5.0, 11.5, 5.5 ] }
															}
														},
														{
															"name": "taper16",
															"from": [ 3.0, 3.0, 0.1 ],
															"to": [ 4.4, 4.0, 0.7 ],
															"rotationOrigin": [ 3.0, 4.0, 0.5 ],
															"rotationZ": -45.0,
															"faces": {
																"north": { "texture": "#metal", "uv": [ 9.0, 9.5, 10.0, 10.5 ] },
																"south": { "texture": "#metal", "uv": [ 2.0, 8.5, 3.0, 9.5 ] },
																"up": { "texture": "#metal", "uv": [ 4.5, 12.5, 5.5, 13.0 ] }
															}
														}
													]
												}
											]
										}
									]
								}
							]
						}
					]
				}
			]
		}
	]}