{
	"editor": {
		"allAngles": false,
		"entityTextureMode": false
	},
	"textureWidth": 16,
	"textureHeight": 16,
	"textureSizes": {
	},
	"textures": {
		"metal": "game:block/metal/ingot/iron",
		"haft": "game:block/wood/debarked/oak"
	},
	"elements": [
		{
			"name": "origin",
			"from": [ 8.0, 0.0, 8.0 ], 
			"to": [ 8.0, 0.0, 8.0 ], 
			"rotationOrigin": [ 8.0, 0.0, 8.0 ],
			"faces": {
				"north": { "texture": "#haft", "uv": [ 0.0, 0.0, 0.5, 0.5 ], "enabled": false },
				"east": { "texture": "#haft", "uv": [ 0.0, 0.0, 0.5, 0.5 ], "enabled": false },
				"south": { "texture": "#haft", "uv": [ 0.0, 0.0, 0.5, 0.5 ], "enabled": false },
				"west": { "texture": "#haft", "uv": [ 0.0, 0.0, 0.5, 0.5 ], "enabled": false },
				"up": { "texture": "#haft", "uv": [ 0.0, 0.0, 0.5, 0.5 ], "enabled": false },
				"down": { "texture": "#haft", "uv": [ 0.0, 0.0, 0.5, 0.5 ], "enabled": false }
			},
			"children": [
				{
					"name": "haft",
					"from": [ -3.0, -0.75, -0.75 ], 
					"to": [ 13.0, 0.75, 0.75 ], 
					"faces": {
						"north": { "texture": "#haft", "uv": [ 0.0, 8.0, 16.0, 9.5 ] },
						"east": { "texture": "#haft", "uv": [ 10.0, 8.0, 11.5, 9.5 ], "enabled": false },
						"south": { "texture": "#haft", "uv": [ 0.0, 3.5, 16.0, 5.0 ] },
						"west": { "texture": "#haft", "uv": [ 2.5, 4.5, 4.0, 6.0 ], "enabled": false },
						"up": { "texture": "#haft", "uv": [ 0.0, 9.0, 16.0, 10.5 ] },
						"down": { "texture": "#haft", "uv": [ 0.0, 11.5, 16.0, 13.0 ] }
					},
					"children": [
						{
							"name": "socket",
							"from": [ 16.0, -0.2, -0.2 ], 
							"to": [ 18.0, 1.7, 1.7 ], 
							"rotationOrigin": [ 16.0, 0.75, 0.75 ],
							"faces": {
								"north": { "texture": "#metal", "uv": [ 13.5, 14.0, 15.5, 15.5 ] },
								"east": { "texture": "#metal", "uv": [ 2.0, 3.5, 3.5, 5.0 ] },
								"south": { "texture": "#metal", "uv": [ 3.5, 4.5, 5.5, 6.0 ] },
								"west": { "texture": "#metal", "uv": [ 8.5, 2.5, 10.0, 4.0 ] },
								"up": { "texture": "#metal", "uv": [ 8.5, 14.0, 10.5, 15.5 ] },
								"down": { "texture": "#metal", "uv": [ 5.5, 11.5, 7.5, 13.0 ] }
							},
							"children": [
								{
									"name": "reinforcement",
									"from": [ -9.0, 0.1, 0.75 ], 
									"to": [ 0.0, 1.8, 1.25 ], 
									"rotationOrigin": [ 0.0, 1.1, 0.95 ],
									"faces": {
										"north": { "texture": "#metaltwo", "uv": [ 2.0, 0.0, 11.0, 1.5 ] },
										"east": { "texture": "#metaltwo", "uv": [ 5.0, 2.0, 5.5, 3.5 ] },
										"south": { "texture": "#metaltwo", "uv": [ 5.5, 13.5, 14.5, 15.0 ] },
										"west": { "texture": "#metaltwo", "uv": [ 11.5, 8.5, 12.0, 10.0 ] },
										"up": { "texture": "#metaltwo", "uv": [ 6.5, 14.5, 15.5, 15.0 ] },
										"down": { "texture": "#metaltwo", "uv": [ 4.5, 12.5, 13.5, 13.0 ] }
									}
								},
								{
									"name": "shaft",
									"from": [ 0.5, 0.4, -1.0 ], 
									"to": [ 1.5, 1.4, 3.0 ], 
									"rotationOrigin": [ 1.0, 0.9, 1.0 ],
									"faces": {
										"north": { "texture": "#metal", "uv": [ 10.5, 13.5, 11.5, 14.5 ] },
										"east": { "texture": "#metal", "uv": [ 7.5, 0.0, 11.5, 1.0 ] },
										"south": { "texture": "#metal", "uv": [ 11.5, 8.5, 12.5, 9.5 ] },
										"west": { "texture": "#metal", "uv": [ 9.5, 11.5, 13.5, 12.5 ] },
										"up": { "texture": "#metal", "uv": [ 5.0, 3.5, 6.0, 7.5 ] },
										"down": { "texture": "#metal", "uv": [ 8.0, 0.5, 9.0, 4.5 ] }
									},
									"children": [
										{
											"name": "head",
											"from": [ -0.5, -0.5, -1.5 ], 
											"to": [ 1.5, 1.5, 0.0 ], 
											"rotationOrigin": [ 0.5, 0.5, 0.0 ],
											"faces": {
												"north": { "texture": "#metal", "uv": [ 2.5, 13.0, 4.5, 15.0 ] },
												"east": { "texture": "#metal", "uv": [ 3.0, 9.5, 4.5, 11.5 ] },
												"south": { "texture": "#metal", "uv": [ 3.5, 9.5, 5.5, 11.5 ] },
												"west": { "texture": "#metal", "uv": [ 1.5, 5.0, 3.0, 7.0 ] },
												"up": { "texture": "#metal", "uv": [ 1.0, 13.0, 3.0, 14.5 ] },
												"down": { "texture": "#metal", "uv": [ 8.5, 11.5, 10.5, 13.0 ] }
											},
											"children": [
												{
													"name": "end",
													"from": [ 0.2, 0.2, -0.5 ], 
													"to": [ 1.8, 1.8, 0.0 ], 
													"rotationOrigin": [ 1.0, 1.0, 0.0 ],
													"faces": {
														"north": { "texture": "#metal", "uv": [ 1.0, 3.0, 2.5, 4.5 ] },
														"east": { "texture": "#metal", "uv": [ 14.0, 5.0, 14.5, 6.5 ] },
														"south": { "texture": "#metal", "uv": [ 9.0, 1.0, 10.5, 2.5 ], "enabled": false },
														"west": { "texture": "#metal", "uv": [ 2.0, 10.5, 2.5, 12.0 ] },
														"up": { "texture": "#metal", "uv": [ 5.0, 13.5, 6.5, 14.0 ] },
														"down": { "texture": "#metal", "uv": [ 10.5, 2.5, 12.0, 3.0 ] }
													}
												},
												{
													"name": "tenderizer1",
													"from": [ 0.3, 0.3, -0.7 ], 
													"to": [ 1.7, 1.7, 0.7 ], 
													"rotationOrigin": [ 1.1, 1.0, 0.0 ],
													"rotationX": -45.0,
													"faces": {
														"north": { "texture": "#metal", "uv": [ 8.0, 4.0, 9.0, 5.0 ] },
														"east": { "texture": "#metal", "uv": [ 5.0, 6.0, 6.0, 7.0 ] },
														"south": { "texture": "#metal", "uv": [ 9.0, 2.0, 10.0, 3.0 ], "enabled": false },
														"west": { "texture": "#metal", "uv": [ 12.5, 6.5, 13.5, 7.5 ] },
														"up": { "texture": "#metal", "uv": [ 11.0, 0.0, 12.0, 1.0 ] },
														"down": { "texture": "#metal", "uv": [ 7.5, 13.0, 8.5, 14.0 ], "enabled": false }
													}
												},
												{
													"name": "tenderizer2",
													"from": [ 0.3, 0.3, -0.6 ], 
													"to": [ 1.7, 1.7, 0.8 ], 
													"rotationOrigin": [ 1.0, 1.0, 0.1 ],
													"rotationY": -45.0,
													"faces": {
														"north": { "texture": "#metal", "uv": [ 2.5, 13.5, 3.5, 14.5 ] },
														"east": { "texture": "#metal", "uv": [ 2.5, 3.5, 3.5, 4.5 ] },
														"south": { "texture": "#metal", "uv": [ 14.0, 6.5, 15.0, 7.5 ], "enabled": false },
														"west": { "texture": "#metal", "uv": [ 8.0, 5.0, 9.0, 6.0 ] },
														"up": { "texture": "#metal", "uv": [ 13.5, 6.5, 14.5, 7.5 ] },
														"down": { "texture": "#metal", "uv": [ 9.5, 1.0, 10.5, 2.0 ], "enabled": false }
													}
												}
											]
										},
										{
											"name": "spike1",
											"from": [ 0.0, 0.0, 3.9 ], 
											"to": [ 1.0, 1.0, 5.4 ], 
											"rotationOrigin": [ 0.5, 0.5, 3.9 ],
											"rotationX": 1.0,
											"rotationY": -10.0,
											"faces": {
												"north": { "texture": "#metal", "uv": [ 8.0, 12.0, 9.0, 13.0 ], "enabled": false },
												"east": { "texture": "#metal", "uv": [ 11.0, 14.5, 12.5, 15.5 ] },
												"south": { "texture": "#metal", "uv": [ 5.0, 4.0, 6.0, 5.0 ] },
												"west": { "texture": "#metal", "uv": [ 12.5, 8.0, 14.0, 9.0 ] },
												"up": { "texture": "#metal", "uv": [ 5.0, 1.0, 6.0, 2.5 ] },
												"down": { "texture": "#metal", "uv": [ 1.5, 6.5, 2.5, 8.0 ] }
											},
											"children": [
												{
													"name": "spike2",
													"from": [ 0.0, 0.0, 1.3 ], 
													"to": [ 1.0, 1.0, 3.3 ], 
													"rotationOrigin": [ 0.5, 0.5, 1.3 ],
													"rotationX": -1.0,
													"rotationY": -15.0,
													"faces": {
														"north": { "texture": "#metal", "uv": [ 13.5, 4.0, 14.5, 5.0 ], "enabled": false },
														"east": { "texture": "#metal", "uv": [ 10.0, 14.5, 12.0, 15.5 ] },
														"south": { "texture": "#metal", "uv": [ 13.5, 12.0, 14.5, 13.0 ] },
														"west": { "texture": "#metal", "uv": [ 6.0, 3.0, 8.0, 4.0 ] },
														"up": { "texture": "#metal", "uv": [ 10.0, 5.0, 11.0, 7.0 ] },
														"down": { "texture": "#metal", "uv": [ 3.5, 11.5, 4.5, 13.5 ] }
													},
													"children": [
														{
															"name": "point2",
															"from": [ 0.0, 0.2, 2.0 ], 
															"to": [ 0.5, 0.8, 3.0 ], 
															"rotationOrigin": [ 0.0, 0.5, 2.0 ],
															"rotationY": 22.5,
															"faces": {
																"north": { "texture": "#metal", "uv": [ 0.0, 2.0, 0.5, 2.5 ], "enabled": false },
																"east": { "texture": "#metal", "uv": [ 8.5, 11.0, 9.5, 11.5 ] },
																"south": { "texture": "#metal", "uv": [ 7.0, 4.5, 7.5, 5.0 ], "enabled": false },
																"west": { "texture": "#metal", "uv": [ 14.0, 0.5, 15.0, 1.0 ] },
																"up": { "texture": "#metal", "uv": [ 10.5, 9.0, 11.0, 10.0 ] },
																"down": { "texture": "#metal", "uv": [ 9.0, 9.5, 9.5, 10.5 ] }
															}
														},
														{
															"name": "point1",
															"from": [ 0.5, 0.1, 2.0 ], 
															"to": [ 1.0, 0.9, 3.0 ], 
															"rotationOrigin": [ 1.0, 0.5, 2.0 ],
															"rotationY": -8.0,
															"faces": {
																"north": { "texture": "#metal", "uv": [ 8.5, 2.5, 9.0, 3.0 ], "enabled": false },
																"east": { "texture": "#metal", "uv": [ 9.5, 12.0, 10.5, 12.5 ] },
																"south": { "texture": "#metal", "uv": [ 12.0, 13.5, 12.5, 14.0 ] },
																"west": { "texture": "#metal", "uv": [ 5.0, 4.0, 6.0, 4.5 ] },
																"up": { "texture": "#metal", "uv": [ 9.0, 13.5, 9.5, 14.5 ] },
																"down": { "texture": "#metal", "uv": [ 10.5, 2.5, 11.0, 3.5 ] }
															}
														}
													]
												}
											]
										}
									]
								}
							]
						},
						{
							"name": "haft2",
							"from": [ -5.0, 0.0, 0.0 ], 
							"to": [ 0.0, 1.5, 1.5 ], 
							"rotationOrigin": [ 0.0, 0.75, 0.75 ],
							"faces": {
								"north": { "texture": "#haft", "uv": [ 5.0, 12.5, 10.0, 14.0 ] },
								"east": { "texture": "#haft", "uv": [ 6.5, 12.5, 8.0, 14.0 ], "enabled": false },
								"south": { "texture": "#haft", "uv": [ 6.0, 6.0, 11.0, 7.5 ] },
								"west": { "texture": "#haft", "uv": [ 1.0, 11.0, 2.5, 12.5 ] },
								"up": { "texture": "#haft", "uv": [ 3.5, 1.0, 8.5, 2.5 ] },
								"down": { "texture": "#haft", "uv": [ 10.0, 10.0, 15.0, 11.5 ] }
							}
						}
					]
				}
			]
		}
	]}