[
  {
//Додавання сокири з моду InDappledGroves в рецепт крафту Шкіряного рюкзака  (ліхтар з кварцу)
    "file": "fendragonbcs:recipes/grid/fbcs-crafts.json",
	"enabled": true,
	"op": "replace",
    "path": "/4/ingredients/A/code",
    "value": "indappledgroves:forestaxe-tinbronze",    
    "dependsOn": [ { "modid": "indappledgroves" } ]
  },
  {
    "file": "fendragonbcs:recipes/grid/fbcs-crafts.json",
	"enabled": true,
	"op": "replace",
    "path": "/5/ingredients/A/code",
    "value": "indappledgroves:forestaxe-bismuthbronze",    
    "dependsOn": [ { "modid": "indappledgroves" } ]
  },
  {
    "file": "fendragonbcs:recipes/grid/fbcs-crafts.json",
	"enabled": true,
	"op": "replace",
    "path": "/6/ingredients/A/code",
    "value": "indappledgroves:forestaxe-blackbronze",    
    "dependsOn": [ { "modid": "indappledgroves" } ]
  }, 
  {
    "file": "fendragonbcs:recipes/grid/fbcs-crafts.json",
	"enabled": true,
	"op": "replace",
    "path": "/9/ingredients/A/code",
    "value": "indappledgroves:forestaxe-iron",    
    "dependsOn": [ { "modid": "indappledgroves" } ]
  }, 
  {
    "file": "fendragonbcs:recipes/grid/fbcs-crafts.json",
	"enabled": true,
	"op": "replace",
    "path": "/10/ingredients/A/code",
    "value": "indappledgroves:forestaxe-meteoriciron",    
    "dependsOn": [ { "modid": "indappledgroves" } ]
  }, 
  {
    "file": "fendragonbcs:recipes/grid/fbcs-crafts.json",
	"enabled": true,
	"op": "replace",
    "path": "/11/ingredients/A/code",
    "value": "indappledgroves:forestaxe-steel",    
    "dependsOn": [ { "modid": "indappledgroves" } ]
  }, 
  {
//Додавання сокири з моду InDappledGroves в рецепт крафту Полотняного рюкзака (ліхтар з кварцу)
    "file": "fendragonbcs:recipes/grid/fbcs-crafts.json",
	"enabled": true,
	"op": "replace",
    "path": "/13/ingredients/A/code",
    "value": "indappledgroves:forestaxe-tinbronze",    
    "dependsOn": [ { "modid": "indappledgroves" } ]
  },
  {
    "file": "fendragonbcs:recipes/grid/fbcs-crafts.json",
	"enabled": true,
	"op": "replace",
    "path": "/14/ingredients/A/code",
    "value": "indappledgroves:forestaxe-bismuthbronze",    
    "dependsOn": [ { "modid": "indappledgroves" } ]
  },
  {
    "file": "fendragonbcs:recipes/grid/fbcs-crafts.json",
	"enabled": true,
	"op": "replace",
    "path": "/15/ingredients/A/code",
    "value": "indappledgroves:forestaxe-blackbronze",    
    "dependsOn": [ { "modid": "indappledgroves" } ]
  }, 
  {
    "file": "fendragonbcs:recipes/grid/fbcs-crafts.json",
	"enabled": true,
	"op": "replace",
    "path": "/18/ingredients/A/code",
    "value": "indappledgroves:forestaxe-iron",    
    "dependsOn": [ { "modid": "indappledgroves" } ]
  }, 
  {
    "file": "fendragonbcs:recipes/grid/fbcs-crafts.json",
	"enabled": true,
	"op": "replace",
    "path": "/19/ingredients/A/code",
    "value": "indappledgroves:forestaxe-meteoriciron",    
    "dependsOn": [ { "modid": "indappledgroves" } ]
  }, 
  {
    "file": "fendragonbcs:recipes/grid/fbcs-crafts.json",
	"enabled": true,
	"op": "replace",
    "path": "/20/ingredients/A/code",
    "value": "indappledgroves:forestaxe-steel",    
    "dependsOn": [ { "modid": "indappledgroves" } ]
  },
  {
//Додавання сокири з моду InDappledGroves в рецепт крафту Шкіряного рюкзака (ліхтар зі скляних блоків)
    "file": "fendragonbcs:recipes/grid/fbcs-crafts.json",
	"enabled": true,
	"op": "replace",
    "path": "/30/ingredients/A/code",
    "value": "indappledgroves:forestaxe-tinbronze",    
    "dependsOn": [ { "modid": "indappledgroves" } ]
  },
  {
    "file": "fendragonbcs:recipes/grid/fbcs-crafts.json",
	"enabled": true,
	"op": "replace",
    "path": "/31/ingredients/A/code",
    "value": "indappledgroves:forestaxe-bismuthbronze",    
    "dependsOn": [ { "modid": "indappledgroves" } ]
  },
  {
    "file": "fendragonbcs:recipes/grid/fbcs-crafts.json",
	"enabled": true,
	"op": "replace",
    "path": "/32/ingredients/A/code",
    "value": "indappledgroves:forestaxe-blackbronze",    
    "dependsOn": [ { "modid": "indappledgroves" } ]
  }, 
  {
    "file": "fendragonbcs:recipes/grid/fbcs-crafts.json",
	"enabled": true,
	"op": "replace",
    "path": "/35/ingredients/A/code",
    "value": "indappledgroves:forestaxe-iron",    
    "dependsOn": [ { "modid": "indappledgroves" } ]
  }, 
  {
    "file": "fendragonbcs:recipes/grid/fbcs-crafts.json",
	"enabled": true,
	"op": "replace",
    "path": "/36/ingredients/A/code",
    "value": "indappledgroves:forestaxe-meteoriciron",    
    "dependsOn": [ { "modid": "indappledgroves" } ]
  }, 
  {
    "file": "fendragonbcs:recipes/grid/fbcs-crafts.json",
	"enabled": true,
	"op": "replace",
    "path": "/37/ingredients/A/code",
    "value": "indappledgroves:forestaxe-steel",    
    "dependsOn": [ { "modid": "indappledgroves" } ]
  }, 
  {
//Додавання сокири з моду InDappledGroves в рецепт крафту Полотняного рюкзака (ліхтар зі скляних блоків)
    "file": "fendragonbcs:recipes/grid/fbcs-crafts.json",
	"enabled": true,
	"op": "replace",
    "path": "/39/ingredients/A/code",
    "value": "indappledgroves:forestaxe-tinbronze",    
    "dependsOn": [ { "modid": "indappledgroves" } ]
  },
  {
    "file": "fendragonbcs:recipes/grid/fbcs-crafts.json",
	"enabled": true,
	"op": "replace",
    "path": "/40/ingredients/A/code",
    "value": "indappledgroves:forestaxe-bismuthbronze",    
    "dependsOn": [ { "modid": "indappledgroves" } ]
  },
  {
    "file": "fendragonbcs:recipes/grid/fbcs-crafts.json",
	"enabled": true,
	"op": "replace",
    "path": "/41/ingredients/A/code",
    "value": "indappledgroves:forestaxe-blackbronze",    
    "dependsOn": [ { "modid": "indappledgroves" } ]
  }, 
  {
    "file": "fendragonbcs:recipes/grid/fbcs-crafts.json",
	"enabled": true,
	"op": "replace",
    "path": "/44/ingredients/A/code",
    "value": "indappledgroves:forestaxe-iron",    
    "dependsOn": [ { "modid": "indappledgroves" } ]
  }, 
  {
    "file": "fendragonbcs:recipes/grid/fbcs-crafts.json",
	"enabled": true,
	"op": "replace",
    "path": "/45/ingredients/A/code",
    "value": "indappledgroves:forestaxe-meteoriciron",    
    "dependsOn": [ { "modid": "indappledgroves" } ]
  }, 
  {
    "file": "fendragonbcs:recipes/grid/fbcs-crafts.json",
	"enabled": true,
	"op": "replace",
    "path": "/46/ingredients/A/code",
    "value": "indappledgroves:forestaxe-steel",    
    "dependsOn": [ { "modid": "indappledgroves" } ]
  },  
  {
//Виключаємо крафти Irshzyjuj рюкзака з використанням сокири з золота
    "file": "fendragonbcs:recipes/grid/fbcs-crafts.json",
	"enabled": true,
	"op": "replace",
    "path": "/7/enabled",
    "value": false,    
    "dependsOn": [ { "modid": "indappledgroves" } ]
  }, 
  {

    "file": "fendragonbcs:recipes/grid/fbcs-crafts.json",
	"enabled": true,
	"op": "replace",
    "path": "/33/enabled",
    "value": false,    
    "dependsOn": [ { "modid": "indappledgroves" } ]
  },  
  {
//Виключаємо крафти Полотняного рюкзака з використанням сокири з золота
    "file": "fendragonbcs:recipes/grid/fbcs-crafts.json",
	"enabled": true,
	"op": "replace",
    "path": "/16/enabled",
    "value": false,    
    "dependsOn": [ { "modid": "indappledgroves" } ]
  },  
  {

    "file": "fendragonbcs:recipes/grid/fbcs-crafts.json",
	"enabled": true,
	"op": "replace",
    "path": "/42/enabled",
    "value": false,    
    "dependsOn": [ { "modid": "indappledgroves" } ]
  },
  {
//Виключаємо крафти Irshzyjuj рюкзака з використанням сокири з срібла
    "file": "fendragonbcs:recipes/grid/fbcs-crafts.json",
	"enabled": true,
	"op": "replace",
    "path": "/8/enabled",
    "value": false,    
    "dependsOn": [ { "modid": "indappledgroves" } ]
  }, 
  {

    "file": "fendragonbcs:recipes/grid/fbcs-crafts.json",
	"enabled": true,
	"op": "replace",
    "path": "/34/enabled",
    "value": false,    
    "dependsOn": [ { "modid": "indappledgroves" } ]
  },  
  {
//Виключаємо крафти Полотняного рюкзака з використанням сокири з срібла
    "file": "fendragonbcs:recipes/grid/fbcs-crafts.json",
	"enabled": true,
	"op": "replace",
    "path": "/17/enabled",
    "value": false,    
    "dependsOn": [ { "modid": "indappledgroves" } ]
  },  
  {

    "file": "fendragonbcs:recipes/grid/fbcs-crafts.json",
	"enabled": true,
	"op": "replace",
    "path": "/43/enabled",
    "value": false,    
    "dependsOn": [ { "modid": "indappledgroves" } ]
  },
  {
//Додавання сокири з моду InDappledGroves в рецепт крафту Міцного рюкзака (ліхтар з кварцу)
    "file": "fendragonbcs:recipes/grid/craft-sturdy-backpack.json",
	"enabled": true,
	"op": "replace",
    "path": "/3/ingredients/A/code",
    "value": "indappledgroves:forestaxe-tinbronze",    
    "dependsOn": [ { "modid": "indappledgroves" } ]
  },
  {
    "file": "fendragonbcs:recipes/grid/craft-sturdy-backpack.json",
	"enabled": true,
	"op": "replace",
    "path": "/4/ingredients/A/code",
    "value": "indappledgroves:forestaxe-bismuthbronze",    
    "dependsOn": [ { "modid": "indappledgroves" } ]
  },
  {
    "file": "fendragonbcs:recipes/grid/craft-sturdy-backpack.json",
	"enabled": true,
	"op": "replace",
    "path": "/5/ingredients/A/code",
    "value": "indappledgroves:forestaxe-blackbronze",    
    "dependsOn": [ { "modid": "indappledgroves" } ]
  }, 
  {
    "file": "fendragonbcs:recipes/grid/craft-sturdy-backpack.json",
	"enabled": true,
	"op": "replace",
    "path": "/8/ingredients/A/code",
    "value": "indappledgroves:forestaxe-iron",    
    "dependsOn": [ { "modid": "indappledgroves" } ]
  }, 
  {
    "file": "fendragonbcs:recipes/grid/craft-sturdy-backpack.json",
	"enabled": true,
	"op": "replace",
    "path": "/9/ingredients/A/code",
    "value": "indappledgroves:forestaxe-meteoriciron",    
    "dependsOn": [ { "modid": "indappledgroves" } ]
  }, 
  {
    "file": "fendragonbcs:recipes/grid/craft-sturdy-backpack",
	"enabled": true,
	"op": "replace",
    "path": "/10/ingredients/A/code",
    "value": "indappledgroves:forestaxe-steel",    
    "dependsOn": [ { "modid": "indappledgroves" } ]
  }, 
  {
//Додавання сокири з моду InDappledGroves в рецепт крафту Міцного рюкзака (ліхтар зі скляних блоків)
    "file": "fendragonbcs:recipes/grid/craft-sturdy-backpack.json",
	"enabled": true,
	"op": "replace",
    "path": "/16/ingredients/A/code",
    "value": "indappledgroves:forestaxe-tinbronze",    
    "dependsOn": [ { "modid": "indappledgroves" } ]
  },
  {
    "file": "fendragonbcs:recipes/grid/craft-sturdy-backpack.json",
	"enabled": true,
	"op": "replace",
    "path": "/17/ingredients/A/code",
    "value": "indappledgroves:forestaxe-bismuthbronze",    
    "dependsOn": [ { "modid": "indappledgroves" } ]
  },
  {
    "file": "fendragonbcs:recipes/grid/craft-sturdy-backpack.json",
	"enabled": true,
	"op": "replace",
    "path": "/18/ingredients/A/code",
    "value": "indappledgroves:forestaxe-blackbronze",    
    "dependsOn": [ { "modid": "indappledgroves" } ]
  }, 
  {
    "file": "fendragonbcs:recipes/grid/craft-sturdy-backpack.json",
	"enabled": true,
	"op": "replace",
    "path": "/21/ingredients/A/code",
    "value": "indappledgroves:forestaxe-iron",    
    "dependsOn": [ { "modid": "indappledgroves" } ]
  }, 
  {
    "file": "fendragonbcs:recipes/grid/craft-sturdy-backpack.json",
	"enabled": true,
	"op": "replace",
    "path": "/22/ingredients/A/code",
    "value": "indappledgroves:forestaxe-meteoriciron",    
    "dependsOn": [ { "modid": "indappledgroves" } ]
  }, 
  {
    "file": "fendragonbcs:recipes/grid/craft-sturdy-backpack",
	"enabled": true,
	"op": "replace",
    "path": "/23/ingredients/A/code",
    "value": "indappledgroves:forestaxe-steel",    
    "dependsOn": [ { "modid": "indappledgroves" } ]
  },  
  {
//Виключаємо крафти Міцного рюкзака з використанням сокири з золота
    "file": "fendragonbcs:recipes/grid/craft-sturdy-backpack",
	"enabled": true,
	"op": "replace",
    "path": "/6/enabled",
    "value": false,    
    "dependsOn": [ { "modid": "indappledgroves" } ]
  }, 
  {
    "file": "fendragonbcs:recipes/grid/craft-sturdy-backpack",
	"enabled": true,
	"op": "replace",
    "path": "/19/enabled",
    "value": false,    
    "dependsOn": [ { "modid": "indappledgroves" } ]
  },
  {
//Виключаємо крафти Міцного рюкзака з використанням сокири з срібла
    "file": "fendragonbcs:recipes/grid/craft-sturdy-backpack",
	"enabled": true,
	"op": "replace",
    "path": "/7/enabled",
    "value": false,    
    "dependsOn": [ { "modid": "indappledgroves" } ]
  },
  {
    "file": "fendragonbcs:recipes/grid/craft-sturdy-backpack",
	"enabled": true,
	"op": "replace",
    "path": "/20/enabled",
    "value": false,    
    "dependsOn": [ { "modid": "indappledgroves" } ]
  },
]
