{
  "code": "mageweave",
  "class": "BlockLinen",
  "enabled": true,

  "storageFlags": 131073,

  "behaviors": [
    {
      "name": "Decor",
      "properties": {
        "sides": [ "north", "east", "south", "west", "up", "down" ],
        "sidedVariants": true,
        "thickness": 0.0625,
        "removable": true
      }
    }
  ],

  "attributes": {
    "shelvable": true,
    "onshelfTransform": {
      "translation": {
        "x": -0,
        "y": -0.375,
        "z": 0
      },
      "scale": 0.25
    },
    "displaycaseable": true,
    "onDisplayTransform": {
      "translation": {
        "x": -0,
        "y": -0.375,
        "z": 0
      },
      "scale": 0.25
    },
    "handbookByType": {
      "*-none-*": {
        "groupbyByType": {
          "*": [ "mageweave-*" ]
        }
      },
      "*-fire-*": {
        "groupbyByType": {
          "*": [ "mageweave-*" ]
        },
        "extraSections": [
          {
            "title": "game:Created by",
            "text": "rustboundmagic:handbook-thaumicworkbenchonlytier1-text"
          }
        ]
      },
      "*-water-*": {
        "groupbyByType": {
          "*": [ "mageweave-*" ]
        },
        "extraSections": [
          {
            "title": "game:Created by",
            "text": "rustboundmagic:handbook-thaumicworkbenchonlytier1-text"
          }
        ]
      },
      "*-wind-*": {
        "groupbyByType": {
          "*": [ "mageweave-*" ]
        },
        "extraSections": [
          {
            "title": "game:Created by",
            "text": "rustboundmagic:handbook-thaumicworkbenchonlytier1-text"
          }
        ]
      },
      "*-earth-*": {
        "groupbyByType": {
          "*": [ "mageweave-*" ]
        },
        "extraSections": [
          {
            "title": "game:Created by",
            "text": "rustboundmagic:handbook-thaumicworkbenchonlytier1-text"
          }
        ]
      },
      "*-lightning-*": {
        "groupbyByType": {
          "*": [ "mageweave-*" ]
        },
        "extraSections": [
          {
            "title": "game:Created by",
            "text": "rustboundmagic:handbook-thaumicworkbenchonlytier1-text"
          }
        ]
      },
      "*-frost-*": {
        "groupbyByType": {
          "*": [ "mageweave-*" ]
        },
        "extraSections": [
          {
            "title": "game:Created by",
            "text": "rustboundmagic:handbook-thaumicworkbenchonlytier1-text"
          }
        ]
      },
      "*-nature-*": {
        "groupbyByType": {
          "*": [ "mageweave-*" ]
        },
        "extraSections": [
          {
            "title": "game:Created by",
            "text": "rustboundmagic:handbook-thaumicworkbenchonlytier1-text"
          }
        ]
      },
      "*-arcane-*": {
        "groupbyByType": {
          "*": [ "mageweave-*" ]
        },
        "extraSections": [
          {
            "title": "game:Created by",
            "text": "rustboundmagic:handbook-thaumicworkbenchonlytier1-text"
          }
        ]
      }
    }
  },

  "variantgroups": [
    {
      "code": "element",
      //"states": [ "blood", "ghost" ],
      "loadFromProperties": "rustboundmagic:abstract/elements"
    },
    {
      "code": "pattern",
      "states": [ "diamond", "normal", "offset", "square" ]
    },
    {
      "code": "side",
      "states": [ "north", "east", "south", "west", "up", "down" ]
    }
  ],

  "shapebytype": {
    "*-down": { "base": "game:block/basic/layers/1voxel" },
    "*-up": {
      "base": "game:block/basic/layers/1voxel",
      "rotateX": 180
    },
    "*-north": {
      "base": "game:block/basic/layers/1voxel",
      "rotateX": 90
    },
    "*-east": {
      "base": "game:block/basic/layers/1voxel",
      "rotateX": 90,
      "rotateY": 180,
      "rotateZ": 270
    },
    "*-west": {
      "base": "game:block/basic/layers/1voxel",
      "rotateX": 90,
      "rotateY": 0,
      "rotateZ": 270
    },
    "*-south": {
      "base": "game:block/basic/layers/1voxel",
      "rotateX": 270
    }
  },

  "textures": {
    "all": {
      "base": "blocks/cloth/{element}/mageweave-{pattern}"
    }
  },

  "sidesolidByType": {
    "*-down": {
      "all": false,
      "down": true
    },
    "*-up": {
      "all": false,
      "up": true
    },
    "*-north": {
      "all": false,
      "north": true
    },
    "*-east": {
      "all": false,
      "east": true
    },
    "*-west": {
      "all": false,
      "west": true
    },
    "*-south": {
      "all": false,
      "south": true
    }
  },
  "sideopaqueByType": {
    "*-down": {
      "all": false,
      "down": true
    },
    "*-up": {
      "all": false,
      "up": true
    },
    "*-north": {
      "all": false,
      "north": true
    },
    "*-east": {
      "all": false,
      "east": true
    },
    "*-west": {
      "all": false,
      "west": true
    },
    "*-south": {
      "all": false,
      "south": true
    }
  },

  "creativeinventory": {
    "general": [ "*-down" ],
    "decorative": [ "*-down" ],
    "rustboundmagic": [ "*-down" ]
  },

  "blockmaterial": "Cloth",
  "maxstacksize": 32,
  "replaceable": 700,
  "resistance": 1,
  "lightAbsorption": 1,
  "materialDensity": 200,

  "emitSideAo": {
    "all": false
  },

  "vertexFlags": {
    "zOffset": 1
  },
  "selectionbox": {
    "x1": 0,
    "y1": 0,
    "z1": 0,
    "x2": 1,
    "y2": 0.0625,
    "z2": 1,
    "rotateXByType": {
      "*-up": 180,
      "*-north": 90,
      "*-east": 90,
      "*-west": 90,
      "*-south": 270
    },
    "rotateYByType": {
      "*-east": 180,
      "*-west": 0
    },
    "rotateZByType": {
      "*-east": 270,
      "*-west": 270
    }
  },
  "collisionbox": {
    "x1": 0,
    "y1": 0,
    "z1": 0,
    "x2": 1,
    "y2": 0.0625,
    "z2": 1,
    "rotateXByType": {
      "*-up": 180,
      "*-north": 90,
      "*-east": 90,
      "*-west": 90,
      "*-south": 270
    },
    "rotateYByType": {
      "*-east": 180,
      "*-west": 0
    },
    "rotateZByType": {
      "*-east": 270,
      "*-west": 270
    }
  },
  "combustibleProps": {
    "burnTemperature": 400,
    "burnDuration": 15
  },
  "sounds": {
    "place": "game:block/cloth",
    "break": "game:block/cloth",
    "hit": "game:block/cloth",
    "walk": "game:walk/cloth"
  },

  "guiTransform": {
    "translation": {
      "x": 0,
      "y": 3,
      "z": 0
    },
    "origin": {
      "x": 0.5,
      "y": 0.0625,
      "z": 0.5
    }
  },
  "fpHandTransform": {
    "translation": {
      "x": -0.3,
      "y": -0.25,
      "z": 0.4
    },
    "rotation": {
      "x": 6,
      "y": -59,
      "z": 80
    }
  },
  "tpHandTransform": {
    "translation": {
      "x": -1.6,
      "y": -2,
      "z": -2
    },
    "rotation": {
      "x": -54,
      "y": -86,
      "z": -36
    }
  }
}
