{
  "code": "magicruneblock",
  "classByType": {
    "*": "BlockMagicRuneRM"
  },
  "enabled": true,

  "behaviors": [ { "name": "Unstable" } ],
  "variantgroups": [
    {
      "code": "variant",
      "states": [ "normal", "temporal" ]
    }
  ],

  "attributes": {
    "handbook": {
      "groupByByType": {
        "magicruneblock-*": [ "magicruneblock-*" ]
      }
    },
    "canChisel": false
  },

  "shapebytype": {
    "*": { "base": "blocks/magicruneblock" }
  },
  "texturesByType": {
    "*-normal": {
      "default": { "base": "default" },
      "rune": { "base": "blocks/magicruneblock/{variant}/rune*" }
    },
    "*-temporal": {
      "default": { "base": "default" },
      "rune": { "base": "blocks/magicruneblock/{variant}/rune*" }
    }
  },

  "creativeinventory": {
    "general": [ "" ],
    "terrain": [ "" ],
    "rustboundmagic": [ "" ]
  },

  "drawtype": "json",
  "blockmaterial": "Stone",
  "replaceable": 3000,
  "resistance": 0.25,
  "lightAbsorption": 0,
  "renderPass": "Transparent",
  "faceCullMode": "MergeMaterial",
  "randomizeRotations": true,
  "rainPermeable": true,
  "materialDensity": 200,
  "maxstacksize": 1,

  "sideopaque": {
    "all": false
  },
  "sidesolid": {
    "all": false
  },
  "dropsByType": {
    "*": []
  },

  "heldTpIdleAnimation": "holdbothhandslarge",
  "heldTpUseAnimation": "twohandplaceblock",

  "sounds": {
    "place": "game:player/buildhigh",
    "break": "game:block/leather",
    "hit": "game:block/leather"
  },

  "selectionBox": {
    "x1": 0,
    "y1": 0,
    "z1": 0,
    "x2": 1,
    "y2": 0.0625,
    "z2": 1
  },

  "collisionbox": null,

  "tpHandTransform": {
    "translation": {
      "x": -1.23,
      "y": -0.91,
      "z": -0.8
    },
    "rotation": {
      "x": -2,
      "y": 25,
      "z": -78
    },
    "scale": 0.4
  }
}