[
  {
    "op": "remove",
    "path": "/guiTransformByType/@*-(gold|silver|iron|meteoriciron|steel)",
    "file": "game:itemtypes/toolhead/axehead.json"
  },
  {
    "op": "add",
    "path": "/guiTransformByType/@*-(gold|silver|iron|meteoriciron|steel|stainlesssteel|titanium|mithril|adamant|orichalcum|aithril)",
    "value": {
      "translation": {
        "x": 0,
        "y": 0,
        "z": 100
      },
      "rotation": {
        "x": -52,
        "y": -110,
        "z": -180
      },
      "origin": {
        "x": 0.56,
        "y": 0.51,
        "z": 0.31
      },
      "scale": 3
    },
    "file": "game:itemtypes/toolhead/axehead.json"
  },
  {
    "op": "add",
    "path": "/shapeByType/*-adamant",
    "value": {
      "base": "item/tool/axe/iron"
    },
    "file": "game:itemtypes/toolhead/axehead.json",
    "condition": { "when": "fantasymetalsenabled", "isValue": "true" }
  },
  {
    "op": "add",
    "path": "/shapeByType/*-mithril",
    "value": {
      "base": "item/tool/axe/iron"
    },
    "file": "game:itemtypes/toolhead/axehead.json",
    "condition": { "when": "fantasymetalsenabled", "isValue": "true" }
  },
  {
    "op": "add",
    "path": "/shapeByType/*-orichalcum",
    "value": {
      "base": "item/tool/axe/iron"
    },
    "file": "game:itemtypes/toolhead/axehead.json",
    "condition": { "when": "fantasymetalsenabled", "isValue": "true" }
  },
  {
    "op": "add",
    "path": "/shapeByType/*-stainlesssteel",
    "value": {
      "base": "item/tool/axe/iron"
    },
    "file": "game:itemtypes/toolhead/axehead.json",
    "condition": { "when": "stainlessenabled", "isValue": "true" }
  },
  {
    "op": "add",
    "path": "/shapeByType/*-titanium",
    "value": {
      "base": "item/tool/axe/iron"
    },
    "file": "game:itemtypes/toolhead/axehead.json",
    "condition": { "when": "titaniumenabled", "isValue": "true" }
  },  
  {
    "op": "add",
    "path": "/shapeByType/*-aithril",
    "value": {
      "base": "item/tool/axe/iron"
    },
    "file": "game:itemtypes/toolhead/axehead.json",
    "condition": { "when": "fantasymetalsenabled", "isValue": "true" }
  },
  
  
  
  {
    "op": "add",
    "path": "/variantgroups/0/states/16",
    "value": "stainlesssteel",
    "file": "game:itemtypes/toolhead/axehead.json",
    "condition": { "when": "stainlessenabled", "isValue": "true" }
  },
  {
    "op": "add",
    "path": "/variantgroups/0/states/17",
    "value": "titanium",
    "file": "game:itemtypes/toolhead/axehead.json",
    "condition": { "when": "titaniumenabled", "isValue": "true" }
  },
  {
    "op": "add",
    "path": "/variantgroups/0/states/18",
    "value": "mithril",
    "file": "game:itemtypes/toolhead/axehead.json",
    "condition": { "when": "fantasymetalsenabled", "isValue": "true" }
  },
  {
    "op": "add",
    "path": "/variantgroups/0/states/19",
    "value": "adamant",
    "file": "game:itemtypes/toolhead/axehead.json",
    "condition": { "when": "fantasymetalsenabled", "isValue": "true" }
  },
  {
    "op": "add",
    "path": "/variantgroups/0/states/20",
    "value": "orichalcum",
    "file": "game:itemtypes/toolhead/axehead.json",
    "condition": { "when": "fantasymetalsenabled", "isValue": "true" }
  },
  {
    "op": "add",
    "path": "/variantgroups/0/states/20",
    "value": "aithril",
    "file": "game:itemtypes/toolhead/axehead.json",
    "condition": { "when": "fantasymetalsenabled", "isValue": "true" }
  }
]