[
    {
        "Ingredients": [
            {
                "type": "item",
                "code": "hydrateordiedrate:boiledwaterportion",
                "quantity": 100
            },
            {
                "type": "item",
                "code": "game:fruit-saguaro",
                "quantity": 1
            }
        ],
        "Simmering": {
            "meltingPoint": 150,
            "meltingDuration": 450,
            "smeltedRatio": 1,
            "smeltingType": "bake",
            "smeltedStack": {
                "type": "item",
                "code": "expandedfoods:fruitsyrupportion-saguaro",
                "quantity": 25
            },
            "requiresContainer": false
        }
    }
]