{
	"editor": {
		"allAngles": false,
		"entityTextureMode": false
	},
	"textureWidth": 16,
	"textureHeight": 16,
	"textureSizes": {
	},
	"textures": {
		"crowseye": "items/fruit/crowseye"
	},
	"elements": [
		{
			"name": "Apricot11",
			"from": [ 10.0, 2.5, 6.0 ], 
			"to": [ 11.5, 5.0, 8.5 ], 
			"rotationOrigin": [ 12.0, 2.5, 8.0 ],
			"rotationX": -22.5,
			"rotationZ": 67.5,
			"faces": {
				"north": { "texture": "#crowseye", "uv": [ 6.0, 0.0, 11.0, 3.0 ], "rotation": 90, "autoUv": false },
				"east": { "texture": "#crowseye", "uv": [ 0.0, 6.0, 5.0, 11.0 ], "autoUv": false },
				"south": { "texture": "#crowseye", "uv": [ 6.0, 0.0, 11.0, 3.0 ], "rotation": 90, "autoUv": false },
				"west": { "texture": "#crowseye", "uv": [ 0.0, 0.0, 5.0, 5.0 ], "autoUv": false },
				"up": { "texture": "#crowseye", "uv": [ 6.0, 0.0, 11.0, 3.0 ], "rotation": 90, "autoUv": false },
				"down": { "texture": "#crowseye", "uv": [ 6.0, 0.0, 11.0, 3.0 ], "rotation": 90, "autoUv": false }
			},
			"children": [
				{
					"name": "Cube12",
					"from": [ 1.5, 0.5, 1.0 ], 
					"to": [ 4.5, 2.0, 1.0 ], 
					"rotationOrigin": [ 1.5, 0.5, 1.0 ],
					"rotationY": 67.5,
					"faces": {
						"north": { "texture": "#crowseye", "uv": [ 7.0, 5.0, 10.0, 11.0 ], "rotation": 270, "autoUv": false },
						"east": { "texture": "#crowseye", "uv": [ 0.0, 0.0, 1.0, 1.0 ], "enabled": false },
						"south": { "texture": "#crowseye", "uv": [ 0.0, 0.0, 3.0, 1.0 ], "enabled": false },
						"west": { "texture": "#crowseye", "uv": [ 0.0, 0.0, 1.0, 1.0 ], "enabled": false },
						"up": { "texture": "#crowseye", "uv": [ 0.0, 0.0, 3.0, 1.0 ], "enabled": false },
						"down": { "texture": "#crowseye", "uv": [ 0.0, 0.0, 3.0, 1.0 ], "enabled": false }
					}
				},
				{
					"name": "Cube13",
					"from": [ 1.5, 0.5, 1.5 ], 
					"to": [ 4.5, 2.0, 1.5 ], 
					"rotationOrigin": [ 1.5, 0.5, 1.5 ],
					"rotationY": -67.5,
					"faces": {
						"north": { "texture": "#crowseye", "uv": [ 7.0, 5.0, 10.0, 11.0 ], "rotation": 270, "autoUv": false },
						"east": { "texture": "#crowseye", "uv": [ 0.0, 0.0, 1.0, 1.0 ], "enabled": false },
						"south": { "texture": "#crowseye", "uv": [ 0.0, 0.0, 3.0, 1.0 ], "enabled": false },
						"west": { "texture": "#crowseye", "uv": [ 0.0, 0.0, 1.0, 1.0 ], "enabled": false },
						"up": { "texture": "#crowseye", "uv": [ 0.0, 0.0, 3.0, 1.0 ], "enabled": false },
						"down": { "texture": "#crowseye", "uv": [ 0.0, 0.0, 3.0, 1.0 ], "enabled": false }
					}
				},
				{
					"name": "Cube14",
					"from": [ 1.5, 1.5, 0.5 ], 
					"to": [ 4.5, 1.5, 2.0 ], 
					"rotationOrigin": [ 1.5, 1.5, 0.5 ],
					"rotationZ": 67.5,
					"faces": {
						"north": { "texture": "#crowseye", "uv": [ 0.0, 0.0, 3.0, 1.0 ], "enabled": false },
						"east": { "texture": "#crowseye", "uv": [ 0.0, 0.0, 1.0, 1.0 ], "enabled": false },
						"south": { "texture": "#crowseye", "uv": [ 0.0, 0.0, 3.0, 1.0 ], "enabled": false },
						"west": { "texture": "#crowseye", "uv": [ 0.0, 0.0, 1.0, 1.0 ], "enabled": false },
						"up": { "texture": "#crowseye", "uv": [ 7.0, 5.0, 10.0, 11.0 ], "rotation": 90, "autoUv": false },
						"down": { "texture": "#crowseye", "uv": [ 0.0, 0.0, 3.0, 1.0 ], "enabled": false }
					}
				},
				{
					"name": "Cube15",
					"from": [ 1.5, 1.0, 0.5 ], 
					"to": [ 4.5, 1.0, 2.0 ], 
					"rotationOrigin": [ 1.5, 1.0, 0.5 ],
					"rotationZ": -67.5,
					"faces": {
						"north": { "texture": "#crowseye", "uv": [ 0.0, 0.0, 3.0, 1.0 ], "enabled": false },
						"east": { "texture": "#crowseye", "uv": [ 0.0, 0.0, 1.0, 1.0 ], "enabled": false },
						"south": { "texture": "#crowseye", "uv": [ 0.0, 0.0, 3.0, 1.0 ], "enabled": false },
						"west": { "texture": "#crowseye", "uv": [ 0.0, 0.0, 1.0, 1.0 ], "enabled": false },
						"up": { "texture": "#crowseye", "uv": [ 7.0, 5.0, 10.0, 11.0 ], "rotation": 90, "autoUv": false },
						"down": { "texture": "#crowseye", "uv": [ 0.0, 0.0, 3.0, 1.0 ], "enabled": false }
					}
				},
				{
					"name": "Cube1",
					"from": [ 1.5, 1.5, 1.25 ], 
					"to": [ 1.5, 4.0, 1.75 ], 
					"rotationOrigin": [ 1.5, 1.5, 1.5 ],
					"rotationX": 45.0,
					"rotationZ": -20.0,
					"faces": {
						"north": { "texture": "#crowseye", "uv": [ 0.0, 0.0, 1.0, 2.0 ], "enabled": false },
						"east": { "texture": "#crowseye", "uv": [ 8.0, 6.0, 9.0, 11.0 ], "autoUv": false },
						"south": { "texture": "#crowseye", "uv": [ 0.0, 0.0, 1.0, 2.0 ], "enabled": false },
						"west": { "texture": "#crowseye", "uv": [ 0.0, 0.0, 1.0, 2.0 ], "enabled": false },
						"up": { "texture": "#crowseye", "uv": [ 0.0, 0.0, 1.0, 1.0 ], "enabled": false },
						"down": { "texture": "#crowseye", "uv": [ 0.0, 0.0, 1.0, 1.0 ], "enabled": false }
					}
				},
				{
					"name": "Cube16",
					"from": [ 1.5, 0.75, 1.5 ], 
					"to": [ 1.5, 1.25, 4.0 ], 
					"rotationOrigin": [ 1.5, 1.0, 1.5 ],
					"rotationX": 45.0,
					"rotationY": 20.0,
					"faces": {
						"north": { "texture": "#crowseye", "uv": [ 0.0, 0.0, 1.0, 1.0 ], "enabled": false },
						"east": { "texture": "#crowseye", "uv": [ 8.0, 6.0, 9.0, 11.0 ], "rotation": 270, "autoUv": false },
						"south": { "texture": "#crowseye", "uv": [ 0.0, 0.0, 1.0, 1.0 ], "enabled": false },
						"west": { "texture": "#crowseye", "uv": [ 0.0, 0.0, 2.0, 1.0 ], "enabled": false },
						"up": { "texture": "#crowseye", "uv": [ 0.0, 0.0, 1.0, 2.0 ], "enabled": false },
						"down": { "texture": "#crowseye", "uv": [ 0.0, 0.0, 1.0, 2.0 ], "enabled": false }
					}
				},
				{
					"name": "Cube17",
					"from": [ 1.5, 1.5, 0.75 ], 
					"to": [ 1.5, 4.0, 1.25 ], 
					"rotationOrigin": [ 1.5, 1.5, 1.0 ],
					"rotationX": -45.0,
					"rotationZ": -20.0,
					"faces": {
						"north": { "texture": "#crowseye", "uv": [ 0.0, 0.0, 1.0, 2.0 ], "enabled": false },
						"east": { "texture": "#crowseye", "uv": [ 8.0, 6.0, 9.0, 11.0 ], "autoUv": false },
						"south": { "texture": "#crowseye", "uv": [ 0.0, 0.0, 1.0, 2.0 ], "enabled": false },
						"west": { "texture": "#crowseye", "uv": [ 0.0, 0.0, 1.0, 2.0 ], "enabled": false },
						"up": { "texture": "#crowseye", "uv": [ 0.0, 0.0, 1.0, 1.0 ], "enabled": false },
						"down": { "texture": "#crowseye", "uv": [ 0.0, 0.0, 1.0, 1.0 ], "enabled": false }
					}
				},
				{
					"name": "Cube18",
					"from": [ 1.5, 0.75, 1.0 ], 
					"to": [ 1.5, 1.25, 3.5 ], 
					"rotationOrigin": [ 1.5, 1.0, 1.0 ],
					"rotationX": 135.0,
					"rotationY": 20.0,
					"faces": {
						"north": { "texture": "#crowseye", "uv": [ 0.0, 0.0, 1.0, 1.0 ], "enabled": false },
						"east": { "texture": "#crowseye", "uv": [ 8.0, 6.0, 9.0, 11.0 ], "rotation": 270, "autoUv": false },
						"south": { "texture": "#crowseye", "uv": [ 0.0, 0.0, 1.0, 1.0 ], "enabled": false },
						"west": { "texture": "#crowseye", "uv": [ 0.0, 0.0, 2.0, 1.0 ], "enabled": false },
						"up": { "texture": "#crowseye", "uv": [ 0.0, 0.0, 1.0, 2.0 ], "enabled": false },
						"down": { "texture": "#crowseye", "uv": [ 0.0, 0.0, 1.0, 2.0 ], "enabled": false }
					}
				}
			]
		},
		{
			"name": "Apricot15",
			"from": [ 7.0, 0.0, 9.0 ], 
			"to": [ 8.5, 2.5, 11.5 ], 
			"rotationOrigin": [ 9.0, 0.0, 11.0 ],
			"rotationX": -45.0,
			"rotationY": 45.0,
			"rotationZ": -20.0,
			"faces": {
				"north": { "texture": "#crowseye", "uv": [ 6.0, 0.0, 11.0, 3.0 ], "rotation": 90, "autoUv": false },
				"east": { "texture": "#crowseye", "uv": [ 0.0, 6.0, 5.0, 11.0 ], "autoUv": false },
				"south": { "texture": "#crowseye", "uv": [ 6.0, 0.0, 11.0, 3.0 ], "rotation": 90, "autoUv": false },
				"west": { "texture": "#crowseye", "uv": [ 0.0, 0.0, 5.0, 5.0 ], "autoUv": false },
				"up": { "texture": "#crowseye", "uv": [ 6.0, 0.0, 11.0, 3.0 ], "rotation": 90, "autoUv": false },
				"down": { "texture": "#crowseye", "uv": [ 6.0, 0.0, 11.0, 3.0 ], "rotation": 90, "autoUv": false }
			},
			"children": [
				{
					"name": "Cube19",
					"from": [ 1.5, 0.5, 1.0 ], 
					"to": [ 4.5, 2.0, 1.0 ], 
					"rotationOrigin": [ 1.5, 0.5, 1.0 ],
					"rotationY": 67.5,
					"faces": {
						"north": { "texture": "#crowseye", "uv": [ 7.0, 5.0, 10.0, 11.0 ], "rotation": 270, "autoUv": false },
						"east": { "texture": "#crowseye", "uv": [ 0.0, 0.0, 1.0, 1.0 ], "enabled": false },
						"south": { "texture": "#crowseye", "uv": [ 0.0, 0.0, 3.0, 1.0 ], "enabled": false },
						"west": { "texture": "#crowseye", "uv": [ 0.0, 0.0, 1.0, 1.0 ], "enabled": false },
						"up": { "texture": "#crowseye", "uv": [ 0.0, 0.0, 3.0, 1.0 ], "enabled": false },
						"down": { "texture": "#crowseye", "uv": [ 0.0, 0.0, 3.0, 1.0 ], "enabled": false }
					}
				},
				{
					"name": "Cube19",
					"from": [ 1.5, 0.5, 1.5 ], 
					"to": [ 4.5, 2.0, 1.5 ], 
					"rotationOrigin": [ 1.5, 0.5, 1.5 ],
					"rotationY": -67.5,
					"faces": {
						"north": { "texture": "#crowseye", "uv": [ 7.0, 5.0, 10.0, 11.0 ], "rotation": 270, "autoUv": false },
						"east": { "texture": "#crowseye", "uv": [ 0.0, 0.0, 1.0, 1.0 ], "enabled": false },
						"south": { "texture": "#crowseye", "uv": [ 0.0, 0.0, 3.0, 1.0 ], "enabled": false },
						"west": { "texture": "#crowseye", "uv": [ 0.0, 0.0, 1.0, 1.0 ], "enabled": false },
						"up": { "texture": "#crowseye", "uv": [ 0.0, 0.0, 3.0, 1.0 ], "enabled": false },
						"down": { "texture": "#crowseye", "uv": [ 0.0, 0.0, 3.0, 1.0 ], "enabled": false }
					}
				},
				{
					"name": "Cube19",
					"from": [ 1.5, 1.5, 0.5 ], 
					"to": [ 4.5, 1.5, 2.0 ], 
					"rotationOrigin": [ 1.5, 1.5, 0.5 ],
					"rotationZ": 67.5,
					"faces": {
						"north": { "texture": "#crowseye", "uv": [ 0.0, 0.0, 3.0, 1.0 ], "enabled": false },
						"east": { "texture": "#crowseye", "uv": [ 0.0, 0.0, 1.0, 1.0 ], "enabled": false },
						"south": { "texture": "#crowseye", "uv": [ 0.0, 0.0, 3.0, 1.0 ], "enabled": false },
						"west": { "texture": "#crowseye", "uv": [ 0.0, 0.0, 1.0, 1.0 ], "enabled": false },
						"up": { "texture": "#crowseye", "uv": [ 7.0, 5.0, 10.0, 11.0 ], "rotation": 90, "autoUv": false },
						"down": { "texture": "#crowseye", "uv": [ 0.0, 0.0, 3.0, 1.0 ], "enabled": false }
					}
				},
				{
					"name": "Cube19",
					"from": [ 1.5, 1.0, 0.5 ], 
					"to": [ 4.5, 1.0, 2.0 ], 
					"rotationOrigin": [ 1.5, 1.0, 0.5 ],
					"rotationZ": -67.5,
					"faces": {
						"north": { "texture": "#crowseye", "uv": [ 0.0, 0.0, 3.0, 1.0 ], "enabled": false },
						"east": { "texture": "#crowseye", "uv": [ 0.0, 0.0, 1.0, 1.0 ], "enabled": false },
						"south": { "texture": "#crowseye", "uv": [ 0.0, 0.0, 3.0, 1.0 ], "enabled": false },
						"west": { "texture": "#crowseye", "uv": [ 0.0, 0.0, 1.0, 1.0 ], "enabled": false },
						"up": { "texture": "#crowseye", "uv": [ 7.0, 5.0, 10.0, 11.0 ], "rotation": 90, "autoUv": false },
						"down": { "texture": "#crowseye", "uv": [ 0.0, 0.0, 3.0, 1.0 ], "enabled": false }
					}
				},
				{
					"name": "Cube20",
					"from": [ 1.5, 1.5, 1.25 ], 
					"to": [ 1.5, 4.0, 1.75 ], 
					"rotationOrigin": [ 1.5, 1.5, 1.5 ],
					"rotationX": 45.0,
					"rotationZ": -20.0,
					"faces": {
						"north": { "texture": "#crowseye", "uv": [ 0.0, 0.0, 1.0, 2.0 ], "enabled": false },
						"east": { "texture": "#crowseye", "uv": [ 8.0, 6.0, 9.0, 11.0 ], "autoUv": false },
						"south": { "texture": "#crowseye", "uv": [ 0.0, 0.0, 1.0, 2.0 ], "enabled": false },
						"west": { "texture": "#crowseye", "uv": [ 0.0, 0.0, 1.0, 2.0 ], "enabled": false },
						"up": { "texture": "#crowseye", "uv": [ 0.0, 0.0, 1.0, 1.0 ], "enabled": false },
						"down": { "texture": "#crowseye", "uv": [ 0.0, 0.0, 1.0, 1.0 ], "enabled": false }
					}
				},
				{
					"name": "Cube21",
					"from": [ 1.5, 0.75, 1.5 ], 
					"to": [ 1.5, 1.25, 4.0 ], 
					"rotationOrigin": [ 1.5, 1.0, 1.5 ],
					"rotationX": 45.0,
					"rotationY": 20.0,
					"faces": {
						"north": { "texture": "#crowseye", "uv": [ 0.0, 0.0, 1.0, 1.0 ], "enabled": false },
						"east": { "texture": "#crowseye", "uv": [ 8.0, 6.0, 9.0, 11.0 ], "rotation": 270, "autoUv": false },
						"south": { "texture": "#crowseye", "uv": [ 0.0, 0.0, 1.0, 1.0 ], "enabled": false },
						"west": { "texture": "#crowseye", "uv": [ 0.0, 0.0, 2.0, 1.0 ], "enabled": false },
						"up": { "texture": "#crowseye", "uv": [ 0.0, 0.0, 1.0, 2.0 ], "enabled": false },
						"down": { "texture": "#crowseye", "uv": [ 0.0, 0.0, 1.0, 2.0 ], "enabled": false }
					}
				},
				{
					"name": "Cube22",
					"from": [ 1.5, 1.5, 0.75 ], 
					"to": [ 1.5, 4.0, 1.25 ], 
					"rotationOrigin": [ 1.5, 1.5, 1.0 ],
					"rotationX": -45.0,
					"rotationZ": -20.0,
					"faces": {
						"north": { "texture": "#crowseye", "uv": [ 0.0, 0.0, 1.0, 2.0 ], "enabled": false },
						"east": { "texture": "#crowseye", "uv": [ 8.0, 6.0, 9.0, 11.0 ], "autoUv": false },
						"south": { "texture": "#crowseye", "uv": [ 0.0, 0.0, 1.0, 2.0 ], "enabled": false },
						"west": { "texture": "#crowseye", "uv": [ 0.0, 0.0, 1.0, 2.0 ], "enabled": false },
						"up": { "texture": "#crowseye", "uv": [ 0.0, 0.0, 1.0, 1.0 ], "enabled": false },
						"down": { "texture": "#crowseye", "uv": [ 0.0, 0.0, 1.0, 1.0 ], "enabled": false }
					}
				},
				{
					"name": "Cube23",
					"from": [ 1.5, 0.75, 1.0 ], 
					"to": [ 1.5, 1.25, 3.5 ], 
					"rotationOrigin": [ 1.5, 1.0, 1.0 ],
					"rotationX": 135.0,
					"rotationY": 20.0,
					"faces": {
						"north": { "texture": "#crowseye", "uv": [ 0.0, 0.0, 1.0, 1.0 ], "enabled": false },
						"east": { "texture": "#crowseye", "uv": [ 8.0, 6.0, 9.0, 11.0 ], "rotation": 270, "autoUv": false },
						"south": { "texture": "#crowseye", "uv": [ 0.0, 0.0, 1.0, 1.0 ], "enabled": false },
						"west": { "texture": "#crowseye", "uv": [ 0.0, 0.0, 2.0, 1.0 ], "enabled": false },
						"up": { "texture": "#crowseye", "uv": [ 0.0, 0.0, 1.0, 2.0 ], "enabled": false },
						"down": { "texture": "#crowseye", "uv": [ 0.0, 0.0, 1.0, 2.0 ], "enabled": false }
					}
				}
			]
		}
	]}