{
	"editor": {
		"allAngles": false,
		"entityTextureMode": false
	},
	"textureWidth": 8,
	"textureHeight": 8,
	"textureSizes": {
	},
	"textures": {
		"falsestrawberry": "items/fruit/falsestrawberry"
	},
	"elements": [
		{
			"name": "origin",
			"from": [ 8.0, 0.0, 14.0 ], 
			"to": [ 8.0, 0.0, 14.0 ], 
			"rotationOrigin": [ 8.0, 0.0, 14.0 ],
			"rotationX": -90.0,
			"faces": {
				"north": { "texture": "#falsestrawberry", "uv": [ 0.0, 0.0, 0.5, 0.5 ], "enabled": false },
				"east": { "texture": "#falsestrawberry", "uv": [ 0.0, 0.0, 0.5, 0.5 ], "enabled": false },
				"south": { "texture": "#falsestrawberry", "uv": [ 0.0, 0.0, 0.5, 0.5 ], "enabled": false },
				"west": { "texture": "#falsestrawberry", "uv": [ 0.0, 0.0, 0.5, 0.5 ], "enabled": false },
				"up": { "texture": "#falsestrawberry", "uv": [ 0.0, 0.0, 0.5, 0.5 ], "enabled": false },
				"down": { "texture": "#falsestrawberry", "uv": [ 0.0, 0.0, 0.5, 0.5 ], "enabled": false }
			},
			"children": [
				{
					"name": "body",
					"from": [ -1.25, 3.75, 1.0 ], 
					"to": [ 1.25, 6.25, 3.5 ], 
					"rotationOrigin": [ 0.0, 3.5, 3.0 ],
					"faces": {
						"north": { "texture": "#falsestrawberry", "uv": [ 0.5, 0.0, 3.0, 2.5 ] },
						"east": { "texture": "#falsestrawberry", "uv": [ 1.0, 0.0, 3.5, 2.5 ] },
						"south": { "texture": "#falsestrawberry", "uv": [ 1.0, 1.0, 3.5, 3.5 ] },
						"west": { "texture": "#falsestrawberry", "uv": [ 0.0, 0.5, 2.5, 3.0 ] },
						"up": { "texture": "#falsestrawberry", "uv": [ 1.0, 1.0, 3.5, 3.5 ] },
						"down": { "texture": "#falsestrawberry", "uv": [ 0.5, 0.0, 3.0, 2.5 ] }
					},
					"children": [
						{
							"name": "bottom",
							"from": [ 0.25, -0.5, 0.25 ], 
							"to": [ 2.25, 0.0, 2.25 ], 
							"rotationOrigin": [ 1.5, -0.5, 1.5 ],
							"faces": {
								"north": { "texture": "#falsestrawberry", "uv": [ 1.0, 2.5, 3.0, 3.0 ] },
								"east": { "texture": "#falsestrawberry", "uv": [ 1.0, 3.0, 3.0, 3.5 ] },
								"south": { "texture": "#falsestrawberry", "uv": [ 1.0, 2.5, 3.0, 3.0 ] },
								"west": { "texture": "#falsestrawberry", "uv": [ 0.5, 1.5, 2.5, 2.0 ] },
								"up": { "texture": "#falsestrawberry", "uv": [ 0.0, 0.0, 2.0, 2.0 ], "enabled": false },
								"down": { "texture": "#falsestrawberry", "uv": [ 1.0, 2.0, 3.0, 4.0 ] }
							}
						},
						{
							"name": "stem",
							"from": [ 0.75, 2.5, 0.75 ], 
							"to": [ 1.75, 3.5, 1.75 ], 
							"rotationOrigin": [ 1.25, 2.5, 1.25 ],
							"rotationY": 45.0,
							"faces": {
								"north": { "texture": "#falsestrawberry", "uv": [ 0.5, 5.0, 1.5, 6.0 ] },
								"east": { "texture": "#falsestrawberry", "uv": [ 1.0, 6.5, 2.0, 7.5 ] },
								"south": { "texture": "#falsestrawberry", "uv": [ 0.0, 5.5, 1.0, 6.5 ] },
								"west": { "texture": "#falsestrawberry", "uv": [ 0.5, 5.5, 1.5, 6.5 ] },
								"up": { "texture": "#falsestrawberry", "uv": [ 0.0, 6.0, 1.0, 7.0 ] },
								"down": { "texture": "#falsestrawberry", "uv": [ 0.0, 0.0, 1.0, 1.0 ], "enabled": false }
							}
						},
						{
							"name": "leaf1",
							"from": [ -0.25, 2.0, 1.25 ], 
							"to": [ 2.75, 5.0, 1.25 ], 
							"rotationOrigin": [ 1.5, 2.5, 1.25 ],
							"rotationX": 45.0,
							"faces": {
								"north": { "texture": "#falsestrawberry", "uv": [ 4.5, 1.0, 7.5, 4.0 ] },
								"east": { "texture": "#falsestrawberry", "uv": [ 0.0, 0.0, 0.5, 3.0 ], "enabled": false },
								"south": { "texture": "#falsestrawberry", "uv": [ 0.0, 0.0, 3.0, 3.0 ], "enabled": false },
								"west": { "texture": "#falsestrawberry", "uv": [ 0.0, 0.0, 0.5, 3.0 ], "enabled": false },
								"up": { "texture": "#falsestrawberry", "uv": [ 0.0, 0.0, 3.0, 0.5 ], "enabled": false },
								"down": { "texture": "#falsestrawberry", "uv": [ 0.0, 0.0, 3.0, 0.5 ], "enabled": false }
							}
						},
						{
							"name": "leaf2",
							"from": [ -0.25, 2.0, 1.25 ], 
							"to": [ 2.75, 5.0, 1.25 ], 
							"rotationOrigin": [ 1.5, 2.5, 1.25 ],
							"rotationX": -45.0,
							"faces": {
								"north": { "texture": "#falsestrawberry", "uv": [ 4.5, 1.0, 7.5, 4.0 ], "enabled": false },
								"east": { "texture": "#falsestrawberry", "uv": [ 0.0, 0.0, 0.5, 3.0 ], "enabled": false },
								"south": { "texture": "#falsestrawberry", "uv": [ 4.5, 1.0, 7.5, 4.0 ] },
								"west": { "texture": "#falsestrawberry", "uv": [ 0.0, 0.0, 0.5, 3.0 ], "enabled": false },
								"up": { "texture": "#falsestrawberry", "uv": [ 0.0, 0.0, 3.0, 0.5 ], "enabled": false },
								"down": { "texture": "#falsestrawberry", "uv": [ 0.0, 0.0, 3.0, 0.5 ], "enabled": false }
							}
						},
						{
							"name": "leaf3",
							"from": [ 1.25, 2.0, -0.25 ], 
							"to": [ 1.25, 5.0, 2.75 ], 
							"rotationOrigin": [ 1.25, 2.5, 1.5 ],
							"rotationZ": -45.0,
							"faces": {
								"north": { "texture": "#falsestrawberry", "uv": [ 0.0, 0.0, 0.5, 3.0 ], "enabled": false },
								"east": { "texture": "#falsestrawberry", "uv": [ 0.0, 0.0, 3.0, 3.0 ], "enabled": false },
								"south": { "texture": "#falsestrawberry", "uv": [ 0.0, 0.0, 0.5, 3.0 ], "enabled": false },
								"west": { "texture": "#falsestrawberry", "uv": [ 4.5, 1.0, 7.5, 4.0 ] },
								"up": { "texture": "#falsestrawberry", "uv": [ 0.0, 0.0, 0.5, 3.0 ], "enabled": false },
								"down": { "texture": "#falsestrawberry", "uv": [ 0.0, 0.0, 0.5, 3.0 ], "enabled": false }
							}
						},
						{
							"name": "leaf4",
							"from": [ 1.25, 2.0, -0.25 ], 
							"to": [ 1.25, 5.0, 2.75 ], 
							"rotationOrigin": [ 1.25, 2.5, 1.5 ],
							"rotationZ": 45.0,
							"faces": {
								"north": { "texture": "#falsestrawberry", "uv": [ 0.0, 0.0, 0.5, 3.0 ], "enabled": false },
								"east": { "texture": "#falsestrawberry", "uv": [ 4.5, 1.0, 7.5, 4.0 ] },
								"south": { "texture": "#falsestrawberry", "uv": [ 0.0, 0.0, 0.5, 3.0 ], "enabled": false },
								"west": { "texture": "#falsestrawberry", "uv": [ 4.5, 1.0, 7.5, 4.0 ], "enabled": false },
								"up": { "texture": "#falsestrawberry", "uv": [ 0.0, 0.0, 0.5, 3.0 ], "enabled": false },
								"down": { "texture": "#falsestrawberry", "uv": [ 0.0, 0.0, 0.5, 3.0 ], "enabled": false }
							}
						}
					]
				},
				{
					"name": "body11",
					"from": [ -0.15, 1.75, -2.3 ], 
					"to": [ 2.35, 4.25, 0.2 ], 
					"rotationOrigin": [ 1.1642, 1.3536, -1.3358 ],
					"rotationX": -15.0,
					"rotationY": -15.0,
					"rotationZ": -43.0,
					"faces": {
						"north": { "texture": "#falsestrawberry", "uv": [ 1.0, 1.0, 3.5, 3.5 ] },
						"east": { "texture": "#falsestrawberry", "uv": [ 0.0, 1.0, 2.5, 3.5 ] },
						"south": { "texture": "#falsestrawberry", "uv": [ 1.0, 1.0, 3.5, 3.5 ] },
						"west": { "texture": "#falsestrawberry", "uv": [ 1.0, 0.0, 3.5, 2.5 ] },
						"up": { "texture": "#falsestrawberry", "uv": [ 0.5, 0.0, 3.0, 2.5 ] },
						"down": { "texture": "#falsestrawberry", "uv": [ 0.5, 0.0, 3.0, 2.5 ] }
					},
					"children": [
						{
							"name": "bottom13",
							"from": [ 0.25, -0.5, 0.25 ], 
							"to": [ 2.25, 0.0, 2.25 ], 
							"rotationOrigin": [ 1.5, -0.5, 1.5 ],
							"faces": {
								"north": { "texture": "#falsestrawberry", "uv": [ 1.0, 2.5, 3.0, 3.0 ] },
								"east": { "texture": "#falsestrawberry", "uv": [ 1.0, 3.0, 3.0, 3.5 ] },
								"south": { "texture": "#falsestrawberry", "uv": [ 1.0, 2.5, 3.0, 3.0 ] },
								"west": { "texture": "#falsestrawberry", "uv": [ 0.5, 1.5, 2.5, 2.0 ] },
								"up": { "texture": "#falsestrawberry", "uv": [ 0.0, 0.0, 2.0, 2.0 ], "enabled": false },
								"down": { "texture": "#falsestrawberry", "uv": [ 1.0, 2.0, 3.0, 4.0 ] }
							}
						},
						{
							"name": "stem14",
							"from": [ 0.75, 2.5, 0.75 ], 
							"to": [ 1.75, 3.5, 1.75 ], 
							"rotationOrigin": [ 1.25, 3.5, 1.25 ],
							"rotationY": 45.0,
							"faces": {
								"north": { "texture": "#falsestrawberry", "uv": [ 0.5, 5.5, 1.5, 6.5 ] },
								"east": { "texture": "#falsestrawberry", "uv": [ 1.0, 6.5, 2.0, 7.5 ] },
								"south": { "texture": "#falsestrawberry", "uv": [ 0.0, 5.5, 1.0, 6.5 ] },
								"west": { "texture": "#falsestrawberry", "uv": [ 0.5, 5.5, 1.5, 6.5 ] },
								"up": { "texture": "#falsestrawberry", "uv": [ 0.0, 5.5, 1.0, 6.5 ] },
								"down": { "texture": "#falsestrawberry", "uv": [ 0.0, 0.0, 1.0, 1.0 ], "enabled": false }
							}
						},
						{
							"name": "leaf15",
							"from": [ -0.25, 2.0, 1.25 ], 
							"to": [ 2.75, 4.5, 1.25 ], 
							"rotationOrigin": [ 1.5, 2.5, 1.25 ],
							"rotationX": 45.0,
							"faces": {
								"north": { "texture": "#falsestrawberry", "uv": [ 4.5, 1.0, 7.5, 3.5 ] },
								"east": { "texture": "#falsestrawberry", "uv": [ 0.0, 0.0, 0.5, 2.5 ], "enabled": false },
								"south": { "texture": "#falsestrawberry", "uv": [ 0.0, 0.0, 3.0, 2.5 ], "enabled": false },
								"west": { "texture": "#falsestrawberry", "uv": [ 0.0, 0.0, 0.5, 2.5 ], "enabled": false },
								"up": { "texture": "#falsestrawberry", "uv": [ 0.0, 0.0, 3.0, 0.5 ], "enabled": false },
								"down": { "texture": "#falsestrawberry", "uv": [ 0.0, 0.0, 3.0, 0.5 ], "enabled": false }
							}
						},
						{
							"name": "leaf16",
							"from": [ -0.25, 2.0, 1.25 ], 
							"to": [ 2.75, 4.5, 1.25 ], 
							"rotationOrigin": [ 1.5, 2.5, 1.25 ],
							"rotationX": -45.0,
							"faces": {
								"north": { "texture": "#falsestrawberry", "uv": [ 4.5, 1.0, 7.5, 3.5 ], "enabled": false },
								"east": { "texture": "#falsestrawberry", "uv": [ 0.0, 0.0, 0.5, 2.5 ], "enabled": false },
								"south": { "texture": "#falsestrawberry", "uv": [ 4.5, 1.0, 7.5, 3.5 ] },
								"west": { "texture": "#falsestrawberry", "uv": [ 0.0, 0.0, 0.5, 2.5 ], "enabled": false },
								"up": { "texture": "#falsestrawberry", "uv": [ 0.0, 0.0, 3.0, 0.5 ], "enabled": false },
								"down": { "texture": "#falsestrawberry", "uv": [ 0.0, 0.0, 3.0, 0.5 ], "enabled": false }
							}
						},
						{
							"name": "leaf17",
							"from": [ 1.25, 2.0, -0.25 ], 
							"to": [ 1.25, 4.5, 2.75 ], 
							"rotationOrigin": [ 1.25, 2.5, 1.5 ],
							"rotationZ": -45.0,
							"faces": {
								"north": { "texture": "#falsestrawberry", "uv": [ 0.0, 0.0, 0.5, 2.5 ], "enabled": false },
								"east": { "texture": "#falsestrawberry", "uv": [ 0.0, 0.0, 3.0, 2.5 ], "enabled": false },
								"south": { "texture": "#falsestrawberry", "uv": [ 0.0, 0.0, 0.5, 2.5 ], "enabled": false },
								"west": { "texture": "#falsestrawberry", "uv": [ 4.5, 1.0, 7.5, 3.5 ] },
								"up": { "texture": "#falsestrawberry", "uv": [ 0.0, 0.0, 0.5, 3.0 ], "enabled": false },
								"down": { "texture": "#falsestrawberry", "uv": [ 0.0, 0.0, 0.5, 3.0 ], "enabled": false }
							}
						},
						{
							"name": "leaf18",
							"from": [ 1.25, 2.0, -0.25 ], 
							"to": [ 1.25, 4.5, 2.75 ], 
							"rotationOrigin": [ 1.25, 2.5, 1.5 ],
							"rotationZ": 45.0,
							"faces": {
								"north": { "texture": "#falsestrawberry", "uv": [ 0.0, 0.0, 0.5, 2.5 ], "enabled": false },
								"east": { "texture": "#falsestrawberry", "uv": [ 4.5, 1.0, 7.5, 3.5 ] },
								"south": { "texture": "#falsestrawberry", "uv": [ 0.0, 0.0, 0.5, 2.5 ], "enabled": false },
								"west": { "texture": "#falsestrawberry", "uv": [ 4.5, 1.0, 7.5, 3.5 ], "enabled": false },
								"up": { "texture": "#falsestrawberry", "uv": [ 0.0, 0.0, 0.5, 3.0 ], "enabled": false },
								"down": { "texture": "#falsestrawberry", "uv": [ 0.0, 0.0, 0.5, 3.0 ], "enabled": false }
							}
						}
					]
				},
				{
					"name": "body26",
					"from": [ -2.59, -0.75, -2.2 ], 
					"to": [ -0.09, 1.75, 0.3 ], 
					"rotationOrigin": [ -1.3386, -1.0485, -0.2028 ],
					"rotationX": 58.5,
					"rotationY": -50.0,
					"rotationZ": 45.0,
					"faces": {
						"north": { "texture": "#falsestrawberry", "uv": [ 1.0, 0.0, 3.5, 2.5 ] },
						"east": { "texture": "#falsestrawberry", "uv": [ 0.0, 0.0, 2.5, 2.5 ] },
						"south": { "texture": "#falsestrawberry", "uv": [ 0.0, 1.0, 2.5, 3.5 ] },
						"west": { "texture": "#falsestrawberry", "uv": [ 1.0, 1.0, 3.5, 3.5 ] },
						"up": { "texture": "#falsestrawberry", "uv": [ 0.5, 0.5, 3.0, 3.0 ] },
						"down": { "texture": "#falsestrawberry", "uv": [ 0.5, 0.0, 3.0, 2.5 ] }
					},
					"children": [
						{
							"name": "bottom28",
							"from": [ 0.25, -0.5, 0.25 ], 
							"to": [ 2.25, 0.0, 2.25 ], 
							"rotationOrigin": [ 1.5, -0.5, 1.5 ],
							"faces": {
								"north": { "texture": "#falsestrawberry", "uv": [ 1.0, 2.5, 3.0, 3.0 ] },
								"east": { "texture": "#falsestrawberry", "uv": [ 1.0, 3.0, 3.0, 3.5 ] },
								"south": { "texture": "#falsestrawberry", "uv": [ 1.0, 2.5, 3.0, 3.0 ] },
								"west": { "texture": "#falsestrawberry", "uv": [ 0.5, 1.5, 2.5, 2.0 ] },
								"up": { "texture": "#falsestrawberry", "uv": [ 0.0, 0.0, 2.0, 2.0 ], "enabled": false },
								"down": { "texture": "#falsestrawberry", "uv": [ 1.0, 2.0, 3.0, 4.0 ] }
							}
						},
						{
							"name": "stem29",
							"from": [ 0.75, 2.5, 0.75 ], 
							"to": [ 1.75, 3.5, 1.75 ], 
							"rotationOrigin": [ 1.25, 3.5, 1.25 ],
							"rotationY": -45.0,
							"faces": {
								"north": { "texture": "#falsestrawberry", "uv": [ 0.5, 5.5, 1.5, 6.5 ] },
								"east": { "texture": "#falsestrawberry", "uv": [ 1.0, 6.5, 2.0, 7.5 ] },
								"south": { "texture": "#falsestrawberry", "uv": [ 0.0, 5.5, 1.0, 6.5 ] },
								"west": { "texture": "#falsestrawberry", "uv": [ 0.5, 5.5, 1.5, 6.5 ] },
								"up": { "texture": "#falsestrawberry", "uv": [ 0.0, 5.5, 1.0, 6.5 ] },
								"down": { "texture": "#falsestrawberry", "uv": [ 0.0, 0.0, 1.0, 1.0 ], "enabled": false }
							}
						},
						{
							"name": "leaf33",
							"from": [ -0.25, 2.0, 1.25 ], 
							"to": [ 2.75, 5.0, 1.25 ], 
							"rotationOrigin": [ 1.5, 2.5, 1.25 ],
							"rotationX": 45.0,
							"faces": {
								"north": { "texture": "#falsestrawberry", "uv": [ 4.5, 1.0, 7.5, 4.0 ] },
								"east": { "texture": "#falsestrawberry", "uv": [ 0.0, 0.0, 0.5, 3.0 ], "enabled": false },
								"south": { "texture": "#falsestrawberry", "uv": [ 0.0, 0.0, 3.0, 3.0 ], "enabled": false },
								"west": { "texture": "#falsestrawberry", "uv": [ 0.0, 0.0, 0.5, 3.0 ], "enabled": false },
								"up": { "texture": "#falsestrawberry", "uv": [ 0.0, 0.0, 3.0, 0.5 ], "enabled": false },
								"down": { "texture": "#falsestrawberry", "uv": [ 0.0, 0.0, 3.0, 0.5 ], "enabled": false }
							}
						},
						{
							"name": "leaf34",
							"from": [ -0.25, 2.0, 1.25 ], 
							"to": [ 2.75, 5.0, 1.25 ], 
							"rotationOrigin": [ 1.5, 2.5, 1.25 ],
							"rotationX": -45.0,
							"faces": {
								"north": { "texture": "#falsestrawberry", "uv": [ 4.5, 1.0, 7.5, 4.0 ], "enabled": false },
								"east": { "texture": "#falsestrawberry", "uv": [ 0.0, 0.0, 0.5, 3.0 ], "enabled": false },
								"south": { "texture": "#falsestrawberry", "uv": [ 4.5, 1.0, 7.5, 4.0 ] },
								"west": { "texture": "#falsestrawberry", "uv": [ 0.0, 0.0, 0.5, 3.0 ], "enabled": false },
								"up": { "texture": "#falsestrawberry", "uv": [ 0.0, 0.0, 3.0, 0.5 ], "enabled": false },
								"down": { "texture": "#falsestrawberry", "uv": [ 0.0, 0.0, 3.0, 0.5 ], "enabled": false }
							}
						},
						{
							"name": "leaf35",
							"from": [ 1.25, 2.0, -0.25 ], 
							"to": [ 1.25, 5.0, 2.75 ], 
							"rotationOrigin": [ 1.25, 2.5, 1.5 ],
							"rotationZ": -45.0,
							"faces": {
								"north": { "texture": "#falsestrawberry", "uv": [ 0.0, 0.0, 0.5, 3.0 ], "enabled": false },
								"east": { "texture": "#falsestrawberry", "uv": [ 0.0, 0.0, 3.0, 3.0 ], "enabled": false },
								"south": { "texture": "#falsestrawberry", "uv": [ 0.0, 0.0, 0.5, 3.0 ], "enabled": false },
								"west": { "texture": "#falsestrawberry", "uv": [ 4.5, 1.0, 7.5, 4.0 ] },
								"up": { "texture": "#falsestrawberry", "uv": [ 0.0, 0.0, 0.5, 3.0 ], "enabled": false },
								"down": { "texture": "#falsestrawberry", "uv": [ 0.0, 0.0, 0.5, 3.0 ], "enabled": false }
							}
						},
						{
							"name": "leaf36",
							"from": [ 1.25, 2.0, -0.25 ], 
							"to": [ 1.25, 5.0, 2.75 ], 
							"rotationOrigin": [ 1.25, 2.5, 1.5 ],
							"rotationZ": 45.0,
							"faces": {
								"north": { "texture": "#falsestrawberry", "uv": [ 0.0, 0.0, 0.5, 3.0 ], "enabled": false },
								"east": { "texture": "#falsestrawberry", "uv": [ 4.5, 1.0, 7.5, 4.0 ] },
								"south": { "texture": "#falsestrawberry", "uv": [ 0.0, 0.0, 0.5, 3.0 ], "enabled": false },
								"west": { "texture": "#falsestrawberry", "uv": [ 4.5, 1.0, 7.5, 4.0 ], "enabled": false },
								"up": { "texture": "#falsestrawberry", "uv": [ 0.0, 0.0, 0.5, 3.0 ], "enabled": false },
								"down": { "texture": "#falsestrawberry", "uv": [ 0.0, 0.0, 0.5, 3.0 ], "enabled": false }
							}
						}
					]
				}
			]
		}
	]}