{
	"editor": {
		"allAngles": true,
		"entityTextureMode": false
	},
	"textureWidth": 8,
	"textureHeight": 8,
	"textureSizes": {
	},
	"textures": {
		"honeysuckle": "items/fruit/honeysuckle"
	},
	"elements": [
		{
			"name": "origin",
			"from": [ 8.0, 0.0, 8.0 ], 
			"to": [ 8.0, 0.0, 8.0 ], 
			"rotationOrigin": [ 8.0, 0.0, 8.0 ],
			"faces": {
				"north": { "texture": "#honeysuckle", "uv": [ 0.0, 0.0, 0.5, 0.5 ], "enabled": false },
				"east": { "texture": "#honeysuckle", "uv": [ 0.0, 0.0, 0.5, 0.5 ], "enabled": false },
				"south": { "texture": "#honeysuckle", "uv": [ 0.0, 0.0, 0.5, 0.5 ], "enabled": false },
				"west": { "texture": "#honeysuckle", "uv": [ 0.0, 0.0, 0.5, 0.5 ], "enabled": false },
				"up": { "texture": "#honeysuckle", "uv": [ 0.0, 0.0, 0.5, 0.5 ], "enabled": false },
				"down": { "texture": "#honeysuckle", "uv": [ 0.0, 0.0, 0.5, 0.5 ], "enabled": false }
			},
			"children": [
				{
					"name": "stem",
					"from": [ -0.3, 0.0, -0.3 ], 
					"to": [ 0.2, 3.0, 0.2 ], 
					"rotationOrigin": [ 0.0, 0.0, 0.0 ],
					"rotationZ": 75.0,
					"faces": {
						"north": { "texture": "#honeysuckle", "uv": [ 3.0, 6.0, 6.0, 6.5 ], "rotation": 90 },
						"east": { "texture": "#honeysuckle", "uv": [ 1.5, 7.5, 4.5, 8.0 ], "rotation": 90 },
						"south": { "texture": "#honeysuckle", "uv": [ 2.0, 7.5, 5.0, 8.0 ], "rotation": 90 },
						"west": { "texture": "#honeysuckle", "uv": [ 3.5, 7.5, 6.5, 8.0 ], "rotation": 90 },
						"up": { "texture": "#honeysuckle", "uv": [ 4.0, 7.5, 4.5, 8.0 ], "enabled": false },
						"down": { "texture": "#honeysuckle", "uv": [ 4.5, 6.0, 5.0, 6.5 ] }
					}
				},
				{
					"name": "Cube17",
					"from": [ -4.3, 0.6, 0.7 ], 
					"to": [ -2.3, 3.6, 2.7 ], 
					"rotationOrigin": [ -3.5, 0.6, 1.5 ],
					"rotationY": 30.0,
					"rotationZ": 90.0,
					"faces": {
						"north": { "texture": "#honeysuckle", "uv": [ 0.5, 1.0, 2.5, 4.0 ], "autoUv": false },
						"east": { "texture": "#honeysuckle", "uv": [ 0.0, 1.0, 2.0, 4.0 ], "autoUv": false },
						"south": { "texture": "#honeysuckle", "uv": [ 1.5, 1.0, 3.5, 4.0 ], "autoUv": false },
						"west": { "texture": "#honeysuckle", "uv": [ 1.0, 1.0, 3.0, 4.0 ], "autoUv": false },
						"up": { "texture": "#honeysuckle", "uv": [ 0.0, 4.0, 2.0, 6.0 ], "rotation": 180, "autoUv": false },
						"down": { "texture": "#honeysuckle", "uv": [ 1.5, 1.5, 3.5, 3.5 ], "autoUv": false }
					},
					"children": [
						{
							"name": "Cube1",
							"from": [ 0.25, -1.0, 0.25 ], 
							"to": [ 1.75, 0.0, 1.75 ], 
							"rotationOrigin": [ 0.0, -1.0, 0.0 ],
							"faces": {
								"north": { "texture": "#honeysuckle", "uv": [ 0.5, 1.0, 2.0, 2.0 ] },
								"east": { "texture": "#honeysuckle", "uv": [ 0.5, 3.0, 2.0, 4.0 ] },
								"south": { "texture": "#honeysuckle", "uv": [ 2.0, 1.5, 3.5, 2.5 ] },
								"west": { "texture": "#honeysuckle", "uv": [ 1.5, 1.0, 3.0, 2.0 ] },
								"up": { "texture": "#honeysuckle", "uv": [ 1.0, 1.5, 2.5, 3.0 ] },
								"down": { "texture": "#honeysuckle", "uv": [ 1.5, 1.0, 3.0, 2.5 ] }
							}
						}
					]
				},
				{
					"name": "Cube10",
					"from": [ -4.3, -0.4, -0.2 ], 
					"to": [ -2.3, 2.6, 1.8 ], 
					"rotationOrigin": [ -3.5, -0.4, 0.6 ],
					"rotationZ": 120.0,
					"faces": {
						"north": { "texture": "#honeysuckle", "uv": [ 1.0, 0.0, 3.0, 3.0 ], "autoUv": false },
						"east": { "texture": "#honeysuckle", "uv": [ 1.0, 0.0, 3.0, 3.0 ], "autoUv": false },
						"south": { "texture": "#honeysuckle", "uv": [ 1.0, 0.0, 3.0, 3.0 ], "autoUv": false },
						"west": { "texture": "#honeysuckle", "uv": [ 1.0, 0.0, 3.0, 3.0 ], "autoUv": false },
						"up": { "texture": "#honeysuckle", "uv": [ 0.0, 4.0, 2.0, 6.0 ], "autoUv": false },
						"down": { "texture": "#honeysuckle", "uv": [ 1.0, 1.0, 3.0, 3.0 ], "autoUv": false }
					},
					"children": [
						{
							"name": "Cube8",
							"from": [ 0.25, -1.0, 0.25 ], 
							"to": [ 1.75, 0.0, 1.75 ], 
							"rotationOrigin": [ 0.0, -1.0, 0.0 ],
							"faces": {
								"north": { "texture": "#honeysuckle", "uv": [ 1.5, 1.5, 3.0, 2.5 ] },
								"east": { "texture": "#honeysuckle", "uv": [ 1.5, 2.0, 3.0, 3.0 ] },
								"south": { "texture": "#honeysuckle", "uv": [ 1.0, 2.0, 2.5, 3.0 ] },
								"west": { "texture": "#honeysuckle", "uv": [ 1.5, 1.5, 3.0, 2.5 ] },
								"up": { "texture": "#honeysuckle", "uv": [ 1.5, 1.5, 3.0, 3.0 ] },
								"down": { "texture": "#honeysuckle", "uv": [ 1.5, 2.0, 3.0, 3.5 ] }
							}
						}
					]
				},
				{
					"name": "Cube12",
					"from": [ -4.3, 0.6, -1.3 ], 
					"to": [ -2.3, 3.6, 0.7 ], 
					"rotationOrigin": [ -3.5, 0.6, -0.5 ],
					"rotationX": -11.0,
					"rotationY": -15.0,
					"rotationZ": 90.0,
					"faces": {
						"north": { "texture": "#honeysuckle", "uv": [ 0.5, 0.5, 2.5, 3.5 ], "autoUv": false },
						"east": { "texture": "#honeysuckle", "uv": [ 1.5, 1.0, 3.5, 4.0 ], "autoUv": false },
						"south": { "texture": "#honeysuckle", "uv": [ 0.5, 0.5, 2.5, 3.5 ], "autoUv": false },
						"west": { "texture": "#honeysuckle", "uv": [ 0.5, 0.5, 2.5, 3.5 ], "autoUv": false },
						"up": { "texture": "#honeysuckle", "uv": [ 0.0, 4.0, 2.0, 6.0 ], "rotation": 90, "autoUv": false },
						"down": { "texture": "#honeysuckle", "uv": [ 1.0, 1.0, 3.0, 3.0 ], "autoUv": false }
					},
					"children": [
						{
							"name": "Cube9",
							"from": [ 0.25, -1.0, 0.25 ], 
							"to": [ 1.75, 0.0, 1.75 ], 
							"rotationOrigin": [ 0.0, -1.0, 0.0 ],
							"faces": {
								"north": { "texture": "#honeysuckle", "uv": [ 1.5, 2.5, 3.0, 3.5 ] },
								"east": { "texture": "#honeysuckle", "uv": [ 1.0, 2.0, 2.5, 3.0 ] },
								"south": { "texture": "#honeysuckle", "uv": [ 1.5, 1.5, 3.0, 2.5 ] },
								"west": { "texture": "#honeysuckle", "uv": [ 1.0, 1.5, 2.5, 2.5 ] },
								"up": { "texture": "#honeysuckle", "uv": [ 1.0, 1.5, 2.5, 3.0 ] },
								"down": { "texture": "#honeysuckle", "uv": [ 2.0, 1.0, 3.5, 2.5 ] }
							}
						}
					]
				},
				{
					"name": "Cube14",
					"from": [ -3.3, 0.6, -2.3 ], 
					"to": [ -1.3, 3.6, -0.3 ], 
					"rotationOrigin": [ -2.5, 0.6, -1.5 ],
					"rotationY": -44.0,
					"rotationZ": 75.0,
					"faces": {
						"north": { "texture": "#honeysuckle", "uv": [ 0.5, 0.5, 2.5, 3.5 ], "autoUv": false },
						"east": { "texture": "#honeysuckle", "uv": [ 2.0, 0.5, 4.0, 3.5 ], "autoUv": false },
						"south": { "texture": "#honeysuckle", "uv": [ 1.5, 0.5, 3.5, 3.5 ], "autoUv": false },
						"west": { "texture": "#honeysuckle", "uv": [ 1.0, 0.0, 3.0, 3.0 ], "autoUv": false },
						"up": { "texture": "#honeysuckle", "uv": [ 0.0, 4.0, 2.0, 6.0 ], "rotation": 270, "autoUv": false },
						"down": { "texture": "#honeysuckle", "uv": [ 1.0, 1.0, 3.0, 3.0 ], "autoUv": false }
					},
					"children": [
						{
							"name": "Cube11",
							"from": [ 0.25, -1.0, 0.25 ], 
							"to": [ 1.75, 0.0, 1.75 ], 
							"rotationOrigin": [ 0.0, -1.0, 0.0 ],
							"faces": {
								"north": { "texture": "#honeysuckle", "uv": [ 0.5, 2.5, 2.0, 3.5 ] },
								"east": { "texture": "#honeysuckle", "uv": [ 2.5, 0.5, 4.0, 1.5 ] },
								"south": { "texture": "#honeysuckle", "uv": [ 2.0, 2.0, 3.5, 3.0 ] },
								"west": { "texture": "#honeysuckle", "uv": [ 1.5, 1.5, 3.0, 2.5 ] },
								"up": { "texture": "#honeysuckle", "uv": [ 1.0, 1.5, 2.5, 3.0 ] },
								"down": { "texture": "#honeysuckle", "uv": [ 1.5, 1.5, 3.0, 3.0 ] }
							}
						}
					]
				},
				{
					"name": "Cube13",
					"from": [ -2.0, 1.2, -1.0 ], 
					"to": [ 3.0, 1.2, 2.0 ], 
					"rotationOrigin": [ -1.0, 1.0, 0.0 ],
					"rotationX": 14.0,
					"rotationY": -19.0,
					"rotationZ": 28.0,
					"faces": {
						"north": { "texture": "#honeysuckle", "uv": [ 0.0, 0.0, 5.0, 0.5 ], "enabled": false },
						"east": { "texture": "#honeysuckle", "uv": [ 0.0, 0.0, 3.0, 0.5 ], "enabled": false },
						"south": { "texture": "#honeysuckle", "uv": [ 0.0, 0.0, 5.0, 0.5 ], "enabled": false },
						"west": { "texture": "#honeysuckle", "uv": [ 0.0, 0.0, 3.0, 0.5 ], "enabled": false },
						"up": { "texture": "#honeysuckle", "uv": [ 4.5, 1.0, 7.5, 6.0 ], "rotation": 90 },
						"down": { "texture": "#honeysuckle", "uv": [ 0.0, 0.0, 5.0, 3.0 ], "enabled": false }
					}
				},
				{
					"name": "Cube15",
					"from": [ -2.5, 0.2, -1.0 ], 
					"to": [ 2.5, 0.2, 2.0 ], 
					"rotationOrigin": [ -2.5, 0.0, 0.0 ],
					"rotationX": -14.0,
					"rotationY": 30.0,
					"rotationZ": -19.0,
					"faces": {
						"north": { "texture": "#honeysuckle", "uv": [ 0.0, 0.0, 5.0, 0.5 ], "enabled": false },
						"east": { "texture": "#honeysuckle", "uv": [ 0.0, 0.0, 3.0, 0.5 ], "enabled": false },
						"south": { "texture": "#honeysuckle", "uv": [ 0.0, 0.0, 5.0, 0.5 ], "enabled": false },
						"west": { "texture": "#honeysuckle", "uv": [ 0.0, 0.0, 3.0, 0.5 ], "enabled": false },
						"up": { "texture": "#honeysuckle", "uv": [ 4.5, 1.0, 7.5, 6.0 ], "rotation": 90 },
						"down": { "texture": "#honeysuckle", "uv": [ 0.0, 0.0, 5.0, 3.0 ], "enabled": false }
					}
				}
			]
		}
	]}