[
  {
    "file": "itemtypes/wearable/holidayhead",
    "op": "addmerge",
    "path": "/behaviors",
    "dependsOn": [ { "modid": "combatoverhaul" } ],
    "value": [
      {
        "name": "CombatOverhaul:Armor",
        "propertiesByType": {
          "holidayhead-*": {
            "Layers": [ "Outer" ],
            "Zones": [ "Head", "Neck", "Face" ],
            "Resists": {
              "PiercingAttack": 1,
              "SlashingAttack": 1,
              "BluntAttack": 1
            },
            "FlatReduction": {},
            "PlayerStats": {
              "walkspeed": 0,
              "manipulationSpeed": 0,
              "steadyAim": -0.2,
              "healingeffectivness": -0.05,
              "hungerrate": 0.05
            }
          }
        }
      }
    ]
  },



  {
    "file": "itemtypes/wearable/holidayhead",
    "op": "replace",
    "path": "/durabilityByType",
    "dependsOn": [ { "modid": "combatoverhaul" } ],
    "value": {
      "*": 1200
    }
  },



  //{
  //  "file": "test:itemtypes/wearable/tailored-brigandine",
  //  "op": "replace",
  //  "path": "/shapeByType",
  //  "dependsOn": [ { "modid": "combatoverhaul" } ],
  //  "value": {
  //    "tailoredbrigandine-head-tinbronze-*": {
  //      "base": "game:combatoverhaul/armor/brigandine/{bodypart}-bronze"
  //    },
  //    "tailoredbrigandine-head-bismuthbronze-*": {
  //      "base": "game:combatoverhaul/armor/brigandine/{bodypart}-bronze"
  //    },
  //    "tailoredbrigandine-head-blackbronze-*": {
  //      "base": "game:combatoverhaul/armor/brigandine/{bodypart}-bronze"
  //    },
  //    "tailoredbrigandine-head-meteoriciron-*": {
  //      "base": "game:combatoverhaul/armor/brigandine/{bodypart}-steel"
  //    },
  //    "tailoredbrigandine-head-steel-*": {
  //      "base": "game:combatoverhaul/armor/brigandine/{bodypart}-steel"
  //    },
  //    "tailoredbrigandine-head-*": {
  //      "base": "game:combatoverhaul/armor/brigandine/{bodypart}-{material}"
  //    },
  //    "tailoredbrigandine-*-leather-*": {
  //      "base": "game:combatoverhaul/armor/jerkin/{bodypart}"
  //    },
  //    "tailoredbrigandine-*": {
  //      "base": "game:combatoverhaul/armor/brigandine/{bodypart}"
  //    }
  //  }
  //},



  {
    "file": "itemtypes/wearable/holidayhead",
    "op": "replace",
    "path": "/attributesByType/*-halloween1/protectionModifiersByType",
    "dependsOn": [ { "modid": "combatoverhaul" } ],
    "value": { "*": null }
  },
  {
    "file": "itemtypes/wearable/holidayhead",
    "op": "replace",
    "path": "/attributesByType/*-halloween2/protectionModifiersByType",
    "dependsOn": [ { "modid": "combatoverhaul" } ],
    "value": { "*": null }
  },
  {
    "file": "itemtypes/wearable/holidayhead",
    "op": "replace",
    "path": "/attributesByType/*-christmas1/protectionModifiersByType",
    "dependsOn": [ { "modid": "combatoverhaul" } ],
    "value": { "*": null }
  },
  {
    "file": "itemtypes/wearable/holidayhead",
    "op": "replace",
    "path": "/attributesByType/*-christmas2/protectionModifiersByType",
    "dependsOn": [ { "modid": "combatoverhaul" } ],
    "value": { "*": null }
  },



  {
    "file": "itemtypes/wearable/holidayhead",
    "op": "replace",
    "path": "/attributesByType/*-halloween1/statModifiersByType",
    "dependsOn": [ { "modid": "combatoverhaul" } ],
    "value": { "*": null }
  },
  {
    "file": "itemtypes/wearable/holidayhead",
    "op": "replace",
    "path": "/attributesByType/*-halloween2/statModifiersByType",
    "dependsOn": [ { "modid": "combatoverhaul" } ],
    "value": { "*": null }
  },
  {
    "file": "itemtypes/wearable/holidayhead",
    "op": "replace",
    "path": "/attributesByType/*-christmas1/statModifiersByType",
    "dependsOn": [ { "modid": "combatoverhaul" } ],
    "value": { "*": null }
  },
  {
    "file": "itemtypes/wearable/holidayhead",
    "op": "replace",
    "path": "/attributesByType/*-christmas2/statModifiersByType",
    "dependsOn": [ { "modid": "combatoverhaul" } ],
    "value": { "*": null }
  },



  {
    "file": "itemtypes/wearable/holidayhead",
    "op": "replace",
    "path": "/class",
    "dependsOn": [ { "modid": "combatoverhaul" } ],
    "value": "CombatOverhaul:WearableArmor"
  }
]
