[
  {
    "file": "game:entities/land/chicken-baby.json",
    "op": "replace",
    "path": "/server/behaviors/7/hoursToGrow",
    "value": 64
  },
  {
    "file": "game:entities/land/chicken-hen.json",
    "op": "replace",
    "path": "/server/behaviors/5/drops/0/quantityByType/*-henpoult/avg",
    "value": 0.625
  },
  {
    "file": "game:entities/land/chicken-hen.json",
    "op": "replace",
    "path": "/server/behaviors/5/drops/0/quantityByType/*-henpoult/var",
    "value": 0.125
  },
  {
    "file": "game:entities/land/chicken-hen.json",
    "op": "replace",
    "path": "/server/behaviors/5/drops/0/quantityByType/*/avg",
    "value": 0.875
  },
  {
    "file": "game:entities/land/chicken-hen.json",
    "op": "replace",
    "path": "/server/behaviors/5/drops/0/quantityByType/*/var",
    "value": 0.125
  },
  {
    "file": "game:entities/land/chicken-hen.json",
    "op": "replace",
    "path": "/server/behaviors/5/drops/1/quantity/avg",
    "value": 6
  },
  {
    "file": "game:entities/land/chicken-hen.json",
    "op": "replace",
    "path": "/server/behaviors/5/drops/1/quantity/var",
    "value": 2
  },
  {
    "file": "game:entities/land/chicken-hen.json",
    "op": "replace",
    "path": "/server/behaviors/8/hoursToGrow",
    "value": 36
  },
  {
    "file": "game:entities/land/chicken-hen.json",
    "op": "replace",
    "path": "/server/behaviors/7/multiplyCooldownDaysMax",
    "value": 2
  },
  {
    "file": "game:entities/land/chicken-hen.json",
    "op": "replace",
    "path": "/server/behaviors/7/multiplyCooldownDaysMin",
    "value": 0
  },
  {
    "file": "game:entities/land/chicken-rooster.json",
    "op": "replace",
    "path": "/server/behaviors/6/drops/0/quantityByType/*-roosterpoult/avg",
    "value": 0.625
  },
  {
    "file": "game:entities/land/chicken-rooster.json",
    "op": "replace",
    "path": "/server/behaviors/6/drops/0/quantityByType/*-roosterpoult/var",
    "value": 0.125
  },
  {
    "file": "game:entities/land/chicken-rooster.json",
    "op": "replace",
    "path": "/server/behaviors/6/drops/0/quantityByType/*/avg",
    "value": 0.875
  },
  {
    "file": "game:entities/land/chicken-rooster.json",
    "op": "replace",
    "path": "/server/behaviors/6/drops/0/quantityByType/*/var",
    "value": 0.125
  },
  {
    "file": "game:entities/land/chicken-rooster.json",
    "op": "replace",
    "path": "/server/behaviors/6/drops/1/quantity/avg",
    "value": 6
  },
  {
    "file": "game:entities/land/chicken-rooster.json",
    "op": "replace",
    "path": "/server/behaviors/6/drops/1/quantity/var",
    "value": 2
  },
  {
    "file": "game:entities/land/chicken-rooster.json",
    "op": "replace",
    "path": "/server/behaviors/7/hoursToGrow",
    "value": 40
  }
]
