{
	"editor": {
		"allAngles": true,
		"entityTextureMode": true
	},
	"textureWidth": 16,
	"textureHeight": 16,
	"textureSizes": {
	},
	"textures": {
	},
	"elements": [
		{
			"name": "BoundingBox",
			"from": [ 5.0, 0.0, 5.5 ], 
			"to": [ 10.0, 5.0, 10.5 ], 
			"shade": false,
			"uv": [ 0.0, 0.0 ],
			"rotationOrigin": [ 5.0, 0.0, 8.0 ],
			"faces": {
				"north": { "texture": "#squirrel-brown", "uv": [ 0.0, 5.5, 6.0, 9.5 ], "enabled": false },
				"east": { "texture": "#squirrel-brown", "uv": [ 0.0, 5.5, 5.5, 9.5 ], "enabled": false },
				"south": { "texture": "#squirrel-brown", "uv": [ 5.5, 5.5, 11.5, 9.5 ], "enabled": false },
				"west": { "texture": "#squirrel-brown", "uv": [ 11.5, 5.5, 17.0, 9.5 ], "enabled": false },
				"up": { "texture": "#squirrel-brown", "uv": [ 0.0, 0.0, 6.0, 5.5 ], "enabled": false },
				"down": { "texture": "#squirrel-brown", "uv": [ 6.0, 0.0, 12.0, 5.5 ], "enabled": false }
			},
			"children": [
				{
					"name": "body",
					"from": [ 1.0, 0.1, 1.5 ], 
					"to": [ 3.5, 1.6, 3.5 ], 
					"uv": [ 3.0, 12.5 ],
					"rotationOrigin": [ 3.5, 1.0, 2.75 ],
					"rotationZ": -20.0,
					"faces": {
						"north": { "texture": "#squirrel-brown", "uv": [ 3.0, 14.5, 5.5, 16.0 ] },
						"east": { "texture": "#squirrel-brown", "uv": [ 5.5, 14.5, 7.5, 16.0 ] },
						"south": { "texture": "#squirrel-brown", "uv": [ 7.5, 14.5, 10.0, 16.0 ] },
						"west": { "texture": "#squirrel-brown", "uv": [ 10.0, 14.5, 12.0, 16.0 ] },
						"up": { "texture": "#squirrel-brown", "uv": [ 3.0, 12.5, 5.5, 14.5 ] },
						"down": { "texture": "#squirrel-brown", "uv": [ 5.5, 12.5, 8.0, 14.5 ] }
					},
					"children": [
						{
							"name": "Tail",
							"from": [ 2.0, 1.0, 0.5 ], 
							"to": [ 3.0, 2.0, 1.5 ], 
							"unwrapMode": 5,
							"uv": [ 6.0, 9.0 ],
							"rotationOrigin": [ 2.0, 1.0, 1.0 ],
							"rotationZ": -53.0,
							"faces": {
								"north": { "texture": "#squirrel-brown", "uv": [ 7.0, 9.0, 8.0, 10.0 ], "rotation": 180 },
								"east": { "texture": "#squirrel-brown", "uv": [ 8.0, 10.0, 9.0, 11.0 ], "rotation": 90 },
								"south": { "texture": "#squirrel-brown", "uv": [ 7.0, 11.0, 8.0, 12.0 ] },
								"west": { "texture": "#squirrel-brown", "uv": [ 6.0, 10.0, 7.0, 11.0 ], "rotation": 270 },
								"up": { "texture": "#squirrel-brown", "uv": [ 7.0, 10.0, 8.0, 11.0 ] },
								"down": { "texture": "#squirrel-brown", "uv": [ 9.0, 10.0, 10.0, 11.0 ] }
							},
							"children": [
								{
									"name": "tail_tip",
									"from": [ -0.2, 0.6106, -0.5 ], 
									"to": [ 0.8, 3.6106, 1.5 ], 
									"unwrapMode": 5,
									"uv": [ 6.0, 2.0 ],
									"rotationOrigin": [ -0.0878, 1.3, 0.25 ],
									"rotationZ": 36.0,
									"faces": {
										"north": { "texture": "#squirrel-brown", "uv": [ 9.0, 2.0, 10.0, 5.0 ], "rotation": 180 },
										"east": { "texture": "#squirrel-brown", "uv": [ 10.0, 5.0, 13.0, 7.0 ], "rotation": 90 },
										"south": { "texture": "#squirrel-brown", "uv": [ 9.0, 7.0, 10.0, 10.0 ] },
										"west": { "texture": "#squirrel-brown", "uv": [ 6.0, 5.0, 9.0, 7.0 ], "rotation": 270 },
										"up": { "texture": "#squirrel-brown", "uv": [ 9.0, 5.0, 10.0, 7.0 ] },
										"down": { "texture": "#squirrel-brown", "uv": [ 13.0, 5.0, 14.0, 7.0 ] }
									},
									"children": [
										{
											"name": "tail_end",
											"from": [ 0.0, 3.0, -0.25 ], 
											"to": [ 2.0, 4.0, 2.25 ], 
											"unwrapMode": 5,
											"uv": [ 0.0, 8.5 ],
											"rotationOrigin": [ 0.0, 3.0, -1.0 ],
											"rotationZ": -19.0,
											"faces": {
												"north": { "texture": "#squirrel-brown", "uv": [ 1.0, 8.5, 3.0, 9.5 ], "rotation": 180 },
												"east": { "texture": "#squirrel-brown", "uv": [ 3.0, 9.5, 4.0, 12.0 ], "rotation": 90 },
												"south": { "texture": "#squirrel-brown", "uv": [ 1.0, 12.0, 3.0, 13.0 ] },
												"west": { "texture": "#squirrel-brown", "uv": [ 0.0, 9.5, 1.0, 12.0 ], "rotation": 270 },
												"up": { "texture": "#squirrel-brown", "uv": [ 1.0, 9.5, 3.0, 12.0 ] },
												"down": { "texture": "#squirrel-brown", "uv": [ 4.0, 9.5, 6.0, 12.0 ] }
											}
										}
									]
								}
							]
						},
						{
							"name": "L_front",
							"from": [ 1.0, 1.0, 2.0 ], 
							"to": [ 1.5, 2.5, 2.5 ], 
							"uv": [ 0.0, 0.0 ],
							"rotationOrigin": [ 1.0, 1.0, 2.0 ],
							"rotationZ": 160.0,
							"faces": {
								"north": { "texture": "#squirrel-brown", "uv": [ 0.0, 0.5, 0.5, 2.0 ] },
								"east": { "texture": "#squirrel-brown", "uv": [ 0.5, 0.5, 1.0, 2.0 ] },
								"south": { "texture": "#squirrel-brown", "uv": [ 1.0, 0.5, 1.5, 2.0 ] },
								"west": { "texture": "#squirrel-brown", "uv": [ 1.5, 0.5, 2.0, 2.0 ] },
								"up": { "texture": "#squirrel-brown", "uv": [ 0.0, 0.0, 0.5, 0.5 ] },
								"down": { "texture": "#squirrel-brown", "uv": [ 0.5, 0.0, 1.0, 0.5 ] }
							}
						},
						{
							"name": "Face",
							"from": [ -1.5, 1.0, 0.25 ], 
							"to": [ 0.5, 2.5, 1.75 ], 
							"unwrapMode": 1,
							"autoUnwrap": false,
							"uv": [ 0.0, 5.0 ],
							"rotationOrigin": [ 0.0, 1.0, 1.0 ],
							"rotationZ": 22.0,
							"faces": {
								"north": { "texture": "#squirrel-brown", "uv": [ 2.0, 7.0, 4.0, 8.5 ] },
								"east": { "texture": "#squirrel-brown", "uv": [ 2.0, 5.5, 3.5, 7.0 ], "windMode": [-1,-1,-1,-1] },
								"south": { "texture": "#squirrel-brown", "uv": [ 0.0, 7.0, 2.0, 8.5 ], "autoUv": false },
								"west": { "texture": "#squirrel-brown", "uv": [ 4.0, 7.0, 5.5, 8.5 ], "autoUv": false },
								"up": { "texture": "#squirrel-brown", "uv": [ 0.0, 5.5, 2.0, 7.0 ], "rotation": 180 },
								"down": { "texture": "#squirrel-brown", "uv": [ 3.5, 10.0, 5.5, 11.5 ] }
							},
							"children": [
								{
									"name": "R_ear",
									"from": [ 1.2, 1.0, -0.25 ], 
									"to": [ 1.7, 2.0, 0.25 ], 
									"uv": [ 4.0, 5.0 ],
									"rotationOrigin": [ 1.5, 1.0, 0.0 ],
									"rotationZ": -3.0,
									"faces": {
										"north": { "texture": "#squirrel-brown", "uv": [ 4.0, 5.5, 4.5, 6.5 ] },
										"east": { "texture": "#squirrel-brown", "uv": [ 4.5, 5.5, 5.0, 6.5 ] },
										"south": { "texture": "#squirrel-brown", "uv": [ 5.0, 5.5, 5.5, 6.5 ] },
										"west": { "texture": "#squirrel-brown", "uv": [ 5.5, 5.5, 6.0, 6.5 ] },
										"up": { "texture": "#squirrel-brown", "uv": [ 4.0, 5.0, 4.5, 5.5 ] },
										"down": { "texture": "#squirrel-brown", "uv": [ 4.5, 5.0, 5.0, 5.5 ] }
									}
								},
								{
									"name": "mouth",
									"from": [ -0.2, 0.25, 0.5 ], 
									"to": [ 0.55, 0.6, 1.0 ], 
									"unwrapMode": 2,
									"unwrapRotation": 1,
									"uv": [ 5.5, 8.0 ],
									"rotationOrigin": [ 0.25, 0.0, 2.0 ],
									"faces": {
										"north": { "texture": "#squirrel-brown", "uv": [ 6.0, 8.0, 6.5, 8.5 ], "rotation": 90 },
										"east": { "texture": "#squirrel-brown", "uv": [ 6.0, 8.5, 6.5, 9.0 ], "rotation": 90 },
										"south": { "texture": "#squirrel-brown", "uv": [ 6.0, 9.0, 6.5, 9.5 ], "rotation": 90 },
										"west": { "texture": "#squirrel-brown", "uv": [ 7.0, 8.5, 7.5, 9.0 ], "rotation": 270 },
										"up": { "texture": "#squirrel-brown", "uv": [ 5.5, 8.5, 6.0, 9.0 ] },
										"down": { "texture": "#squirrel-brown", "uv": [ 6.5, 8.5, 7.0, 9.0 ] }
									},
									"children": [
										{
											"name": "nose16",
											"from": [ -0.2, 0.2, -0.05 ], 
											"to": [ 0.55, 0.55, 0.55 ], 
											"unwrapMode": 2,
											"unwrapRotation": 1,
											"autoUnwrap": false,
											"uv": [ 7.0, 7.5 ],
											"rotationOrigin": [ 0.45, -0.25, 0.25 ],
											"faces": {
												"north": { "texture": "#squirrel-brown", "uv": [ 7.5, 7.5, 8.0, 8.0 ], "rotation": 90 },
												"east": { "texture": "#squirrel-brown", "uv": [ 7.5, 8.0, 8.0, 8.5 ], "rotation": 90, "autoUv": false },
												"south": { "texture": "#squirrel-brown", "uv": [ 7.5, 8.5, 8.0, 9.0 ], "rotation": 90 },
												"west": { "texture": "#squirrel-brown", "uv": [ 8.5, 8.0, 9.0, 8.5 ], "rotation": 270 },
												"up": { "texture": "#squirrel-brown", "uv": [ 7.0, 8.0, 7.5, 8.5 ] },
												"down": { "texture": "#squirrel-brown", "uv": [ 8.0, 8.0, 8.5, 8.5 ] }
											}
										}
									]
								},
								{
									"name": "R_ear16",
									"from": [ 1.2, 1.0, 1.25 ], 
									"to": [ 1.7, 2.0, 1.75 ], 
									"uv": [ 4.0, 5.0 ],
									"rotationOrigin": [ 1.5, 1.0, 1.0 ],
									"rotationZ": -3.0,
									"faces": {
										"north": { "texture": "#squirrel-brown", "uv": [ 4.0, 5.5, 4.5, 6.5 ] },
										"east": { "texture": "#squirrel-brown", "uv": [ 4.5, 5.5, 5.0, 6.5 ] },
										"south": { "texture": "#squirrel-brown", "uv": [ 5.0, 5.5, 5.5, 6.5 ] },
										"west": { "texture": "#squirrel-brown", "uv": [ 5.5, 5.5, 6.0, 6.5 ] },
										"up": { "texture": "#squirrel-brown", "uv": [ 4.0, 5.0, 4.5, 5.5 ] },
										"down": { "texture": "#squirrel-brown", "uv": [ 4.5, 5.0, 5.0, 5.5 ] }
									}
								}
							]
						},
						{
							"name": "R thigh13",
							"from": [ 2.0, -0.25, -0.5 ], 
							"to": [ 3.0, 0.75, 0.0 ], 
							"uv": [ 9.0, 13.0 ],
							"rotationOrigin": [ 2.0, 0.5, 0.0 ],
							"rotationZ": 42.0,
							"faces": {
								"north": { "texture": "#squirrel-brown", "uv": [ 9.0, 13.5, 10.0, 14.5 ] },
								"east": { "texture": "#squirrel-brown", "uv": [ 10.0, 13.5, 10.5, 14.5 ] },
								"south": { "texture": "#squirrel-brown", "uv": [ 10.5, 13.5, 11.5, 14.5 ], "windMode": [-1,-1,-1,-1] },
								"west": { "texture": "#squirrel-brown", "uv": [ 11.5, 13.5, 12.0, 14.5 ] },
								"up": { "texture": "#squirrel-brown", "uv": [ 9.0, 13.0, 10.0, 13.5 ] },
								"down": { "texture": "#squirrel-brown", "uv": [ 10.0, 13.0, 11.0, 13.5 ] }
							},
							"children": [
								{
									"name": "R_leg14",
									"from": [ 0.2, 0.0, -0.15 ], 
									"to": [ 0.45, 1.5, 0.6 ], 
									"uv": [ 2.0, 0.0 ],
									"rotationOrigin": [ 0.5, 0.0, 0.0 ],
									"rotationZ": 72.0,
									"faces": {
										"north": { "texture": "#squirrel-brown", "uv": [ 2.0, 0.5, 2.5, 2.0 ] },
										"east": { "texture": "#squirrel-brown", "uv": [ 2.5, 0.5, 3.0, 2.0 ] },
										"south": { "texture": "#squirrel-brown", "uv": [ 3.0, 0.5, 3.5, 2.0 ] },
										"west": { "texture": "#squirrel-brown", "uv": [ 3.5, 0.5, 4.0, 2.0 ] },
										"up": { "texture": "#squirrel-brown", "uv": [ 2.0, 0.0, 2.5, 0.5 ] },
										"down": { "texture": "#squirrel-brown", "uv": [ 2.5, 0.0, 3.0, 0.5 ] }
									}
								}
							]
						},
						{
							"name": "L thigh14",
							"from": [ 2.0, -0.25, 2.0 ], 
							"to": [ 3.0, 0.75, 2.5 ], 
							"uv": [ 12.0, 13.0 ],
							"rotationOrigin": [ 2.0, 0.5, 2.0 ],
							"rotationZ": 40.0,
							"faces": {
								"north": { "texture": "#squirrel-brown", "uv": [ 12.0, 13.5, 13.0, 14.5 ], "windMode": [-1,-1,-1,-1] },
								"east": { "texture": "#squirrel-brown", "uv": [ 13.0, 13.5, 13.5, 14.5 ] },
								"south": { "texture": "#squirrel-brown", "uv": [ 13.5, 13.5, 14.5, 14.5 ] },
								"west": { "texture": "#squirrel-brown", "uv": [ 14.5, 13.5, 15.0, 14.5 ] },
								"up": { "texture": "#squirrel-brown", "uv": [ 12.0, 13.0, 13.0, 13.5 ] },
								"down": { "texture": "#squirrel-brown", "uv": [ 13.0, 13.0, 14.0, 13.5 ] }
							},
							"children": [
								{
									"name": "L_leg15",
									"from": [ 0.2, 0.0, -0.15 ], 
									"to": [ 0.45, 1.5, 0.6 ], 
									"uv": [ 2.0, 0.0 ],
									"rotationOrigin": [ 0.5, 0.0, 0.0 ],
									"rotationZ": 72.0,
									"faces": {
										"north": { "texture": "#squirrel-brown", "uv": [ 2.0, 0.5, 2.5, 2.0 ] },
										"east": { "texture": "#squirrel-brown", "uv": [ 2.5, 0.5, 3.0, 2.0 ] },
										"south": { "texture": "#squirrel-brown", "uv": [ 3.0, 0.5, 3.5, 2.0 ] },
										"west": { "texture": "#squirrel-brown", "uv": [ 3.5, 0.5, 4.0, 2.0 ] },
										"up": { "texture": "#squirrel-brown", "uv": [ 2.0, 0.0, 2.5, 0.5 ] },
										"down": { "texture": "#squirrel-brown", "uv": [ 2.5, 0.0, 3.0, 0.5 ] }
									}
								}
							]
						},
						{
							"name": "R_front16",
							"from": [ 1.0, 1.0, -0.5 ], 
							"to": [ 1.5, 2.5, 0.0 ], 
							"uv": [ 0.0, 0.0 ],
							"rotationOrigin": [ 1.0, 1.0, 0.0 ],
							"rotationZ": 160.0,
							"faces": {
								"north": { "texture": "#squirrel-brown", "uv": [ 0.0, 0.5, 0.5, 2.0 ] },
								"east": { "texture": "#squirrel-brown", "uv": [ 0.5, 0.5, 1.0, 2.0 ] },
								"south": { "texture": "#squirrel-brown", "uv": [ 1.0, 0.5, 1.5, 2.0 ] },
								"west": { "texture": "#squirrel-brown", "uv": [ 1.5, 0.5, 2.0, 2.0 ] },
								"up": { "texture": "#squirrel-brown", "uv": [ 0.0, 0.0, 0.5, 0.5 ] },
								"down": { "texture": "#squirrel-brown", "uv": [ 0.5, 0.0, 1.0, 0.5 ] }
							}
						}
					]
				}
			]
		}
	],
	"animations": [
		{
			"name": "Look",
			"code": "look",
			"quantityframes": 90,
			"onActivityStopped": "Rewind",
			"onAnimationEnd": "Repeat",
			"keyframes": [
				{
					"frame": 0,
					"elements": {
						"BoundingBox": { "offsetX": 0.0, "offsetY": -0.35, "offsetZ": 0.0 },
						"body": { "offsetX": 0.0, "offsetY": 0.0, "offsetZ": 0.0 },
						"Tail": { "rotationX": 0.0, "rotationY": 0.0, "rotationZ": 61.0 },
						"tail_tip": {  },
						"tail_end": { "rotationX": 0.0, "rotationY": 0.0, "rotationZ": 0.0 },
						"Face": { "offsetX": -0.0, "offsetY": -0.1, "offsetZ": 0.0, "rotationX": 0.0, "rotationY": 0.0, "rotationZ": 58.0 },
						"L_front": { "offsetX": 0.0, "offsetY": 0.0, "offsetZ": -0.1, "rotationX": 0.0, "rotationY": 40.0, "rotationZ": 47.0 },
						"R thigh13": {  },
						"R_leg14": { "offsetX": 0.0, "offsetY": -0.2, "offsetZ": 0.0, "rotationX": 0.0, "rotationY": 0.0, "rotationZ": 60.0 },
						"L thigh14": {  },
						"L_leg15": { "offsetX": 0.0, "offsetY": -0.2, "offsetZ": 0.0, "rotationX": 0.0, "rotationY": 0.0, "rotationZ": 60.0 },
						"R_front16": { "offsetX": 0.0, "offsetY": 0.0, "offsetZ": 0.1, "rotationX": 0.0, "rotationY": -40.0, "rotationZ": 47.0 }
					}
				},
				{
					"frame": 9,
					"elements": {
						"BoundingBox": {  },
						"body": {  },
						"Tail": {  },
						"tail_tip": {  },
						"tail_end": { "rotationX": 0.0, "rotationY": 0.0, "rotationZ": -6.0 }
					}
				},
				{
					"frame": 15,
					"elements": {
						"BoundingBox": {  },
						"body": { "rotationX": 0.0, "rotationY": 0.0, "rotationZ": -64.0 },
						"Tail": { "rotationX": 0.0, "rotationY": 0.0, "rotationZ": 64.0 },
						"Face": { "offsetX": 0.1, "offsetY": 0.0, "offsetZ": 0.0, "rotationX": 0.0, "rotationY": 0.0, "rotationZ": 53.0 }
					}
				},
				{
					"frame": 25,
					"elements": {
						"BoundingBox": {  },
						"body": { "rotationX": 0.0, "rotationY": 0.0, "rotationZ": -66.0 },
						"Tail": { "rotationX": 0.0, "rotationY": 0.0, "rotationZ": 64.0 },
						"Face": { "rotationX": 0.0, "rotationY": 0.0, "rotationZ": 58.0 }
					}
				}
			]
		},

		{
			"name": "Walk",
			"code": "walk",
			"quantityframes": 18,
			"onActivityStopped": "Rewind",
			"onAnimationEnd": "Repeat",
			"keyframes": [
				{
					"frame": 0,
					"elements": {
						"BoundingBox": { "offsetX": 0.0, "offsetY": 0.2, "offsetZ": 0.0 },
						"body": { "offsetX": 0.0, "offsetY": 0.0, "offsetZ": 0.0, "rotationX": 0.0, "rotationY": 0.0, "rotationZ": -6.0 },
						"Tail": { "rotationX": 0.0, "rotationY": 0.0, "rotationZ": -17.0 },
						"tail_tip": { "rotationX": 0.0, "rotationY": 0.0, "rotationZ": 0.0 },
						"tail_end": { "rotationX": 0.0, "rotationY": 0.0, "rotationZ": -14.0 },
						"Face": { "offsetX": 0.0, "offsetY": 0.0, "offsetZ": 0.0, "rotationX": 0.0, "rotationY": 0.0, "rotationZ": -11.0 },
						"L_front": { "offsetX": 0.0, "offsetY": 0.0, "offsetZ": 0.0, "rotationX": 0.0, "rotationY": 0.0, "rotationZ": 0.0 },
						"R thigh13": { "rotationX": 0.0, "rotationY": 0.0, "rotationZ": 0.0 },
						"R_leg14": { "rotationX": 0.0, "rotationY": 0.0, "rotationZ": -17.0 },
						"L thigh14": { "rotationX": 0.0, "rotationY": 0.0, "rotationZ": 0.0 },
						"L_leg15": { "rotationX": 0.0, "rotationY": 0.0, "rotationZ": -17.0 },
						"R_front16": { "offsetX": 0.0, "offsetY": 0.0, "offsetZ": 0.0, "rotationX": 0.0, "rotationY": 0.0, "rotationZ": 0.0 }
					}
				},
				{
					"frame": 5,
					"elements": {
						"BoundingBox": { "offsetX": 0.0, "offsetY": 0.75, "offsetZ": 0.0 },
						"body": { "offsetX": -0.0, "offsetY": 1.0, "offsetZ": 0.0, "rotationX": 0.0, "rotationY": 0.0, "rotationZ": 19.0 },
						"Tail": { "rotationX": 0.0, "rotationY": 0.0, "rotationZ": -17.0 },
						"tail_tip": { "rotationX": 0.0, "rotationY": 0.0, "rotationZ": -22.0 },
						"tail_end": { "rotationX": 0.0, "rotationY": 0.0, "rotationZ": 0.0 },
						"L_front": { "rotationX": 0.0, "rotationY": 0.0, "rotationZ": -39.0 },
						"Face": { "offsetX": 0.0, "offsetY": -0.5, "offsetZ": 0.0, "rotationX": 0.0, "rotationY": 0.0, "rotationZ": 0.0 },
						"R_front16": { "rotationX": 0.0, "rotationY": 0.0, "rotationZ": -39.0 }
					}
				},
				{
					"frame": 10,
					"elements": {
						"BoundingBox": { "offsetX": 0.0, "offsetY": 0.0, "offsetZ": 0.0 },
						"body": { "offsetX": 0.0, "offsetY": 1.0, "offsetZ": 0.0, "rotationX": 0.0, "rotationY": 0.0, "rotationZ": 39.0 },
						"Tail": { "rotationX": 0.0, "rotationY": 0.0, "rotationZ": -22.0 },
						"tail_tip": { "rotationX": 0.0, "rotationY": 0.0, "rotationZ": 0.0 },
						"tail_end": { "rotationX": 0.0, "rotationY": 0.0, "rotationZ": 14.0 },
						"L_front": { "offsetX": 0.0, "offsetY": 0.25, "offsetZ": 0.0, "rotationX": 0.0, "rotationY": 0.0, "rotationZ": -14.0 },
						"Face": { "rotationX": 0.0, "rotationY": 0.0, "rotationZ": -30.0 },
						"R thigh13": { "rotationX": 0.0, "rotationY": 0.0, "rotationZ": 39.0 },
						"R_leg14": { "rotationX": 0.0, "rotationY": 0.0, "rotationZ": 55.0 },
						"L thigh14": { "rotationX": 0.0, "rotationY": 0.0, "rotationZ": 39.0 },
						"L_leg15": { "rotationX": 0.0, "rotationY": 0.0, "rotationZ": 55.0 },
						"R_front16": { "offsetX": 0.0, "offsetY": 0.25, "offsetZ": 0.0, "rotationX": 0.0, "rotationY": 0.0, "rotationZ": -14.0 }
					}
				},
				{
					"frame": 13,
					"elements": {
						"BoundingBox": {  },
						"body": { "offsetX": 0.0, "offsetY": 1.0, "offsetZ": 0.0, "rotationX": 0.0, "rotationY": 0.0, "rotationZ": 44.0 },
						"Tail": { "rotationX": 0.0, "rotationY": 0.0, "rotationZ": -22.0 }
					}
				}
			]
		},

		{
			"name": "Sleep",
			"code": "sleep",
			"quantityframes": 60,
			"onActivityStopped": "EaseOut",
			"onAnimationEnd": "Repeat",
			"keyframes": [
				{
					"frame": 0,
					"elements": {
						"BoundingBox": {  },
						"body": { "offsetX": 0.0, "offsetY": -0.0, "offsetZ": 0.0, "rotationX": -86.0, "rotationY": 0.0, "rotationZ": 19.0 },
						"Tail": { "offsetX": -1.2, "offsetY": 0.0, "offsetZ": 0.5, "rotationX": -8.0, "rotationY": 0.0, "rotationZ": -97.0 },
						"tail_tip": { "offsetX": 0.25, "offsetY": 0.5, "offsetZ": 0.0, "rotationX": 0.0, "rotationY": 0.0, "rotationZ": -100.0 },
						"tail_end": { "rotationX": 0.0, "rotationY": 0.0, "rotationZ": 36.0 }
					}
				},
				{
					"frame": 1,
					"elements": {
						"BoundingBox": {  },
						"body": {  },
						"L_front": { "offsetX": 0.0, "offsetY": 1.0, "offsetZ": 0.0, "rotationX": 44.0, "rotationY": 0.0, "rotationZ": 0.0 },
						"R_front16": { "offsetX": 0.0, "offsetY": 1.0, "offsetZ": 0.0, "rotationX": -44.0, "rotationY": 0.0, "rotationZ": 0.0 }
					}
				},
				{
					"frame": 8,
					"elements": {
						"BoundingBox": {  },
						"body": { "offsetX": 0.0, "offsetY": -0.0, "offsetZ": 0.0 },
						"Face": { "rotationX": 36.0, "rotationY": 33.0, "rotationZ": 50.0 }
					}
				},
				{
					"frame": 38,
					"elements": {
						"BoundingBox": {  },
						"body": {  },
						"L thigh14": { "rotationX": 30.0, "rotationY": 0.0, "rotationZ": 0.0 },
						"R thigh13": { "rotationX": -30.0, "rotationY": 0.0, "rotationZ": 0.0 }
					}
				},
				{
					"frame": 40,
					"elements": {
						"BoundingBox": {  },
						"body": { "offsetX": 0.0, "offsetY": 0.1, "offsetZ": 0.0 }
					}
				}
			]
		},

		{
			"name": "Roll",
			"code": "roll",
			"quantityframes": 90,
			"onActivityStopped": "Rewind",
			"onAnimationEnd": "Repeat",
			"keyframes": [

			]
		},

		{
			"name": "Death",
			"code": "death",
			"quantityframes": 30,
			"onActivityStopped": "PlayTillEnd",
			"onAnimationEnd": "Hold",
			"keyframes": [
				{
					"frame": 0,
					"elements": {
						"BoundingBox": {  },
						"body": { "offsetX": 0.0, "offsetY": 0.0, "offsetZ": 0.0, "rotationX": 0.0, "rotationY": 0.0, "rotationZ": 0.0 },
						"Face": { "offsetX": 0.0, "offsetY": 0.0, "offsetZ": 0.0, "rotationX": 0.0, "rotationY": 0.0, "rotationZ": 0.0 }
					}
				},
				{
					"frame": 10,
					"elements": {
						"BoundingBox": {  },
						"body": { "offsetX": 0.0, "offsetY": -0.55, "offsetZ": 1.0, "rotationX": -86.0, "rotationY": 0.0, "rotationZ": -17.0 },
						"Face": { "offsetX": 0.0, "offsetY": -1.0, "offsetZ": 0.0, "rotationX": 28.0, "rotationY": -11.0, "rotationZ": 14.0 },
						"L_front": { "rotationX": 30.0, "rotationY": 0.0, "rotationZ": 0.0 }
					}
				},
				{
					"frame": 29,
					"elements": {
						"BoundingBox": {  },
						"body": { "offsetX": 0.0, "offsetY": -0.55, "offsetZ": 1.0, "rotationX": -86.0, "rotationY": 0.0, "rotationZ": -17.0 },
						"L_front": { "rotationX": 30.0, "rotationY": 0.0, "rotationZ": 0.0 },
						"Face": { "offsetX": 0.0, "offsetY": -1.0, "offsetZ": 0.0, "rotationX": 28.0, "rotationY": -11.0, "rotationZ": 14.0 }
					}
				}
			]
		},

		{
			"name": "Hurt",
			"code": "hurt",
			"quantityframes": 30,
			"onActivityStopped": "PlayTillEnd",
			"onAnimationEnd": "Stop",
			"keyframes": [
				{
					"frame": 0,
					"elements": {
						"BoundingBox": {  },
						"body": { "offsetX": 0.0, "offsetY": 0.5, "offsetZ": 0.0, "rotationX": 14.0, "rotationY": 0.0, "rotationZ": -22.0 },
						"Tail": {  },
						"tail_tip": { "rotationX": 0.0, "rotationY": 0.0, "rotationZ": 0.0 }
					}
				},
				{
					"frame": 5,
					"elements": {
						"BoundingBox": {  },
						"body": { "offsetX": 0.0, "offsetY": 0.0, "offsetZ": 0.0, "rotationX": 0.0, "rotationY": 0.0, "rotationZ": 5.0 },
						"Tail": {  },
						"tail_tip": { "rotationX": -19.0, "rotationY": 0.0, "rotationZ": 0.0 }
					}
				},
				{
					"frame": 10,
					"elements": {
						"BoundingBox": {  },
						"body": { "offsetX": 0.0, "offsetY": 0.0, "offsetZ": 0.0, "rotationX": -22.0, "rotationY": 0.0, "rotationZ": 0.0 },
						"Tail": {  },
						"tail_tip": { "rotationX": 11.0, "rotationY": 0.0, "rotationZ": 0.0 }
					}
				},
				{
					"frame": 20,
					"elements": {
						"BoundingBox": {  },
						"body": { "offsetX": 0.0, "offsetY": 0.0, "offsetZ": 0.0 },
						"Tail": {  },
						"tail_tip": { "offsetX": 0.0, "offsetY": 0.0, "offsetZ": 0.0, "rotationX": 0.0, "rotationY": 0.0, "rotationZ": 0.0 }
					}
				}
			]
		},

		{
			"name": "Attack",
			"code": "attack",
			"quantityframes": 30,
			"onActivityStopped": "PlayTillEnd",
			"onAnimationEnd": "Stop",
			"keyframes": [
				{
					"frame": 0,
					"elements": {
						"BoundingBox": {  },
						"body": {  },
						"Face": { "offsetX": 0.0, "offsetY": 0.0, "offsetZ": 0.0, "rotationX": 0.0, "rotationY": 0.0, "rotationZ": 6.0 }
					}
				},
				{
					"frame": 10,
					"elements": {
						"BoundingBox": {  },
						"body": {  },
						"Face": { "offsetX": 0.0, "offsetY": 0.0, "offsetZ": 0.0, "rotationX": 0.0, "rotationY": 0.0, "rotationZ": 0.0 }
					}
				}
			]
		},

		{
			"name": "Idle",
			"code": "Idle",
			"quantityframes": 30,
			"onActivityStopped": "Rewind",
			"onAnimationEnd": "Repeat",
			"keyframes": [
				{
					"frame": 0,
					"elements": {
						"BoundingBox": {  },
						"body": {  },
						"Face": { "offsetX": 0.0, "offsetY": 0.0, "offsetZ": 0.0, "rotationX": 0.0, "rotationY": 0.0, "rotationZ": 0.0 },
						"Tail": { "rotationX": 0.0, "rotationY": 0.0, "rotationZ": 3.0 },
						"tail_tip": {  },
						"tail_end": { "rotationX": 0.0, "rotationY": 0.0, "rotationZ": -6.0 }
					}
				},
				{
					"frame": 15,
					"elements": {
						"BoundingBox": {  },
						"body": {  },
						"Face": { "offsetX": 0.0, "offsetY": 0.0, "offsetZ": 0.0, "rotationX": 0.0, "rotationY": 0.0, "rotationZ": 6.0 },
						"Tail": { "rotationX": 0.0, "rotationY": 0.0, "rotationZ": 0.0 },
						"tail_tip": {  },
						"tail_end": { "rotationX": 0.0, "rotationY": 0.0, "rotationZ": 0.0 }
					}
				}
			]
		}
	]
}