{
	"editor": {
		"backDropShape": "entity/humanoid/villager-female",
		"allAngles": true,
		"entityTextureMode": true
	},
	"textureWidth": 24,
	"textureHeight": 8,
	"textureSizes": {
		"gloves": [24,8]
	},
	"textures": {
		"gloves": "/Game/Vintagestory/assets/survival/textures/entity/humanoid/villagerclothes/hand/blacksmith"
	},
	"elements": [
		{
			"name": "GloveLeft",
			"stepParentName": "LowerArmL",
			"from": [ -0.01, -0.01, -0.01 ],
			"to": [ 2.51, 3.99, 2.01 ],
			"unwrapMode": 4,
			"autoUnwrap": false,
			"uv": [ 13.0, 2.5 ],
			"rotationOrigin": [ -0.01, -0.01, -0.01 ],
			"faces": {
				"north": { "texture": "#gloves", "uv": [ 21.5, 4.0, 24.0, 8.0 ] },
				"east": { "texture": "#gloves", "uv": [ 19.5, 4.0, 21.5, 8.0 ] },
				"south": { "texture": "#gloves", "uv": [ 17.0, 4.0, 19.5, 8.0 ] },
				"west": { "texture": "#gloves", "uv": [ 15.0, 4.0, 17.0, 8.0 ] },
				"up": { "texture": "#gloves", "uv": [ 17.0, 0.0, 19.5, 2.0 ], "windMode": [-1,-1,-1,-1], "windData": [0,0,0,0] },
				"down": { "texture": "#gloves", "uv": [ 21.5, 0.0, 24.0, 2.0 ], "windMode": [-1,-1,-1,-1] }
			},
			"children": [
				{
					"name": "FlapSL",
					"from": [ 0.0, 4.0, 1.92 ],
					"to": [ 2.5, 5.0, 2.02 ],
					"autoUnwrap": false,
					"uv": [ 12.0, 1.0 ],
					"rotationOrigin": [ 0.0, 4.0, 2.0 ],
					"rotationX": 15.0,
					"faces": {
						"north": { "texture": "#gloves", "uv": [ 12.5, 5.0, 15.0, 6.0 ] },
						"east": { "texture": "#gloves", "uv": [ 19.0, 3.0, 19.5, 4.0 ] },
						"south": { "texture": "#gloves", "uv": [ 17.0, 3.0, 19.5, 4.0 ] },
						"west": { "texture": "#gloves", "uv": [ 17.0, 3.0, 17.5, 4.0 ] },
						"up": { "texture": "#gloves", "uv": [ 17.0, 2.5, 19.5, 3.0 ] }
					}
				},
				{
					"name": "FlapWL",
					"from": [ 0.0, 4.0, 0.0 ],
					"to": [ 0.1, 5.0, 2.0 ],
					"autoUnwrap": false,
					"uv": [ 12.0, 1.0 ],
					"rotationOrigin": [ 0.0, 4.0, 0.1 ],
					"rotationZ": 10.0,
					"faces": {
						"north": { "texture": "#gloves", "uv": [ 15.0, 3.0, 15.5, 4.0 ] },
						"east": { "texture": "#gloves", "uv": [ 12.5, 4.0, 14.5, 5.0 ] },
						"south": { "texture": "#gloves", "uv": [ 16.5, 3.0, 17.0, 4.0 ] },
						"west": { "texture": "#gloves", "uv": [ 15.0, 3.0, 17.0, 4.0 ] },
						"up": { "texture": "#gloves", "uv": [ 15.0, 2.5, 17.0, 3.0 ], "rotation": 90 }
					}
				},
				{
					"name": "FlapEL",
					"from": [ 2.42, 4.0, 0.0 ],
					"to": [ 2.52, 5.0, 2.0 ],
					"autoUnwrap": false,
					"uv": [ 10.0, 0.5 ],
					"rotationOrigin": [ 2.5, 4.0, 0.1 ],
					"rotationZ": -10.0,
					"faces": {
						"north": { "texture": "#gloves", "uv": [ 21.0, 3.0, 21.5, 4.0 ] },
						"east": { "texture": "#gloves", "uv": [ 19.5, 3.0, 21.5, 4.0 ] },
						"south": { "texture": "#gloves", "uv": [ 19.5, 3.0, 20.0, 4.0 ] },
						"west": { "texture": "#gloves", "uv": [ 12.5, 6.0, 14.5, 7.0 ] },
						"up": { "texture": "#gloves", "uv": [ 19.5, 2.5, 21.5, 3.0 ], "rotation": 90 }
					}
				},
				{
					"name": "Studs7",
					"from": [ -0.05, 3.5, 0.8 ],
					"to": [ 2.55, 3.9, 1.2 ],
					"autoUnwrap": false,
					"uv": [ 9.0, 1.0 ],
					"rotationOrigin": [ 0.0, 3.7, 1.0 ],
					"rotationX": 45.0,
					"faces": {
						"north": { "texture": "#gloves", "uv": [ 10.5, 7.0, 13.0, 7.5 ] },
						"east": { "texture": "#gloves", "uv": [ 12.0, 7.0, 12.5, 7.5 ] },
						"south": { "texture": "#gloves", "uv": [ 10.5, 7.0, 13.0, 7.5 ] },
						"west": { "texture": "#gloves", "uv": [ 11.0, 7.0, 11.5, 7.5 ] },
						"up": { "texture": "#gloves", "uv": [ 10.5, 7.0, 13.0, 7.5 ] },
						"down": { "texture": "#gloves", "uv": [ 10.5, 7.0, 13.0, 7.5 ] }
					}
				},
				{
					"name": "Studs8",
					"from": [ -0.05, 3.5, 0.1 ],
					"to": [ 2.55, 3.9, 0.5 ],
					"autoUnwrap": false,
					"uv": [ 8.5, 1.5 ],
					"rotationOrigin": [ 0.0, 3.7, 0.3 ],
					"rotationX": 45.0,
					"faces": {
						"north": { "texture": "#gloves", "uv": [ 10.5, 7.0, 13.0, 7.5 ] },
						"east": { "texture": "#gloves", "uv": [ 12.5, 7.0, 13.0, 7.5 ] },
						"south": { "texture": "#gloves", "uv": [ 10.5, 7.0, 13.0, 7.5 ] },
						"west": { "texture": "#gloves", "uv": [ 12.0, 7.0, 12.5, 7.5 ] },
						"up": { "texture": "#gloves", "uv": [ 10.5, 7.0, 13.0, 7.5 ] },
						"down": { "texture": "#gloves", "uv": [ 10.5, 7.0, 13.0, 7.5 ] }
					}
				},
				{
					"name": "Studs9",
					"from": [ -0.05, 3.5, 1.5 ],
					"to": [ 2.55, 3.9, 1.9 ],
					"autoUnwrap": false,
					"uv": [ 7.5, 0.5 ],
					"rotationOrigin": [ 0.0, 3.7, 1.7 ],
					"rotationX": 45.0,
					"faces": {
						"north": { "texture": "#gloves", "uv": [ 10.5, 7.0, 13.0, 7.5 ] },
						"east": { "texture": "#gloves", "uv": [ 11.0, 7.0, 11.5, 7.5 ] },
						"south": { "texture": "#gloves", "uv": [ 10.5, 7.0, 13.0, 7.5 ] },
						"west": { "texture": "#gloves", "uv": [ 10.5, 7.0, 11.0, 7.5 ] },
						"up": { "texture": "#gloves", "uv": [ 10.5, 7.0, 13.0, 7.5 ] },
						"down": { "texture": "#gloves", "uv": [ 10.5, 7.0, 13.0, 7.5 ] }
					}
				},
				{
					"name": "Studs10",
					"from": [ 1.1, 3.5, 1.95 ],
					"to": [ 1.5, 3.9, 2.05 ],
					"autoUnwrap": false,
					"uv": [ 11.0, 2.0 ],
					"rotationOrigin": [ 1.3, 3.7, 2.0 ],
					"rotationZ": -45.0,
					"faces": {
						"east": { "texture": "#gloves", "uv": [ 12.5, 7.0, 13.0, 7.5 ] },
						"south": { "texture": "#gloves", "uv": [ 12.5, 7.0, 13.0, 7.5 ] },
						"west": { "texture": "#gloves", "uv": [ 11.0, 7.0, 11.5, 7.5 ] },
						"up": { "texture": "#gloves", "uv": [ 12.5, 7.0, 13.0, 7.5 ] },
						"down": { "texture": "#gloves", "uv": [ 11.0, 7.0, 11.5, 7.5 ] }
					}
				},
				{
					"name": "Studs11",
					"from": [ 0.3, 3.5, 1.95 ],
					"to": [ 0.7, 3.9, 2.05 ],
					"autoUnwrap": false,
					"uv": [ 11.0, 0.5 ],
					"rotationOrigin": [ 0.5, 3.7, 2.0 ],
					"rotationZ": -45.0,
					"faces": {
						"east": { "texture": "#gloves", "uv": [ 11.0, 7.0, 11.5, 7.5 ] },
						"south": { "texture": "#gloves", "uv": [ 11.5, 7.0, 12.0, 7.5 ] },
						"west": { "texture": "#gloves", "uv": [ 10.5, 7.0, 11.0, 7.5 ] },
						"up": { "texture": "#gloves", "uv": [ 12.5, 7.0, 13.0, 7.5 ] },
						"down": { "texture": "#gloves", "uv": [ 11.0, 7.0, 11.5, 7.5 ] }
					}
				},
				{
					"name": "Studs12",
					"from": [ 1.9, 3.5, 1.95 ],
					"to": [ 2.3, 3.9, 2.05 ],
					"autoUnwrap": false,
					"uv": [ 12.5, 1.0 ],
					"rotationOrigin": [ 2.1, 3.7, 2.0 ],
					"rotationZ": -45.0,
					"faces": {
						"east": { "texture": "#gloves", "uv": [ 10.5, 7.0, 11.0, 7.5 ] },
						"south": { "texture": "#gloves", "uv": [ 12.5, 7.0, 13.0, 7.5 ] },
						"west": { "texture": "#gloves", "uv": [ 12.0, 7.0, 12.5, 7.5 ] },
						"up": { "texture": "#gloves", "uv": [ 11.0, 7.0, 11.5, 7.5 ] },
						"down": { "texture": "#gloves", "uv": [ 11.5, 7.0, 12.0, 7.5 ] }
					}
				}
			]
		},
		{
			"name": "GloveRight",
			"stepParentName": "LowerArmR",
			"from": [ -0.01, -0.01, -0.01 ],
			"to": [ 2.51, 3.99, 2.01 ],
			"unwrapMode": 4,
			"autoUnwrap": false,
			"uv": [ 2.0, 2.5 ],
			"rotationOrigin": [ -0.01, -0.01, -0.01 ],
			"faces": {
				"north": { "texture": "#gloves", "uv": [ 2.0, 4.0, 4.5, 8.0 ] },
				"east": { "texture": "#gloves", "uv": [ 0.0, 4.0, 2.0, 8.0 ] },
				"south": { "texture": "#gloves", "uv": [ 6.5, 4.0, 9.0, 8.0 ] },
				"west": { "texture": "#gloves", "uv": [ 4.5, 4.0, 6.5, 8.0 ] },
				"up": { "texture": "#gloves", "uv": [ 2.0, 0.0, 4.5, 2.0 ], "windMode": [-1,-1,-1,-1], "windData": [1,1,1,1] },
				"down": { "texture": "#gloves", "uv": [ 6.5, 0.0, 9.0, 2.0 ], "windMode": [-1,-1,-1,-1] }
			},
			"children": [
				{
					"name": "FlapWR",
					"from": [ 0.0, 4.0, 0.02 ],
					"to": [ 0.1, 5.0, 2.02 ],
					"autoUnwrap": false,
					"uv": [ 0.5, 0.5 ],
					"rotationOrigin": [ 0.0, 4.0, 0.0 ],
					"rotationZ": 10.0,
					"faces": {
						"north": { "texture": "#gloves", "uv": [ 4.5, 3.0, 5.0, 4.0 ] },
						"east": { "texture": "#gloves", "uv": [ 9.0, 4.0, 11.0, 5.0 ] },
						"south": { "texture": "#gloves", "uv": [ 6.0, 3.0, 6.5, 4.0 ] },
						"west": { "texture": "#gloves", "uv": [ 4.5, 3.0, 6.5, 4.0 ] },
						"up": { "texture": "#gloves", "uv": [ 4.5, 2.5, 6.5, 3.0 ], "rotation": 90 }
					}
				},
				{
					"name": "FlapER",
					"from": [ 2.42, 4.0, 0.02 ],
					"to": [ 2.52, 5.0, 2.02 ],
					"autoUnwrap": false,
					"uv": [ 0.5, 0.5 ],
					"rotationOrigin": [ 2.5, 4.0, 0.0 ],
					"rotationZ": -10.0,
					"faces": {
						"north": { "texture": "#gloves", "uv": [ 0.0, 3.0, 0.5, 4.0 ] },
						"east": { "texture": "#gloves", "uv": [ 0.0, 3.0, 2.0, 4.0 ] },
						"south": { "texture": "#gloves", "uv": [ 1.5, 3.0, 2.0, 4.0 ] },
						"west": { "texture": "#gloves", "uv": [ 9.0, 6.0, 11.0, 7.0 ] },
						"up": { "texture": "#gloves", "uv": [ 0.0, 2.5, 2.0, 3.0 ], "rotation": 90 }
					}
				},
				{
					"name": "FlapNR",
					"from": [ 0.0, 4.0, 0.0 ],
					"to": [ 2.5, 5.0, 0.1 ],
					"autoUnwrap": false,
					"uv": [ 9.0, 0.0 ],
					"rotationOrigin": [ 0.0, 4.0, 0.0 ],
					"rotationX": -15.0,
					"faces": {
						"north": { "texture": "#gloves", "uv": [ 2.0, 3.0, 4.5, 4.0 ] },
						"east": { "texture": "#gloves", "uv": [ 2.0, 3.0, 2.5, 4.0 ] },
						"south": { "texture": "#gloves", "uv": [ 9.0, 5.0, 11.5, 6.0 ] },
						"west": { "texture": "#gloves", "uv": [ 4.0, 3.0, 4.5, 4.0 ] },
						"up": { "texture": "#gloves", "uv": [ 2.0, 2.5, 4.5, 3.0 ] }
					}
				},
				{
					"name": "Studs1",
					"from": [ -0.05, 3.5, 0.8 ],
					"to": [ 2.55, 3.9, 1.2 ],
					"autoUnwrap": false,
					"uv": [ 9.5, 0.0 ],
					"rotationOrigin": [ 0.0, 3.7, 1.0 ],
					"rotationX": -45.0,
					"faces": {
						"north": { "texture": "#gloves", "uv": [ 10.5, 7.5, 13.0, 8.0 ] },
						"east": { "texture": "#gloves", "uv": [ 10.5, 7.5, 11.0, 8.0 ] },
						"south": { "texture": "#gloves", "uv": [ 10.5, 7.5, 13.0, 8.0 ] },
						"west": { "texture": "#gloves", "uv": [ 11.5, 7.5, 12.0, 8.0 ] },
						"up": { "texture": "#gloves", "uv": [ 10.5, 7.5, 13.0, 8.0 ] },
						"down": { "texture": "#gloves", "uv": [ 10.5, 7.5, 13.0, 8.0 ] }
					}
				},
				{
					"name": "Studs2",
					"from": [ -0.05, 3.5, 0.1 ],
					"to": [ 2.55, 3.9, 0.5 ],
					"autoUnwrap": false,
					"uv": [ 9.5, 0.5 ],
					"rotationOrigin": [ 0.0, 3.7, 0.3 ],
					"rotationX": -45.0,
					"faces": {
						"north": { "texture": "#gloves", "uv": [ 10.5, 7.5, 13.0, 8.0 ] },
						"east": { "texture": "#gloves", "uv": [ 11.0, 7.5, 11.5, 8.0 ] },
						"south": { "texture": "#gloves", "uv": [ 10.5, 7.5, 13.0, 8.0 ] },
						"west": { "texture": "#gloves", "uv": [ 11.0, 7.5, 11.5, 8.0 ] },
						"up": { "texture": "#gloves", "uv": [ 10.5, 7.5, 13.0, 8.0 ] },
						"down": { "texture": "#gloves", "uv": [ 10.5, 7.5, 13.0, 8.0 ] }
					}
				},
				{
					"name": "Studs3",
					"from": [ -0.05, 3.5, 1.5 ],
					"to": [ 2.55, 3.9, 1.9 ],
					"autoUnwrap": false,
					"uv": [ 9.5, 1.0 ],
					"rotationOrigin": [ 0.0, 3.7, 1.7 ],
					"rotationX": -45.0,
					"faces": {
						"north": { "texture": "#gloves", "uv": [ 10.5, 7.5, 13.0, 8.0 ] },
						"east": { "texture": "#gloves", "uv": [ 12.5, 7.5, 13.0, 8.0 ] },
						"south": { "texture": "#gloves", "uv": [ 10.5, 7.5, 13.0, 8.0 ] },
						"west": { "texture": "#gloves", "uv": [ 12.0, 7.5, 12.5, 8.0 ] },
						"up": { "texture": "#gloves", "uv": [ 10.5, 7.5, 13.0, 8.0 ] },
						"down": { "texture": "#gloves", "uv": [ 10.5, 7.5, 13.0, 8.0 ] }
					}
				},
				{
					"name": "Studs4",
					"from": [ 1.0, 3.5, -0.05 ],
					"to": [ 1.4, 3.9, 0.05 ],
					"autoUnwrap": false,
					"uv": [ 11.5, 2.0 ],
					"rotationOrigin": [ 1.2, 3.7, 0.0 ],
					"rotationZ": 45.0,
					"faces": {
						"north": { "texture": "#gloves", "uv": [ 12.5, 7.5, 13.0, 8.0 ] },
						"east": { "texture": "#gloves", "uv": [ 11.0, 7.5, 11.5, 8.0 ] },
						"west": { "texture": "#gloves", "uv": [ 12.0, 7.5, 12.5, 8.0 ] },
						"up": { "texture": "#gloves", "uv": [ 11.5, 7.5, 12.0, 8.0 ] },
						"down": { "texture": "#gloves", "uv": [ 10.5, 7.5, 11.0, 8.0 ] }
					}
				},
				{
					"name": "Studs5",
					"from": [ 1.8, 3.5, -0.05 ],
					"to": [ 2.2, 3.9, 0.05 ],
					"autoUnwrap": false,
					"uv": [ 10.5, 7.0 ],
					"rotationOrigin": [ 2.0, 3.7, 0.0 ],
					"rotationZ": 45.0,
					"faces": {
						"north": { "texture": "#gloves", "uv": [ 10.5, 7.5, 11.0, 8.0 ] },
						"east": { "texture": "#gloves", "uv": [ 11.0, 7.5, 11.5, 8.0 ] },
						"west": { "texture": "#gloves", "uv": [ 11.5, 7.5, 12.0, 8.0 ] },
						"up": { "texture": "#gloves", "uv": [ 12.5, 7.5, 13.0, 8.0 ] },
						"down": { "texture": "#gloves", "uv": [ 12.0, 7.5, 12.5, 8.0 ] }
					}
				},
				{
					"name": "Studs6",
					"from": [ 0.2, 3.5, -0.05 ],
					"to": [ 0.6, 3.9, 0.05 ],
					"autoUnwrap": false,
					"uv": [ 10.5, 2.0 ],
					"rotationOrigin": [ 0.4, 3.7, 0.0 ],
					"rotationZ": 45.0,
					"faces": {
						"north": { "texture": "#gloves", "uv": [ 12.0, 7.5, 12.5, 8.0 ] },
						"east": { "texture": "#gloves", "uv": [ 10.5, 7.5, 11.0, 8.0 ] },
						"west": { "texture": "#gloves", "uv": [ 11.5, 7.5, 12.0, 8.0 ] },
						"up": { "texture": "#gloves", "uv": [ 10.5, 7.5, 11.0, 8.0 ] },
						"down": { "texture": "#gloves", "uv": [ 11.0, 7.5, 11.5, 8.0 ] }
					}
				}
			]
		}
	]}