{
	"code": "macuahuitl",
	"class": "ItemOar",
	"storageFlags": 257,
	"heldTpHitAnimation": "falx",
//	"heldTpIdleAnimation": "crudeOarIdle",
//	"heldRightReadyAnimation": "crudeOarStandingReady",
//	"NOTheldTpHitAnimation": "crudeOarHit",
//	"heldTpUseAnimation": "interactStaticLong",
	"materialDensity": 700,
	"damagedby": ["attacking"],
	"attributes": {
		"paddlingTool": true,
        "handbook": {
            "groupBy": ["macuahuitl-*"]
        },
		"groundStorageTransform": {
			translation: { x: 0, y: 0.26, z: 0.616 },
			rotation: { x: 16, y: 90, z: 90 },
			scale: 0.85
		},
		"rackable": true,
		"toolrackTransform": {
			translation: { x: -0.35, y: -0.7, z: 0 },
			rotation: { x: 0, y: 1, z: 180 },
			scale: 1.5
		},
		"attachableToEntity": {
			"categoryCode": "oar",
			"attachedShape": { "base": "game:item/tool/oar-crude-rafted" }
		}
	},
	"behaviors": [{ 
		"name": "GroundStorable",
		"properties": {
			"layout": 'WallHalves',
			"wallOffY": 2,
			"ctrlKey": true,
			"selectionBox": { x1: 0, y1: 0, z1: 0, x2: 1, y2: 0.1, z2: 1 },
			"collisionBox": { x1: 0, y1: 0, z1: 0, x2: 0, y2: 0, z2: 0 },
		}
	}],
	"variantgroups": [
		{ "code": "codex", "states": ["ixtlilxochitl","rios","madrid","tudela"] },
	],
	"shapeByType": {
		"macuahuitl-ixtlilxochitl": { "base": "swordz:misc/ixtlilxochitl" },
		"macuahuitl-rios": { "base": "swordz:misc/rios" },
		"macuahuitl-madrid": { "base": "swordz:misc/madrid" },
		"macuahuitl-tudela": { "base": "swordz:misc/tudela" }
	},
	"textures": {
		"handle": { "base": "game:item/tool/material/handle" },
		"haft": { "base": "game:item/tool/material/redwood" },
		"material": { "base": "game:item/tool/material/obsidian" },
		"pommel": { "base": "game:item/tool/material/ebony" },
		"feather1": { "base": "game:item/tool/material/feather1" },
		"ebony": { "base": "game:item/tool/material/ebony" },
	},
	"attackRangebytype": {
	"*-madrid": 3,
	"*-rios": 3,
	"*": 2,
	},
	"tooltierbytype": {
		"macuahuitl-ixtlilxochitl": 1,
		"macuahuitl-rios": 2,
		"macuahuitl-madrid": 1,
		"macuahuitl-tudela":1,
	},
	"durabilitybytype": {
		"macuahuitl-ixtlilxochitl": 250,
		"macuahuitl-rios": 500,
		"macuahuitl-madrid": 350,
		"macuahuitl-tudela": 200,
	},
	"attackpowerbytype": {
		"macuahuitl-ixtlilxochitl": 3,
		"macuahuitl-rios": 3.8,
		"macuahuitl-madrid": 3.25,
		"macuahuitl-tudela": 2.5,
	},	
	
	"creativeinventory": { "general": ["*"], "items": ["*"], "swordz": ["*"] },
	"guiTransform": {
		translation: { x: 0, y: 0, z: 0 },
		rotation: { x: -84, y: -50, z: -20 },
		origin: { x: -0.3, y: 1.6625, z: 0.45 },
		scale: 2.15
	},
	"fpHandTransform": {
		translation: { x: -0.07, y: 0.02, z: 0.4 },
		rotation: { x: -63, y: -79, z: 114 },
		origin: { x: 0.5, y: 0, z: 0.5 },
		scale: 2.75
	},
	"groundTransform": {
		translation: { x: 0, y: 0, z: 0 },
		rotation: { x: 0, y: 0, z: 0 },
		origin: { x: 0.5, y: 0, z: 0.5 },
		scale: 4.5
	},
	"tpHandTransform": {
		translation: { x: -1.0099, y: -0.18, z: -0.76 },
		rotation: { x: -90, y: 0, z: 0 },
		origin: { x: 0.5, y: 0.2, z: 0.5 },
		scale: 0.9
	}
}