{
	code: "duck-male",
	class: "EntityAgent",
	hitboxSize: { x: 0.6, y: 0.6 },
	deadHitboxSize: { x: 0.5, y: 0.25 },
	eyeHeight: 0.5,
	weight: 0.7,
	habitat: "sea",		
	habitat: "land",

	attributes: {
		creatureDiet: {
			foodCategories: [ "Grain", "Fruit", "Vegetable" ],
			foodTags: [ "sweetBerryBush", "nibbleCrop", "grass" ]
		},
		basketCatchable: true,
		trapChance: 0.7,
		trapDestroyChance: 0.01,
		"handbook": {
			"groupcode": "fendragonsmp:creaturegroup-mallardduck"
		}
    },	
	client: {
		renderer: "Shape",
		shape: { base: "entity/land/duck/duck4_1" },
		texture: { "base": "entity/duck/duck-male", alternates: [ { base: "entity/duck/duck-male-2"} ] },
		size: 1.10,			
		behaviors: [
			{ code: "repulseagents" }, 
			{ code: "controlledphysics", stepHeight: 1.31 }, 
			{ code: "floatupwhenstuck", onlyWhenDead: true },
			{ code: "interpolateposition" },
			{ code: "harvestable" },
			{ code: "despawn", minPlayerDistance: 8, belowLightLevel: 8, minSeconds: 300 },
			{ code: "ropetieable", minGeneration: 2 }
		],
		animations: [
			{
				code: "hurt",
				animation: "hurt", 
				animationSpeed: 2.2,
				weight: 10,
				blendMode: "AddAverage" 
			},
			{
				code: "swim",
				animation: "swim", 
				triggeredBy: { onControls: ["Swim"]},
				blendMode: "AddAverage" 
			},
			{
				code: "swimidle",
				animation: "swim",
				triggeredBy: { onControls: ["Swim"]},
				blendMode: "AddAverage" 
			},			
					
			
			{
				code: "die",
				animation: "death", 
				animationSpeed: 1.25,
				weight: 10,
				blendMode: "Average",
				triggeredBy: { onControls: ["dead"] }
			},
			{ 
				code: "idle", 
				animation: "idle",
				blendMode: "AddAverage",
				easeOutSpeed: 4,
				triggeredBy: { defaultAnim: true },
			},
			{
				code: "sleep", 
				animation: "sleep",
				easeInSpeed: 4,
				easeOutSpeed: 4,
				blendMode: "Average", 
			},
			{
				code: "sit", 
				animation: "sit",
				easeInSpeed: 4,
				easeOutSpeed: 4,
				blendMode: "Average", 
			}
		]
	},
	server: {
		attributes: {
			pathfinder: {
				minTurnAnglePerSec: 520,
				maxTurnAnglePerSec: 1440
			}
		},
		behaviors: [
			{ code: "repulseagents" }, 
			{ code: "controlledphysics", stepHeight: 1.31 },
			{ code: "despawn", minPlayerDistance: 8, belowLightLevel: 8, minSeconds: 300 },
			{ code: "health", currenthealth: 3, maxhealth: 3 },
			{ code: "deaddecay", hoursToDecay: 96/*, decayedBlock: "carcass-tiny"*/ },
			{ code: "floatupwhenstuck", onlyWhenDead: true },
			{ code: "harvestable", 
				drops: [
					{
						type: "item", 
						code: "game:poultry-raw", 
						quantity: { avg: 1.5, var: 0.25 } 
					},
					{
						type: "item", 
						code: "game:feather", 
						quantity: { avg: 4, var: 2 } 
					},
					{
						type: "item", 
						code: "game:bone", 
						quantity: { avg: 0.5, var: 0 } 
					}
				],
			},
			{ code: "emotionstates",
				states: [
					{ code: "aggressiveondamage", duration: 20, chance: 0.4, slot: 0, priority: 2, accumType: "noaccum" },
					{ code: "fleeondamage", duration: 10, chance: 1, slot: 0, priority: 1, accumType: "max" }
				],
			},
			{ code: "taskai",
				aitasks: [
					{
						code: "fleeentity",
						entityCodes: [ "player", "wolf-*", "fox-*", "hyena-*", "bear-*" ],
						priority: 1.8,
						movespeed: 0.012,
						animationSpeed: 2.4,
						seekingRange: 7,
						animation: "Walk",
						animationSpeed: 2,
						whenInEmotionState: "fleeondamage"
					},
					{
						code: "seekentity",
						priority: 1.7,
						mincooldown: 1000, 
						maxcooldown: 1500, 
						seekingRange: 25,
						movespeed: 0.03,
						animation: "Run2",
						animationSpeed: 2,
						whenInEmotionState: "aggressiveondamage",
					},
					{
						code: "fleeentity",
						entityCodes: [ "player", "wolf-*", "fox-*", "hyena-*", "bear-*" ],
						priority: 1.5,
						movespeed: 0.012,
						seekingRange: 7,
						animation: "Walk",
						animationSpeed: 2.4,
					},
					{
						code: "idle",
						priority: 1.27,
						minduration: 500000,
						maxduration: 500000,
						mincooldown: 5000,
						maxcooldown: 15000,
						priorityForCancel: 1.38,
						animation: "Sleep",
						whenNotInEmotionState: "aggressiveondamage",
						duringDayTimeFrames: [ { fromHour: 20, toHour: 24 }, { fromHour: 0, toHour: 6 } ],
						stopOnNearbyEntityCodes: [ "player" ],
						stopRange: 8,
						stopOnHurt: true
					},			
					{
						code: "getoutofwater",
						priority: 1.8,
						movespeed: 0.020,
						animation: "swim"
					},
					
					{
						code: "idle",
						priority: 1.2,
						minduration: 2500,
						maxduration: 2500,
						mincooldown: 1000,
						maxcooldown: 10000,
						priorityForCancel: 1.29,
						animation: "Eat"
					},
					{
						code: "idle",
						priority: 1.1,
						minduration: 1000,
						maxduration: 3000,
						mincooldown: 2000,
						maxcooldown: 30000,
						priorityForCancel: 1.29,
						animation: "Idle"
					},
					{
						code: "wander", 
						priority: 1.0, 
						movespeed: 0.006,
						animation: "Walk",
						wanderChance: 0.4,
					},
					{
						code: "idle",
						priority: 0.9,
						minduration: 6000,
						maxduration: 40000,
						mincooldown: 2000,
						maxcooldown: 12000,
						priorityForCancel: 1.29,
						animation: "Sit"
					},
					{
						code: "seekfoodandeat",
						priority: 1.32,
						seekingRange: 12,
						eatSound: "game:player/eat",
						eatTime: 1.5,
						eatAnimation: "Eat",
						eatLooseItems: true,
						eatItemCategories: [ "Grain","Fruit" ],
						movespeed: 0.0065,
						animation: "Walk",
						mincooldownHours: 2,
						maxcooldownHours: 4
					},					
					{ 
						code: "lookaround", 
						priority: 0.5
					}
				]
			}
		],
		spawnconditions: {
			worldgen: {
				"TriesPerChunk": {
				  "offset": 0.0,
				  "avg": 1.5,
				  "var": 0.75,
				  "dist": 0
				},
				"Group": null,
				"MinLightLevel": 12,
				"MaxLightLevel": 32,
				"LightLevelType": 2,
				"HerdSize": {
				  "offset": 0.0,
				  "avg": 2.0,
				  "var": 1.0,
				  "dist": 10
				},
				"Companions": [
				  "fendragonsmp:duck-female",
				  "fendragonsmp:duck-baby"
				],
				"InsideBlockCodes": [
				  "game:tallplant-*",
				  "game:waterlily-*"
				],
				"RequireSolidGround": true,
				"TryOnlySurface": true,
				"ClimateValueMode": 0,
				"MinTemp": -6.0,
				"MaxTemp": 40.0,
				"MinRain": 0.14,
				"MaxRain": 1.0,
				"MinForest": 0.0,
				"MaxForest": 1.0,
				"MinShrubs": 0.0,
				"MaxShrubs": 1.0,
				"MinY": 0.0,
				"MaxY": 2.0,
				"MinForestOrShrubs": 0.0,
				"GroupSize": {
				  "offset": 0.0,
				  "avg": 2.0,
				  "var": 1.0,
				  "dist": 10
				}
			},
			runtime: {
				"Chance": 0.018,
				"MaxQuantity": 1,
				"MaxQuantityByGroup": null,
				"SpawnCapPlayerScaling": 1.0,
				"MinDistanceToPlayer": 18,
				"Group": "neutral",
				"MinLightLevel": 11,
				"MaxLightLevel": 32,
				"LightLevelType": 2,
				"HerdSize": {
				  "offset": 0.0,
				  "avg": 3.0,
				  "var": 1.0,
				  "dist": 10
				},
				"Companions": [
				  "fendragonsmp:duck-female",
				  "fendragonsmp:duck-male"
				],
				"InsideBlockCodes": [
				  "game:tallplant-*",
				  "game:waterlily-*"
				],
				"RequireSolidGround": true,
				"TryOnlySurface": true,
				"ClimateValueMode": 0,
				"MinTemp": -5.0,
				"MaxTemp": 40.0,
				"MinRain": 0.14,
				"MaxRain": 1.0,
				"MinForest": 0.0,
				"MaxForest": 1.0,
				"MinShrubs": 0.0,
				"MaxShrubs": 1.0,
				"MinY": 0.0,
				"MaxY": 2.0,
				"MinForestOrShrubs": 0.0,
				"GroupSize": {
				  "offset": 0.0,
				  "avg": 3.0,
				  "var": 1.0,
				  "dist": 10
				}
			}
		}
	},
	sounds: {
	
		idle: "creature/duck/male-duck-*",
		hurt: "creature/duck/duckx-02",		
	},
	idleSoundChance: 0.25
}