{
	"editor": {
		"allAngles": false,
		"entityTextureMode": false
	},
	"textureWidth": 16,
	"textureHeight": 16,
	"textureSizes": {
	},
	"textures": {
		"link": "game:block/metal/plate/copper"
	},
	"elements": [
		{
			"name": "Cube1",
			"from": [ 6.0, 0.0, 6.0 ], 
			"to": [ 7.0, 1.0, 10.0 ], 
			"rotationOrigin": [ 6.0, 0.0, 6.0 ],
			"faces": {
				"north": { "texture": "#link", "uv": [ 0.0, 0.0, 1.0, 1.0 ] },
				"east": { "texture": "#link", "uv": [ 0.0, 0.0, 4.0, 1.0 ] },
				"south": { "texture": "#link", "uv": [ 0.0, 0.0, 1.0, 1.0 ] },
				"west": { "texture": "#link", "uv": [ 0.0, 0.0, 4.0, 1.0 ] },
				"up": { "texture": "#link", "uv": [ 0.0, 0.0, 1.0, 4.0 ] },
				"down": { "texture": "#link", "uv": [ 0.0, 0.0, 1.0, 4.0 ] }
			}
		},
		{
			"name": "Cube2",
			"from": [ 8.0, 0.0, 6.0 ], 
			"to": [ 9.0, 1.0, 10.0 ], 
			"rotationOrigin": [ 8.0, 0.0, 6.0 ],
			"faces": {
				"north": { "texture": "#link", "uv": [ 0.0, 0.0, 1.0, 1.0 ] },
				"east": { "texture": "#link", "uv": [ 0.0, 0.0, 4.0, 1.0 ] },
				"south": { "texture": "#link", "uv": [ 0.0, 0.0, 1.0, 1.0 ] },
				"west": { "texture": "#link", "uv": [ 0.0, 0.0, 4.0, 1.0 ] },
				"up": { "texture": "#link", "uv": [ 0.0, 0.0, 1.0, 4.0 ] },
				"down": { "texture": "#link", "uv": [ 0.0, 0.0, 1.0, 4.0 ] }
			},
			"children": [
				{
					"name": "Cube3",
					"from": [ -1.5, 0.0, -1.0 ], 
					"to": [ 0.5, 1.0, 0.0 ], 
					"rotationOrigin": [ -1.0, 0.0, -1.0 ],
					"faces": {
						"north": { "texture": "#link", "uv": [ 0.0, 0.0, 2.0, 1.0 ] },
						"east": { "texture": "#link", "uv": [ 0.0, 0.0, 1.0, 1.0 ] },
						"south": { "texture": "#link", "uv": [ 0.0, 0.0, 2.0, 1.0 ] },
						"west": { "texture": "#link", "uv": [ 0.0, 0.0, 1.0, 1.0 ] },
						"up": { "texture": "#link", "uv": [ 0.0, 0.0, 2.0, 1.0 ] },
						"down": { "texture": "#link", "uv": [ 0.0, 0.0, 2.0, 1.0 ] }
					}
				},
				{
					"name": "Cube4",
					"from": [ -1.5, 0.0, 4.0 ], 
					"to": [ 0.5, 1.0, 5.0 ], 
					"rotationOrigin": [ -1.0, 0.0, 4.0 ],
					"faces": {
						"north": { "texture": "#link", "uv": [ 0.0, 0.0, 2.0, 1.0 ] },
						"east": { "texture": "#link", "uv": [ 0.0, 0.0, 1.0, 1.0 ] },
						"south": { "texture": "#link", "uv": [ 0.0, 0.0, 2.0, 1.0 ] },
						"west": { "texture": "#link", "uv": [ 0.0, 0.0, 1.0, 1.0 ] },
						"up": { "texture": "#link", "uv": [ 0.0, 0.0, 2.0, 1.0 ] },
						"down": { "texture": "#link", "uv": [ 0.0, 0.0, 2.0, 1.0 ] }
					}
				}
			]
		}
	]}