[
  {
//Дозволяє двум гравцям сідати на Елька (без медальона)
    "file": "game:entities/land/hooved/elk-tamed.json",
	"enabled": true,
    "side": "Server",
	"op": "add",
    "path": "/behaviorConfigs/rideable/seats/1",
    "value": {
		"apName": "RearAP",
		"selectionBox": "RearAP",
		"bodyYawLimit": 0.2,
		"controllable": false,
		"mountOffset": {
			"x": 0.2,
			"y": -0.5,
			"z": 0.16
		},
		"mountRotation": {
			"x": 0,
			"y": 180,
			"z": 0
		}
	},
  },
  {
    "file": "game:entities/land/hooved/elk-tamed.json",
    "side": "Server",    
	"op": "add",
    "path": "/behaviorConfigs/rideableaccessories/wearableSlots/5/forCategoryCodes/0",
    "value": "saddle",
  },
]