[
	{
//Зміна рарності предмету WIP ************************** ПОКИ ВИКЛЮЧЕНО - ХЗ чит треба буде **************************
		ingredientPattern:"PS",
		enabled: false,
		ingredients: {
				"P": { type: "item", code: "game:*", name: "tools", allowedVariants: [ 
//****************** Ванільні предмети ******************
	//сокира
	"axe-felling-copper",
	"axe-felling-tinbronze",
	"axe-felling-bismuthbronze",
	"axe-felling-blackbronze",
	"axe-felling-gold",
	"axe-felling-silver",
	"axe-felling-iron",
	"axe-felling-meteoriciron",
	"axe-felling-steel",	
		//меч
		"blade-falx-copper", 
		"blade-falx-tinbronze", 
		"blade-falx-bismuthbronze", 
		"blade-falx-blackbronze", 
		"blade-falx-gold", 
		"blade-falx-silver", 
		"blade-falx-iron", 
		"blade-falx-meteoriciron", 
		"blade-falx-steel",
		"blade-scrap-scrap",
		"blade-blackguard-iron",
		"blade-forlorn-iron",
		"blade-gladius-ruined",
		"blade-arming-ruined",
		"blade-claymore-ruined",
		"blade-sabre-ruined",	
	//лук
	"bow-simple", 
	"bow-crude", 
	"bow-long", 
	"bow-recurve",		
		//зубило
		"chisel-copper", 
		"chisel-tinbronze", 
		"chisel-bismuthbronze", 
		"chisel-blackbronze", 
		"chisel-iron", 
		"chisel-meteoriciron", 
		"chisel-steel",		
	//тесак
	"cleaver-copper", 
	"cleaver-tinbronze", 
	"cleaver-bismuthbronze", 
	"cleaver-blackbronze", 
	"cleaver-gold", 
	"cleaver-silver", 
	"cleaver-iron", 
	"cleaver-meteoriciron", 
	"cleaver-steel",		
		//молот
		"hammer-copper", 
		"hammer-tinbronze", 
		"hammer-bismuthbronze", 
		"hammer-blackbronze", 
		"hammer-gold", 
		"hammer-silver",
		"hammer-iron", 
		"hammer-meteoriciron", 
		"hammer-steel",	
	//мотика
	"hoe-copper",
	"hoe-tinbronze", 
	"hoe-bismuthbronze", 
	"hoe-blackbronze", 
	"hoe-gold", 
	"hoe-silver", 
	"hoe-iron", 
	"hoe-meteoriciron",
	"hoe-steel",		
		//ніж
		"knife-generic-copper",
		"knife-generic-tinbronze", 
		"knife-generic-bismuthbronze", 
		"knife-generic-blackbronze", 
		"knife-generic-gold", 
		"knife-generic-silver", 
		"knife-generic-iron", 
		"knife-generic-meteoriciron",
		"knife-generic-steel",
	//кайло
	"pickaxe-copper", 
	"pickaxe-tinbronze", 
	"pickaxe-bismuthbronze", 
	"pickaxe-blackbronze", 
	"pickaxe-gold", 
	"pickaxe-silver",  
	"pickaxe-iron", 
	"pickaxe-meteoriciron", 
	"pickaxe-steel",		
		//геологічний молоток
		"prospectingpick-copper", 
		"prospectingpick-tinbronze", 
		"prospectingpick-bismuthbronze", 
		"prospectingpick-blackbronze", 
		"prospectingpick-gold", 
		"prospectingpick-silver",
		"prospectingpick-iron", 
		"prospectingpick-meteoriciron", 
		"prospectingpick-steel",	
	//пилка
	"saw-copper", 
	"saw-tinbronze", 
	"saw-bismuthbronze", 
	"saw-blackbronze", 
	"saw-gold", 
	"saw-silver",
	"saw-iron", 
	"saw-meteoriciron", 
	"saw-steel",		
		//коса
		"scythe-copper", 
		"scythe-tinbronze", 
		"scythe-bismuthbronze", 
		"scythe-blackbronze", 
		"scythe-gold", 
		"scythe-silver", 
		"scythe-iron",
		"scythe-meteoriciron", 
		"scythe-steel",	
	//ножиці
	"shears-copper", 
	"shears-tinbronze", 
	"shears-bismuthbronze", 
	"shears-blackbronze", 
	"shears-gold", 
	"shears-silver", 
	"shears-iron", 
	"shears-meteoriciron", 
	"shears-steel",
		//лопата
		"shovel-copper", 
		"shovel-tinbronze", 
		"shovel-bismuthbronze", 
		"shovel-blackbronze", 
		"shovel-gold", 
		"shovel-silver",
		"shovel-iron", 
		"shovel-meteoriciron", 
		"shovel-steel",
	//спис
	"spear-generic-copper", 
	"spear-generic-tinbronze", 
	"spear-generic-bismuthbronze", 
	"spear-generic-blackbronze", 
	"spear-generic-ornategold", 
	"spear-generic-ornatesilver", 
	"spear-generic-hacking",  
	"spear-generic-erel",
		//ключ
		"wrench-copper", 
		"wrench-tinbronze", 
		"wrench-bismuthbronze", 
		"wrench-blackbronze", 
		"wrench-gold", 
		"wrench-silver",
		"wrench-iron", 
		"wrench-meteoriciron", 
		"wrench-steel",
				], /*attributes: { "FE327889-1DD2-430C-BCCA-D94FB132E968": { "rarity": "common" } },*/ quantity: 1 },
				"S": { type: "item", code: "game:bone", quantity: 1 },
			},
		width: 1,
		height: 2,
		recipeGroup: 1,
		copyAttributesFrom: "P",
		shapeless: false,
		output: { type: "item", code: "game:{tools}", attributes: { "FE327889-1DD2-430C-BCCA-D94FB132E968": { "rarity": "legendary" } }, quantity: 1 }
	},
]