[
  {
    "op": "add",
    "path": "/combustiblePropsByType/*-adamant",
    "value": {
      "meltingPoint": 999,
      "meltingDuration": 50,
      "smeltedRatio": 20,
      "smeltedStack": {
        "type": "item",
        "code": "ingot-adamant"
      }
    },
    "file": "game:itemtypes/resource/metalbit.json",
    "side": "Server",
    "condition": { "when": "bloomedbits", "isValue": "true" }
  },
  {
    "op": "add",
    "path": "/combustiblePropsByType/*-mithril",
    "value": {
      "meltingPoint": 999,
      "meltingDuration": 30,
      "smeltedRatio": 20,
      "smeltedStack": {
        "type": "item",
        "code": "ingot-mithril"
      }
    },
    "file": "game:itemtypes/resource/metalbit.json",
    "side": "Server",
    "condition": { "when": "bloomedbits", "isValue": "true" }
  },
  {
    "op": "add",
    "path": "/combustiblePropsByType/*-orichalcum",
    "value": {
      "meltingPoint": 999,
      "meltingDuration": 55,
      "smeltedRatio": 20,
      "smeltedStack": {
        "type": "item",
        "code": "ingot-orichalcum"
      }
    },
    "file": "game:itemtypes/resource/metalbit.json",
    "side": "Server",
    "condition": { "when": "bloomedbits", "isValue": "true" }
  },
  {
    "op": "add",
    "path": "/combustiblePropsByType/*-stainlesssteel",
    "value": {
      "meltingPoint": 999,
      "meltingDuration": 30,
      "smeltedRatio": 20,
      "smeltedStack": {
        "type": "item",
        "code": "ingot-stainlesssteel"
      }
    },
    "file": "game:itemtypes/resource/metalbit.json",
    "side": "Server",
    "condition": { "when": "bloomedbits", "isValue": "true" }
  },
  
  
  
  
  
  {
    "op": "replace",
    "path": "/attributes/handbook/excludeByType/*-stainlessteel",
    "value": false,
    "file": "game:itemtypes/resource/metalbit.json",
    "side": "Server",
    "condition": { "when": "bloomedbits", "isValue": "true" }
  },
  {
    "op": "replace",
    "path": "/attributes/handbook/excludeByType/*-titanium",
    "value": false,
    "file": "game:itemtypes/resource/metalbit.json",
    "side": "Server",
    "condition": { "when": "bloomedbits", "isValue": "true" }
  },
  {
    "op": "replace",
    "path": "/combustiblePropsByType/*-steel/meltingPoint",
    "value": 999,
    "file": "game:itemtypes/resource/metalbit.json",
    "side": "Server",
    "condition": { "when": "bloomedbits", "isValue": "true" }	
  },
  {
    "op": "replace",
    "path": "/combustiblePropsByType/*-titanium/meltingPoint",
    "value": 999,
    "file": "game:itemtypes/resource/metalbit.json",
    "side": "Server",
    "condition": { "when": "bloomedbits", "isValue": "true" }	
  },
  
  
  
  
  
  
  
  
  
  
  
  
  
  
  
  
  
  
  
  
  
  
  
  
  
  
  
  
  
  
  
  
  
  
  
]