[
{	"enabled":true,
	"op": "add",
    "path": "/textures/mithril",
    "value": { "base": "block/metal/ingot/mithril" },
    "file": "blocktypes/legacy/ingotpile.json" },

{	"enabled":true,
	"op": "add",
    "path": "/textures/adamant",
    "value": { "base": "block/metal/ingot/adamant" },
    "file": "blocktypes/legacy/ingotpile.json" },

{	"enabled":true,
	"op": "add",
    "path": "/textures/orichalcum",
    "value": { "base": "block/metal/ingot/orichalcum" },
    "file": "blocktypes/legacy/ingotpile.json" },

{	"enabled":true,
	"op": "add",
    "path": "/textures/aithril",
    "value": { "base": "block/metal/ingot/aithril" },
    "file": "blocktypes/legacy/ingotpile.json" },




{	"enabled":true,
	"op": "add",
    "path": "/textures/unfoldedmithril",
    "value": { "base": "block/metal/ingot/unfoldedmithril" },
    "file": "blocktypes/legacy/ingotpile.json" },

]