﻿{
  "code": "rainwaterportion",
  "class": "ItemLiquidPortion",
  "matterState": "liquid",
  "attributes": {
    "handbook": {
      "ignoreCreativeInvStacks": true
    },
    "distillationProps": {
      "distilledStack": { "type": "item", "code": "hydrateordiedrate:distilledwaterportion" },
      "ratio": 1.0
    },
    "waterTightContainerProps": {
      "containable": true,
      "itemsPerLitre": 100,
      "texture": { "base": "game:block/liquid/waterportion" },
      "tintIndex": 2,
      "whenSpilled": {
        "action": "DropContents",
        "stack": { "type": "item", "code": "game:waterportion" }
      },
      "nutritionPropsPerLitre": {
        "satiety": -50,
        "foodcategory": "NoNutrition"
      }
    }
  },
  "shape": { "base": "game:item/liquid" },
  "texture": { "base": "game:block/liquid/waterportion" },
  "creativeinventoryStacks": [
    {
      "tabs": ["general", "liquids"],
      "stacks": [
        {
          "type": "block",
          "code": "game:woodbucket",
          "attributes": {
            "ucontents": [
              { "type": "item", "code": "hydrateordiedrate:rainwaterportion", "makefull": true }
            ]
          }
        }
      ]
    }
  ],
  "maxstacksize": 5000,
  "materialDensity": 200,
  "guiTransform": {
    "translation": { "x": 0, "y": 1, "z": 0 },
    "rotation": { "x": 123, "y": -33, "z": -13 },
    "origin": { "x": 0.5, "y": 0, "z": 0.5 },
    "scale": 1.4
  },
  "fpHandTransform": {
    "translation": { "x": 0, "y": 0, "z": 0 },
    "rotation": { "x": 25, "y": 157, "z": -5 }
  },
  "tpHandTransform": {
    "translation": { "x": -1.5, "y": -1, "z": -1.4 }
  },
  "transitionableProps": [
    {
      "type": "Perish",
      "freshHours": { "avg": 150 },
      "transitionHours": { "avg": 36 },
      "transitionedStack": { "type": "item", "code": "game:waterportion" },
      "transitionRatio": 1.0
    }
  ]
}
