{
	"editor": {
		"allAngles": false,
		"entityTextureMode": false
	},
	"textureWidth": 16,
	"textureHeight": 16,
	"textureSizes": {
	},
	"textures": {
		"top": "/Game/Vintagestory/assets/survival/textures/block/wood/treasurechest/owl/top",
		"sides2": "/Game/Vintagestory/assets/survival/textures/block/wood/treasurechest/owl/sides2",
		"sides1": "/Game/Vintagestory/assets/survival/textures/block/wood/treasurechest/owl/sides1",
		"inside": "/Game/Vintagestory/assets/survival/textures/block/wood/treasurechest/owl/inside"
	},
	"elements": [
		{
			"name": "Bottom",
			"from": [ 3.0, 1.0, 4.0 ], 
			"to": [ 13.0, 2.0, 11.0 ], 
			"rotationOrigin": [ 8.0, 0.0, 8.0 ],
			"faces": {
				"north": { "texture": "#sides1", "uv": [ 1.0, 14.0, 11.0, 15.0 ], "enabled": false },
				"east": { "texture": "#sides1", "uv": [ 1.0, 14.0, 8.0, 15.0 ], "enabled": false },
				"south": { "texture": "#sides1", "uv": [ 2.0, 14.0, 12.0, 15.0 ], "enabled": false },
				"west": { "texture": "#sides1", "uv": [ 1.0, 14.0, 8.0, 15.0 ], "enabled": false },
				"up": { "texture": "#inside", "uv": [ 3.0, 9.0, 13.0, 16.0 ] },
				"down": { "texture": "#top", "uv": [ 3.0, 3.0, 13.0, 10.0 ] }
			},
			"children": [
				{
					"name": "N feet",
					"from": [ -1.0, -1.0, -1.0 ], 
					"to": [ 2.0, 0.0, 2.0 ], 
					"faces": {
						"north": { "texture": "#sides1", "uv": [ 0.0, 0.0, 3.0, 1.0 ] },
						"east": { "texture": "#sides1", "uv": [ 4.0, 0.0, 7.0, 1.0 ] },
						"south": { "texture": "#sides1", "uv": [ 7.0, 0.0, 10.0, 1.0 ] },
						"west": { "texture": "#sides1", "uv": [ 8.0, 0.0, 11.0, 1.0 ] },
						"up": { "texture": "#sides1", "uv": [ 0.0, 0.0, 3.0, 3.0 ], "enabled": false },
						"down": { "texture": "#sides1", "uv": [ 3.0, 12.0, 6.0, 15.0 ] }
					}
				},
				{
					"name": "E feet",
					"from": [ 8.0, -1.0, -1.0 ], 
					"to": [ 11.0, 0.0, 2.0 ], 
					"faces": {
						"north": { "texture": "#sides1", "uv": [ 10.0, 0.0, 13.0, 1.0 ] },
						"east": { "texture": "#sides1", "uv": [ 7.0, 0.0, 10.0, 1.0 ] },
						"south": { "texture": "#sides1", "uv": [ 5.0, 0.0, 8.0, 1.0 ] },
						"west": { "texture": "#sides1", "uv": [ 0.0, 0.0, 3.0, 1.0 ] },
						"up": { "texture": "#sides1", "uv": [ 0.0, 0.0, 3.0, 3.0 ], "enabled": false },
						"down": { "texture": "#sides1", "uv": [ 4.0, 12.0, 7.0, 15.0 ] }
					}
				},
				{
					"name": "Cube6",
					"from": [ 8.0, -1.0, 5.0 ], 
					"to": [ 11.0, 0.0, 8.0 ], 
					"faces": {
						"north": { "texture": "#sides1", "uv": [ 2.0, 0.0, 5.0, 1.0 ] },
						"east": { "texture": "#sides1", "uv": [ 6.0, 0.0, 9.0, 1.0 ] },
						"south": { "texture": "#sides1", "uv": [ 6.0, 0.0, 9.0, 1.0 ] },
						"west": { "texture": "#sides1", "uv": [ 0.0, 0.0, 3.0, 1.0 ] },
						"up": { "texture": "#sides1", "uv": [ 0.0, 0.0, 3.0, 3.0 ], "enabled": false },
						"down": { "texture": "#sides1", "uv": [ 3.0, 12.0, 6.0, 15.0 ] }
					}
				},
				{
					"name": "Cube7",
					"from": [ -1.0, -1.0, 5.0 ], 
					"to": [ 2.0, 0.0, 8.0 ], 
					"faces": {
						"north": { "texture": "#sides1", "uv": [ 5.0, 0.0, 8.0, 1.0 ] },
						"east": { "texture": "#sides1", "uv": [ 7.0, 0.0, 10.0, 1.0 ] },
						"south": { "texture": "#sides1", "uv": [ 2.0, 0.0, 5.0, 1.0 ] },
						"west": { "texture": "#sides1", "uv": [ 4.0, 0.0, 7.0, 1.0 ] },
						"up": { "texture": "#sides1", "uv": [ 0.0, 0.0, 3.0, 3.0 ], "enabled": false },
						"down": { "texture": "#sides1", "uv": [ 3.0, 12.0, 6.0, 15.0 ] }
					}
				},
				{
					"name": "W",
					"from": [ -1.0, 0.0, 0.0 ], 
					"to": [ 0.0, 5.0, 7.0 ], 
					"faces": {
						"north": { "texture": "#sides1", "uv": [ 0.0, 0.0, 1.0, 5.0 ], "enabled": false },
						"east": { "texture": "#inside", "uv": [ 4.0, 0.0, 11.0, 5.0 ] },
						"south": { "texture": "#sides2", "uv": [ 0.0, 0.0, 1.0, 5.0 ], "enabled": false },
						"west": { "texture": "#sides2", "uv": [ 9.0, 0.0, 16.0, 5.0 ] },
						"up": { "texture": "#sides2", "uv": [ 7.0, 3.0, 14.0, 4.0 ], "rotation": 90 },
						"down": { "texture": "#sides1", "uv": [ 0.0, 0.0, 1.0, 7.0 ] }
					}
				},
				{
					"name": "E",
					"from": [ 10.0, 0.0, 0.0 ], 
					"to": [ 11.0, 5.0, 7.0 ], 
					"faces": {
						"north": { "texture": "#sides2", "uv": [ 0.0, 0.0, 1.0, 5.0 ], "enabled": false },
						"east": { "texture": "#sides2", "uv": [ 9.0, 0.0, 16.0, 5.0 ] },
						"south": { "texture": "#sides2", "uv": [ 0.0, 0.0, 1.0, 5.0 ], "enabled": false },
						"west": { "texture": "#inside", "uv": [ 5.0, 0.0, 12.0, 5.0 ] },
						"up": { "texture": "#sides2", "uv": [ 9.0, 0.0, 16.0, 1.0 ], "rotation": 90 },
						"down": { "texture": "#top", "uv": [ 11.0, 1.0, 12.0, 8.0 ] }
					}
				},
				{
					"name": "N",
					"from": [ -1.0, 0.0, -1.0 ], 
					"to": [ 11.0, 5.0, 0.0 ], 
					"faces": {
						"north": { "texture": "#sides1", "uv": [ 2.0, 4.0, 14.0, 9.0 ] },
						"east": { "texture": "#sides1", "uv": [ 13.0, 4.0, 14.0, 9.0 ] },
						"south": { "texture": "#inside", "uv": [ 2.0, 0.0, 14.0, 5.0 ] },
						"west": { "texture": "#sides1", "uv": [ 2.0, 4.0, 3.0, 9.0 ] },
						"up": { "texture": "#sides1", "uv": [ 0.0, 0.0, 12.0, 1.0 ] },
						"down": { "texture": "#sides1", "uv": [ 0.0, 0.0, 12.0, 1.0 ] }
					}
				},
				{
					"name": "S",
					"from": [ -1.0, 0.0, 7.0 ], 
					"to": [ 11.0, 5.0, 8.0 ], 
					"faces": {
						"north": { "texture": "#inside", "uv": [ 2.0, 0.0, 14.0, 5.0 ] },
						"east": { "texture": "#sides1", "uv": [ 2.0, 11.0, 3.0, 16.0 ] },
						"south": { "texture": "#sides1", "uv": [ 2.0, 11.0, 14.0, 16.0 ] },
						"west": { "texture": "#sides1", "uv": [ 13.0, 11.0, 14.0, 16.0 ] },
						"up": { "texture": "#top", "uv": [ 2.0, 9.5, 14.0, 10.5 ] },
						"down": { "texture": "#sides1", "uv": [ 0.0, 0.0, 12.0, 1.0 ] }
					}
				},
				{
					"name": "lid",
					"from": [ -1.0, 5.0, -1.0 ], 
					"to": [ 11.0, 6.0, 8.0 ], 
					"rotationOrigin": [ 5.0, 5.0, 0.0 ],
					"faces": {
						"north": { "texture": "#sides1", "uv": [ 2.0, 3.0, 14.0, 4.0 ] },
						"east": { "texture": "#sides2", "uv": [ 0.0, 0.0, 9.0, 1.0 ] },
						"south": { "texture": "#sides1", "uv": [ 2.0, 10.0, 14.0, 11.0 ] },
						"west": { "texture": "#sides2", "uv": [ 0.0, 0.0, 9.0, 1.0 ] },
						"up": { "texture": "#sides1", "uv": [ 2.0, 1.0, 14.0, 10.0 ] },
						"down": { "texture": "#sides2", "uv": [ 2.0, 7.0, 14.0, 16.0 ] }
					},
					"children": [
						{
							"name": "lid top",
							"from": [ 0.0, 1.0, 1.0 ], 
							"to": [ 12.0, 2.0, 8.0 ], 
							"faces": {
								"north": { "texture": "#top", "uv": [ 2.0, 0.0, 14.0, 1.0 ] },
								"east": { "texture": "#top", "uv": [ 7.0, 7.0, 14.0, 8.0 ] },
								"south": { "texture": "#top", "uv": [ 2.0, 7.0, 14.0, 8.0 ] },
								"west": { "texture": "#top", "uv": [ 3.0, 1.0, 10.0, 2.0 ] },
								"up": { "texture": "#top", "uv": [ 2.0, 2.0, 14.0, 9.0 ] },
								"down": { "texture": "#sides1", "uv": [ 0.0, 0.0, 12.0, 7.0 ], "enabled": false }
							}
						}
					]
				}
			]
		}
	],
	"animations": [
		{
			"name": "lidopen",
			"code": "lidopen",
			"quantityframes": 30,
			"onActivityStopped": "Rewind",
			"onAnimationEnd": "Hold",
			"keyframes": [
				{
					"frame": 0,
					"elements": {
						"Bottom": {  },
						"lid": { "rotationX": 0.0, "rotationY": 0.0, "rotationZ": 0.0 }
					}
				},
				{
					"frame": 29,
					"elements": {
						"Bottom": {  },
						"lid": { "rotationX": -67.5, "rotationY": 0.0, "rotationZ": 0.0 }
					}
				}
			]
		}
	]
}