{
  "code": "soulstone",
  "class": "ItemSoulstoneRM",
  "enabled": false,

  "storageFlags": 131073,

  //"variantgroups": [
  //  {
  //    "code": "type",
  //    "states": [ "lesser", "greater", "superior", "celestial" ]
  //  }
  //],

  "creativeinventory": {
    "general": [ "*" ],
    "items": [ "*" ],
    "rustboundmagic": [ "*" ]
  },

  "behaviors": [
    {
      "name": "GroundStorable",
      "properties": {
        "layout": "Quadrants",
        "collisionBox": {
          "x1": 0,
          "y1": 0,
          "z1": 0,
          "x2": 1,
          "y2": 0.125,
          "z2": 1
        }
      }
    }
  ],

  "maxstacksize": 64,
  "materialDensity": 1200,

  //"shapebytype": {
  //  "*": {
  //    "base": "items/soulstone"
  //  }
  //},
  //"texturesByType": {
  //  "*": {
  //   "default": { "base": "default" },
  //    "quartz": { "base": "blocks/soulstone/soulstonecrystal-none" },
  //    "temporal": { "base": "blocks/soulstone/soulstonecrystal-none" }
  //  }
  //},

  "shapebytype": {
    "*": {
      "base": "items/resources/dark/soulstone"
    }
  },
  "texturesByType": {
    "*": {
      "default": { "base": "default" },
      "material1": { "base": "items/resources/dark/soulstone" }
    }
  },
  "attributesByType": {
    "*": {
      "displaycaseable": true,
      "onDisplayTransform": {
        "translation": {
          "x": 0,
          "y": -0.125,
          "z": 0
        },
        "scale": 0.75
      },
      "shelvable": true,
      "onshelfTransform": {
        "translation": {
          "x": 0,
          "y": -0.125,
          "z": 0
        },
        "scale": 0.75
      },
      "groundStorageTransform": {
        "origin": {
          "x": 0.5,
          "y": 0,
          "z": 0.5
        },
        "scale": 1.5
      }//,
      //"handbook": {
      //  "extraSections": [
      //    {
      //      "title": "game:Created by",
      //      "text": "rustboundmagic:handbook-thaumicworkbenchonly-text"
      //    }
      //  ]
      //}
    }
  },



  "guiTransform": {
    "translation": {
      "x": 0,
      "y": 0,
      "z": 0
    },
    "rotation": {
      "x": 151,
      "y": -48,
      "z": 0
    },
    "origin": {
      "x": 0.507,
      "y": 0.08,
      "z": 0.5
    },
    "scale": 6
  },
  "fpHandTransform": {
    "translation": {
      "x": -0.05,
      "y": 0.04,
      "z": 0
    },
    "rotation": {
      "x": 5,
      "y": 100,
      "z": 0
    },
    "origin": {
      "x": 0.5,
      "y": -0.13,
      "z": 0.5
    },
    "scale": 3.4
  },
  "tpHandTransform": {
    "translation": {
      "x": -0.78,
      "y": -0.11,
      "z": -0.7
    },
    "rotation": {
      "x": -41,
      "y": -29,
      "z": -60
    },
    "origin": {
      "x": 0.5,
      "y": 0.09,
      "z": 0.5
    },
    "scale": 0.75
  },
  "groundTransform": {
    "translation": {
      "x": 0,
      "y": 0,
      "z": 0
    },
    "rotation": {
      "x": 0,
      "y": 0,
      "z": 0
    },
    "origin": {
      "x": 0.5,
      "y": 0,
      "z": 0.5
    },
    "scale": 4.5
  }
}
