{
  "code": "manatorch",
  "classByType": {
    "*-rustic-*": "BlockRusticManatorchRM",
    "*-light-*": "BlockLightManatorchRM",
    "*-neutral-*": "BlockNeutralManatorchRM",
    "*-dark-*": "BlockDarkManatorchRM"
  },
  //"behaviorsbyType": {
  //  "*-lit-*": [ { "name": "CanIgnite" } ]
  //},
  "entityClass": "BlockEntityManatorchRM", //"Torch",
  "enabled": true,

  "storageFlags": 131329,

  "attackRange": 2,
  "variantgroups": [
    {
      "code": "type",
      "states": [ "rustic", "neutral", "light", "dark" ]
    },
    {
      "code": "state",
      "states": [ "inert", "lit" ]
    },
    {
      "code": "orientation",
      "states": [ "up" ],
      "loadFromProperties": "abstract/horizontalorientation"
    }
  ],
  //"allowedVariants": [ "manatorch-basic-*" ],

  "heldRightTpIdleAnimationByType": {
    "*-lit-*": "holdinglanternrighthand",
    "*-inert-*": "holdinglanternrighthand"
  },
  "heldLeftTpIdleAnimationByType": {
    "*-lit-*": "holdinglanternlefthand",
    "*-inert-*": "holdinglanternlefthand"
  },
  "heldTpUseAnimationByType": {
    "*-lit-*": "interactstatic",
    "*-inert-*": "interactstatic"
  },

  "attributes": {
    "heatResistant": true,
    "transientPropsbyType": {
      "*-rustic-lit-*": {
        "convertFrom": "manatorch-*-lit-*",
        "convertTo": "manatorch-*-inert-*",
        "inGameHours": "48"
      },
      "*-neutral-lit-*": {
        "convertFrom": "manatorch-*-lit-*",
        "convertTo": "manatorch-*-inert-*",
        "inGameHours": "168"
      },
      "*-light-lit-*": {
        "convertFrom": "manatorch-*-lit-*",
        "convertTo": "manatorch-*-inert-*",
        "inGameHours": "168"
      },
      "*-dark-lit-*": {
        "convertFrom": "manatorch-*-lit-*",
        "convertTo": "manatorch-*-inert-*",
        "inGameHours": "168"
      }
    },
    "handbookByType": {
      "*-rustic-*": {
        "groupByByType": {
          "*": [ "manatorch-*" ]
        },
        "extraSections": [
          {
            "title": "game:Created by",
            "text": "rustboundmagic:handbook-thaumicworkbenchonlytier1-text"
          },
          {
            "title": "rustboundmagic:handbook-magicrechargable-title",
            "text": "rustboundmagic:handbook-magicrechargable-text"
          }
        ]
      },
      "*-neutral-*": {
        "groupByByType": {
          "*": [ "manatorch-*" ]
        },
        "extraSections": [
          {
            "title": "game:Created by",
            "text": "rustboundmagic:handbook-thaumicworkbenchneutralessenceinfusion-text"
          },
          {
            "title": "rustboundmagic:handbook-magicrechargable-title",
            "text": "rustboundmagic:handbook-magicrechargable-text"
          }
        ]
      },
      "*-light-*": {
        "groupByByType": {
          "*": [ "manatorch-*" ]
        },
        "extraSections": [
          {
            "title": "game:Created by",
            "text": "rustboundmagic:handbook-thaumicworkbenchlightessenceinfusion-text"
          },
          {
            "title": "rustboundmagic:handbook-magicrechargable-title",
            "text": "rustboundmagic:handbook-magicrechargable-text"
          }
        ]
      },
      "*-dark-*": {
        "groupByByType": {
          "*": [ "manatorch-*" ]
        },
        "extraSections": [
          {
            "title": "game:Created by",
            "text": "rustboundmagic:handbook-thaumicworkbenchdarkessenceinfusion-text"
          },
          {
            "title": "rustboundmagic:handbook-magicrechargable-title",
            "text": "rustboundmagic:handbook-magicrechargable-text"
          }
        ]
      }
    },

    "attachmentAreas": {
      "down": {
        "x1": 7,
        "y1": 15,
        "z1": 7,
        "x2": 8,
        "y2": 16,
        "z2": 8
      },
      "north": {
        "x1": 6,
        "y1": 0,
        "z1": 15,
        "x2": 10,
        "y2": 5,
        "z2": 15,
        "rotateY": 180
      },
      "east": {
        "x1": 6,
        "y1": 0,
        "z1": 15,
        "x2": 10,
        "y2": 5,
        "z2": 15,
        "rotateY": 270
      },
      "south": {
        "x1": 6,
        "y1": 0,
        "z1": 15,
        "x2": 10,
        "y2": 5,
        "z2": 15,
        "rotateY": 0
      },
      "west": {
        "x1": 6,
        "y1": 0,
        "z1": 15,
        "x2": 10,
        "y2": 5,
        "z2": 15,
        "rotateY": 90
      }
    }
  },

  "shapebytype": {
    "*-up": { "base": "blocks/lightsources/manatorch-{state}-ground" },
    "*-north": {
      "base": "blocks/lightsources/manatorch-{state}-wall",
      "rotateY": 0
    },
    "*-east": {
      "base": "blocks/lightsources/manatorch-{state}-wall",
      "rotateY": 270
    },
    "*-south": {
      "base": "blocks/lightsources/manatorch-{state}-wall",
      "rotateY": 180
    },
    "*-west": {
      "base": "blocks/lightsources/manatorch-{state}-wall",
      "rotateY": 90
    }
  },
  "texturesByType": {
    "*-lit-*": {
      "default": { "base": "default" },
      "flammable-lit": { "base": "blocks/manatorch-{type}" },
      "wood": { "base": "blocks/resources/enchantedstone/none/enchantedstone-cobblestone*" }
    },
    "*-inert-*": {
      "default": { "base": "default" },
      "flammable-lit": { "base": "blocks/manatorch-{type}" },
      "wood": { "base": "blocks/resources/enchantedstone/none/enchantedstone-cobblestone*" }
    }
  },

  "doNotRenderAtLod2": true,
  "sidesolid": {
    "all": false
  },
  "sideopaque": {
    "all": false
  },

  "creativeinventory": {
    "general": [ "*-up" ],
    "decorative": [ "*-up" ],
    "rustboundmagic": [ "*-up" ]
  },

  "replaceable": 5001,
  "resistance": 0,
  "lightAbsorption": 0,

  "lightHsvByType": {
    "*-rustic-lit-*": [ 1, 4, 10 ],
    "*-neutral-lit-*": [ 32, 7, 14 ],
    "*-light-lit-*": [ 0, 0, 14 ],
    "*-dark-lit-*": [ 50, 7, 14 ]
  },

  "particlePropertiesbyType": {
    "*-rustic-lit-*": [
      {
        "__comment": "Ember cubicles",
        "hsvaColor": [
          {
            "avg": 25,
            "var": 10
          },
          {
            "avg": 255,
            "var": 20
          },
          {
            "avg": 70,
            "var": 10
          },
          {
            "avg": 255,
            "var": 0
          }
        ],
        "gravityEffect": {
          "dist": "invexp",
          "avg": -0.07,
          "var": 0.4
        },
        "posOffsetByType": {
          "*-lit-up": [
            {
              "avg": 0,
              "var": 0.1
            },
            {
              "avg": -0.2,
              "var": 0
            },
            {
              "avg": 0,
              "var": 0.1
            }
          ],
          "*-lit-north": [
            {
              "avg": 0,
              "var": 0.1
            },
            {
              "avg": -0.23,
              "var": 0
            },
            {
              "avg": -0.09,
              "var": 0.1
            }
          ],
          "*-lit-east": [
            {
              "avg": 0.09,
              "var": 0.1
            },
            {
              "avg": -0.23,
              "var": 0
            },
            {
              "avg": 0,
              "var": 0.1
            }
          ],
          "*-lit-south": [
            {
              "avg": 0,
              "var": 0.1
            },
            {
              "avg": -0.23,
              "var": 0
            },
            {
              "avg": 0.09,
              "var": 0.1
            }
          ],
          "*-lit-west": [
            {
              "avg": -0.09,
              "var": 0.1
            },
            {
              "avg": -0.23,
              "var": 0
            },
            {
              "avg": 0,
              "var": 0.1
            }
          ]
        },
        "velocity": [
          {
            "avg": 0,
            "var": 0.15
          },
          {
            "avg": 0.5,
            "var": 0.1
          },
          {
            "avg": 0,
            "var": 0.15
          }
        ],
        "quantity": { "avg": 0.015 },
        "size": {
          "avg": 0.4,
          "var": 0
        },
        "sizeEvolve": {
          "transform": "quadratic",
          "factor": -0.7
        },
        "lifeLength": { "avg": 1.5 },
        "vertexFlags": 128,
        "windAffectednes": 0.2
      },
      {
        "__comment": "Fire quads",
        "hsvaColor": [
          {
            "avg": 25,
            "var": 5
          },
          {
            "avg": 255,
            "var": 50
          },
          {
            "avg": 70,
            "var": 10
          },
          {
            "avg": 255,
            "var": 0
          }
        ],
        "opacityEvolve": {
          "transform": "quadratic",
          "factor": -16
        },
        "gravityEffect": {
          "avg": 0,
          "var": 0
        },
        "posOffsetByType": {
          "*-lit-up": [
            {
              "avg": 0,
              "var": 0.12
            },
            {
              "avg": -0.2,
              "var": 0
            },
            {
              "avg": 0,
              "var": 0.12
            }
          ],
          "*-lit-north": [
            {
              "avg": 0,
              "var": 0.12
            },
            {
              "avg": -0.23,
              "var": 0
            },
            {
              "avg": -0.09,
              "var": 0.12
            }
          ],
          "*-lit-east": [
            {
              "avg": 0.09,
              "var": 0.12
            },
            {
              "avg": -0.23,
              "var": 0
            },
            {
              "avg": 0,
              "var": 0.12
            }
          ],
          "*-lit-south": [
            {
              "avg": 0,
              "var": 0.12
            },
            {
              "avg": -0.23,
              "var": 0
            },
            {
              "avg": 0.09,
              "var": 0.12
            }
          ],
          "*-lit-west": [
            {
              "avg": -0.09,
              "var": 0.12
            },
            {
              "avg": -0.23,
              "var": 0
            },
            {
              "avg": 0,
              "var": 0.12
            }
          ]
        },
        "velocity": [
          {
            "avg": 0,
            "var": 0.025
          },
          {
            "avg": 0.18,
            "var": 0.07
          },
          {
            "avg": 0,
            "var": 0.025
          }
        ],
        "quantity": { "avg": 1 },
        "size": {
          "avg": 0.25,
          "var": 0.05
        },
        "lifeLength": { "avg": 0.25 },
        "sizeEvolve": {
          "transform": "linear",
          "factor": 0.25
        },
        "particleModel": "Quad",
        "vertexFlags": 128,
        "windAffectednes": 0.5
      }
    ],

    "*-neutral-lit-*": [
      {
        "__comment": "Ember cubicles",
        "hsvaColor": [
          {
            "avg": 150,
            "var": 20
          },
          {
            "avg": 195,
            "var": 50
          },
          {
            "avg": 155,
            "var": 50
          },
          {
            "avg": 255,
            "var": 0
          }
        ],
        "gravityEffect": {
          "dist": "invexp",
          "avg": -0.07,
          "var": 0.4
        },
        "posOffsetByType": {
          "*-lit-up": [
            {
              "avg": 0,
              "var": 0.1
            },
            {
              "avg": -0.2,
              "var": 0
            },
            {
              "avg": 0,
              "var": 0.1
            }
          ],
          "*-lit-north": [
            {
              "avg": 0,
              "var": 0.1
            },
            {
              "avg": -0.23,
              "var": 0
            },
            {
              "avg": -0.09,
              "var": 0.1
            }
          ],
          "*-lit-east": [
            {
              "avg": 0.09,
              "var": 0.1
            },
            {
              "avg": -0.23,
              "var": 0
            },
            {
              "avg": 0,
              "var": 0.1
            }
          ],
          "*-lit-south": [
            {
              "avg": 0,
              "var": 0.1
            },
            {
              "avg": -0.23,
              "var": 0
            },
            {
              "avg": 0.09,
              "var": 0.1
            }
          ],
          "*-lit-west": [
            {
              "avg": -0.09,
              "var": 0.1
            },
            {
              "avg": -0.23,
              "var": 0
            },
            {
              "avg": 0,
              "var": 0.1
            }
          ]
        },
        "velocity": [
          {
            "avg": 0,
            "var": 0.15
          },
          {
            "avg": 0.5,
            "var": 0.1
          },
          {
            "avg": 0,
            "var": 0.15
          }
        ],
        "quantity": { "avg": 0.015 },
        "size": {
          "avg": 0.4,
          "var": 0
        },
        "sizeEvolve": {
          "transform": "quadratic",
          "factor": -0.7
        },
        "lifeLength": { "avg": 1.5 },
        "vertexFlags": 128,
        "windAffectednes": 0.2
      },
      {
        "__comment": "Fire quads",
        "hsvaColor": [
          {
            "avg": 150,
            "var": 20
          },
          {
            "avg": 195,
            "var": 50
          },
          {
            "avg": 155,
            "var": 50
          },
          {
            "avg": 255,
            "var": 0
          }
        ],
        "opacityEvolve": {
          "transform": "quadratic",
          "factor": -16
        },
        "gravityEffect": {
          "avg": 0,
          "var": 0
        },
        "posOffsetByType": {
          "*-lit-up": [
            {
              "avg": 0,
              "var": 0.12
            },
            {
              "avg": -0.2,
              "var": 0
            },
            {
              "avg": 0,
              "var": 0.12
            }
          ],
          "*-lit-north": [
            {
              "avg": 0,
              "var": 0.12
            },
            {
              "avg": -0.23,
              "var": 0
            },
            {
              "avg": -0.09,
              "var": 0.12
            }
          ],
          "*-lit-east": [
            {
              "avg": 0.09,
              "var": 0.12
            },
            {
              "avg": -0.23,
              "var": 0
            },
            {
              "avg": 0,
              "var": 0.12
            }
          ],
          "*-lit-south": [
            {
              "avg": 0,
              "var": 0.12
            },
            {
              "avg": -0.23,
              "var": 0
            },
            {
              "avg": 0.09,
              "var": 0.12
            }
          ],
          "*-lit-west": [
            {
              "avg": -0.09,
              "var": 0.12
            },
            {
              "avg": -0.23,
              "var": 0
            },
            {
              "avg": 0,
              "var": 0.12
            }
          ]
        },
        "velocity": [
          {
            "avg": 0,
            "var": 0.025
          },
          {
            "avg": 0.18,
            "var": 0.07
          },
          {
            "avg": 0,
            "var": 0.025
          }
        ],
        "quantity": { "avg": 1 },
        "size": {
          "avg": 0.25,
          "var": 0.05
        },
        "lifeLength": { "avg": 0.25 },
        "sizeEvolve": {
          "transform": "linear",
          "factor": 0.25
        },
        "particleModel": "Quad",
        "vertexFlags": 128,
        "windAffectednes": 0.5
      }
    ],
    "*-light-lit-*": [
      {
        "__comment": "Ember cubicles",
        "hsvaColor": [
          {
            "avg": 250,
            "var": 20
          },
          {
            "avg": 15,
            "var": 50
          },
          {
            "avg": 155,
            "var": 50
          },
          {
            "avg": 255,
            "var": 0
          }
        ],
        "gravityEffect": {
          "dist": "invexp",
          "avg": -0.07,
          "var": 0.4
        },
        "posOffsetByType": {
          "*-lit-up": [
            {
              "avg": 0,
              "var": 0.1
            },
            {
              "avg": -0.2,
              "var": 0
            },
            {
              "avg": 0,
              "var": 0.1
            }
          ],
          "*-lit-north": [
            {
              "avg": 0,
              "var": 0.1
            },
            {
              "avg": -0.23,
              "var": 0
            },
            {
              "avg": -0.09,
              "var": 0.1
            }
          ],
          "*-lit-east": [
            {
              "avg": 0.09,
              "var": 0.1
            },
            {
              "avg": -0.23,
              "var": 0
            },
            {
              "avg": 0,
              "var": 0.1
            }
          ],
          "*-lit-south": [
            {
              "avg": 0,
              "var": 0.1
            },
            {
              "avg": -0.23,
              "var": 0
            },
            {
              "avg": 0.09,
              "var": 0.1
            }
          ],
          "*-lit-west": [
            {
              "avg": -0.09,
              "var": 0.1
            },
            {
              "avg": -0.23,
              "var": 0
            },
            {
              "avg": 0,
              "var": 0.1
            }
          ]
        },
        "velocity": [
          {
            "avg": 0,
            "var": 0.15
          },
          {
            "avg": 0.5,
            "var": 0.1
          },
          {
            "avg": 0,
            "var": 0.15
          }
        ],
        "quantity": { "avg": 0.015 },
        "size": {
          "avg": 0.4,
          "var": 0
        },
        "sizeEvolve": {
          "transform": "quadratic",
          "factor": -0.7
        },
        "lifeLength": { "avg": 1.5 },
        "vertexFlags": 128,
        "windAffectednes": 0.2
      },
      {
        "__comment": "Fire quads",
        "hsvaColor": [
          {
            "avg": 250,
            "var": 20
          },
          {
            "avg": 15,
            "var": 50
          },
          {
            "avg": 155,
            "var": 50
          },
          {
            "avg": 255,
            "var": 0
          }
        ],
        "opacityEvolve": {
          "transform": "quadratic",
          "factor": -16
        },
        "gravityEffect": {
          "avg": 0,
          "var": 0
        },
        "posOffsetByType": {
          "*-lit-up": [
            {
              "avg": 0,
              "var": 0.12
            },
            {
              "avg": -0.2,
              "var": 0
            },
            {
              "avg": 0,
              "var": 0.12
            }
          ],
          "*-lit-north": [
            {
              "avg": 0,
              "var": 0.12
            },
            {
              "avg": -0.23,
              "var": 0
            },
            {
              "avg": -0.09,
              "var": 0.12
            }
          ],
          "*-lit-east": [
            {
              "avg": 0.09,
              "var": 0.12
            },
            {
              "avg": -0.23,
              "var": 0
            },
            {
              "avg": 0,
              "var": 0.12
            }
          ],
          "*-lit-south": [
            {
              "avg": 0,
              "var": 0.12
            },
            {
              "avg": -0.23,
              "var": 0
            },
            {
              "avg": 0.09,
              "var": 0.12
            }
          ],
          "*-lit-west": [
            {
              "avg": -0.09,
              "var": 0.12
            },
            {
              "avg": -0.23,
              "var": 0
            },
            {
              "avg": 0,
              "var": 0.12
            }
          ]
        },
        "velocity": [
          {
            "avg": 0,
            "var": 0.025
          },
          {
            "avg": 0.18,
            "var": 0.07
          },
          {
            "avg": 0,
            "var": 0.025
          }
        ],
        "quantity": { "avg": 1 },
        "size": {
          "avg": 0.25,
          "var": 0.05
        },
        "lifeLength": { "avg": 0.25 },
        "sizeEvolve": {
          "transform": "linear",
          "factor": 0.25
        },
        "particleModel": "Quad",
        "vertexFlags": 128,
        "windAffectednes": 0.5
      }
    ],
    "*-dark-lit-*": [
      {
        "__comment": "Ember cubicles",
        "hsvaColor": [
          {
            "avg": 210,
            "var": 20
          },
          {
            "avg": 155,
            "var": 50
          },
          {
            "avg": 155,
            "var": 50
          },
          {
            "avg": 255,
            "var": 0
          }
        ],
        "gravityEffect": {
          "dist": "invexp",
          "avg": -0.07,
          "var": 0.4
        },
        "posOffsetByType": {
          "*-lit-up": [
            {
              "avg": 0,
              "var": 0.1
            },
            {
              "avg": -0.2,
              "var": 0
            },
            {
              "avg": 0,
              "var": 0.1
            }
          ],
          "*-lit-north": [
            {
              "avg": 0,
              "var": 0.1
            },
            {
              "avg": -0.23,
              "var": 0
            },
            {
              "avg": -0.09,
              "var": 0.1
            }
          ],
          "*-lit-east": [
            {
              "avg": 0.09,
              "var": 0.1
            },
            {
              "avg": -0.23,
              "var": 0
            },
            {
              "avg": 0,
              "var": 0.1
            }
          ],
          "*-lit-south": [
            {
              "avg": 0,
              "var": 0.1
            },
            {
              "avg": -0.23,
              "var": 0
            },
            {
              "avg": 0.09,
              "var": 0.1
            }
          ],
          "*-lit-west": [
            {
              "avg": -0.09,
              "var": 0.1
            },
            {
              "avg": -0.23,
              "var": 0
            },
            {
              "avg": 0,
              "var": 0.1
            }
          ]
        },
        "velocity": [
          {
            "avg": 0,
            "var": 0.15
          },
          {
            "avg": 0.5,
            "var": 0.1
          },
          {
            "avg": 0,
            "var": 0.15
          }
        ],
        "quantity": { "avg": 0.015 },
        "size": {
          "avg": 0.4,
          "var": 0
        },
        "sizeEvolve": {
          "transform": "quadratic",
          "factor": -0.7
        },
        "lifeLength": { "avg": 1.5 },
        "vertexFlags": 128,
        "windAffectednes": 0.2
      },
      {
        "__comment": "Fire quads",
        "hsvaColor": [
          {
            "avg": 210,
            "var": 20
          },
          {
            "avg": 155,
            "var": 50
          },
          {
            "avg": 155,
            "var": 50
          },
          {
            "avg": 255,
            "var": 0
          }
        ],
        "opacityEvolve": {
          "transform": "quadratic",
          "factor": -16
        },
        "gravityEffect": {
          "avg": 0,
          "var": 0
        },
        "posOffsetByType": {
          "*-lit-up": [
            {
              "avg": 0,
              "var": 0.12
            },
            {
              "avg": -0.2,
              "var": 0
            },
            {
              "avg": 0,
              "var": 0.12
            }
          ],
          "*-lit-north": [
            {
              "avg": 0,
              "var": 0.12
            },
            {
              "avg": -0.23,
              "var": 0
            },
            {
              "avg": -0.09,
              "var": 0.12
            }
          ],
          "*-lit-east": [
            {
              "avg": 0.09,
              "var": 0.12
            },
            {
              "avg": -0.23,
              "var": 0
            },
            {
              "avg": 0,
              "var": 0.12
            }
          ],
          "*-lit-south": [
            {
              "avg": 0,
              "var": 0.12
            },
            {
              "avg": -0.23,
              "var": 0
            },
            {
              "avg": 0.09,
              "var": 0.12
            }
          ],
          "*-lit-west": [
            {
              "avg": -0.09,
              "var": 0.12
            },
            {
              "avg": -0.23,
              "var": 0
            },
            {
              "avg": 0,
              "var": 0.12
            }
          ]
        },
        "velocity": [
          {
            "avg": 0,
            "var": 0.025
          },
          {
            "avg": 0.18,
            "var": 0.07
          },
          {
            "avg": 0,
            "var": 0.025
          }
        ],
        "quantity": { "avg": 1 },
        "size": {
          "avg": 0.25,
          "var": 0.05
        },
        "lifeLength": { "avg": 0.25 },
        "sizeEvolve": {
          "transform": "linear",
          "factor": 0.25
        },
        "particleModel": "Quad",
        "vertexFlags": 128,
        "windAffectednes": 0.5
      }
    ] //,
    // Red
    //"hsvaColor": [
    //  {
    //    "avg": 0,
    //    "var": 20
    //  },
    //  {
    //    "avg": 195,
    //    "var": 50
    //  },
    //  {
    //    "avg": 155,
    //    "var": 50
    //  },
    //  {
    //    "avg": 255,
    //    "var": 0
    //  }
    //]
  },

  "collisionbox": null,
  "selectionboxbytype": {
    "*-up": {
      "x1": 0.375,
      "y1": 0,
      "z1": 0.375,
      "x2": 0.625,
      "y2": 0.8875,
      "z2": 0.625
    },
    "*-east": {
      "x1": 0.4,
      "y1": 0.1875,
      "z1": 0.5625,
      "x2": 0.6125,
      "y2": 0.9,
      "z2": 1,
      "rotateY": 270
    },
    "*-south": {
      "x1": 0.4,
      "y1": 0.1875,
      "z1": 0.5625,
      "x2": 0.6125,
      "y2": 0.9,
      "z2": 1,
      "rotateY": 180
    },
    "*-west": {
      "x1": 0.4,
      "y1": 0.1875,
      "z1": 0.5625,
      "x2": 0.6125,
      "y2": 0.9,
      "z2": 1,
      "rotateY": 90
    },
    "*-north": {
      "x1": 0.4,
      "y1": 0.1875,
      "z1": 0.5625,
      "x2": 0.6125,
      "y2": 0.9,
      "z2": 1,
      "rotateY": 0
    }
  },

  "blockmaterial": "Other",
  "maxstacksize": 32,

  "fpHandTransform": {
    "translation": {
      "x": 0,
      "y": 0,
      "z": 0
    },
    "rotation": {
      "x": 17,
      "y": 38,
      "z": -33
    },
    "scale": 1.5
  },
  "guiTransform": {
    "rotation": {
      "x": -47,
      "y": 30,
      "z": 15
    },
    "origin": {
      "x": 0.5,
      "y": 0.46,
      "z": 0.5
    },
    "scale": 2.02
  },
  "tpHandTransform": {
    "translation": {
      "x": -0.7,
      "y": 0.05,
      "z": -0.9
    },
    "rotation": {
      "x": 0,
      "y": 179,
      "z": 86
    },
    "origin": {
      "x": 0.5,
      "y": 0,
      "z": 0.5
    },
    "scale": 0.55
  },
  "tpOffHandTransform": {
    "translation": {
      "x": -0.7,
      "y": 0.05,
      "z": -0.9
    },
    "rotation": {
      "x": 0,
      "y": 179,
      "z": 86
    },
    "origin": {
      "x": 0.5,
      "y": 0,
      "z": 0.5
    },
    "scale": 0.55
  },
  "groundTransform": {
    "translation": {
      "x": 0,
      "y": 0,
      "z": 0
    },
    "rotation": {
      "x": 0,
      "y": -1,
      "z": 90
    },
    "origin": {
      "x": 0.44,
      "y": 0.25,
      "z": 0.5
    },
    "scale": 2.8
  },
  "sounds": {
    "place": "game:block/planks",
    "break": "game:block/planks",
    "hit": "game:block/planks"
  },
  "heldSoundsbyType": {
    "*-lit-*": {
      "idle": "game:held/torch-idle",
      "equip": "game:held/torch-equip",
      "unequip": "game:held/torch-unequip",
      "attack": "game:held/torch-attack"
    }
  },
  "rainPermeable": true,
  "materialDensity": 600
}