[
    {
        "Ingredients": [
            {
                "type": "item",
                "code": "hydrateordiedrate:rainwaterportion",
                "quantity": 50
            },
            {
                "type": "item",
                "code": "expandedfoods:fishnugget-raw",
                "quantity": 1
            }
        ],
        "Simmering": {
            "meltingPoint": 200,
            "meltingDuration": 110,
            "smeltedRatio": 1,
            "smeltingType": "bake",
            "smeltedStack": {
                "type": "item",
                "code": "expandedfoods:fishnugget-cooked",
                "quantity": 1
            },
            "requiresContainer": false
        }
    },
    {
        "Ingredients": [
            {
                "type": "item",
                "code": "hydrateordiedrate:rainwaterportion",
                "quantity": 50
            },
            {
                "type": "item",
                "code": "expandedfoods:fishnugget-cookedpartbaked",
                "quantity": 1
            }
        ],
        "Simmering": {
            "meltingPoint": 200,
            "meltingDuration": 110,
            "smeltedRatio": 1,
            "smeltingType": "bake",
            "smeltedStack": {
                "type": "item",
                "code": "expandedfoods:fishnugget-cooked",
                "quantity": 1
            },
            "requiresContainer": false
        }
    },
    {
        "Ingredients": [
            {
                "type": "item",
                "code": "hydrateordiedrate:rainwaterportion",
                "quantity": 50
            },
            {
                "type": "item",
                "code": "expandedfoods:fishnugget-smashed",
                "quantity": 1
            }
        ],
        "Simmering": {
            "meltingPoint": 200,
            "meltingDuration": 110,
            "smeltedRatio": 1,
            "smeltingType": "bake",
            "smeltedStack": {
                "type": "item",
                "code": "expandedfoods:fishnugget-tender",
                "quantity": 1
            },
            "requiresContainer": false
        }
    },
    {
        "Ingredients": [
            {
                "type": "item",
                "code": "hydrateordiedrate:rainwaterportion",
                "quantity": 50
            },
            {
                "type": "item",
                "code": "expandedfoods:fishnugget-tenderpartbaked",
                "quantity": 1
            }
        ],
        "Simmering": {
            "meltingPoint": 200,
            "meltingDuration": 110,
            "smeltedRatio": 1,
            "smeltingType": "bake",
            "smeltedStack": {
                "type": "item",
                "code": "expandedfoods:fishnugget-tender",
                "quantity": 1
            },
            "requiresContainer": false
        }
    }
]