﻿{
  "code": "summonedobject",
  "classByType": {
    "*": "ItemSummonedObjectRM"
  },
  "enabled": true,

  "storageFlags": 2,

  "variantgroups": [
    {
      "code": "glyphs",
      "states": [ "none" ],
      "loadFromProperties": "rustboundmagic:abstract/glyphs"
    },
    {
      "code": "state",
      "states": [ "unstable", "permanent", "admin" ]
    }
  ],
  "allowedVariants": [ "*-bag1-*" ],
  "skipVariants": [ "*-permanent", "*-admin" ],

  "behaviors": [
    {
      "name": "GroundStorable",
      "properties": {
        "layout": "SingleCenter",
        "collisionBox": {
          "x1": 0.25,
          "y1": 0,
          "z1": 0.25,
          "x2": 0.75,
          "y2": 0.375,
          "z2": 0.75
        }
      }
    },
    { "name": "HeldBag" }
  ],

  "attributesByType": {
    "*": {
      "backpack": {
        "quantitySlots": 32,
        "slotBgColor": "#797979"
      },
      "handbookByType": {
        "*": {
          "groupBy": [ "summonedobject-*" ],
          "extraSections": [
            {
              "title": "game:Created by",
              "text": "rustboundmagic:handbook-thaumicworkbenchonlytier1-text"
            },
            {
              "title": "rustboundmagic:handbook-magictooluse-title",
              "text": "rustboundmagic:handbook-toolusespellcastingsinglespell-text"
            }
          ]
        }
      }
    }
  },

  "creativeinventory": {
    "general": [ "*" ],
    "items": [ "*" ],
    "tools": [ "*" ],
    "rustboundmagicequipment": [ "*" ]
  },

  "maxstacksize": 1,
  "materialDensity": 1200,

  "shapeByType": {
    "*": { "base": "items/spells/summoneditems/{glyphs}" }
  },
  "texturesByType": {
    "*-bag1-*": {
      "default": { "base": "default" },
      "string": { "base": "items/resources/shiftingfibers" },
      "handle": { "base": "items/spells/summoneditems/tier0-handle" },
      "material": { "base": "items/spells/summoneditems/tier3-metal" }
    }
  },

  "transitionablePropsByType": {
    "*-unstable": [
      {
        "type": "Harden",
        "freshHours": { "avg": 0 },
        "transitionHours": { "avg": 96 },
        "transitionedStack": {
          "type": "item",
          "code": "game:rot"
        },
        "transitionRatio": 0
      }
    ]
  },

  "guiTransformByType": {
    "*": {
      "translation": {
        "x": 3,
        "y": -1,
        "z": 0
      },
      "rotation": {
        "x": -20,
        "y": 21,
        "z": 180
      },
      "origin": {
        "x": 0.5,
        "y": 0.22,
        "z": 0.5
      },
      "scale": 3.3
    }
  },
  "groundTransformByType": {
    "*": {
      "translation": {
        "x": 0,
        "y": 0,
        "z": 0
      },
      "rotation": {
        "x": 180,
        "y": 33,
        "z": -180
      },
      "origin": {
        "x": 0.5,
        "y": 0,
        "z": 0.5
      },
      "scale": 4.4
    }
  },
  "fpHandTransformByType": {
    "*": {
      "translation": {
        "x": 0,
        "y": 0,
        "z": 0.2
      },
      "rotation": {
        "x": 20,
        "y": -73,
        "z": 10
      },
      "scale": 2.5
    }
  },
  "tpHandTransformByType": {
    "*": {
      "translation": {
        "x": -0.48,
        "y": -0.31,
        "z": -0.54
      },
      "rotation": {
        "x": -7,
        "y": 0,
        "z": 1
      },
      "scale": 1.07
    }
  }
}