{
  "code": "berrymush",
  "maxstacksize": 64,
  "behaviors": [ { name: "GroundStorable", properties: { layout: 'Quadrants', collisionBox: { x1: 0, y1: 0, z1: 0, x2: 1, y2: 0.125, z2: 1 } } }
  ],
  "variantgroups": [
    { code: "type", states: ["cloudberrymush"] }
  ],
  "materialDensityByType": {
    "*": 600
  },
  "attributes": {
    "foodTags": ["{fruit}"],
    "inContainerTexture": {
      "base": "wildcraftfruit:block/food/pie/fill-cloudberry"
    },
    "storageFlags": 33,
    "nutritionPropsWhenInMealByType": {
    "*-cloudberrymush": {
      "satiety": 100,
      "foodcategory": "Fruit"
    }
    },
	"groundStorageTransform": {
			translation: { x: 0, y: -0.25, z: 0 },
			scale: 0.5
		},
    "juiceablePropertiesByType": {
      "*": {
				  "litresPerItem": 0.3125,
				  "liquidStack": { "type": "item", "code": "wildcraftfruit:juiceportion-cloudberry", "stacksize": 1 },
				  "pressedStack": { "type": "item", "code": "wildcraftfruit:pressedmash-cloudberry", "stacksize": 1 }
      }
    }
  },
  "shapebytype": {
    "*": { "base": "wildcraftfruit:item/fruit/cloudberrymush" }
  },
  "textureByType": {
    "*": null
  },
  "nutritionPropsByType": {
    "*-cloudberrymush": {
      "satiety": 80,
      "foodcategory": "Fruit"
    }
  },
  "transitionablePropsByType": {
    "*-cloudberrymush": [
      {
        "type": "Perish",
        "freshHours": { "avg": 48 },
        "transitionHours": { "avg": 12 },
        "transitionedStack": {
          "type": "item",
          "code": "game:rot"
        },
        "transitionRatio": 0.25
      }
    ]
  },
  "guiTransformByType": {
	"*-cloudberrymush": {
        translation: { x: 0, y: 0, z: 0 },
        rotation: { x: 143, y: 30, z: 6 },
        origin: { x: 0.46, y: 0.04, z: 0.55 },
        scale: 2.4
	}
  },
  "fpHandTransformByType": {
	"*-cloudberrymush": {
		"translation": { "x": 0, "y": 0, "z": 0 },
		"rotation": { "x": 9, "y": -161, "z": 2 },
		"origin": { "x": 0.5, "y": 0.3, "z": 0.5 },
		"scale": 1.26
	}
	},
	tpHandTransformByType: {
		"*-cloudberrymush": {
			"translation": { "x": -0.1, "y": -1.45, "z": -1.3 },
			"rotation": { "x": 116, "y": -4, "z": -69 },
			"origin": { "x": -0.1, "y": 0.4, "z": 0.7 },
			"scale": 0.32
		}
	},
	"groundTransformByType": {
		"*-cloudberrymush": {
			"translation": { "x": 0, "y": 0, "z": 0 },
			"rotation": { "x": 0, "y": 0, "z": 0 },
			"origin": { "x": 0.47, "y": 0, "z": 0.5 },
			"scale": 2.26
		}
    },
	heldTpIdleAnimationByType: {
		"*-cloudberrymush": "holdbothhands"
	},
	heldRightReadyAnimationByType: {
		"*-cloudberrymush": "holdbothhands"
	},
}
