{
	"editor": {
		"collapsedPaths": "Root/origin/handle,Root/origin/Pick",
		"allAngles": false,
		"entityTextureMode": false
	},
	"textureWidth": 16,
	"textureHeight": 16,
	"textureSizes": {
	},
	"textures": {
	},
	"elements": [
		{
			"name": "origin",
			"from": [ 10.0, 0.5, 7.7 ],
			"to": [ 10.0, 0.5, 7.7 ],
			"rotationOrigin": [ 8.0, 0.0, 8.0 ],
			"faces": {
				"north": { "texture": "#metal", "uv": [ 0.0, 0.0, 0.5, 0.5 ] },
				"east": { "texture": "#metal", "uv": [ 0.0, 0.0, 0.5, 0.5 ] },
				"south": { "texture": "#metal", "uv": [ 0.0, 0.0, 0.5, 0.5 ] },
				"west": { "texture": "#metal", "uv": [ 0.0, 0.0, 0.5, 0.5 ] },
				"up": { "texture": "#metal", "uv": [ 0.0, 0.0, 0.5, 0.5 ] },
				"down": { "texture": "#metal", "uv": [ 0.0, 0.0, 0.5, 0.5 ] }
			},
			"children": [
				{
					"name": "handle",
					"from": [ -8.5, -0.5, -0.5 ],
					"to": [ 7.5, 1.0, 1.0 ],
					"rotationOrigin": [ -9.5, -8.0, 0.0 ],
					"faces": {
						"north": { "texture": "#handle", "uv": [ 0.0, 5.5, 16.0, 7.0 ] },
						"east": { "texture": "#handle", "uv": [ 0.5, 0.5, 2.0, 2.0 ] },
						"south": { "texture": "#handle", "uv": [ 0.0, 10.5, 16.0, 12.0 ] },
						"west": { "texture": "#handle", "uv": [ 14.0, 10.0, 15.5, 11.5 ], "windMode": [-1,-1,-1,-1] },
						"up": { "texture": "#handle", "uv": [ 0.0, 4.5, 16.0, 6.0 ] },
						"down": { "texture": "#handle", "uv": [ 0.0, 5.0, 16.0, 6.5 ] }
					},
					"children": [
						{
							"name": "handle2",
							"from": [ -16.0, 0.0, 0.0 ],
							"to": [ 0.0, 1.5, 1.5 ],
							"rotationOrigin": [ -17.0, -7.5, 0.5 ],
							"faces": {
								"north": { "texture": "#handle", "uv": [ 0.0, 5.5, 16.0, 7.0 ] },
								"east": { "texture": "#handle", "uv": [ 0.5, 0.5, 2.0, 2.0 ] },
								"south": { "texture": "#handle", "uv": [ 0.0, 10.5, 16.0, 12.0 ] },
								"west": { "texture": "#handle", "uv": [ 14.0, 10.0, 15.5, 11.5 ] },
								"up": { "texture": "#handle", "uv": [ 0.0, 4.5, 16.0, 6.0 ] },
								"down": { "texture": "#handle", "uv": [ 0.0, 5.0, 16.0, 6.5 ] }
							}
						}
					]
				},
				{
					"name": "Pick",
					"from": [ 5.8, -0.15, -3.3 ],
					"to": [ 7.0, 0.65, -0.8 ],
					"rotationOrigin": [ 6.8, -0.2, -0.3 ],
					"faces": {
						"north": { "texture": "#metal", "uv": [ 1.0, 5.0, 2.0, 5.5 ] },
						"east": { "texture": "#metal", "uv": [ 2.0, 5.0, 4.5, 5.5 ] },
						"south": { "texture": "#metal", "uv": [ 2.0, 7.0, 3.0, 7.5 ] },
						"west": { "texture": "#metal", "uv": [ 2.0, 6.0, 4.5, 6.5 ] },
						"up": { "texture": "#metal", "uv": [ 7.0, 3.5, 8.0, 6.0 ] },
						"down": { "texture": "#metal", "uv": [ 3.0, 3.0, 4.0, 5.5 ] }
					},
					"children": [
						{
							"name": "Pick Midsection",
							"from": [ 0.4, 0.25, -1.5 ],
							"to": [ 1.1, 0.55, 0.0 ],
							"rotationOrigin": [ 0.9, 0.7, 0.5 ],
							"rotationY": 10.0,
							"faces": {
								"north": { "texture": "#metal", "uv": [ 0.0, 0.0, 0.5, 0.5 ] },
								"east": { "texture": "#metal", "uv": [ 0.0, 0.0, 1.5, 0.5 ] },
								"south": { "texture": "#metal", "uv": [ 0.0, 0.0, 0.5, 0.5 ] },
								"west": { "texture": "#metal", "uv": [ 0.0, 0.0, 1.5, 0.5 ] },
								"up": { "texture": "#metal", "uv": [ 0.0, 0.0, 0.5, 1.5 ] },
								"down": { "texture": "#metal", "uv": [ 0.0, 0.0, 0.5, 1.5 ] }
							}
						},
						{
							"name": "Pick Tip",
							"from": [ 0.2, 0.255, -2.8 ],
							"to": [ 0.4, 0.545, -1.3 ],
							"rotationOrigin": [ 0.7, 0.8, -1.8 ],
							"rotationY": 15.0,
							"faces": {
								"north": { "texture": "#metal", "uv": [ 0.0, 0.0, 0.5, 0.5 ] },
								"east": { "texture": "#metal", "uv": [ 0.0, 0.0, 1.5, 0.5 ] },
								"south": { "texture": "#metal", "uv": [ 0.0, 0.0, 0.5, 0.5 ] },
								"west": { "texture": "#metal", "uv": [ 0.0, 0.0, 1.5, 0.5 ] },
								"up": { "texture": "#metal", "uv": [ 0.0, 0.0, 0.5, 1.5 ] },
								"down": { "texture": "#metal", "uv": [ 0.0, 0.0, 0.5, 1.5 ] }
							}
						}
					]
				},
				{
					"name": "Hammer",
					"from": [ 6.0, -0.2, 1.5 ],
					"to": [ 6.8, 0.6, 3.3 ],
					"rotationOrigin": [ 7.0, -0.2, 4.5 ],
					"faces": {
						"north": { "texture": "#metal", "uv": [ 1.0, 5.0, 1.5, 5.5 ] },
						"east": { "texture": "#metal", "uv": [ 2.0, 5.0, 3.5, 5.5 ] },
						"south": { "texture": "#metal", "uv": [ 2.0, 7.0, 2.5, 7.5 ] },
						"west": { "texture": "#metal", "uv": [ 2.0, 6.0, 3.5, 6.5 ] },
						"up": { "texture": "#metal", "uv": [ 5.5, 11.0, 7.0, 11.5 ], "rotation": 90 },
						"down": { "texture": "#metal", "uv": [ 3.0, 3.0, 3.5, 4.5 ] }
					}
				},
				{
					"name": "Head",
					"from": [ 5.4, -0.8, -1.0 ],
					"to": [ 7.4, 1.2, 1.5 ],
					"rotationOrigin": [ 5.4, -0.8, -1.0 ],
					"faces": {
						"north": { "texture": "#metal", "uv": [ 7.0, 3.0, 9.0, 5.0 ] },
						"east": { "texture": "#metal", "uv": [ 1.0, 2.0, 3.5, 4.0 ] },
						"south": { "texture": "#metal", "uv": [ 6.0, 4.0, 8.0, 6.0 ] },
						"west": { "texture": "#metal", "uv": [ 6.0, 2.0, 8.5, 4.0 ] },
						"up": { "texture": "#metal", "uv": [ 6.0, 7.5, 8.5, 9.5 ], "rotation": 90 },
						"down": { "texture": "#metal", "uv": [ 4.0, 3.0, 6.0, 5.5 ] }
					},
					"children": [
						{
							"name": "Haft Reinforcement",
							"from": [ -5.3, 0.25, 0.85 ],
							"to": [ 0.0, 1.85, 1.65 ],
							"rotationOrigin": [ -5.3, 0.1, 0.8 ],
							"faces": {
								"north": { "texture": "#metal2", "uv": [ 7.0, 3.0, 12.0, 4.5 ] },
								"east": { "texture": "#metal2", "uv": [ 1.0, 2.0, 1.5, 3.5 ] },
								"south": { "texture": "#metal2", "uv": [ 6.0, 4.0, 11.0, 5.5 ] },
								"west": { "texture": "#metal2", "uv": [ 6.0, 2.0, 6.5, 3.5 ] },
								"up": { "texture": "#metal2", "uv": [ 6.0, 7.5, 6.5, 12.5 ], "rotation": 90 },
								"down": { "texture": "#metal2", "uv": [ 4.0, 3.0, 9.0, 3.5 ] }
							}
						}
					]
				},
				{
					"name": "Eye Pin",
					"from": [ 6.28, 0.1, 0.1 ],
					"to": [ 6.53, 0.35, 0.35 ],
					"rotationOrigin": [ 12.8, -7.9, 0.1 ],
					"faces": {
						"north": { "texture": "#metal", "uv": [ 0.0, 5.5, 0.5, 6.0 ] },
						"east": { "texture": "#metal", "uv": [ 0.5, 0.5, 1.0, 1.0 ] },
						"south": { "texture": "#metal", "uv": [ 0.0, 10.5, 0.5, 11.0 ] },
						"west": { "texture": "#metal", "uv": [ 14.0, 10.0, 14.5, 10.5 ] },
						"up": { "texture": "#metal", "uv": [ 0.0, 4.5, 0.5, 5.0 ] },
						"down": { "texture": "#metal", "uv": [ 0.0, 5.0, 0.5, 5.5 ] }
					}
				},
				{
					"name": "spike1",
					"from": [ 7.42, -0.15, 0.15 ],
					"to": [ 9.295, 0.225, 0.425 ],
					"rotationOrigin": [ 7.42, -0.1, 0.15 ],
					"rotationZ": 5.0,
					"faces": {
						"north": { "texture": "#metal", "uv": [ 0.0, 5.5, 1.5, 6.0 ] },
						"east": { "texture": "#metal", "uv": [ 0.5, 0.5, 1.0, 1.0 ] },
						"south": { "texture": "#metal", "uv": [ 0.0, 10.5, 1.5, 11.0 ] },
						"west": { "texture": "#metal", "uv": [ 14.0, 10.0, 14.5, 10.5 ] },
						"up": { "texture": "#metal", "uv": [ 0.0, 4.5, 1.5, 5.0 ] },
						"down": { "texture": "#metal", "uv": [ 0.0, 5.0, 1.5, 5.5 ] }
					},
					"children": [
						{
							"name": "spike2",
							"from": [ -0.0189, 0.3288, 0.0075 ],
							"to": [ 1.8561, 0.7038, 0.2675 ],
							"rotationOrigin": [ 0.0261, 0.2988, 0.0 ],
							"rotationZ": -10.0,
							"faces": {
								"north": { "texture": "#metal", "uv": [ 0.0, 5.5, 1.5, 6.0 ] },
								"east": { "texture": "#metal", "uv": [ 0.5, 0.5, 1.0, 1.0 ] },
								"south": { "texture": "#metal", "uv": [ 0.0, 10.5, 1.5, 11.0 ] },
								"west": { "texture": "#metal", "uv": [ 14.0, 10.0, 14.5, 10.5 ] },
								"up": { "texture": "#metal", "uv": [ 0.0, 4.5, 1.5, 5.0 ] },
								"down": { "texture": "#metal", "uv": [ 0.0, 5.0, 1.5, 5.5 ] }
							}
						},
						{
							"name": "spikeyspike",
							"from": [ 1.8957, 0.0545, 0.015 ],
							"to": [ 2.1657, 0.3245, 0.26 ],
							"rotationOrigin": [ 1.9557, -0.0205, 0.0 ],
							"rotationZ": 40.0,
							"faces": {
								"north": { "texture": "#metal", "uv": [ 0.0, 5.5, 0.5, 6.0 ] },
								"east": { "texture": "#metal", "uv": [ 0.5, 0.5, 1.0, 1.0 ] },
								"south": { "texture": "#metal", "uv": [ 0.0, 10.5, 0.5, 11.0 ] },
								"west": { "texture": "#metal", "uv": [ 14.0, 10.0, 14.5, 10.5 ] },
								"up": { "texture": "#metal", "uv": [ 0.0, 4.5, 0.5, 5.0 ] },
								"down": { "texture": "#metal", "uv": [ 0.0, 5.0, 0.5, 5.5 ] }
							}
						}
					]
				},
				{
					"name": "Head2",
					"from": [ 5.65, -0.55, 3.1 ],
					"to": [ 7.15, 0.95, 3.6 ],
					"rotationOrigin": [ 6.6, -0.5, 6.1 ],
					"faces": {
						"north": { "texture": "#metal", "uv": [ 7.0, 3.0, 8.5, 4.5 ] },
						"east": { "texture": "#metal", "uv": [ 1.0, 2.0, 1.5, 3.5 ] },
						"south": { "texture": "#metal", "uv": [ 6.0, 4.0, 7.5, 5.5 ] },
						"west": { "texture": "#metal", "uv": [ 6.0, 2.0, 6.5, 3.5 ] },
						"up": { "texture": "#metal", "uv": [ 6.0, 7.5, 6.5, 9.0 ], "rotation": 90 },
						"down": { "texture": "#metal", "uv": [ 4.0, 3.0, 5.5, 3.5 ] }
					}
				},
				{
					"name": "SpikeyHammer",
					"from": [ 5.95, 0.18, 2.95 ],
					"to": [ 6.825, 1.055, 3.825 ],
					"rotationOrigin": [ 5.9, 0.25, 2.95 ],
					"rotationX": 45.0,
					"faces": {
						"north": { "texture": "#metal", "uv": [ 1.0, 5.0, 1.5, 5.5 ] },
						"east": { "texture": "#metal", "uv": [ 2.0, 5.0, 2.5, 5.5 ] },
						"south": { "texture": "#metal", "uv": [ 2.0, 7.0, 2.5, 7.5 ] },
						"west": { "texture": "#metal", "uv": [ 2.0, 6.0, 2.5, 6.5 ] },
						"up": { "texture": "#metal", "uv": [ 5.5, 11.0, 6.0, 11.5 ], "rotation": 90 },
						"down": { "texture": "#metal", "uv": [ 3.0, 3.0, 3.5, 3.5 ] }
					},
					"children": [
						{
							"name": "SpikeyHammer2",
							"from": [ -0.19, 0.15, 0.8 ],
							"to": [ 0.685, 1.025, 1.675 ],
							"rotationOrigin": [ -0.1875, 0.0884, 0.7955 ],
							"rotationX": -45.0,
							"rotationY": 45.0,
							"rotationZ": 0.0,
							"faces": {
								"north": { "texture": "#metal", "uv": [ 1.0, 5.0, 1.5, 5.5 ] },
								"east": { "texture": "#metal", "uv": [ 2.0, 5.0, 2.5, 5.5 ] },
								"south": { "texture": "#metal", "uv": [ 2.0, 7.0, 2.5, 7.5 ] },
								"west": { "texture": "#metal", "uv": [ 2.0, 6.0, 2.5, 6.5 ] },
								"up": { "texture": "#metal", "uv": [ 5.5, 11.0, 6.0, 11.5 ], "rotation": 90 },
								"down": { "texture": "#metal", "uv": [ 3.0, 3.0, 3.5, 3.5 ] }
							}
						}
					]
				},
				{
					"name": "cap",
					"from": [ 7.38, -0.65, -0.6 ],
					"to": [ 7.53, 1.05, 1.1 ],
					"rotationOrigin": [ 13.9, -8.6, -0.6 ],
					"faces": {
						"north": { "texture": "#metal", "uv": [ 0.0, 5.5, 0.5, 7.0 ] },
						"east": { "texture": "#metal", "uv": [ 0.5, 0.5, 2.0, 2.0 ] },
						"south": { "texture": "#metal", "uv": [ 0.0, 10.5, 0.5, 12.0 ] },
						"west": { "texture": "#metal", "uv": [ 14.0, 10.0, 15.5, 11.5 ] },
						"up": { "texture": "#metal", "uv": [ 0.0, 4.5, 0.5, 6.0 ] },
						"down": { "texture": "#metal", "uv": [ 0.0, 5.0, 0.5, 6.5 ] }
					}
				}
			]
		}
	]}