{
	"editor": {
		"allAngles": false,
		"entityTextureMode": false
	},
	"textureWidth": 16,
	"textureHeight": 16,
	"textureSizes": {
		"metal": [16,16],
		"handle": [16,16]
	},
	"textures": {
	},
	"elements": [
		{
			"name": "origin",
			"from": [ 8.0, 0.0, 8.0 ],
			"to": [ 8.0, 0.0, 8.0 ],
			"rotationOrigin": [ 8.0, 0.0, 8.0 ],
			"faces": {
			},
			"children": [
				{
					"name": "shaft1",
					"from": [ -8.0, -0.75, -0.75 ],
					"to": [ 8.0, 0.75, 0.75 ],
					"rotationOrigin": [ 8.0, 0.0, 0.0 ],
					"faces": {
						"north": { "texture": "#handle", "uv": [ 0.0, 5.5, 16.0, 6.5 ], "autoUv": false },
						"south": { "texture": "#handle", "uv": [ 0.0, 4.5, 16.0, 5.5 ], "autoUv": false },
						"up": { "texture": "#handle", "uv": [ 0.0, 6.5, 16.0, 8.0 ] },
						"down": { "texture": "#handle", "uv": [ 0.0, 2.5, 16.0, 3.5 ], "autoUv": false }
					},
					"children": [
						{
							"name": "shaft2",
							"from": [ -16.0, 0.0, 0.0 ],
							"to": [ 0.0, 1.5, 1.5 ],
							"rotationOrigin": [ 0.0, 0.75, 0.75 ],
							"faces": {
								"north": { "texture": "#handle", "uv": [ 0.0, 11.0, 16.0, 12.5 ] },
								"south": { "texture": "#handle", "uv": [ 0.0, 7.5, 16.0, 9.0 ] },
								"up": { "texture": "#handle", "uv": [ 0.0, 9.0, 16.0, 10.5 ] },
								"down": { "texture": "#handle", "uv": [ 0.0, 4.5, 16.0, 6.0 ] }
							},
							"children": [
								{
									"name": "shaft3",
									"from": [ -8.0, 0.0, 0.0 ],
									"to": [ 0.0, 1.5, 1.5 ],
									"rotationOrigin": [ 0.0, 0.75, 0.75 ],
									"faces": {
										"north": { "texture": "#handle", "uv": [ 7.0, 9.0, 15.0, 10.5 ] },
										"south": { "texture": "#handle", "uv": [ 3.0, 8.5, 11.0, 10.0 ] },
										"west": { "texture": "#handle", "uv": [ 5.5, 5.5, 7.0, 7.0 ] },
										"up": { "texture": "#handle", "uv": [ 2.5, 8.5, 10.5, 10.0 ] },
										"down": { "texture": "#handle", "uv": [ 7.5, 10.5, 15.5, 12.0 ] }
									}
								}
							]
						},
						{
							"name": "socket",
							"from": [ 14.0, -0.2, -0.2 ],
							"to": [ 17.0, 1.7, 1.7 ],
							"rotationOrigin": [ 14.0, 0.85, 0.75 ],
							"rotationX": 90.0,
							"faces": {
								"north": { "texture": "#handle", "uv": [ 13.0, 4.0, 16.0, 5.5 ] },
								"east": { "texture": "#handle", "uv": [ 5.5, 6.0, 7.0, 7.5 ] },
								"south": { "texture": "#handle", "uv": [ 0.0, 4.5, 3.0, 6.0 ] },
								"west": { "texture": "#handle", "uv": [ 10.0, 10.0, 11.5, 11.5 ] },
								"up": { "texture": "#handle", "uv": [ 3.0, 0.0, 6.0, 1.5 ] },
								"down": { "texture": "#handle", "uv": [ 4.5, 13.5, 7.5, 15.0 ] }
							},
							"children": [
								{
									"name": "neck",
									"from": [ 3.0, 0.7, 0.7 ],
									"to": [ 14.0, 1.2, 1.2 ],
									"rotationOrigin": [ 3.0, 1.35, 1.35 ],
									"faces": {
										"north": { "texture": "#metal", "uv": [ 3.0, 5.0, 14.0, 5.5 ], "windMode": [-1,-1,-1,-1] },
										"east": { "texture": "#metal", "uv": [ 3.5, 7.5, 4.0, 8.0 ] },
										"south": { "texture": "#metal", "uv": [ 4.5, 5.5, 15.5, 6.0 ] },
										"up": { "texture": "#metal", "uv": [ 2.0, 4.0, 13.0, 4.5 ] },
										"down": { "texture": "#metal", "uv": [ 2.0, 7.5, 13.0, 8.0 ] }
									}
								},
								{
									"name": "pins",
									"from": [ 1.0, -0.75, 1.0 ],
									"to": [ 3.0, -0.55, 1.2 ],
									"rotationOrigin": [ 1.0, -0.05, 1.65 ],
									"rotationY": 90.0,
									"rotationZ": 90.0,
									"faces": {
										"north": { "texture": "#metaltwo", "uv": [ 11.5, 1.5, 13.5, 2.0 ], "windMode": [-1,-1,-1,-1] },
										"east": { "texture": "#metaltwo", "uv": [ 3.5, 7.5, 4.0, 8.0 ], "windMode": [-1,-1,-1,-1] },
										"south": { "texture": "#metaltwo", "uv": [ 8.5, 3.5, 10.5, 4.0 ], "windMode": [-1,-1,-1,-1] },
										"west": { "texture": "#metaltwo", "uv": [ 11.5, 7.0, 12.0, 7.5 ], "windMode": [-1,-1,-1,-1] },
										"up": { "texture": "#metaltwo", "uv": [ 2.0, 4.0, 4.0, 4.5 ] },
										"down": { "texture": "#metaltwo", "uv": [ 2.0, 7.5, 4.0, 8.0 ] }
									}
								},
								{
									"name": "pins2",
									"from": [ 2.1, -0.75, 1.0 ],
									"to": [ 4.1, -0.55, 1.2 ],
									"rotationOrigin": [ 2.1, -0.05, 1.65 ],
									"rotationY": 90.0,
									"rotationZ": 90.0,
									"faces": {
										"north": { "texture": "#metaltwo", "uv": [ 11.5, 1.5, 13.5, 2.0 ] },
										"east": { "texture": "#metaltwo", "uv": [ 3.5, 7.5, 4.0, 8.0 ] },
										"south": { "texture": "#metaltwo", "uv": [ 8.5, 3.5, 10.5, 4.0 ] },
										"west": { "texture": "#metaltwo", "uv": [ 11.5, 7.0, 12.0, 7.5 ] },
										"up": { "texture": "#metaltwo", "uv": [ 2.0, 4.0, 4.0, 4.5 ] },
										"down": { "texture": "#metaltwo", "uv": [ 2.0, 7.5, 4.0, 8.0 ] }
									}
								},
								{
									"name": "pins3",
									"from": [ 3.1, -0.75, 1.0 ],
									"to": [ 5.1, -0.55, 1.2 ],
									"rotationOrigin": [ 3.1, -0.05, 1.65 ],
									"rotationY": 90.0,
									"rotationZ": 90.0,
									"faces": {
										"north": { "texture": "#metaltwo", "uv": [ 11.5, 1.5, 13.5, 2.0 ] },
										"east": { "texture": "#metaltwo", "uv": [ 3.5, 7.5, 4.0, 8.0 ] },
										"south": { "texture": "#metaltwo", "uv": [ 8.5, 3.5, 10.5, 4.0 ] },
										"west": { "texture": "#metaltwo", "uv": [ 11.5, 7.0, 12.0, 7.5 ] },
										"up": { "texture": "#metaltwo", "uv": [ 2.0, 4.0, 4.0, 4.5 ] },
										"down": { "texture": "#metaltwo", "uv": [ 2.0, 7.5, 4.0, 8.0 ] }
									}
								},
								{
									"name": "neckattachment",
									"from": [ 0.05, -0.05, -0.05 ],
									"to": [ 3.05, 1.95, 0.15 ],
									"rotationOrigin": [ 0.0, 0.55, 0.55 ],
									"rotationX": 90.0,
									"faces": {
										"north": { "texture": "#metal", "uv": [ 3.0, 5.0, 6.0, 7.0 ] },
										"east": { "texture": "#metal", "uv": [ 3.5, 7.5, 4.0, 9.5 ] },
										"south": { "texture": "#metal", "uv": [ 4.5, 5.5, 7.5, 7.5 ] },
										"west": { "texture": "#metal", "uv": [ 11.5, 7.0, 12.0, 9.0 ], "windMode": [-1,-1,-1,-1] },
										"up": { "texture": "#metal", "uv": [ 2.0, 4.0, 5.0, 4.5 ] },
										"down": { "texture": "#metal", "uv": [ 2.0, 7.5, 5.0, 8.0 ] }
									}
								}
							]
						}
					]
				},
				{
					"name": "blade1",
					"from": [ 19.87, -0.572, -0.565 ],
					"to": [ 21.42, -0.472, -0.065 ],
					"rotationOrigin": [ 19.8699, -0.517, -0.065 ],
					"rotationX": 90.0,
					"rotationY": 12.0,
					"faces": {
						"north": { "texture": "#metal", "uv": [ 10.0, 11.0, 11.5, 11.5 ], "windMode": [-1,-1,-1,-1] },
						"east": { "texture": "#metal", "uv": [ 14.0, 1.0, 14.5, 1.5 ] },
						"south": { "texture": "#metal", "uv": [ 7.5, 4.5, 9.0, 5.0 ] },
						"up": { "texture": "#metal", "uv": [ 10.0, 3.0, 11.5, 3.5 ] },
						"down": { "texture": "#metal", "uv": [ 12.0, 10.0, 13.5, 10.5 ] }
					},
					"children": [
						{
							"name": "bladetip",
							"from": [ 1.35, 0.005, 0.0 ],
							"to": [ 1.75, 0.105, 0.4 ],
							"rotationOrigin": [ 1.55, 0.05, 0.25 ],
							"rotationY": -55.0,
							"faces": {
								"north": { "texture": "#metal", "uv": [ 11.0, 4.0, 11.5, 4.5 ] },
								"east": { "texture": "#metal", "uv": [ 4.0, 8.0, 4.5, 8.5 ] },
								"west": { "texture": "#metal", "uv": [ 6.0, 3.5, 6.5, 4.0 ], "windMode": [-1,-1,-1,-1] },
								"up": { "texture": "#metal", "uv": [ 8.5, 8.5, 9.0, 9.0 ] },
								"down": { "texture": "#metal", "uv": [ 1.0, 8.0, 1.5, 8.5 ] }
							}
						},
						{
							"name": "blade2",
							"from": [ 0.24, -9.0E-4, -0.68 ],
							"to": [ 1.74, 0.0991, -0.23 ],
							"rotationOrigin": [ 0.2308, 0.055, -0.6092 ],
							"rotationY": -24.0,
							"faces": {
								"north": { "texture": "#metal", "uv": [ 1.0, 6.5, 2.5, 7.0 ] },
								"east": { "texture": "#metal", "uv": [ 2.0, 0.5, 2.5, 1.0 ] },
								"south": { "texture": "#metal", "uv": [ 12.0, 5.5, 13.5, 6.0 ] },
								"up": { "texture": "#metal", "uv": [ 7.5, 2.0, 9.0, 2.5 ] },
								"down": { "texture": "#metal", "uv": [ 9.5, 2.0, 11.0, 2.5 ] }
							}
						}
					]
				},
				{
					"name": "blade middle",
					"from": [ 19.87, 0.16, -0.1358 ],
					"to": [ 20.47, 0.25, 0.2142 ],
					"rotationOrigin": [ 19.8651, 0.216, -0.065 ],
					"rotationX": 90.0,
					"faces": {
						"north": { "texture": "#metal", "uv": [ 1.0, 6.5, 1.5, 7.0 ] },
						"east": { "texture": "#metal", "uv": [ 2.0, 0.5, 2.5, 1.0 ] },
						"south": { "texture": "#metal", "uv": [ 12.0, 5.5, 12.5, 6.0 ] },
						"up": { "texture": "#metal", "uv": [ 7.5, 2.0, 8.0, 2.5 ] },
						"down": { "texture": "#metal", "uv": [ 9.5, 2.0, 10.0, 2.5 ] }
					}
				}
			]
		}
	]}