[
    {
        "ingredientPattern": "KBK,PPP,PPP",
        "width": 3,
        "height": 3,
        "ingredients": {
            "P": { "type": "item", "code": "game:metalplate-titanium", "quantity": 1},
            "B": { "type": "item", "code": "tarmor:tarmorchain-body-tarmorchain-titanium"},
			"K": { "type": "item", "code": "game:leather-sturdy-plain", "quantity": 2},
        },
        "name": "{type} body armor",
        "output": { "type": "item", "code": "tarmor:tarmorplate-body-tarmorplate-titanium"}
    },
	{
        "ingredientPattern": "IL_,HAC",
        "width": 3,
        "height": 2,
        "ingredients": {
            "A": { "type": "item", "code": "tarmor:tarmorplate-body-tarmorplate-titanium"},
            "I": { "type": "item", "code": "game:metalplate-titanium", "quantity": 2},
            "L": { "type": "item", "code": "game:leather-sturdy-plain", "quantity": 5},
            "H": { "type": "item", "code": "game:hammer-*", "isTool": true, "allowedVariants": ["steel", "iron", "meteoriciron"]},
            "C": { "type": "item", "code": "game:chisel-*", "isTool": true, "allowedVariants": ["steel", "iron", "meteoriciron"]}
        },
		"averageDurability": false,
        "name": "{type} body armor",
        "output": { "type": "item", "code": "tarmor:tarmorplate-body-tarmorplate-titanium"}
    },
	{
        "ingredientPattern": "MBM,MMM,MMM",
        "width": 3,
        "height": 3,
        "ingredients": {
            "M": { "type": "item", "code": "game:metalchain-titanium", "quantity": 1},
            "B": { "type": "item", "code": "game:armor-body-jerkin-leather"},
        },
        "name": "{type} body armor",
        "output": { "type": "item", "code": "tarmor:tarmorchain-body-tarmorchain-titanium"}
    },
	{
        "ingredientPattern": "ML_,HAC",
        "width": 3,
        "height": 2,
        "ingredients": {
            "A": { "type": "item", "code": "tarmor:tarmorchain-body-tarmorchain-titanium"},
            "M": { "type": "item", "code": "game:metalchain-titanium", "quantity": 2},
            "L": { "type": "item", "code": "game:leather-sturdy-plain", "quantity": 5},
            "H": { "type": "item", "code": "game:hammer-*", "isTool": true, "allowedVariants": ["steel", "iron", "meteoriciron"]},
            "C": { "type": "item", "code": "game:chisel-*", "isTool": true, "allowedVariants": ["steel", "iron", "meteoriciron"]}
        },
		"averageDurability": false,
        "name": "{type} body armor",
        "output": { "type": "item", "code": "tarmor:tarmorchain-body-tarmorchain-titanium"}
    }
]