[
{
        "ingredientPattern": "LPL,PHP",
        "width": 3,
        "height": 2,
        "ingredients": {
            "P": { "type": "item", "code": "game:metalplate-titanium", "quantity": 1},
            "L": { "type": "item", "code": "game:leather-sturdy-plain", "quantity": 2},
            "H": { "type": "item", "code": "tarmor:tarmorchain-head-tarmorchain-titanium", "quantity": 1},
        },
        "name": "{type} helmet",
        "output": { "type": "item", "code": "tarmor:tarmorplate-head-tarmorplate-titanium"}
    },
	{
        "ingredientPattern": "IL_,HAC",
        "width": 3,
        "height": 2,
        "ingredients": {
            "A": { "type": "item", "code": "tarmor:tarmorplate-head-tarmorplate-titanium"},
            "I": { "type": "item", "code": "game:metalplate-titanium", "quantity": 2},
            "L": { "type": "item", "code": "game:leather-sturdy-plain", "quantity": 3},
            "H": { "type": "item", "code": "game:hammer-*", "isTool": true, "allowedVariants": ["steel", "iron", "meteoriciron"]},
            "C": { "type": "item", "code": "game:chisel-*", "isTool": true, "allowedVariants": ["steel", "iron", "meteoriciron"]}
        },
		"averageDurability": false,
        "name": "{type} helmet",
        "output": { "type": "item", "code": "tarmor:tarmorplate-head-tarmorplate-titanium"}
    },
	{
        "ingredientPattern": "_M_,M_M",
        "width": 3,
        "height": 2,
        "ingredients": {
            "M": { "type": "item", "code": "game:metalchain-titanium", "quantity": 1},
        },
        "name": "{type} helmet",
        "output": { "type": "item", "code": "tarmor:tarmorchain-head-tarmorchain-titanium"}
    },
	{
        "ingredientPattern": "ML_,HAC",
        "width": 3,
        "height": 2,
        "ingredients": {
            "A": { "type": "item", "code": "tarmor:tarmorchain-head-tarmorchain-titanium"},
            "M": { "type": "item", "code": "game:metalchain-titanium", "quantity": 2},
            "L": { "type": "item", "code": "game:leather-sturdy-plain", "quantity": 5},
            "H": { "type": "item", "code": "game:hammer-*", "isTool": true, "allowedVariants": ["steel", "iron", "meteoriciron"]},
            "C": { "type": "item", "code": "game:chisel-*", "isTool": true, "allowedVariants": ["steel", "iron", "meteoriciron"]}
        },
		"averageDurability": false,
        "name": "{type} head armor",
        "output": { "type": "item", "code": "tarmor:tarmorchain-head-tarmorchain-titanium"}
    }
]
