[
{
        "ingredientPattern": "KPK,PLP",
        "width": 3,
        "height": 2,
        "ingredients": {
            "P": { "type": "item", "code": "game:metalplate-titanium", "quantity": 1},
            "L": { "type": "item", "code": "tarmor:tarmorchain-legs-tarmorchain-titanium"},
			"K": { "type": "item", "code": "game:leather-sturdy-plain", "quantity": 2},
        },
        "name": "{type} leg armor",
        "output": { "type": "item", "code": "tarmor:tarmorplate-legs-tarmorplate-titanium", "quantity": 1}
    },
	{
        "ingredientPattern": "IL_,HAC",
        "width": 3,
        "height": 2,
        "ingredients": {
            "A": { "type": "item", "code": "tarmor:tarmorplate-legs-tarmorplate-titanium"},
            "I": { "type": "item", "code": "game:metalplate-titanium", "quantity": 2},
            "L": { "type": "item", "code": "game:leather-sturdy-plain", "quantity": 4},
            "H": { "type": "item", "code": "game:hammer-*", "isTool": true, "allowedVariants": ["steel", "iron", "meteoriciron"]},
            "C": { "type": "item", "code": "game:chisel-*", "isTool": true, "allowedVariants": ["steel", "iron", "meteoriciron"]}
        },
		"averageDurability": false,
        "name": "{type} leg armor",
        "output": { "type": "item", "code": "tarmor:tarmorplate-legs-tarmorplate-titanium"}
    },
	{
        "ingredientPattern": "MMM,MLM",
        "width": 3,
        "height": 2,
        "ingredients": {
            "M": { "type": "item", "code": "game:metalchain-titanium", "quantity": 1},
            "L": { "type": "item", "code": "game:armor-legs-jerkin-leather"},
        },
        "name": "{type} leg armor",
        "output": { "type": "item", "code": "tarmor:tarmorchain-legs-tarmorchain-titanium", "quantity": 1}
    },
	{
        "ingredientPattern": "IL_,HAC",
        "width": 3,
        "height": 2,
        "ingredients": {
            "A": { "type": "item", "code": "tarmor:tarmorchain-legs-tarmorchain-titanium"},
            "I": { "type": "item", "code": "game:metalchain-titanium", "quantity": 2},
            "L": { "type": "item", "code": "game:leather-sturdy-plain", "quantity": 4},
            "H": { "type": "item", "code": "game:hammer-*", "isTool": true, "allowedVariants": ["steel", "iron", "meteoriciron"]},
            "C": { "type": "item", "code": "game:chisel-*", "isTool": true, "allowedVariants": ["steel", "iron", "meteoriciron"]}
        },
		"averageDurability": false,
        "name": "{type} leg armor",
        "output": { "type": "item", "code": "tarmor:tarmorchain-legs-tarmorchain-titanium"}
    }
]
