{
	"editor": {
		"allAngles": false,
		"entityTextureMode": false
	},
	"textureWidth": 16,
	"textureHeight": 16,
	"textureSizes": {
	},
	"textures": {
	},
	"elements": [
		{
			"name": "_origin",
			"from": [ 8.0, 0.0, 8.0 ],
			"to": [ 8.0, 0.0, 8.0 ],
			"rotationOrigin": [ 8.0, 0.0, 8.0 ],
			"faces": {
				"north": { "texture": "#default", "uv": [ 11.5, 10.0, 12.0, 10.5 ], "autoUv": false },
				"east": { "texture": "#default", "uv": [ 2.0, 0.0, 2.5, 0.5 ], "autoUv": false },
				"south": { "texture": "#default", "uv": [ 9.0, 8.0, 9.5, 8.5 ], "autoUv": false },
				"west": { "texture": "#default", "uv": [ 5.5, 2.5, 6.0, 3.0 ], "autoUv": false },
				"up": { "texture": "#default", "uv": [ 3.5, 4.5, 4.0, 5.0 ], "autoUv": false },
				"down": { "texture": "#default", "uv": [ 12.5, 3.5, 13.0, 4.0 ], "autoUv": false }
			},
			"children": [
				{
					"name": "_prism",
					"from": [ -0.6, 1.65, 3.5 ],
					"to": [ -0.6, 1.65, 3.5 ],
					"rotationOrigin": [ -0.6, 1.75, 3.0 ],
					"rotationX": -90.0,
					"faces": {
						"north": { "texture": "#default", "uv": [ 9.5, 7.5, 10.0, 8.0 ], "autoUv": false },
						"east": { "texture": "#default", "uv": [ 12.5, 5.0, 13.0, 5.5 ], "autoUv": false },
						"south": { "texture": "#default", "uv": [ 3.5, 3.5, 4.0, 4.0 ], "autoUv": false },
						"west": { "texture": "#default", "uv": [ 11.0, 0.0, 11.5, 0.5 ], "autoUv": false },
						"up": { "texture": "#default", "uv": [ 5.5, 1.0, 6.0, 1.5 ], "autoUv": false },
						"down": { "texture": "#default", "uv": [ 12.5, 12.0, 13.0, 12.5 ], "autoUv": false }
					},
					"children": [
						{
							"name": "_mainbody-capfront",
							"from": [ 0.0, 0.0, 0.0 ],
							"to": [ 0.0, 0.0, 0.0 ],
							"faces": {
								"north": { "texture": "#default", "uv": [ 6.0, 6.5, 6.5, 7.0 ], "autoUv": false },
								"east": { "texture": "#default", "uv": [ 4.0, 5.0, 4.5, 5.5 ], "autoUv": false },
								"south": { "texture": "#default", "uv": [ 7.0, 14.0, 7.5, 14.5 ], "autoUv": false },
								"west": { "texture": "#default", "uv": [ 6.0, 0.5, 6.5, 1.0 ], "autoUv": false },
								"up": { "texture": "#default", "uv": [ 15.0, 15.0, 15.5, 15.5 ], "autoUv": false },
								"down": { "texture": "#default", "uv": [ 9.5, 6.5, 10.0, 7.0 ], "autoUv": false }
							},
							"children": [
								{
									"name": "mainbody-capfront-1-4",
									"from": [ -0.075, 2.48, -2.8446 ],
									"to": [ 0.0, 3.68, -2.2446 ],
									"rotationOrigin": [ 0.0, 2.4803, -2.2446 ],
									"rotationX": -180.0,
									"rotationY": 60.0,
									"rotationZ": 180.0,
									"faces": {
										"east": { "texture": "#material", "uv": [ 11.5, 6.0, 13.5, 10.0 ], "glow": 10, "autoUv": false },
										"up": { "texture": "#material", "uv": [ 11.0, 7.5, 13.0, 9.5 ], "glow": 10, "autoUv": false },
										"down": { "texture": "#material", "uv": [ 5.5, 1.0, 7.5, 3.0 ], "glow": 10, "autoUv": false }
									}
								},
								{
									"name": "mainbody-capfront-1-2",
									"from": [ 1.2, 2.48, -2.8446 ],
									"to": [ 1.275, 3.68, -2.2446 ],
									"rotationOrigin": [ 1.2, 2.4803, -2.2446 ],
									"rotationX": -180.0,
									"rotationY": -60.0,
									"rotationZ": 180.0,
									"faces": {
										"west": { "texture": "#material", "uv": [ 0.5, 10.5, 2.5, 14.5 ], "glow": 10, "autoUv": false },
										"up": { "texture": "#material", "uv": [ 7.0, 0.0, 9.0, 2.0 ], "glow": 10, "autoUv": false },
										"down": { "texture": "#material", "uv": [ 3.5, 7.5, 5.5, 9.5 ], "glow": 10, "autoUv": false }
									}
								},
								{
									"name": "mainbody-capfront-1-3",
									"from": [ 1.7196, 2.48, -2.5446 ],
									"to": [ 1.7946, 3.68, -1.9446 ],
									"rotationOrigin": [ 1.7196, 2.4803, -1.9446 ],
									"rotationX": -180.0,
									"rotationY": -30.0,
									"rotationZ": 180.0,
									"faces": {
										"west": { "texture": "#material", "uv": [ 5.5, 7.5, 7.5, 11.5 ], "glow": 10, "autoUv": false },
										"up": { "texture": "#material", "uv": [ 9.0, 0.0, 11.0, 2.0 ], "glow": 10, "autoUv": false },
										"down": { "texture": "#material", "uv": [ 12.5, 7.5, 14.5, 9.5 ], "glow": 10, "autoUv": false }
									},
									"children": [
										{
											"name": "mainbody-capfront-1-50",
											"from": [ 0.0, 0.0, -1.2 ],
											"to": [ 0.075, 1.2, 0.0 ],
											"rotationOrigin": [ 0.0, 3.0E-4, 0.0 ],
											"rotationY": -30.0,
											"faces": {
												"west": { "texture": "#material", "uv": [ 11.5, 7.0, 15.5, 11.0 ], "glow": 10, "autoUv": false },
												"up": { "texture": "#material", "uv": [ 10.0, 0.0, 12.0, 4.0 ], "glow": 10, "autoUv": false },
												"down": { "texture": "#material", "uv": [ 8.5, 3.5, 10.5, 7.5 ], "glow": 10, "autoUv": false }
											}
										}
									]
								},
								{
									"name": "mainbody-capfront-1-5",
									"from": [ -0.5946, 2.48, -2.5446 ],
									"to": [ -0.5196, 3.68, -1.9446 ],
									"rotationOrigin": [ -0.5196, 2.4803, -1.9446 ],
									"rotationX": -180.0,
									"rotationY": 30.0,
									"rotationZ": 180.0,
									"faces": {
										"east": { "texture": "#material", "uv": [ 12.5, 6.0, 14.5, 10.0 ], "glow": 10, "autoUv": false },
										"up": { "texture": "#material", "uv": [ 13.5, 13.5, 15.5, 15.5 ], "glow": 10, "autoUv": false },
										"down": { "texture": "#material", "uv": [ 1.5, 8.5, 3.5, 10.5 ], "glow": 10, "autoUv": false }
									},
									"children": [
										{
											"name": "mainbody-capfront-1-49",
											"from": [ 0.0, 0.0, -1.2 ],
											"to": [ 0.075, 1.2, 0.0 ],
											"rotationOrigin": [ 0.075, 3.0E-4, 0.0 ],
											"rotationY": 30.0,
											"faces": {
												"east": { "texture": "#material", "uv": [ 6.0, 2.5, 10.0, 6.5 ], "glow": 10, "autoUv": false },
												"up": { "texture": "#material", "uv": [ 10.0, 9.5, 12.0, 13.5 ], "glow": 10, "autoUv": false },
												"down": { "texture": "#material", "uv": [ 2.5, 0.5, 4.5, 4.5 ], "glow": 10, "autoUv": false }
											}
										}
									]
								},
								{
									"name": "mainbody-capfront-2-1",
									"from": [ -0.5934, 3.5999, -2.842 ],
									"to": [ 0.0066, 3.6749, -2.242 ],
									"rotationOrigin": [ 0.0066, 3.6749, -2.2323 ],
									"rotationX": -165.048,
									"rotationY": 60.054,
									"rotationZ": 107.071,
									"faces": {
										"north": { "texture": "#material", "uv": [ 0.5, 8.0, 2.5, 10.0 ], "glow": 10, "autoUv": false },
										"west": { "texture": "#material", "uv": [ 0.0, 6.0, 2.0, 8.0 ], "glow": 10, "autoUv": false },
										"up": { "texture": "#material", "uv": [ 11.0, 3.0, 13.0, 5.0 ], "glow": 10, "autoUv": false }
									}
								},
								{
									"name": "mainbody-capfront-2-3",
									"from": [ -0.9691, 3.8595, -1.4066 ],
									"to": [ -0.3691, 3.9345, -0.8066 ],
									"rotationOrigin": [ -0.6691, 3.9345, -1.4066 ],
									"rotationX": 163.888,
									"rotationY": 25.513,
									"rotationZ": 123.8,
									"faces": {
										"east": { "texture": "#material", "uv": [ 12.5, 1.0, 14.5, 3.0 ], "glow": 10, "autoUv": false },
										"south": { "texture": "#material", "uv": [ 4.5, 4.5, 6.5, 6.5 ], "glow": 10, "autoUv": false },
										"west": { "texture": "#material", "uv": [ 1.0, 7.0, 3.0, 9.0 ], "glow": 10, "autoUv": false },
										"up": { "texture": "#material", "uv": [ 3.0, 13.0, 5.0, 15.0 ], "glow": 10, "autoUv": false }
									}
								},
								{
									"name": "mainbody-capfront-2-2",
									"from": [ -0.5583, 4.2683, -1.4071 ],
									"to": [ 0.0417, 4.3433, -0.8071 ],
									"rotationOrigin": [ -0.2583, 4.3433, -1.4071 ],
									"rotationX": 153.454,
									"rotationY": 14.316,
									"rotationZ": 153.509,
									"faces": {
										"east": { "texture": "#material", "uv": [ 1.5, 0.5, 3.5, 2.5 ], "glow": 10, "autoUv": false },
										"south": { "texture": "#material", "uv": [ 13.5, 3.5, 15.5, 5.5 ], "glow": 10, "autoUv": false },
										"west": { "texture": "#material", "uv": [ 4.5, 8.0, 6.5, 10.0 ], "glow": 10, "autoUv": false },
										"up": { "texture": "#material", "uv": [ 8.0, 7.0, 10.0, 9.0 ], "glow": 10, "autoUv": false }
									}
								},
								{
									"name": "mainbody-capfront-5-1",
									"from": [ 0.6, 3.597, -2.842 ],
									"to": [ 1.2, 3.672, -2.242 ],
									"rotationOrigin": [ 1.2, 3.672, -2.2323 ],
									"rotationX": 119.1,
									"rotationY": 7.4,
									"rotationZ": -149.9,
									"faces": {
										"north": { "texture": "#material", "uv": [ 1.5, 6.5, 3.5, 8.5 ], "glow": 10, "autoUv": false },
										"west": { "texture": "#material", "uv": [ 0.0, 11.0, 2.0, 13.0 ], "glow": 10, "autoUv": false },
										"up": { "texture": "#material", "uv": [ 7.0, 1.0, 9.0, 3.0 ], "glow": 10, "autoUv": false }
									}
								},
								{
									"name": "mainbody-capfront-5-3",
									"from": [ 1.1596, 4.2727, -1.4066 ],
									"to": [ 1.7596, 4.3477, -0.8066 ],
									"rotationOrigin": [ 1.4596, 4.3477, -1.4066 ],
									"rotationX": 153.583,
									"rotationY": -14.504,
									"rotationZ": -153.292,
									"faces": {
										"east": { "texture": "#material", "uv": [ 6.5, 3.0, 8.5, 5.0 ], "glow": 10, "autoUv": false },
										"south": { "texture": "#material", "uv": [ 12.5, 7.0, 14.5, 9.0 ], "glow": 10, "autoUv": false },
										"west": { "texture": "#material", "uv": [ 2.5, 8.0, 4.5, 10.0 ], "glow": 10, "autoUv": false },
										"up": { "texture": "#material", "uv": [ 4.0, 7.0, 6.0, 9.0 ], "glow": 10, "autoUv": false }
									}
								},
								{
									"name": "mainbody-capfront-5-2",
									"from": [ 1.5685, 3.8619, -1.4071 ],
									"to": [ 2.1685, 3.9369, -0.8071 ],
									"rotationOrigin": [ 1.8685, 3.9369, -1.4071 ],
									"rotationX": 164.078,
									"rotationY": -25.66,
									"rotationZ": -123.533,
									"faces": {
										"east": { "texture": "#material", "uv": [ 1.0, 7.5, 3.0, 9.5 ], "glow": 10, "autoUv": false },
										"south": { "texture": "#material", "uv": [ 7.0, 3.5, 9.0, 5.5 ], "glow": 10, "autoUv": false },
										"west": { "texture": "#material", "uv": [ 5.0, 6.5, 7.0, 8.5 ], "glow": 10, "autoUv": false },
										"up": { "texture": "#material", "uv": [ 4.0, 1.5, 6.0, 3.5 ], "glow": 10, "autoUv": false }
									}
								},
								{
									"name": "mainbody-capfront-1-7",
									"from": [ 1.1993, 4.4249, -1.425 ],
									"to": [ 2.4008, 4.4999, -0.825 ],
									"rotationOrigin": [ 1.2, 4.4999, -1.425 ],
									"rotationX": 150.0,
									"rotationZ": -180.0,
									"faces": {
										"east": { "texture": "#material", "uv": [ 8.5, 12.0, 10.5, 14.0 ], "glow": 10, "autoUv": false },
										"west": { "texture": "#material", "uv": [ 5.5, 9.0, 7.5, 11.0 ], "glow": 10, "autoUv": false },
										"up": { "texture": "#material", "uv": [ 11.5, 0.5, 15.5, 2.5 ], "glow": 10, "autoUv": false }
									},
									"children": [
										{
											"name": "mainbody-capfront-1-51",
											"from": [ 0.0, 0.0, -1.2 ],
											"to": [ 1.2015, 0.075, 0.0 ],
											"rotationOrigin": [ 7.0E-4, 0.075, 0.0 ],
											"rotationX": -30.0,
											"faces": {
												"east": { "texture": "#material", "uv": [ 4.5, 1.0, 8.5, 3.0 ], "glow": 10, "autoUv": false },
												"west": { "texture": "#material", "uv": [ 1.0, 10.5, 5.0, 12.5 ], "glow": 10, "autoUv": false },
												"up": { "texture": "#material", "uv": [ 7.0, 4.0, 11.0, 8.0 ], "glow": 10, "autoUv": false }
											}
										}
									]
								},
								{
									"name": "mainbody-capfront-1-6",
									"from": [ 1.2, 4.1249, -1.9446 ],
									"to": [ 2.4, 4.1999, -1.3446 ],
									"rotationOrigin": [ 1.2, 4.1999, -1.9446 ],
									"rotationX": 120.0,
									"rotationZ": -180.0,
									"faces": {
										"east": { "texture": "#material", "uv": [ 1.0, 9.5, 3.0, 11.5 ], "glow": 10, "autoUv": false },
										"west": { "texture": "#material", "uv": [ 2.0, 8.0, 4.0, 10.0 ], "glow": 10, "autoUv": false },
										"up": { "texture": "#material", "uv": [ 7.0, 3.5, 11.0, 5.5 ], "glow": 10, "autoUv": false }
									}
								},
								{
									"name": "mainbody-capfront-1-1",
									"from": [ 1.2, 3.6054, -2.2445 ],
									"to": [ 2.4, 3.6804, -1.0445 ],
									"rotationOrigin": [ 1.2, 3.6804, -2.2446 ],
									"rotationX": 90.0,
									"rotationZ": -180.0,
									"faces": {
										"up": { "texture": "#material", "uv": [ 0.0, 6.5, 4.0, 10.5 ], "glow": 10, "autoUv": false }
									}
								},
								{
									"name": "_Cube48",
									"from": [ 1.2, -0.6, -2.86 ],
									"to": [ 1.2, -0.6, -2.86 ],
									"rotationOrigin": [ 1.2, 0.0, -2.86 ],
									"rotationX": 180.0,
									"rotationZ": 180.0,
									"faces": {
										"north": { "texture": "#default", "uv": [ 14.5, 14.5, 15.0, 15.0 ] },
										"east": { "texture": "#default", "uv": [ 4.0, 0.0, 4.5, 0.5 ] },
										"south": { "texture": "#default", "uv": [ 14.5, 2.0, 15.0, 2.5 ] },
										"west": { "texture": "#default", "uv": [ 5.0, 0.0, 5.5, 0.5 ] },
										"up": { "texture": "#default", "uv": [ 9.5, 7.5, 10.0, 8.0 ] },
										"down": { "texture": "#default", "uv": [ 10.5, 0.0, 11.0, 0.5 ] }
									},
									"children": [
										{
											"name": "mainbody-capfront-3-57",
											"from": [ 0.6, 3.0177, -1.2374 ],
											"to": [ 1.2, 3.0927, -0.6374 ],
											"rotationOrigin": [ 1.2, 3.0927, -0.6277 ],
											"rotationX": -60.9,
											"rotationY": 7.4,
											"rotationZ": -149.9,
											"faces": {
												"north": { "texture": "#material", "uv": [ 3.0, 2.5, 5.0, 4.5 ], "glow": 10, "autoUv": false },
												"west": { "texture": "#material", "uv": [ 13.0, 9.0, 15.0, 11.0 ], "glow": 10, "autoUv": false },
												"up": { "texture": "#material", "uv": [ 10.0, 2.5, 12.0, 4.5 ], "glow": 10, "autoUv": false }
											}
										},
										{
											"name": "mainbody-capfront-3-58",
											"from": [ 1.1596, 2.342, -1.4534 ],
											"to": [ 1.7596, 2.417, -0.8534 ],
											"rotationOrigin": [ 1.4596, 2.417, -1.4534 ],
											"rotationX": -26.417,
											"rotationY": -14.504,
											"rotationZ": -153.292,
											"faces": {
												"east": { "texture": "#material", "uv": [ 7.0, 10.5, 9.0, 12.5 ], "glow": 10, "autoUv": false },
												"south": { "texture": "#material", "uv": [ 3.5, 1.5, 5.5, 3.5 ], "glow": 10, "autoUv": false },
												"west": { "texture": "#material", "uv": [ 11.5, 3.0, 13.5, 5.0 ], "glow": 10, "autoUv": false },
												"up": { "texture": "#material", "uv": [ 6.5, 3.0, 8.5, 5.0 ], "glow": 10, "autoUv": false }
											}
										},
										{
											"name": "mainbody-capfront-3-59",
											"from": [ 1.5684, 2.7528, -1.4529 ],
											"to": [ 2.1684, 2.8278, -0.8529 ],
											"rotationOrigin": [ 1.8684, 2.8278, -1.4529 ],
											"rotationX": -15.922,
											"rotationY": -25.66,
											"rotationZ": -123.533,
											"faces": {
												"east": { "texture": "#material", "uv": [ 3.0, 5.5, 5.0, 7.5 ], "glow": 10, "autoUv": false },
												"south": { "texture": "#material", "uv": [ 2.0, 4.0, 4.0, 6.0 ], "glow": 10, "autoUv": false },
												"west": { "texture": "#material", "uv": [ 10.5, 8.0, 12.5, 10.0 ], "glow": 10, "autoUv": false },
												"up": { "texture": "#material", "uv": [ 8.5, 12.5, 10.5, 14.5 ], "glow": 10, "autoUv": false }
											}
										},
										{
											"name": "mainbody-capfront-4-60",
											"from": [ -0.5934, 3.0149, -1.2374 ],
											"to": [ 0.0066, 3.0899, -0.6374 ],
											"rotationOrigin": [ 0.0066, 3.0899, -0.6277 ],
											"rotationX": 14.952,
											"rotationY": 60.054,
											"rotationZ": 107.071,
											"faces": {
												"north": { "texture": "#material", "uv": [ 6.5, 4.0, 8.5, 6.0 ], "glow": 10, "autoUv": false },
												"west": { "texture": "#material", "uv": [ 12.0, 0.0, 14.0, 2.0 ], "glow": 10, "autoUv": false },
												"up": { "texture": "#material", "uv": [ 11.5, 11.0, 13.5, 13.0 ], "glow": 10, "autoUv": false }
											}
										},
										{
											"name": "mainbody-capfront-4-61",
											"from": [ -0.9691, 2.7553, -1.4534 ],
											"to": [ -0.3691, 2.8303, -0.8534 ],
											"rotationOrigin": [ -0.6691, 2.8303, -1.4534 ],
											"rotationX": -16.112,
											"rotationY": 25.513,
											"rotationZ": 123.8,
											"faces": {
												"east": { "texture": "#material", "uv": [ 3.5, 12.0, 5.5, 14.0 ], "glow": 10, "autoUv": false },
												"south": { "texture": "#material", "uv": [ 2.0, 5.5, 4.0, 7.5 ], "glow": 10, "autoUv": false },
												"west": { "texture": "#material", "uv": [ 8.0, 11.5, 10.0, 13.5 ], "glow": 10, "autoUv": false },
												"up": { "texture": "#material", "uv": [ 6.5, 7.0, 8.5, 9.0 ], "glow": 10, "autoUv": false }
											}
										},
										{
											"name": "mainbody-capfront-4-62",
											"from": [ -0.5583, 2.3464, -1.4529 ],
											"to": [ 0.0417, 2.4214, -0.8529 ],
											"rotationOrigin": [ -0.2583, 2.4214, -1.4529 ],
											"rotationX": -26.545,
											"rotationY": 14.316,
											"rotationZ": 153.509,
											"faces": {
												"east": { "texture": "#material", "uv": [ 4.5, 3.5, 6.5, 5.5 ], "glow": 10, "autoUv": false },
												"south": { "texture": "#material", "uv": [ 10.5, 3.5, 12.5, 5.5 ], "glow": 10, "autoUv": false },
												"west": { "texture": "#material", "uv": [ 11.5, 7.0, 13.5, 9.0 ], "glow": 10, "autoUv": false },
												"up": { "texture": "#material", "uv": [ 13.5, 1.0, 15.5, 3.0 ], "glow": 10, "autoUv": false }
											}
										},
										{
											"name": "mainbody-capfront-1-63",
											"from": [ -7.0E-4, 2.4856, -0.9154 ],
											"to": [ 1.2008, 2.5606, -0.3154 ],
											"rotationOrigin": [ 0.0, 2.5606, -0.9154 ],
											"rotationX": 150.0,
											"faces": {
												"east": { "texture": "#material", "uv": [ 4.5, 2.5, 6.5, 4.5 ], "glow": 10, "autoUv": false },
												"west": { "texture": "#material", "uv": [ 5.0, 7.5, 7.0, 9.5 ], "glow": 10, "autoUv": false },
												"up": { "texture": "#material", "uv": [ 2.0, 1.0, 6.0, 3.0 ], "glow": 10, "autoUv": false }
											},
											"children": [
												{
													"name": "mainbody-capfront-1-52",
													"from": [ 0.0, 0.0, 0.6 ],
													"to": [ 1.2015, 0.075, 1.8 ],
													"rotationOrigin": [ 7.0E-4, 0.075, 0.6 ],
													"rotationX": 30.0,
													"faces": {
														"east": { "texture": "#material", "uv": [ 4.0, 10.5, 8.0, 12.5 ], "glow": 10, "autoUv": false },
														"west": { "texture": "#material", "uv": [ 10.0, 12.5, 14.0, 14.5 ], "glow": 10, "autoUv": false },
														"up": { "texture": "#material", "uv": [ 6.0, 4.0, 10.0, 8.0 ], "glow": 10, "autoUv": false }
													}
												}
											]
										},
										{
											"name": "mainbody-capfront-1-64",
											"from": [ 0.0, 3.0052, -0.6154 ],
											"to": [ 1.2, 3.0802, -0.0154 ],
											"rotationOrigin": [ 0.15, 3.0803, -0.6154 ],
											"rotationX": 120.0,
											"faces": {
												"east": { "texture": "#material", "uv": [ 11.0, 1.5, 13.0, 3.5 ], "glow": 10, "autoUv": false },
												"west": { "texture": "#material", "uv": [ 5.0, 10.5, 7.0, 12.5 ], "glow": 10, "autoUv": false },
												"up": { "texture": "#material", "uv": [ 2.0, 10.0, 6.0, 12.0 ], "glow": 10, "autoUv": false }
											}
										}
									]
								}
							]
						},
						{
							"name": "_mainbody-capback",
							"from": [ -1.2, 0.0, 4.06 ],
							"to": [ -1.2, 0.0, 4.06 ],
							"rotationOrigin": [ 0.0, 0.0, 1.2 ],
							"rotationY": 180.0,
							"faces": {
								"north": { "texture": "#default", "uv": [ 9.0, 15.0, 9.5, 15.5 ] },
								"east": { "texture": "#default", "uv": [ 7.5, 7.0, 8.0, 7.5 ] },
								"south": { "texture": "#default", "uv": [ 5.0, 13.5, 5.5, 14.0 ] },
								"west": { "texture": "#default", "uv": [ 6.5, 8.5, 7.0, 9.0 ] },
								"up": { "texture": "#default", "uv": [ 3.0, 11.5, 3.5, 12.0 ] },
								"down": { "texture": "#default", "uv": [ 10.5, 6.5, 11.0, 7.0 ] }
							},
							"children": [
								{
									"name": "mainbody-capback-1-4",
									"from": [ -0.075, 2.48, -2.8446 ],
									"to": [ 0.0, 3.68, -2.2446 ],
									"rotationOrigin": [ 0.0, 2.4803, -2.2446 ],
									"rotationX": -180.0,
									"rotationY": 60.0,
									"rotationZ": 180.0,
									"faces": {
										"east": { "texture": "#material", "uv": [ 5.0, 5.5, 7.0, 9.5 ], "glow": 10, "autoUv": false },
										"up": { "texture": "#material", "uv": [ 12.5, 0.5, 14.5, 2.5 ], "glow": 10, "autoUv": false },
										"down": { "texture": "#material", "uv": [ 1.0, 1.5, 3.0, 3.5 ], "glow": 10, "autoUv": false }
									}
								},
								{
									"name": "mainbody-capback-1-2",
									"from": [ 1.2, 2.48, -2.8446 ],
									"to": [ 1.275, 3.68, -2.2446 ],
									"rotationOrigin": [ 1.2, 2.4803, -2.2446 ],
									"rotationX": -180.0,
									"rotationY": -60.0,
									"rotationZ": 180.0,
									"faces": {
										"west": { "texture": "#material", "uv": [ 9.0, 4.0, 11.0, 8.0 ], "glow": 10, "autoUv": false },
										"up": { "texture": "#material", "uv": [ 6.0, 1.0, 8.0, 3.0 ], "glow": 10, "autoUv": false },
										"down": { "texture": "#material", "uv": [ 5.5, 0.5, 7.5, 2.5 ], "glow": 10, "autoUv": false }
									}
								},
								{
									"name": "mainbody-capback-1-3",
									"from": [ 1.7196, 2.48, -2.5446 ],
									"to": [ 1.7946, 3.68, -1.9446 ],
									"rotationOrigin": [ 1.7196, 2.4803, -1.9446 ],
									"rotationX": -180.0,
									"rotationY": -30.0,
									"rotationZ": 180.0,
									"faces": {
										"west": { "texture": "#material", "uv": [ 10.0, 8.0, 12.0, 12.0 ], "glow": 10, "autoUv": false },
										"up": { "texture": "#material", "uv": [ 0.0, 8.5, 2.0, 10.5 ], "glow": 10, "autoUv": false },
										"down": { "texture": "#material", "uv": [ 12.0, 4.5, 14.0, 6.5 ], "glow": 10, "autoUv": false }
									}
								},
								{
									"name": "mainbody-capback-1-5",
									"from": [ -0.5946, 2.48, -2.5446 ],
									"to": [ -0.5196, 3.68, -1.9446 ],
									"rotationOrigin": [ -0.5196, 2.4803, -1.9446 ],
									"rotationX": -180.0,
									"rotationY": 30.0,
									"rotationZ": 180.0,
									"faces": {
										"east": { "texture": "#material", "uv": [ 13.0, 4.5, 15.0, 8.5 ], "glow": 10, "autoUv": false },
										"up": { "texture": "#material", "uv": [ 0.5, 5.0, 2.5, 7.0 ], "glow": 10, "autoUv": false },
										"down": { "texture": "#material", "uv": [ 0.0, 4.5, 2.0, 6.5 ], "glow": 10, "autoUv": false }
									}
								},
								{
									"name": "mainbody-capback-2-1",
									"from": [ -0.5934, 3.5999, -2.842 ],
									"to": [ 0.0066, 3.6749, -2.242 ],
									"rotationOrigin": [ 0.0066, 3.6749, -2.2323 ],
									"rotationX": -165.048,
									"rotationY": 60.054,
									"rotationZ": 107.071,
									"faces": {
										"north": { "texture": "#material", "uv": [ 8.0, 5.5, 10.0, 7.5 ], "glow": 10, "autoUv": false },
										"west": { "texture": "#material", "uv": [ 1.0, 12.5, 3.0, 14.5 ], "glow": 10, "autoUv": false },
										"up": { "texture": "#material", "uv": [ 3.0, 6.5, 5.0, 8.5 ], "glow": 10, "autoUv": false }
									}
								},
								{
									"name": "mainbody-capback-2-3",
									"from": [ -0.9691, 3.8595, -1.4066 ],
									"to": [ -0.3691, 3.9345, -0.8066 ],
									"rotationOrigin": [ -0.6691, 3.9345, -1.4066 ],
									"rotationX": 163.888,
									"rotationY": 25.513,
									"rotationZ": 123.8,
									"faces": {
										"east": { "texture": "#material", "uv": [ 8.5, 8.5, 10.5, 10.5 ], "glow": 10, "autoUv": false },
										"south": { "texture": "#material", "uv": [ 8.5, 1.0, 10.5, 3.0 ], "glow": 10, "autoUv": false },
										"west": { "texture": "#material", "uv": [ 4.5, 3.0, 6.5, 5.0 ], "glow": 10, "autoUv": false },
										"up": { "texture": "#material", "uv": [ 5.5, 4.0, 7.5, 6.0 ], "glow": 10, "autoUv": false }
									},
									"children": [
										{
											"name": "mainbody-capback-2-59",
											"from": [ 0.0, 0.0, -1.2 ],
											"to": [ 0.6, 0.075, 0.0 ],
											"rotationOrigin": [ 0.3, 0.075, 0.0 ],
											"rotationX": -30.0,
											"faces": {
												"east": { "texture": "#material", "uv": [ 0.5, 5.5, 4.5, 7.5 ], "glow": 10, "autoUv": false },
												"south": { "texture": "#material", "uv": [ 1.0, 1.0, 3.0, 3.0 ], "glow": 10, "autoUv": false },
												"west": { "texture": "#material", "uv": [ 10.0, 1.0, 14.0, 3.0 ], "glow": 10, "autoUv": false },
												"up": { "texture": "#material", "uv": [ 13.5, 0.5, 15.5, 4.5 ], "glow": 10, "autoUv": false }
											}
										}
									]
								},
								{
									"name": "mainbody-capback-2-2",
									"from": [ -0.5583, 4.2683, -1.4071 ],
									"to": [ 0.0417, 4.3433, -0.8071 ],
									"rotationOrigin": [ -0.2583, 4.3433, -1.4071 ],
									"rotationX": 153.454,
									"rotationY": 14.316,
									"rotationZ": 153.509,
									"faces": {
										"east": { "texture": "#material", "uv": [ 6.0, 4.0, 8.0, 6.0 ], "glow": 10, "autoUv": false },
										"south": { "texture": "#material", "uv": [ 1.5, 6.5, 3.5, 8.5 ], "glow": 10, "autoUv": false },
										"west": { "texture": "#material", "uv": [ 3.5, 12.5, 5.5, 14.5 ], "glow": 10, "autoUv": false },
										"up": { "texture": "#material", "uv": [ 1.0, 8.5, 3.0, 10.5 ], "glow": 10, "autoUv": false }
									},
									"children": [
										{
											"name": "mainbody-capback-2-60",
											"from": [ 0.0, 0.0, -1.2 ],
											"to": [ 0.6, 0.075, 0.0 ],
											"rotationOrigin": [ 0.3, 0.075, 0.0 ],
											"rotationX": -30.0,
											"faces": {
												"east": { "texture": "#material", "uv": [ 7.0, 5.5, 11.0, 7.5 ], "glow": 10, "autoUv": false },
												"south": { "texture": "#material", "uv": [ 11.5, 11.0, 13.5, 13.0 ], "glow": 10, "autoUv": false },
												"west": { "texture": "#material", "uv": [ 3.0, 9.5, 7.0, 11.5 ], "glow": 10, "autoUv": false },
												"up": { "texture": "#material", "uv": [ 2.5, 0.5, 4.5, 4.5 ], "glow": 10, "autoUv": false }
											}
										}
									]
								},
								{
									"name": "mainbody-capback-5-1",
									"from": [ 0.6, 3.597, -2.842 ],
									"to": [ 1.2, 3.672, -2.242 ],
									"rotationOrigin": [ 1.2, 3.672, -2.2323 ],
									"rotationX": 119.1,
									"rotationY": 7.4,
									"rotationZ": -149.9,
									"faces": {
										"north": { "texture": "#material", "uv": [ 11.0, 0.5, 13.0, 2.5 ], "glow": 10, "autoUv": false },
										"west": { "texture": "#material", "uv": [ 5.0, 0.5, 7.0, 2.5 ], "glow": 10, "autoUv": false },
										"up": { "texture": "#material", "uv": [ 3.5, 0.5, 5.5, 2.5 ], "glow": 10, "autoUv": false }
									}
								},
								{
									"name": "mainbody-capback-5-3",
									"from": [ 1.1596, 4.2727, -1.4066 ],
									"to": [ 1.7596, 4.3477, -0.8066 ],
									"rotationOrigin": [ 1.4596, 4.3477, -1.4066 ],
									"rotationX": 153.583,
									"rotationY": -14.504,
									"rotationZ": -153.292,
									"faces": {
										"east": { "texture": "#material", "uv": [ 13.5, 6.0, 15.5, 8.0 ], "glow": 10, "autoUv": false },
										"south": { "texture": "#material", "uv": [ 12.5, 0.0, 14.5, 2.0 ], "glow": 10, "autoUv": false },
										"west": { "texture": "#material", "uv": [ 13.0, 2.0, 15.0, 4.0 ], "glow": 10, "autoUv": false },
										"up": { "texture": "#material", "uv": [ 7.5, 11.0, 9.5, 13.0 ], "glow": 10, "autoUv": false }
									},
									"children": [
										{
											"name": "mainbody-capback-5-53",
											"from": [ 0.0, 0.0, -1.2 ],
											"to": [ 0.6, 0.075, 0.0 ],
											"rotationOrigin": [ 0.3, 0.075, 0.0 ],
											"rotationX": -30.0,
											"faces": {
												"east": { "texture": "#material", "uv": [ 6.5, 6.5, 10.5, 8.5 ], "glow": 10, "autoUv": false },
												"south": { "texture": "#material", "uv": [ 3.0, 11.0, 5.0, 13.0 ], "glow": 10, "autoUv": false },
												"west": { "texture": "#material", "uv": [ 9.0, 8.0, 13.0, 10.0 ], "glow": 10, "autoUv": false },
												"up": { "texture": "#material", "uv": [ 11.0, 9.0, 13.0, 13.0 ], "glow": 10, "autoUv": false }
											}
										}
									]
								},
								{
									"name": "mainbody-capback-5-2",
									"from": [ 1.5685, 3.8619, -1.4071 ],
									"to": [ 2.1685, 3.9369, -0.8071 ],
									"rotationOrigin": [ 1.8685, 3.9369, -1.4071 ],
									"rotationX": 164.078,
									"rotationY": -25.66,
									"rotationZ": -123.533,
									"faces": {
										"east": { "texture": "#material", "uv": [ 10.5, 5.5, 12.5, 7.5 ], "glow": 10, "autoUv": false },
										"south": { "texture": "#material", "uv": [ 8.0, 13.5, 10.0, 15.5 ], "glow": 10, "autoUv": false },
										"west": { "texture": "#material", "uv": [ 8.5, 0.0, 10.5, 2.0 ], "glow": 10, "autoUv": false },
										"up": { "texture": "#material", "uv": [ 10.0, 4.5, 12.0, 6.5 ], "glow": 10, "autoUv": false }
									},
									"children": [
										{
											"name": "mainbody-capback-5-54",
											"from": [ 0.0, 0.0, -1.2 ],
											"to": [ 0.6, 0.075, 0.0 ],
											"rotationOrigin": [ 0.3, 0.075, 0.0 ],
											"rotationX": -30.0,
											"faces": {
												"east": { "texture": "#material", "uv": [ 1.5, 11.0, 5.5, 13.0 ], "glow": 10, "autoUv": false },
												"south": { "texture": "#material", "uv": [ 1.0, 13.0, 3.0, 15.0 ], "glow": 10, "autoUv": false },
												"west": { "texture": "#material", "uv": [ 0.0, 1.0, 4.0, 3.0 ], "glow": 10, "autoUv": false },
												"up": { "texture": "#material", "uv": [ 6.5, 5.5, 8.5, 9.5 ], "glow": 10, "autoUv": false }
											}
										}
									]
								},
								{
									"name": "mainbody-capback-1-7",
									"from": [ 1.1993, 4.4249, -1.425 ],
									"to": [ 2.4008, 4.4999, -0.825 ],
									"rotationOrigin": [ 1.2, 4.4999, -1.425 ],
									"rotationX": 150.0,
									"rotationZ": -180.0,
									"faces": {
										"east": { "texture": "#material", "uv": [ 0.5, 5.0, 2.5, 7.0 ], "glow": 10, "autoUv": false },
										"west": { "texture": "#material", "uv": [ 1.5, 4.5, 3.5, 6.5 ], "glow": 10, "autoUv": false },
										"up": { "texture": "#material", "uv": [ 3.5, 2.0, 7.5, 4.0 ], "glow": 10, "autoUv": false }
									}
								},
								{
									"name": "mainbody-capback-1-6",
									"from": [ 1.2, 4.1249, -1.9446 ],
									"to": [ 2.4, 4.1999, -1.3446 ],
									"rotationOrigin": [ 1.2, 4.1999, -1.9446 ],
									"rotationX": 120.0,
									"rotationZ": -180.0,
									"faces": {
										"east": { "texture": "#material", "uv": [ 5.0, 10.0, 7.0, 12.0 ], "glow": 10, "autoUv": false },
										"west": { "texture": "#material", "uv": [ 1.5, 3.0, 3.5, 5.0 ], "glow": 10, "autoUv": false },
										"up": { "texture": "#material", "uv": [ 0.0, 9.5, 4.0, 11.5 ], "glow": 10, "autoUv": false }
									}
								},
								{
									"name": "mainbody-capback-1-1",
									"from": [ 1.2, 3.6054, -2.2445 ],
									"to": [ 2.4, 3.6804, -1.0445 ],
									"rotationOrigin": [ 1.2, 3.6804, -2.2446 ],
									"rotationX": 90.0,
									"rotationZ": -180.0,
									"faces": {
										"up": { "texture": "#material", "uv": [ 0.0, 3.5, 4.0, 7.5 ], "glow": 10, "autoUv": false }
									}
								},
								{
									"name": "Cube1",
									"from": [ 0.0, -0.6, 0.0 ],
									"to": [ 0.0, -0.6, 0.0 ],
									"faces": {
										"north": { "texture": "#default", "uv": [ 2.0, 13.5, 2.5, 14.0 ] },
										"east": { "texture": "#default", "uv": [ 1.0, 13.5, 1.5, 14.0 ] },
										"south": { "texture": "#default", "uv": [ 11.5, 0.0, 12.0, 0.5 ] },
										"west": { "texture": "#default", "uv": [ 12.5, 7.5, 13.0, 8.0 ] },
										"up": { "texture": "#default", "uv": [ 12.5, 11.5, 13.0, 12.0 ] },
										"down": { "texture": "#default", "uv": [ 4.5, 13.0, 5.0, 13.5 ] }
									},
									"children": [
										{
											"name": "mainbody-capback-3-1",
											"from": [ -0.6, 3.0177, -2.842 ],
											"to": [ 0.0, 3.0927, -2.242 ],
											"rotationOrigin": [ 0.0, 3.0927, -2.2323 ],
											"rotationX": -119.1,
											"rotationY": -7.4,
											"rotationZ": 30.1,
											"faces": {
												"north": { "texture": "#material", "uv": [ 11.0, 9.5, 13.0, 11.5 ], "glow": 10, "autoUv": false },
												"west": { "texture": "#material", "uv": [ 7.5, 11.5, 9.5, 13.5 ], "glow": 10, "autoUv": false },
												"up": { "texture": "#material", "uv": [ 5.0, 2.0, 7.0, 4.0 ], "glow": 10, "autoUv": false }
											}
										},
										{
											"name": "mainbody-capback-3-3",
											"from": [ -0.5596, 2.342, -1.4066 ],
											"to": [ 0.0404, 2.417, -0.8066 ],
											"rotationOrigin": [ -0.2596, 2.417, -1.4066 ],
											"rotationX": -153.583,
											"rotationY": 14.504,
											"rotationZ": 26.708,
											"faces": {
												"east": { "texture": "#material", "uv": [ 9.0, 12.0, 11.0, 14.0 ], "glow": 10, "autoUv": false },
												"south": { "texture": "#material", "uv": [ 8.5, 9.0, 10.5, 11.0 ], "glow": 10, "autoUv": false },
												"west": { "texture": "#material", "uv": [ 0.0, 9.0, 2.0, 11.0 ], "glow": 10, "autoUv": false },
												"up": { "texture": "#material", "uv": [ 2.0, 10.5, 4.0, 12.5 ], "glow": 10, "autoUv": false }
											},
											"children": [
												{
													"name": "mainbody-capback-3-57",
													"from": [ 0.0, 0.0, -1.2 ],
													"to": [ 0.6, 0.075, 0.0 ],
													"rotationOrigin": [ 0.3, 0.075, 0.0 ],
													"rotationX": -30.0,
													"faces": {
														"east": { "texture": "#material", "uv": [ 1.0, 6.5, 5.0, 8.5 ], "glow": 10, "autoUv": false },
														"south": { "texture": "#material", "uv": [ 7.0, 9.0, 9.0, 11.0 ], "glow": 10, "autoUv": false },
														"west": { "texture": "#material", "uv": [ 6.5, 4.5, 10.5, 6.5 ], "glow": 10, "autoUv": false },
														"up": { "texture": "#material", "uv": [ 6.0, 1.5, 8.0, 5.5 ], "glow": 10, "autoUv": false }
													}
												}
											]
										},
										{
											"name": "mainbody-capback-3-2",
											"from": [ -0.9684, 2.7528, -1.4071 ],
											"to": [ -0.3684, 2.8278, -0.8071 ],
											"rotationOrigin": [ -0.6684, 2.8278, -1.4071 ],
											"rotationX": -164.078,
											"rotationY": 25.66,
											"rotationZ": 56.467,
											"faces": {
												"east": { "texture": "#material", "uv": [ 6.5, 8.0, 8.5, 10.0 ], "glow": 10, "autoUv": false },
												"south": { "texture": "#material", "uv": [ 10.0, 6.0, 12.0, 8.0 ], "glow": 10, "autoUv": false },
												"west": { "texture": "#material", "uv": [ 13.0, 3.5, 15.0, 5.5 ], "glow": 10, "autoUv": false },
												"up": { "texture": "#material", "uv": [ 6.0, 11.0, 8.0, 13.0 ], "glow": 10, "autoUv": false }
											},
											"children": [
												{
													"name": "mainbody-capback-3-58",
													"from": [ 0.0, 0.0, -1.2 ],
													"to": [ 0.6, 0.075, 0.0 ],
													"rotationOrigin": [ 0.3, 0.075, 0.0 ],
													"rotationX": -30.0,
													"faces": {
														"east": { "texture": "#material", "uv": [ 5.5, 13.5, 9.5, 15.5 ], "glow": 10, "autoUv": false },
														"south": { "texture": "#material", "uv": [ 4.5, 1.0, 6.5, 3.0 ], "glow": 10, "autoUv": false },
														"west": { "texture": "#material", "uv": [ 2.5, 9.0, 6.5, 11.0 ], "glow": 10, "autoUv": false },
														"up": { "texture": "#material", "uv": [ 8.0, 3.5, 10.0, 7.5 ], "glow": 10, "autoUv": false }
													}
												}
											]
										},
										{
											"name": "mainbody-capback-4-1",
											"from": [ 0.5934, 3.0149, -2.842 ],
											"to": [ 1.1934, 3.0899, -2.242 ],
											"rotationOrigin": [ 1.1934, 3.0899, -2.2323 ],
											"rotationX": 165.048,
											"rotationY": -60.054,
											"rotationZ": -72.929,
											"faces": {
												"north": { "texture": "#material", "uv": [ 4.0, 12.0, 6.0, 14.0 ], "glow": 10, "autoUv": false },
												"west": { "texture": "#material", "uv": [ 2.0, 1.0, 4.0, 3.0 ], "glow": 10, "autoUv": false },
												"up": { "texture": "#material", "uv": [ 9.0, 11.5, 11.0, 13.5 ], "glow": 10, "autoUv": false }
											}
										},
										{
											"name": "mainbody-capback-4-3",
											"from": [ 1.5691, 2.7553, -1.4066 ],
											"to": [ 2.1691, 2.8303, -0.8066 ],
											"rotationOrigin": [ 1.8691, 2.8303, -1.4066 ],
											"rotationX": -163.888,
											"rotationY": -25.513,
											"rotationZ": -56.2,
											"faces": {
												"east": { "texture": "#material", "uv": [ 4.5, 7.5, 6.5, 9.5 ], "glow": 10, "autoUv": false },
												"south": { "texture": "#material", "uv": [ 3.0, 7.0, 5.0, 9.0 ], "glow": 10, "autoUv": false },
												"west": { "texture": "#material", "uv": [ 5.5, 0.0, 7.5, 2.0 ], "glow": 10, "autoUv": false },
												"up": { "texture": "#material", "uv": [ 13.0, 13.5, 15.0, 15.5 ], "glow": 10, "autoUv": false }
											},
											"children": [
												{
													"name": "mainbody-capback-4-55",
													"from": [ 0.0, 0.0, -1.2 ],
													"to": [ 0.6, 0.075, 0.0 ],
													"rotationOrigin": [ 0.3, 0.075, 0.0 ],
													"rotationX": -30.0,
													"faces": {
														"east": { "texture": "#material", "uv": [ 6.0, 5.0, 10.0, 7.0 ], "glow": 10, "autoUv": false },
														"south": { "texture": "#material", "uv": [ 12.0, 12.5, 14.0, 14.5 ], "glow": 10, "autoUv": false },
														"west": { "texture": "#material", "uv": [ 6.5, 10.5, 10.5, 12.5 ], "glow": 10, "autoUv": false },
														"up": { "texture": "#material", "uv": [ 7.0, 10.5, 9.0, 14.5 ], "glow": 10, "autoUv": false }
													}
												}
											]
										},
										{
											"name": "mainbody-capback-4-2",
											"from": [ 1.1583, 2.3464, -1.4071 ],
											"to": [ 1.7583, 2.4214, -0.8071 ],
											"rotationOrigin": [ 1.4583, 2.4214, -1.4071 ],
											"rotationX": -153.455,
											"rotationY": -14.316,
											"rotationZ": -26.491,
											"faces": {
												"east": { "texture": "#material", "uv": [ 13.5, 3.0, 15.5, 5.0 ], "glow": 10, "autoUv": false },
												"south": { "texture": "#material", "uv": [ 8.0, 8.0, 10.0, 10.0 ], "glow": 10, "autoUv": false },
												"west": { "texture": "#material", "uv": [ 2.5, 7.5, 4.5, 9.5 ], "glow": 10, "autoUv": false },
												"up": { "texture": "#material", "uv": [ 6.0, 9.0, 8.0, 11.0 ], "glow": 10, "autoUv": false }
											},
											"children": [
												{
													"name": "mainbody-capback-4-56",
													"from": [ 0.0, 0.0, -1.2 ],
													"to": [ 0.6, 0.075, 0.0 ],
													"rotationOrigin": [ 0.3, 0.075, 0.0 ],
													"rotationX": -30.0,
													"faces": {
														"east": { "texture": "#material", "uv": [ 6.5, 12.0, 10.5, 14.0 ], "glow": 10, "autoUv": false },
														"south": { "texture": "#material", "uv": [ 2.0, 0.0, 4.0, 2.0 ], "glow": 10, "autoUv": false },
														"west": { "texture": "#material", "uv": [ 8.5, 7.0, 12.5, 9.0 ], "glow": 10, "autoUv": false },
														"up": { "texture": "#material", "uv": [ 12.0, 7.5, 14.0, 11.5 ], "glow": 10, "autoUv": false }
													}
												}
											]
										},
										{
											"name": "mainbody-capback-1-9",
											"from": [ 1.1993, 2.4856, -1.9446 ],
											"to": [ 2.4008, 2.5606, -1.3446 ],
											"rotationOrigin": [ 1.2, 2.5606, -1.9446 ],
											"rotationX": 30.0,
											"rotationZ": 180.0,
											"faces": {
												"east": { "texture": "#material", "uv": [ 0.0, 3.0, 2.0, 5.0 ], "glow": 10, "autoUv": false },
												"west": { "texture": "#material", "uv": [ 3.5, 5.0, 5.5, 7.0 ], "glow": 10, "autoUv": false },
												"up": { "texture": "#material", "uv": [ 6.5, 9.0, 10.5, 11.0 ], "glow": 10, "autoUv": false }
											}
										},
										{
											"name": "mainbody-capback-1-8",
											"from": [ 0.9, 3.0052, -2.2446 ],
											"to": [ 2.1, 3.0802, -1.6446 ],
											"rotationOrigin": [ 1.05, 3.0803, -2.2446 ],
											"rotationX": 60.0,
											"rotationZ": 180.0,
											"faces": {
												"east": { "texture": "#material", "uv": [ 10.5, 5.5, 12.5, 7.5 ], "glow": 10, "autoUv": false },
												"west": { "texture": "#material", "uv": [ 12.5, 5.5, 14.5, 7.5 ], "glow": 10, "autoUv": false },
												"up": { "texture": "#material", "uv": [ 6.0, 1.0, 10.0, 3.0 ], "glow": 10, "autoUv": false }
											}
										}
									]
								}
							]
						}
					]
				}
			]
		}
	]}