{
	code: "fenclothes",
	class: "ItemWearable",
	enabled: false,
	variantgroups: [
		{ code: "category",  states: ["hand"] },
	],
	shape: { base: "game:entity/humanoid/villageraccessories/hand/blacksmith" },
	storageFlags: 128,
	attributes: {
		clothescategory: "hand",
		wearableAttachment: true,
		heatResistant: true,
		warmth: 2,	
	},
	textures: {
		"seraph": { base: "game:block/transparent" },
		"gloves": { base: "game:entity/humanoid/villagerclothes/hand/blacksmith" }
	},
	creativeinventory: { "general": ["*"], "items": ["*"], "clothing": ["*"], "FendragonSMP": ["*"] },
	renderAlphaTest: 0.25,
	fpHandTransform: {
		translation: { x: 0.6, y: 0, z: -0.5 },
		rotation: { x: 180, y: 42, z: -29 },
		scale: 2.5
	},
	tpHandTransform: {
		translation: { x: -0.9, y: -1, z: -1 },
		rotation: { x: -13, y: -64, z: 49 },
		scale: 0.55
	},
	guiTransform: {
		translation: { x: 0, y: 0, z: 19 },
		rotation: { x: 174, y: -30, z: 23 },
		origin: { x: 0.52, y: 0.85, z: 0.5 },
		scale: 2.5
	},
	groundTransform: {
		translation: { x: 0, y: 0.05, z: 0 },
		rotation: { x: 0, y: 0, z: 90 },
		origin: { x: 0.5, y: 0.5, z: 0.5299 },
		scale: 5
	}
}