{
	"editor": {
		"collapsedPaths": "Root/nugget5,Root/nugget6,Root/nugget3,Root/nugget4,Root/nugget9,Root/nugget7,Root/nugget8,Root/origin,Root/Chest,Root/resin,Root/nugget,Root/hunterbackpack,Root/nugget10,Root/nugget2",
		"allAngles": false,
		"entityTextureMode": false
	},
	"textureWidth": 16,
	"textureHeight": 16,
	"textureSizes": {
	},
	"textures": {
		"hunterbackpack": "game:item/bag/hunterbackpack",
		"ore": "game:block/metal/ingot/copper",
		"resin": "game:block/resin"
	},
	"elements": [
		{
			"name": "nugget",
			"from": [ 5.0, 9.0, 9.35 ],
			"to": [ 5.0, 9.0, 9.35 ],
			"rotationOrigin": [ 5.6, 0.0, 10.2 ],
			"faces": {
			},
			"children": [
				{
					"name": "native2",
					"from": [ 0.25, -3.0, 0.5 ],
					"to": [ 1.0, -2.5, 1.25 ],
					"rotationOrigin": [ 1.0, -3.0, 1.0 ],
					"faces": {
						"north": { "texture": "#ore", "uv": [ 8.0, 0.5, 8.75, 1.0 ] },
						"east": { "texture": "#ore", "uv": [ 10.0, 1.0, 10.5, 1.5 ], "rotation": 90 },
						"south": { "texture": "#ore", "uv": [ 6.0, 2.5, 6.75, 3.0 ] },
						"west": { "texture": "#ore", "uv": [ 8.0, 3.0, 8.75, 3.5 ] },
						"up": { "texture": "#ore", "uv": [ 11.0, 5.5, 11.75, 6.25 ] },
						"down": { "texture": "#ore", "uv": [ 2.5, 9.0, 3.0, 9.5 ], "rotation": 90 }
					}
				},
				{
					"name": "native5",
					"from": [ 0.5, -3.0, 0.25 ],
					"to": [ 1.0, -2.5, 0.5 ],
					"rotationOrigin": [ 1.0, -3.0, 1.0 ],
					"faces": {
						"north": { "texture": "#ore", "uv": [ 12.5, 13.5, 13.0, 14.0 ] },
						"east": { "texture": "#ore", "uv": [ 8.0, 13.0, 8.25, 13.5 ] },
						"west": { "texture": "#ore", "uv": [ 13.5, 8.0, 13.75, 8.5 ] },
						"up": { "texture": "#ore", "uv": [ 9.5, 12.0, 10.0, 12.25 ] },
						"down": { "texture": "#ore", "uv": [ 6.0, 12.0, 6.5, 12.25 ] }
					}
				},
				{
					"name": "native8",
					"from": [ 0.5, -2.5, 0.5 ],
					"to": [ 0.75, -2.25, 0.75 ],
					"rotationOrigin": [ 1.5, -2.5, 0.0 ],
					"faces": {
						"north": { "texture": "#ore", "uv": [ 12.0, 3.5, 12.25, 3.75 ] },
						"east": { "texture": "#ore", "uv": [ 14.0, 1.0, 14.25, 1.25 ] },
						"west": { "texture": "#ore", "uv": [ 11.0, 3.0, 11.25, 3.25 ] },
						"up": { "texture": "#ore", "uv": [ 11.5, 3.5, 11.75, 3.75 ] }
					}
				},
				{
					"name": "native3",
					"from": [ 0.5, -2.5, 0.75 ],
					"to": [ 1.0, -2.25, 1.25 ],
					"rotationOrigin": [ 1.0, -3.0, 1.0 ],
					"faces": {
						"north": { "texture": "#ore", "uv": [ 13.0, 13.5, 13.5, 13.75 ] },
						"east": { "texture": "#ore", "uv": [ 10.5, 2.0, 11.0, 2.25 ] },
						"south": { "texture": "#ore", "uv": [ 9.0, 8.0, 9.5, 8.25 ] },
						"west": { "texture": "#ore", "uv": [ 4.0, 9.0, 4.5, 9.25 ] },
						"up": { "texture": "#ore", "uv": [ 10.0, 1.5, 10.5, 2.0 ] }
					}
				},
				{
					"name": "native6",
					"from": [ 0.25, -3.0, 1.25 ],
					"to": [ 0.75, -2.5, 1.5 ],
					"rotationOrigin": [ 1.0, -3.0, 1.0 ],
					"faces": {
						"east": { "texture": "#ore", "uv": [ 3.0, 3.0, 3.25, 3.5 ] },
						"south": { "texture": "#ore", "uv": [ 5.5, 6.0, 6.0, 6.5 ] },
						"west": { "texture": "#ore", "uv": [ 8.5, 2.0, 8.75, 2.5 ] },
						"up": { "texture": "#ore", "uv": [ 5.0, 1.0, 5.5, 1.25 ] },
						"down": { "texture": "#ore", "uv": [ 1.5, 4.0, 2.0, 4.25 ] }
					}
				}
			]
		},
		{
			"name": "nugget2",
			"from": [ 6.1, 9.0, 9.75 ],
			"to": [ 6.1, 9.0, 9.75 ],
			"rotationOrigin": [ 6.7, 0.0, 10.6 ],
			"rotationY": 45.0,
			"faces": {
			},
			"children": [
				{
					"name": "native4",
					"from": [ 0.25, -3.0, 0.5 ],
					"to": [ 1.0, -2.5, 1.25 ],
					"rotationOrigin": [ 1.0, -3.0, 1.0 ],
					"faces": {
						"north": { "texture": "#ore", "uv": [ 8.0, 0.5, 8.5, 1.0 ] },
						"east": { "texture": "#ore", "uv": [ 10.0, 1.0, 10.5, 1.5 ], "rotation": 90 },
						"south": { "texture": "#ore", "uv": [ 6.0, 2.5, 6.5, 3.0 ] },
						"west": { "texture": "#ore", "uv": [ 8.0, 3.0, 8.5, 3.5 ] },
						"up": { "texture": "#ore", "uv": [ 11.0, 5.5, 11.5, 6.0 ] },
						"down": { "texture": "#ore", "uv": [ 2.5, 9.0, 3.0, 9.5 ], "rotation": 90 }
					}
				},
				{
					"name": "native7",
					"from": [ 0.5, -3.0, 0.25 ],
					"to": [ 1.0, -2.5, 0.5 ],
					"rotationOrigin": [ 1.0, -3.0, 1.0 ],
					"faces": {
						"north": { "texture": "#ore", "uv": [ 12.5, 13.5, 13.0, 14.0 ] },
						"east": { "texture": "#ore", "uv": [ 8.0, 13.0, 8.5, 13.5 ] },
						"west": { "texture": "#ore", "uv": [ 13.5, 8.0, 14.0, 8.5 ] },
						"up": { "texture": "#ore", "uv": [ 9.5, 12.0, 10.0, 12.5 ] },
						"down": { "texture": "#ore", "uv": [ 6.0, 12.0, 6.5, 12.5 ] }
					}
				},
				{
					"name": "native9",
					"from": [ 0.5, -2.5, 0.5 ],
					"to": [ 0.75, -2.25, 0.75 ],
					"rotationOrigin": [ 1.5, -2.5, 0.0 ],
					"faces": {
						"north": { "texture": "#ore", "uv": [ 12.0, 3.5, 12.5, 4.0 ] },
						"east": { "texture": "#ore", "uv": [ 14.0, 1.0, 14.5, 1.5 ] },
						"west": { "texture": "#ore", "uv": [ 11.0, 3.0, 11.5, 3.5 ] },
						"up": { "texture": "#ore", "uv": [ 11.5, 3.5, 12.0, 4.0 ] }
					}
				},
				{
					"name": "native10",
					"from": [ 0.5, -2.5, 0.75 ],
					"to": [ 1.0, -2.25, 1.25 ],
					"rotationOrigin": [ 1.0, -3.0, 1.0 ],
					"faces": {
						"north": { "texture": "#ore", "uv": [ 13.0, 13.5, 13.5, 14.0 ] },
						"east": { "texture": "#ore", "uv": [ 10.5, 2.0, 11.0, 2.5 ] },
						"south": { "texture": "#ore", "uv": [ 9.0, 8.0, 9.5, 8.5 ] },
						"west": { "texture": "#ore", "uv": [ 4.0, 9.0, 4.5, 9.5 ] },
						"up": { "texture": "#ore", "uv": [ 10.0, 1.5, 10.5, 2.0 ] }
					}
				},
				{
					"name": "native11",
					"from": [ 0.25, -3.0, 1.25 ],
					"to": [ 0.75, -2.5, 1.5 ],
					"rotationOrigin": [ 1.0, -3.0, 1.0 ],
					"faces": {
						"east": { "texture": "#ore", "uv": [ 3.0, 3.0, 3.5, 3.5 ] },
						"south": { "texture": "#ore", "uv": [ 5.5, 6.0, 6.0, 6.5 ] },
						"west": { "texture": "#ore", "uv": [ 8.5, 2.0, 9.0, 2.5 ] },
						"up": { "texture": "#ore", "uv": [ 5.0, 1.0, 5.5, 1.5 ] },
						"down": { "texture": "#ore", "uv": [ 1.5, 4.0, 2.0, 4.5 ] }
					}
				}
			]
		},
		{
			"name": "nugget3",
			"from": [ 5.6, 9.75, 9.45 ],
			"to": [ 5.6, 9.75, 9.45 ],
			"rotationOrigin": [ 6.2, 1.6, 10.3 ],
			"rotationY": 90.0,
			"faces": {
			},
			"children": [
				{
					"name": "native12",
					"from": [ 0.25, -3.0, 0.5 ],
					"to": [ 1.0, -2.5, 1.25 ],
					"rotationOrigin": [ 1.0, -3.0, 1.0 ],
					"faces": {
						"north": { "texture": "#ore", "uv": [ 8.0, 0.5, 8.5, 1.0 ] },
						"east": { "texture": "#ore", "uv": [ 10.0, 1.0, 10.5, 1.5 ], "rotation": 90 },
						"south": { "texture": "#ore", "uv": [ 6.0, 2.5, 6.5, 3.0 ] },
						"west": { "texture": "#ore", "uv": [ 8.0, 3.0, 8.5, 3.5 ] },
						"up": { "texture": "#ore", "uv": [ 11.0, 5.5, 11.5, 6.0 ] },
						"down": { "texture": "#ore", "uv": [ 2.5, 9.0, 3.0, 9.5 ], "rotation": 90 }
					}
				},
				{
					"name": "native13",
					"from": [ 0.5, -3.0, 0.25 ],
					"to": [ 1.0, -2.5, 0.5 ],
					"rotationOrigin": [ 1.0, -3.0, 1.0 ],
					"faces": {
						"north": { "texture": "#ore", "uv": [ 12.5, 13.5, 13.0, 14.0 ] },
						"east": { "texture": "#ore", "uv": [ 8.0, 13.0, 8.5, 13.5 ] },
						"west": { "texture": "#ore", "uv": [ 13.5, 8.0, 14.0, 8.5 ] },
						"up": { "texture": "#ore", "uv": [ 9.5, 12.0, 10.0, 12.5 ] },
						"down": { "texture": "#ore", "uv": [ 6.0, 12.0, 6.5, 12.5 ] }
					}
				},
				{
					"name": "native14",
					"from": [ 0.5, -2.5, 0.5 ],
					"to": [ 0.75, -2.25, 0.75 ],
					"rotationOrigin": [ 1.5, -2.5, 0.0 ],
					"faces": {
						"north": { "texture": "#ore", "uv": [ 12.0, 3.5, 12.5, 4.0 ] },
						"east": { "texture": "#ore", "uv": [ 14.0, 1.0, 14.5, 1.5 ] },
						"west": { "texture": "#ore", "uv": [ 11.0, 3.0, 11.5, 3.5 ] },
						"up": { "texture": "#ore", "uv": [ 11.5, 3.5, 12.0, 4.0 ] }
					}
				},
				{
					"name": "native15",
					"from": [ 0.5, -2.5, 0.75 ],
					"to": [ 1.0, -2.25, 1.25 ],
					"rotationOrigin": [ 1.0, -3.0, 1.0 ],
					"faces": {
						"north": { "texture": "#ore", "uv": [ 13.0, 13.5, 13.5, 14.0 ] },
						"east": { "texture": "#ore", "uv": [ 10.5, 2.0, 11.0, 2.5 ] },
						"south": { "texture": "#ore", "uv": [ 9.0, 8.0, 9.5, 8.5 ] },
						"west": { "texture": "#ore", "uv": [ 4.0, 9.0, 4.5, 9.5 ] },
						"up": { "texture": "#ore", "uv": [ 10.0, 1.5, 10.5, 2.0 ] }
					}
				},
				{
					"name": "native16",
					"from": [ 0.25, -3.0, 1.25 ],
					"to": [ 0.75, -2.5, 1.5 ],
					"rotationOrigin": [ 1.0, -3.0, 1.0 ],
					"faces": {
						"east": { "texture": "#ore", "uv": [ 3.0, 3.0, 3.5, 3.5 ] },
						"south": { "texture": "#ore", "uv": [ 5.5, 6.0, 6.0, 6.5 ] },
						"west": { "texture": "#ore", "uv": [ 8.5, 2.0, 9.0, 2.5 ] },
						"up": { "texture": "#ore", "uv": [ 5.0, 1.0, 5.5, 1.5 ] },
						"down": { "texture": "#ore", "uv": [ 1.5, 4.0, 2.0, 4.5 ] }
					}
				}
			]
		},
		{
			"name": "nugget4",
			"from": [ 10.8, 9.0, 8.85 ],
			"to": [ 10.8, 9.0, 8.85 ],
			"rotationOrigin": [ 11.4, 0.0, 9.7 ],
			"rotationY": 180.0,
			"faces": {
			},
			"children": [
				{
					"name": "native17",
					"from": [ 0.25, -3.0, 0.5 ],
					"to": [ 1.0, -2.5, 1.25 ],
					"rotationOrigin": [ 1.0, -3.0, 1.0 ],
					"faces": {
						"north": { "texture": "#ore", "uv": [ 8.0, 0.5, 8.5, 1.0 ] },
						"east": { "texture": "#ore", "uv": [ 10.0, 1.0, 10.5, 1.5 ], "rotation": 90 },
						"south": { "texture": "#ore", "uv": [ 6.0, 2.5, 6.5, 3.0 ] },
						"west": { "texture": "#ore", "uv": [ 8.0, 3.0, 8.5, 3.5 ] },
						"up": { "texture": "#ore", "uv": [ 11.0, 5.5, 11.5, 6.0 ] },
						"down": { "texture": "#ore", "uv": [ 2.5, 9.0, 3.0, 9.5 ], "rotation": 90 }
					}
				},
				{
					"name": "native18",
					"from": [ 0.5, -3.0, 0.25 ],
					"to": [ 1.0, -2.5, 0.5 ],
					"rotationOrigin": [ 1.0, -3.0, 1.0 ],
					"faces": {
						"north": { "texture": "#ore", "uv": [ 12.5, 13.5, 13.0, 14.0 ] },
						"east": { "texture": "#ore", "uv": [ 8.0, 13.0, 8.5, 13.5 ] },
						"west": { "texture": "#ore", "uv": [ 13.5, 8.0, 14.0, 8.5 ] },
						"up": { "texture": "#ore", "uv": [ 9.5, 12.0, 10.0, 12.5 ] },
						"down": { "texture": "#ore", "uv": [ 6.0, 12.0, 6.5, 12.5 ] }
					}
				},
				{
					"name": "native19",
					"from": [ 0.5, -2.5, 0.5 ],
					"to": [ 0.75, -2.25, 0.75 ],
					"rotationOrigin": [ 1.5, -2.5, 0.0 ],
					"faces": {
						"north": { "texture": "#ore", "uv": [ 12.0, 3.5, 12.5, 4.0 ] },
						"east": { "texture": "#ore", "uv": [ 14.0, 1.0, 14.5, 1.5 ] },
						"west": { "texture": "#ore", "uv": [ 11.0, 3.0, 11.5, 3.5 ] },
						"up": { "texture": "#ore", "uv": [ 11.5, 3.5, 12.0, 4.0 ] }
					}
				},
				{
					"name": "native20",
					"from": [ 0.5, -2.5, 0.75 ],
					"to": [ 1.0, -2.25, 1.25 ],
					"rotationOrigin": [ 1.0, -3.0, 1.0 ],
					"faces": {
						"north": { "texture": "#ore", "uv": [ 13.0, 13.5, 13.5, 14.0 ] },
						"east": { "texture": "#ore", "uv": [ 10.5, 2.0, 11.0, 2.5 ] },
						"south": { "texture": "#ore", "uv": [ 9.0, 8.0, 9.5, 8.5 ] },
						"west": { "texture": "#ore", "uv": [ 4.0, 9.0, 4.5, 9.5 ] },
						"up": { "texture": "#ore", "uv": [ 10.0, 1.5, 10.5, 2.0 ] }
					}
				},
				{
					"name": "native21",
					"from": [ 0.25, -3.0, 1.25 ],
					"to": [ 0.75, -2.5, 1.5 ],
					"rotationOrigin": [ 1.0, -3.0, 1.0 ],
					"faces": {
						"east": { "texture": "#ore", "uv": [ 3.0, 3.0, 3.5, 3.5 ] },
						"south": { "texture": "#ore", "uv": [ 5.5, 6.0, 6.0, 6.5 ] },
						"west": { "texture": "#ore", "uv": [ 8.5, 2.0, 9.0, 2.5 ] },
						"up": { "texture": "#ore", "uv": [ 5.0, 1.0, 5.5, 1.5 ] },
						"down": { "texture": "#ore", "uv": [ 1.5, 4.0, 2.0, 4.5 ] }
					}
				}
			]
		},
		{
			"name": "nugget5",
			"from": [ 10.2, 9.0, 10.85 ],
			"to": [ 10.2, 9.0, 10.85 ],
			"rotationOrigin": [ 10.0, 0.0, 11.7 ],
			"rotationY": 70.0,
			"faces": {
			},
			"children": [
				{
					"name": "native22",
					"from": [ 0.25, -3.0, 0.5 ],
					"to": [ 1.0, -2.5, 1.25 ],
					"rotationOrigin": [ 1.0, -3.0, 1.0 ],
					"faces": {
						"north": { "texture": "#ore", "uv": [ 8.0, 0.5, 8.5, 1.0 ] },
						"east": { "texture": "#ore", "uv": [ 10.0, 1.0, 10.5, 1.5 ], "rotation": 90 },
						"south": { "texture": "#ore", "uv": [ 6.0, 2.5, 6.5, 3.0 ] },
						"west": { "texture": "#ore", "uv": [ 8.0, 3.0, 8.5, 3.5 ] },
						"up": { "texture": "#ore", "uv": [ 11.0, 5.5, 11.5, 6.0 ] },
						"down": { "texture": "#ore", "uv": [ 2.5, 9.0, 3.0, 9.5 ], "rotation": 90 }
					}
				},
				{
					"name": "native23",
					"from": [ 0.5, -3.0, 0.25 ],
					"to": [ 1.0, -2.5, 0.5 ],
					"rotationOrigin": [ 1.0, -3.0, 1.0 ],
					"faces": {
						"north": { "texture": "#ore", "uv": [ 12.5, 13.5, 13.0, 14.0 ] },
						"east": { "texture": "#ore", "uv": [ 8.0, 13.0, 8.5, 13.5 ] },
						"west": { "texture": "#ore", "uv": [ 13.5, 8.0, 14.0, 8.5 ] },
						"up": { "texture": "#ore", "uv": [ 9.5, 12.0, 10.0, 12.5 ] },
						"down": { "texture": "#ore", "uv": [ 6.0, 12.0, 6.5, 12.5 ] }
					}
				},
				{
					"name": "native24",
					"from": [ 0.5, -2.5, 0.5 ],
					"to": [ 0.75, -2.25, 0.75 ],
					"rotationOrigin": [ 1.5, -2.5, 0.0 ],
					"faces": {
						"north": { "texture": "#ore", "uv": [ 12.0, 3.5, 12.5, 4.0 ] },
						"east": { "texture": "#ore", "uv": [ 14.0, 1.0, 14.5, 1.5 ] },
						"west": { "texture": "#ore", "uv": [ 11.0, 3.0, 11.5, 3.5 ] },
						"up": { "texture": "#ore", "uv": [ 11.5, 3.5, 12.0, 4.0 ] }
					}
				},
				{
					"name": "native25",
					"from": [ 0.5, -2.5, 0.75 ],
					"to": [ 1.0, -2.25, 1.25 ],
					"rotationOrigin": [ 1.0, -3.0, 1.0 ],
					"faces": {
						"north": { "texture": "#ore", "uv": [ 13.0, 13.5, 13.5, 14.0 ] },
						"east": { "texture": "#ore", "uv": [ 10.5, 2.0, 11.0, 2.5 ] },
						"south": { "texture": "#ore", "uv": [ 9.0, 8.0, 9.5, 8.5 ] },
						"west": { "texture": "#ore", "uv": [ 4.0, 9.0, 4.5, 9.5 ] },
						"up": { "texture": "#ore", "uv": [ 10.0, 1.5, 10.5, 2.0 ] }
					}
				},
				{
					"name": "native26",
					"from": [ 0.25, -3.0, 1.25 ],
					"to": [ 0.75, -2.5, 1.5 ],
					"rotationOrigin": [ 1.0, -3.0, 1.0 ],
					"faces": {
						"east": { "texture": "#ore", "uv": [ 3.0, 3.0, 3.5, 3.5 ] },
						"south": { "texture": "#ore", "uv": [ 5.5, 6.0, 6.0, 6.5 ] },
						"west": { "texture": "#ore", "uv": [ 8.5, 2.0, 9.0, 2.5 ] },
						"up": { "texture": "#ore", "uv": [ 5.0, 1.0, 5.5, 1.5 ] },
						"down": { "texture": "#ore", "uv": [ 1.5, 4.0, 2.0, 4.5 ] }
					}
				}
			]
		},
		{
			"name": "nugget6",
			"from": [ 5.9, 9.0, 9.85 ],
			"to": [ 5.9, 9.0, 9.85 ],
			"rotationOrigin": [ 5.7, 0.0, 10.7 ],
			"rotationY": -70.0,
			"faces": {
			},
			"children": [
				{
					"name": "native27",
					"from": [ 0.25, -3.0, 0.5 ],
					"to": [ 1.0, -2.5, 1.25 ],
					"rotationOrigin": [ 1.0, -3.0, 1.0 ],
					"faces": {
						"north": { "texture": "#ore", "uv": [ 8.0, 0.5, 8.5, 1.0 ] },
						"east": { "texture": "#ore", "uv": [ 10.0, 1.0, 10.5, 1.5 ], "rotation": 90 },
						"south": { "texture": "#ore", "uv": [ 6.0, 2.5, 6.5, 3.0 ] },
						"west": { "texture": "#ore", "uv": [ 8.0, 3.0, 8.5, 3.5 ] },
						"up": { "texture": "#ore", "uv": [ 11.0, 5.5, 11.5, 6.0 ] },
						"down": { "texture": "#ore", "uv": [ 2.5, 9.0, 3.0, 9.5 ], "rotation": 90 }
					}
				},
				{
					"name": "native28",
					"from": [ 0.5, -3.0, 0.25 ],
					"to": [ 1.0, -2.5, 0.5 ],
					"rotationOrigin": [ 1.0, -3.0, 1.0 ],
					"faces": {
						"north": { "texture": "#ore", "uv": [ 12.5, 13.5, 13.0, 14.0 ] },
						"east": { "texture": "#ore", "uv": [ 8.0, 13.0, 8.5, 13.5 ] },
						"west": { "texture": "#ore", "uv": [ 13.5, 8.0, 14.0, 8.5 ] },
						"up": { "texture": "#ore", "uv": [ 9.5, 12.0, 10.0, 12.5 ] },
						"down": { "texture": "#ore", "uv": [ 6.0, 12.0, 6.5, 12.5 ] }
					}
				},
				{
					"name": "native29",
					"from": [ 0.5, -2.5, 0.5 ],
					"to": [ 0.75, -2.25, 0.75 ],
					"rotationOrigin": [ 1.5, -2.5, 0.0 ],
					"faces": {
						"north": { "texture": "#ore", "uv": [ 12.0, 3.5, 12.5, 4.0 ] },
						"east": { "texture": "#ore", "uv": [ 14.0, 1.0, 14.5, 1.5 ] },
						"west": { "texture": "#ore", "uv": [ 11.0, 3.0, 11.5, 3.5 ] },
						"up": { "texture": "#ore", "uv": [ 11.5, 3.5, 12.0, 4.0 ] }
					}
				},
				{
					"name": "native30",
					"from": [ 0.5, -2.5, 0.75 ],
					"to": [ 1.0, -2.25, 1.25 ],
					"rotationOrigin": [ 1.0, -3.0, 1.0 ],
					"faces": {
						"north": { "texture": "#ore", "uv": [ 13.0, 13.5, 13.5, 14.0 ] },
						"east": { "texture": "#ore", "uv": [ 10.5, 2.0, 11.0, 2.5 ] },
						"south": { "texture": "#ore", "uv": [ 9.0, 8.0, 9.5, 8.5 ] },
						"west": { "texture": "#ore", "uv": [ 4.0, 9.0, 4.5, 9.5 ] },
						"up": { "texture": "#ore", "uv": [ 10.0, 1.5, 10.5, 2.0 ] }
					}
				},
				{
					"name": "native31",
					"from": [ 0.25, -3.0, 1.25 ],
					"to": [ 0.75, -2.5, 1.5 ],
					"rotationOrigin": [ 1.0, -3.0, 1.0 ],
					"faces": {
						"east": { "texture": "#ore", "uv": [ 3.0, 3.0, 3.5, 3.5 ] },
						"south": { "texture": "#ore", "uv": [ 5.5, 6.0, 6.0, 6.5 ] },
						"west": { "texture": "#ore", "uv": [ 8.5, 2.0, 9.0, 2.5 ] },
						"up": { "texture": "#ore", "uv": [ 5.0, 1.0, 5.5, 1.5 ] },
						"down": { "texture": "#ore", "uv": [ 1.5, 4.0, 2.0, 4.5 ] }
					}
				}
			]
		},
		{
			"name": "nugget7",
			"from": [ 8.5, 9.75, 8.15 ],
			"to": [ 8.5, 9.75, 8.15 ],
			"rotationOrigin": [ 8.3, 0.8, 9.0 ],
			"rotationY": -70.0,
			"faces": {
			},
			"children": [
				{
					"name": "native32",
					"from": [ 0.25, -3.0, 0.5 ],
					"to": [ 1.0, -2.5, 1.25 ],
					"rotationOrigin": [ 1.0, -3.0, 1.0 ],
					"faces": {
						"north": { "texture": "#ore", "uv": [ 8.0, 0.5, 8.5, 1.0 ] },
						"east": { "texture": "#ore", "uv": [ 10.0, 1.0, 10.5, 1.5 ], "rotation": 90 },
						"south": { "texture": "#ore", "uv": [ 6.0, 2.5, 6.5, 3.0 ] },
						"west": { "texture": "#ore", "uv": [ 8.0, 3.0, 8.5, 3.5 ] },
						"up": { "texture": "#ore", "uv": [ 11.0, 5.5, 11.5, 6.0 ] },
						"down": { "texture": "#ore", "uv": [ 2.5, 9.0, 3.0, 9.5 ], "rotation": 90 }
					}
				},
				{
					"name": "native33",
					"from": [ 0.5, -3.0, 0.25 ],
					"to": [ 1.0, -2.5, 0.5 ],
					"rotationOrigin": [ 1.0, -3.0, 1.0 ],
					"faces": {
						"north": { "texture": "#ore", "uv": [ 12.5, 13.5, 13.0, 14.0 ] },
						"east": { "texture": "#ore", "uv": [ 8.0, 13.0, 8.5, 13.5 ] },
						"west": { "texture": "#ore", "uv": [ 13.5, 8.0, 14.0, 8.5 ] },
						"up": { "texture": "#ore", "uv": [ 9.5, 12.0, 10.0, 12.5 ] },
						"down": { "texture": "#ore", "uv": [ 6.0, 12.0, 6.5, 12.5 ] }
					}
				},
				{
					"name": "native34",
					"from": [ 0.5, -2.5, 0.5 ],
					"to": [ 0.75, -2.25, 0.75 ],
					"rotationOrigin": [ 1.5, -2.5, 0.0 ],
					"faces": {
						"north": { "texture": "#ore", "uv": [ 12.0, 3.5, 12.5, 4.0 ] },
						"east": { "texture": "#ore", "uv": [ 14.0, 1.0, 14.5, 1.5 ] },
						"west": { "texture": "#ore", "uv": [ 11.0, 3.0, 11.5, 3.5 ] },
						"up": { "texture": "#ore", "uv": [ 11.5, 3.5, 12.0, 4.0 ] }
					}
				},
				{
					"name": "native35",
					"from": [ 0.5, -2.5, 0.75 ],
					"to": [ 1.0, -2.25, 1.25 ],
					"rotationOrigin": [ 1.0, -3.0, 1.0 ],
					"faces": {
						"north": { "texture": "#ore", "uv": [ 13.0, 13.5, 13.5, 14.0 ] },
						"east": { "texture": "#ore", "uv": [ 10.5, 2.0, 11.0, 2.5 ] },
						"south": { "texture": "#ore", "uv": [ 9.0, 8.0, 9.5, 8.5 ] },
						"west": { "texture": "#ore", "uv": [ 4.0, 9.0, 4.5, 9.5 ] },
						"up": { "texture": "#ore", "uv": [ 10.0, 1.5, 10.5, 2.0 ] }
					}
				},
				{
					"name": "native36",
					"from": [ 0.25, -3.0, 1.25 ],
					"to": [ 0.75, -2.5, 1.5 ],
					"rotationOrigin": [ 1.0, -3.0, 1.0 ],
					"faces": {
						"east": { "texture": "#ore", "uv": [ 3.0, 3.0, 3.5, 3.5 ] },
						"south": { "texture": "#ore", "uv": [ 5.5, 6.0, 6.0, 6.5 ] },
						"west": { "texture": "#ore", "uv": [ 8.5, 2.0, 9.0, 2.5 ] },
						"up": { "texture": "#ore", "uv": [ 5.0, 1.0, 5.5, 1.5 ] },
						"down": { "texture": "#ore", "uv": [ 1.5, 4.0, 2.0, 4.5 ] }
					}
				}
			]
		},
		{
			"name": "nugget8",
			"from": [ 9.4, 9.0, 9.9 ],
			"to": [ 9.4, 9.0, 9.9 ],
			"rotationOrigin": [ 9.2, 0.8, 10.8 ],
			"rotationY": 90.0,
			"faces": {
			},
			"children": [
				{
					"name": "native37",
					"from": [ 0.25, -3.0, 0.5 ],
					"to": [ 1.0, -2.5, 1.25 ],
					"rotationOrigin": [ 1.0, -3.0, 1.0 ],
					"faces": {
						"north": { "texture": "#ore", "uv": [ 8.0, 0.5, 8.5, 1.0 ] },
						"east": { "texture": "#ore", "uv": [ 10.0, 1.0, 10.5, 1.5 ], "rotation": 90 },
						"south": { "texture": "#ore", "uv": [ 6.0, 2.5, 6.5, 3.0 ] },
						"west": { "texture": "#ore", "uv": [ 8.0, 3.0, 8.5, 3.5 ] },
						"up": { "texture": "#ore", "uv": [ 11.0, 5.5, 11.5, 6.0 ] },
						"down": { "texture": "#ore", "uv": [ 2.5, 9.0, 3.0, 9.5 ], "rotation": 90 }
					}
				},
				{
					"name": "native38",
					"from": [ 0.5, -3.0, 0.25 ],
					"to": [ 1.0, -2.5, 0.5 ],
					"rotationOrigin": [ 1.0, -3.0, 1.0 ],
					"faces": {
						"north": { "texture": "#ore", "uv": [ 12.5, 13.5, 13.0, 14.0 ] },
						"east": { "texture": "#ore", "uv": [ 8.0, 13.0, 8.5, 13.5 ] },
						"west": { "texture": "#ore", "uv": [ 13.5, 8.0, 14.0, 8.5 ] },
						"up": { "texture": "#ore", "uv": [ 9.5, 12.0, 10.0, 12.5 ] },
						"down": { "texture": "#ore", "uv": [ 6.0, 12.0, 6.5, 12.5 ] }
					}
				},
				{
					"name": "native39",
					"from": [ 0.5, -2.5, 0.5 ],
					"to": [ 0.75, -2.25, 0.75 ],
					"rotationOrigin": [ 1.5, -2.5, 0.0 ],
					"faces": {
						"north": { "texture": "#ore", "uv": [ 12.0, 3.5, 12.5, 4.0 ] },
						"east": { "texture": "#ore", "uv": [ 14.0, 1.0, 14.5, 1.5 ] },
						"west": { "texture": "#ore", "uv": [ 11.0, 3.0, 11.5, 3.5 ] },
						"up": { "texture": "#ore", "uv": [ 11.5, 3.5, 12.0, 4.0 ] }
					}
				},
				{
					"name": "native40",
					"from": [ 0.5, -2.5, 0.75 ],
					"to": [ 1.0, -2.25, 1.25 ],
					"rotationOrigin": [ 1.0, -3.0, 1.0 ],
					"faces": {
						"north": { "texture": "#ore", "uv": [ 13.0, 13.5, 13.5, 14.0 ] },
						"east": { "texture": "#ore", "uv": [ 10.5, 2.0, 11.0, 2.5 ] },
						"south": { "texture": "#ore", "uv": [ 9.0, 8.0, 9.5, 8.5 ] },
						"west": { "texture": "#ore", "uv": [ 4.0, 9.0, 4.5, 9.5 ] },
						"up": { "texture": "#ore", "uv": [ 10.0, 1.5, 10.5, 2.0 ] }
					}
				},
				{
					"name": "native41",
					"from": [ 0.25, -3.0, 1.25 ],
					"to": [ 0.75, -2.5, 1.5 ],
					"rotationOrigin": [ 1.0, -3.0, 1.0 ],
					"faces": {
						"east": { "texture": "#ore", "uv": [ 3.0, 3.0, 3.5, 3.5 ] },
						"south": { "texture": "#ore", "uv": [ 5.5, 6.0, 6.0, 6.5 ] },
						"west": { "texture": "#ore", "uv": [ 8.5, 2.0, 9.0, 2.5 ] },
						"up": { "texture": "#ore", "uv": [ 5.0, 1.0, 5.5, 1.5 ] },
						"down": { "texture": "#ore", "uv": [ 1.5, 4.0, 2.0, 4.5 ] }
					}
				}
			]
		},
		{
			"name": "nugget9",
			"from": [ 7.3, 9.0, 9.15 ],
			"to": [ 7.3, 9.0, 9.15 ],
			"rotationOrigin": [ 7.9, 4.0, 10.0 ],
			"rotationY": 30.0,
			"faces": {
			},
			"children": [
				{
					"name": "native42",
					"from": [ 0.25, -3.0, 0.5 ],
					"to": [ 1.0, -2.5, 1.25 ],
					"rotationOrigin": [ 1.0, -3.0, 1.0 ],
					"faces": {
						"north": { "texture": "#ore", "uv": [ 8.0, 0.5, 8.5, 1.0 ] },
						"east": { "texture": "#ore", "uv": [ 10.0, 1.0, 10.5, 1.5 ], "rotation": 90 },
						"south": { "texture": "#ore", "uv": [ 6.0, 2.5, 6.5, 3.0 ] },
						"west": { "texture": "#ore", "uv": [ 8.0, 3.0, 8.5, 3.5 ] },
						"up": { "texture": "#ore", "uv": [ 11.0, 5.5, 11.5, 6.0 ] },
						"down": { "texture": "#ore", "uv": [ 2.5, 9.0, 3.0, 9.5 ], "rotation": 90 }
					}
				},
				{
					"name": "native43",
					"from": [ 0.5, -3.0, 0.25 ],
					"to": [ 1.0, -2.5, 0.5 ],
					"rotationOrigin": [ 1.0, -3.0, 1.0 ],
					"faces": {
						"north": { "texture": "#ore", "uv": [ 12.5, 13.5, 13.0, 14.0 ] },
						"east": { "texture": "#ore", "uv": [ 8.0, 13.0, 8.5, 13.5 ] },
						"west": { "texture": "#ore", "uv": [ 13.5, 8.0, 14.0, 8.5 ] },
						"up": { "texture": "#ore", "uv": [ 9.5, 12.0, 10.0, 12.5 ] },
						"down": { "texture": "#ore", "uv": [ 6.0, 12.0, 6.5, 12.5 ] }
					}
				},
				{
					"name": "native44",
					"from": [ 0.5, -2.5, 0.5 ],
					"to": [ 0.75, -2.25, 0.75 ],
					"rotationOrigin": [ 1.5, -2.5, 0.0 ],
					"faces": {
						"north": { "texture": "#ore", "uv": [ 12.0, 3.5, 12.5, 4.0 ] },
						"east": { "texture": "#ore", "uv": [ 14.0, 1.0, 14.5, 1.5 ] },
						"west": { "texture": "#ore", "uv": [ 11.0, 3.0, 11.5, 3.5 ] },
						"up": { "texture": "#ore", "uv": [ 11.5, 3.5, 12.0, 4.0 ] }
					}
				},
				{
					"name": "native45",
					"from": [ 0.5, -2.5, 0.75 ],
					"to": [ 1.0, -2.25, 1.25 ],
					"rotationOrigin": [ 1.0, -3.0, 1.0 ],
					"faces": {
						"north": { "texture": "#ore", "uv": [ 13.0, 13.5, 13.5, 14.0 ] },
						"east": { "texture": "#ore", "uv": [ 10.5, 2.0, 11.0, 2.5 ] },
						"south": { "texture": "#ore", "uv": [ 9.0, 8.0, 9.5, 8.5 ] },
						"west": { "texture": "#ore", "uv": [ 4.0, 9.0, 4.5, 9.5 ] },
						"up": { "texture": "#ore", "uv": [ 10.0, 1.5, 10.5, 2.0 ] }
					}
				},
				{
					"name": "native46",
					"from": [ 0.25, -3.0, 1.25 ],
					"to": [ 0.75, -2.5, 1.5 ],
					"rotationOrigin": [ 1.0, -3.0, 1.0 ],
					"faces": {
						"east": { "texture": "#ore", "uv": [ 3.0, 3.0, 3.5, 3.5 ] },
						"south": { "texture": "#ore", "uv": [ 5.5, 6.0, 6.0, 6.5 ] },
						"west": { "texture": "#ore", "uv": [ 8.5, 2.0, 9.0, 2.5 ] },
						"up": { "texture": "#ore", "uv": [ 5.0, 1.0, 5.5, 1.5 ] },
						"down": { "texture": "#ore", "uv": [ 1.5, 4.0, 2.0, 4.5 ] }
					}
				}
			]
		},
		{
			"name": "nugget10",
			"from": [ 9.9, 9.5, 9.25 ],
			"to": [ 9.9, 9.5, 9.25 ],
			"rotationOrigin": [ 10.5, 1.5, 10.1 ],
			"rotationY": -35.0,
			"faces": {
			},
			"children": [
				{
					"name": "native47",
					"from": [ 0.25, -3.0, 0.5 ],
					"to": [ 1.0, -2.5, 1.25 ],
					"rotationOrigin": [ 1.0, -3.0, 1.0 ],
					"faces": {
						"north": { "texture": "#ore", "uv": [ 8.0, 0.5, 8.5, 1.0 ] },
						"east": { "texture": "#ore", "uv": [ 10.0, 1.0, 10.5, 1.5 ], "rotation": 90 },
						"south": { "texture": "#ore", "uv": [ 6.0, 2.5, 6.5, 3.0 ] },
						"west": { "texture": "#ore", "uv": [ 8.0, 3.0, 8.5, 3.5 ] },
						"up": { "texture": "#ore", "uv": [ 11.0, 5.5, 11.5, 6.0 ] },
						"down": { "texture": "#ore", "uv": [ 2.5, 9.0, 3.0, 9.5 ], "rotation": 90 }
					}
				},
				{
					"name": "native48",
					"from": [ 0.5, -3.0, 0.25 ],
					"to": [ 1.0, -2.5, 0.5 ],
					"rotationOrigin": [ 1.0, -3.0, 1.0 ],
					"faces": {
						"north": { "texture": "#ore", "uv": [ 12.5, 13.5, 13.0, 14.0 ] },
						"east": { "texture": "#ore", "uv": [ 8.0, 13.0, 8.5, 13.5 ] },
						"west": { "texture": "#ore", "uv": [ 13.5, 8.0, 14.0, 8.5 ] },
						"up": { "texture": "#ore", "uv": [ 9.5, 12.0, 10.0, 12.5 ] },
						"down": { "texture": "#ore", "uv": [ 6.0, 12.0, 6.5, 12.5 ] }
					}
				},
				{
					"name": "native49",
					"from": [ 0.5, -2.5, 0.5 ],
					"to": [ 0.75, -2.25, 0.75 ],
					"rotationOrigin": [ 1.5, -2.5, 0.0 ],
					"faces": {
						"north": { "texture": "#ore", "uv": [ 12.0, 3.5, 12.5, 4.0 ] },
						"east": { "texture": "#ore", "uv": [ 14.0, 1.0, 14.5, 1.5 ] },
						"west": { "texture": "#ore", "uv": [ 11.0, 3.0, 11.5, 3.5 ] },
						"up": { "texture": "#ore", "uv": [ 11.5, 3.5, 12.0, 4.0 ] }
					}
				},
				{
					"name": "native50",
					"from": [ 0.5, -2.5, 0.75 ],
					"to": [ 1.0, -2.25, 1.25 ],
					"rotationOrigin": [ 1.0, -3.0, 1.0 ],
					"faces": {
						"north": { "texture": "#ore", "uv": [ 13.0, 13.5, 13.5, 14.0 ] },
						"east": { "texture": "#ore", "uv": [ 10.5, 2.0, 11.0, 2.5 ] },
						"south": { "texture": "#ore", "uv": [ 9.0, 8.0, 9.5, 8.5 ] },
						"west": { "texture": "#ore", "uv": [ 4.0, 9.0, 4.5, 9.5 ] },
						"up": { "texture": "#ore", "uv": [ 10.0, 1.5, 10.5, 2.0 ] }
					}
				},
				{
					"name": "native51",
					"from": [ 0.25, -3.0, 1.25 ],
					"to": [ 0.75, -2.5, 1.5 ],
					"rotationOrigin": [ 1.0, -3.0, 1.0 ],
					"faces": {
						"east": { "texture": "#ore", "uv": [ 3.0, 3.0, 3.5, 3.5 ] },
						"south": { "texture": "#ore", "uv": [ 5.5, 6.0, 6.0, 6.5 ] },
						"west": { "texture": "#ore", "uv": [ 8.5, 2.0, 9.0, 2.5 ] },
						"up": { "texture": "#ore", "uv": [ 5.0, 1.0, 5.5, 1.5 ] },
						"down": { "texture": "#ore", "uv": [ 1.5, 4.0, 2.0, 4.5 ] }
					}
				}
			]
		},
		{
			"name": "resin",
			"from": [ 2.92, 0.0, 9.6 ],
			"to": [ 2.92, 0.0, 9.6 ],
			"rotationOrigin": [ 3.3, 0.0, 9.6 ],
			"rotationY": 28.0,
			"faces": {
			},
			"children": [
				{
					"name": "Cube1",
					"from": [ -0.75, 6.0, -0.75 ],
					"to": [ 0.75, 8.25, 0.75 ],
					"renderPass": 3,
					"rotationOrigin": [ -0.75, 6.0, -0.75 ],
					"faces": {
						"north": { "texture": "#resin", "uv": [ 4.5, 10.0, 6.0, 12.25 ] },
						"east": { "texture": "#resin", "uv": [ 8.0, 2.5, 9.5, 4.75 ] },
						"south": { "texture": "#resin", "uv": [ 1.5, 9.5, 3.0, 11.75 ] },
						"west": { "texture": "#resin", "uv": [ 3.5, 13.0, 5.0, 15.25 ] },
						"up": { "texture": "#resin", "uv": [ 6.5, 7.0, 8.0, 8.5 ] },
						"down": { "texture": "#resin", "uv": [ 1.0, 11.0, 2.5, 12.5 ] }
					}
				},
				{
					"name": "Cube3",
					"from": [ 0.0, 6.375, -1.5 ],
					"to": [ 1.125, 7.5, -0.75 ],
					"renderPass": 3,
					"rotationOrigin": [ 0.0, 6.375, -1.5 ],
					"faces": {
						"north": { "texture": "#resin", "uv": [ 5.0, 9.5, 6.125, 10.625 ] },
						"east": { "texture": "#resin", "uv": [ 12.5, 7.5, 13.25, 8.625 ] },
						"south": { "texture": "#resin", "uv": [ 3.5, 8.5, 4.625, 9.625 ] },
						"west": { "texture": "#resin", "uv": [ 0.5, 13.5, 1.25, 14.625 ] },
						"up": { "texture": "#resin", "uv": [ 8.0, 11.0, 9.125, 11.75 ] },
						"down": { "texture": "#resin", "uv": [ 5.0, 9.5, 6.125, 10.25 ] }
					}
				},
				{
					"name": "Cube4",
					"from": [ 0.0, 6.0, 0.375 ],
					"to": [ 1.5, 7.5, 1.125 ],
					"renderPass": 3,
					"rotationOrigin": [ 0.0, 6.0, 0.375 ],
					"faces": {
						"north": { "texture": "#resin", "uv": [ 2.5, 12.5, 4.0, 14.0 ] },
						"east": { "texture": "#resin", "uv": [ 3.5, 10.5, 4.25, 12.0 ] },
						"south": { "texture": "#resin", "uv": [ 10.5, 6.0, 12.0, 7.5 ] },
						"west": { "texture": "#resin", "uv": [ 6.5, 1.0, 7.25, 2.5 ] },
						"up": { "texture": "#resin", "uv": [ 8.0, 2.5, 9.5, 3.25 ] },
						"down": { "texture": "#resin", "uv": [ 7.0, 12.5, 8.5, 13.25 ] }
					}
				},
				{
					"name": "Cube5",
					"from": [ -0.75, 6.375, 0.75 ],
					"to": [ 0.0, 7.125, 1.125 ],
					"renderPass": 3,
					"rotationOrigin": [ -0.75, 6.375, 0.75 ],
					"faces": {
						"north": { "texture": "#resin", "uv": [ 5.0, 9.5, 5.75, 10.25 ] },
						"east": { "texture": "#resin", "uv": [ 12.5, 7.5, 12.875, 8.25 ] },
						"south": { "texture": "#resin", "uv": [ 5.5, 9.0, 6.25, 9.75 ] },
						"west": { "texture": "#resin", "uv": [ 3.0, 10.0, 3.375, 10.75 ] },
						"up": { "texture": "#resin", "uv": [ 9.0, 11.5, 9.75, 11.875 ] },
						"down": { "texture": "#resin", "uv": [ 6.0, 12.5, 6.75, 12.875 ] }
					}
				},
				{
					"name": "Cube6",
					"from": [ -1.125, 6.0, -0.75 ],
					"to": [ -0.75, 7.5, 0.375 ],
					"renderPass": 3,
					"rotationOrigin": [ -1.125, 6.0, -0.75 ],
					"faces": {
						"north": { "texture": "#resin", "uv": [ 5.0, 9.5, 5.375, 11.0 ] },
						"east": { "texture": "#resin", "uv": [ 5.5, 12.0, 6.625, 13.5 ] },
						"south": { "texture": "#resin", "uv": [ 9.5, 1.0, 9.875, 2.5 ] },
						"west": { "texture": "#resin", "uv": [ 4.0, 13.0, 5.125, 14.5 ] },
						"up": { "texture": "#resin", "uv": [ 3.5, 6.0, 3.875, 7.125 ] },
						"down": { "texture": "#resin", "uv": [ 6.0, 12.5, 6.375, 13.625 ] }
					}
				},
				{
					"name": "Cube7",
					"from": [ 0.375, 6.0, 1.125 ],
					"to": [ 0.75, 6.375, 1.5 ],
					"renderPass": 3,
					"rotationOrigin": [ 0.375, 6.0, 1.125 ],
					"faces": {
						"north": { "texture": "#resin", "uv": [ 5.0, 9.5, 5.375, 9.875 ] },
						"east": { "texture": "#resin", "uv": [ 12.5, 7.5, 12.875, 7.875 ] },
						"south": { "texture": "#resin", "uv": [ 3.5, 11.0, 3.875, 11.375 ] },
						"west": { "texture": "#resin", "uv": [ 3.0, 10.0, 3.375, 10.375 ] },
						"up": { "texture": "#resin", "uv": [ 8.0, 2.5, 8.375, 2.875 ] }
					}
				},
				{
					"name": "Cube8",
					"from": [ 0.0, 8.25, 0.0 ],
					"to": [ 0.75, 8.625, 0.75 ],
					"renderPass": 3,
					"rotationOrigin": [ 0.0, 8.25, 0.0 ],
					"faces": {
						"north": { "texture": "#resin", "uv": [ 5.0, 9.5, 5.75, 9.875 ] },
						"east": { "texture": "#resin", "uv": [ 4.0, 12.0, 4.75, 12.375 ] },
						"south": { "texture": "#resin", "uv": [ 1.0, 14.0, 1.75, 14.375 ] },
						"west": { "texture": "#resin", "uv": [ 1.0, 14.5, 1.75, 14.875 ] },
						"up": { "texture": "#resin", "uv": [ 8.0, 2.5, 8.75, 3.25 ] },
						"down": { "texture": "#resin", "uv": [ 1.0, 15.0, 1.75, 15.75 ] }
					}
				},
				{
					"name": "Cube9",
					"from": [ -0.375, 6.375, -1.125 ],
					"to": [ 0.0, 7.875, -0.75 ],
					"renderPass": 3,
					"rotationOrigin": [ -0.375, 6.375, -1.125 ],
					"faces": {
						"north": { "texture": "#resin", "uv": [ 5.0, 9.5, 5.375, 11.0 ] },
						"east": { "texture": "#resin", "uv": [ 5.5, 12.0, 5.875, 13.5 ] },
						"south": { "texture": "#resin", "uv": [ 3.5, 11.0, 3.875, 12.5 ] },
						"west": { "texture": "#resin", "uv": [ 3.0, 10.0, 3.375, 11.5 ] },
						"up": { "texture": "#resin", "uv": [ 8.0, 2.5, 8.375, 2.875 ] },
						"down": { "texture": "#resin", "uv": [ 6.0, 12.5, 6.375, 12.875 ] }
					}
				},
				{
					"name": "Cube10",
					"from": [ 0.0, 7.5, 0.675 ],
					"to": [ 0.375, 7.875, 1.05 ],
					"renderPass": 3,
					"rotationOrigin": [ 0.0, 7.5, 0.75 ],
					"faces": {
						"north": { "texture": "#resin", "uv": [ 5.0, 9.5, 5.375, 9.875 ] },
						"east": { "texture": "#resin", "uv": [ 0.5, 13.0, 0.875, 13.375 ] },
						"south": { "texture": "#resin", "uv": [ 0.5, 13.5, 0.875, 13.875 ] },
						"west": { "texture": "#resin", "uv": [ 1.0, 14.0, 1.375, 14.375 ] },
						"up": { "texture": "#resin", "uv": [ 1.5, 13.5, 1.875, 13.875 ] },
						"down": { "texture": "#resin", "uv": [ 1.5, 15.0, 1.875, 15.375 ] }
					}
				},
				{
					"name": "Cube11",
					"from": [ 0.75, 6.375, -0.375 ],
					"to": [ 1.5, 7.875, 0.375 ],
					"renderPass": 3,
					"rotationOrigin": [ 0.75, 6.375, -0.375 ],
					"faces": {
						"north": { "texture": "#resin", "uv": [ 5.5, 2.0, 6.25, 3.5 ] },
						"east": { "texture": "#resin", "uv": [ 2.0, 7.0, 2.75, 8.5 ] },
						"south": { "texture": "#resin", "uv": [ 1.0, 14.5, 1.75, 16.0 ] },
						"west": { "texture": "#resin", "uv": [ 0.0, 12.0, 0.75, 13.5 ] },
						"up": { "texture": "#resin", "uv": [ 0.5, 14.5, 1.25, 15.25 ] },
						"down": { "texture": "#resin", "uv": [ 2.0, 14.0, 2.75, 14.75 ] }
					}
				},
				{
					"name": "Cube12",
					"from": [ 1.5, 6.375, 0.375 ],
					"to": [ 1.875, 6.75, 0.75 ],
					"renderPass": 3,
					"rotationOrigin": [ 1.5, 6.375, 0.375 ],
					"faces": {
						"north": { "texture": "#resin", "uv": [ 5.0, 9.5, 5.375, 9.875 ] },
						"east": { "texture": "#resin", "uv": [ 12.5, 7.5, 12.875, 7.875 ] },
						"south": { "texture": "#resin", "uv": [ 3.5, 11.0, 3.875, 11.375 ] },
						"west": { "texture": "#resin", "uv": [ 3.0, 10.0, 3.375, 10.375 ] },
						"up": { "texture": "#resin", "uv": [ 8.0, 2.5, 8.375, 2.875 ] },
						"down": { "texture": "#resin", "uv": [ 7.0, 12.5, 7.375, 12.875 ] }
					}
				},
				{
					"name": "Cube13",
					"from": [ 0.75, 6.75, -0.75 ],
					"to": [ 1.5, 7.5, -0.375 ],
					"renderPass": 3,
					"rotationOrigin": [ 0.75, 6.75, -0.75 ],
					"faces": {
						"north": { "texture": "#resin", "uv": [ 5.0, 9.5, 5.75, 10.25 ] },
						"east": { "texture": "#resin", "uv": [ 12.5, 7.5, 12.875, 8.25 ] },
						"south": { "texture": "#resin", "uv": [ 3.5, 11.0, 4.25, 11.75 ] },
						"west": { "texture": "#resin", "uv": [ 3.0, 10.0, 3.375, 10.75 ] },
						"up": { "texture": "#resin", "uv": [ 8.0, 2.5, 8.75, 2.875 ] },
						"down": { "texture": "#resin", "uv": [ 7.0, 12.5, 7.75, 12.875 ] }
					}
				},
				{
					"name": "Cube14",
					"from": [ -1.125, 6.75, 0.375 ],
					"to": [ -0.75, 7.125, 0.75 ],
					"renderPass": 3,
					"rotationOrigin": [ -1.125, 6.75, 0.375 ],
					"faces": {
						"north": { "texture": "#resin", "uv": [ 5.0, 9.5, 5.375, 9.875 ] },
						"east": { "texture": "#resin", "uv": [ 12.5, 7.5, 12.875, 7.875 ] },
						"south": { "texture": "#resin", "uv": [ 3.5, 11.0, 3.875, 11.375 ] },
						"west": { "texture": "#resin", "uv": [ 3.0, 10.0, 3.375, 10.375 ] },
						"up": { "texture": "#resin", "uv": [ 8.0, 2.5, 8.375, 2.875 ] },
						"down": { "texture": "#resin", "uv": [ 7.0, 12.5, 7.375, 12.875 ] }
					}
				},
				{
					"name": "Cube15",
					"from": [ 0.75, 7.875, -0.375 ],
					"to": [ 1.125, 8.25, 0.375 ],
					"renderPass": 3,
					"rotationOrigin": [ 0.75, 7.875, -0.375 ],
					"faces": {
						"north": { "texture": "#resin", "uv": [ 5.0, 9.5, 5.375, 9.875 ] },
						"east": { "texture": "#resin", "uv": [ 4.0, 12.0, 4.75, 12.375 ] },
						"south": { "texture": "#resin", "uv": [ 1.0, 14.0, 1.375, 14.375 ] },
						"west": { "texture": "#resin", "uv": [ 1.0, 14.5, 1.75, 14.875 ] },
						"up": { "texture": "#resin", "uv": [ 8.0, 2.5, 8.375, 3.25 ] },
						"down": { "texture": "#resin", "uv": [ 1.0, 15.0, 1.375, 15.75 ] }
					}
				}
			]
		},
		{
			"name": "hunterbackpack",
			"from": [ -0.1, 5.9, 1.0 ],
			"to": [ 0.9, 6.9, 2.0 ],
			"rotationOrigin": [ -0.1, 5.9, 1.0 ],
			"faces": {
			},
			"children": [
				{
					"name": "backpack",
					"from": [ 5.6, 0.4, 6.0 ],
					"to": [ 10.4, 4.4, 8.0 ],
					"rotationOrigin": [ 8.1, -0.1, 8.0 ],
					"rotationX": -14.0,
					"faces": {
						"north": { "texture": "#hunterbackpack", "uv": [ 8.5, 2.0, 13.0, 6.0 ] },
						"east": { "texture": "#hunterbackpack", "uv": [ 6.5, 2.0, 8.5, 6.0 ] },
						"south": { "texture": "#hunterbackpack", "uv": [ 2.0, 2.0, 6.5, 6.0 ] },
						"west": { "texture": "#hunterbackpack", "uv": [ 0.0, 2.0, 2.0, 6.0 ] },
						"up": { "texture": "#hunterbackpack", "uv": [ 2.0, 0.0, 6.5, 2.0 ] },
						"down": { "texture": "#hunterbackpack", "uv": [ 2.0, 6.0, 6.5, 8.0 ], "rotation": 180 }
					},
					"children": [
						{
							"name": "L wood",
							"from": [ -0.7, 0.4, -1.1 ],
							"to": [ 0.3, 6.4, -0.1 ],
							"rotationOrigin": [ 0.3, 0.5, -1.0 ],
							"rotationX": 17.0,
							"rotationZ": -6.0,
							"faces": {
								"north": { "texture": "#hunterbackpack", "uv": [ 12.0, 10.0, 13.0, 16.0 ] },
								"east": { "texture": "#hunterbackpack", "uv": [ 13.0, 10.0, 14.0, 16.0 ] },
								"south": { "texture": "#hunterbackpack", "uv": [ 14.0, 10.0, 15.0, 16.0 ] },
								"west": { "texture": "#hunterbackpack", "uv": [ 15.0, 10.0, 16.0, 16.0 ] },
								"up": { "texture": "#hunterbackpack", "uv": [ 12.0, 9.0, 13.0, 10.0 ] },
								"down": { "texture": "#hunterbackpack", "uv": [ 13.0, 9.0, 14.0, 10.0 ] }
							}
						},
						{
							"name": "R wood",
							"from": [ 4.5, 0.4, -1.1 ],
							"to": [ 5.5, 6.4, -0.1 ],
							"rotationOrigin": [ 4.5, 0.5, -1.0 ],
							"rotationX": 17.0,
							"rotationZ": 6.0,
							"faces": {
								"north": { "texture": "#hunterbackpack", "uv": [ 12.0, 10.0, 13.0, 16.0 ] },
								"east": { "texture": "#hunterbackpack", "uv": [ 13.0, 10.0, 14.0, 16.0 ] },
								"south": { "texture": "#hunterbackpack", "uv": [ 14.0, 10.0, 15.0, 16.0 ] },
								"west": { "texture": "#hunterbackpack", "uv": [ 15.0, 10.0, 16.0, 16.0 ] },
								"up": { "texture": "#hunterbackpack", "uv": [ 12.0, 9.0, 13.0, 10.0 ] },
								"down": { "texture": "#hunterbackpack", "uv": [ 13.0, 9.0, 14.0, 10.0 ] }
							}
						},
						{
							"name": "Cube1",
							"from": [ -0.1, 0.0, 2.0 ],
							"to": [ 4.9, 6.0, 2.5 ],
							"rotationOrigin": [ -0.1, 0.0, 2.0 ],
							"rotationX": -6.0,
							"faces": {
								"north": { "texture": "#hunterbackpack", "uv": [ 6.0, 8.5, 11.0, 14.5 ] },
								"east": { "texture": "#hunterbackpack", "uv": [ 5.5, 8.5, 6.0, 14.5 ] },
								"south": { "texture": "#hunterbackpack", "uv": [ 0.5, 8.5, 5.5, 14.5 ] },
								"west": { "texture": "#hunterbackpack", "uv": [ 0.0, 8.5, 0.5, 14.5 ] },
								"up": { "texture": "#hunterbackpack", "uv": [ 0.5, 8.0, 5.5, 8.5 ] },
								"down": { "texture": "#hunterbackpack", "uv": [ 0.5, 14.5, 5.5, 15.0 ], "rotation": 180 }
							},
							"children": [
								{
									"name": "Cube5",
									"from": [ 0.0, 3.2, -0.4 ],
									"to": [ 2.0, 6.2, 0.6 ],
									"rotationOrigin": [ 1.0, 5.7, 0.6 ],
									"rotationX": -8.0,
									"rotationY": -3.0,
									"rotationZ": -22.0,
									"faces": {
										"south": { "texture": "#hunterbackpack", "uv": [ 14.0, 0.0, 16.0, 3.0 ] }
									}
								},
								{
									"name": "Cube6",
									"from": [ 0.0, 1.2, -0.4 ],
									"to": [ 2.0, 4.2, 0.6 ],
									"rotationOrigin": [ 1.0, 3.7, 0.6 ],
									"rotationX": -8.0,
									"rotationY": -3.0,
									"rotationZ": -22.0,
									"faces": {
										"south": { "texture": "#hunterbackpack", "uv": [ 14.0, 0.0, 16.0, 3.0 ] }
									}
								},
								{
									"name": "Cube7",
									"from": [ 1.0, 2.2, -0.4 ],
									"to": [ 3.0, 5.2, 0.6 ],
									"rotationOrigin": [ 2.0, 4.7, 0.6 ],
									"rotationX": -8.0,
									"rotationY": -3.0,
									"rotationZ": -22.0,
									"faces": {
										"south": { "texture": "#hunterbackpack", "uv": [ 14.0, 0.0, 16.0, 3.0 ] }
									}
								},
								{
									"name": "Cube8",
									"from": [ 2.0, 2.2, -0.4 ],
									"to": [ 4.0, 5.2, 0.6 ],
									"rotationOrigin": [ 3.0, 4.7, 0.6 ],
									"rotationX": -8.0,
									"rotationY": -8.0,
									"rotationZ": 14.0,
									"faces": {
										"south": { "texture": "#hunterbackpack", "uv": [ 16.0, 0.0, 14.0, 3.0 ], "autoUv": false }
									}
								},
								{
									"name": "Cube9",
									"from": [ 3.0, 3.2, -0.4 ],
									"to": [ 5.0, 6.2, 0.6 ],
									"rotationOrigin": [ 4.0, 5.7, 0.6 ],
									"rotationX": -8.0,
									"rotationY": -3.0,
									"rotationZ": 22.0,
									"faces": {
										"south": { "texture": "#hunterbackpack", "uv": [ 16.0, 0.0, 14.0, 3.0 ], "autoUv": false }
									}
								},
								{
									"name": "Cube10",
									"from": [ 3.0, 1.2, -0.4 ],
									"to": [ 5.0, 4.2, 0.6 ],
									"rotationOrigin": [ 4.0, 3.7, 0.6 ],
									"rotationX": -8.0,
									"rotationY": -3.0,
									"rotationZ": 22.0,
									"faces": {
										"south": { "texture": "#hunterbackpack", "uv": [ 16.0, 0.0, 14.0, 3.0 ], "autoUv": false }
									}
								},
								{
									"name": "Cube11",
									"from": [ 1.0, 4.0, -0.5 ],
									"to": [ 2.5, 6.0, 0.5 ],
									"rotationOrigin": [ 2.0, 6.0, 0.5 ],
									"rotationX": -28.0,
									"rotationY": 6.0,
									"rotationZ": -11.0,
									"faces": {
										"south": { "texture": "#hunterbackpack", "uv": [ 14.5, 3.5, 16.0, 5.5 ] }
									}
								},
								{
									"name": "Cube12",
									"from": [ 2.0, 4.0, -0.5 ],
									"to": [ 3.5, 6.0, 0.5 ],
									"rotationOrigin": [ 3.0, 6.0, 0.5 ],
									"rotationX": -33.0,
									"rotationY": -3.0,
									"rotationZ": 22.0,
									"faces": {
										"south": { "texture": "#hunterbackpack", "uv": [ 16.0, 3.5, 14.5, 5.5 ], "autoUv": false }
									}
								}
							]
						}
					]
				}
			]
		}
	]}