{
	"editor": {
		"allAngles": false,
		"entityTextureMode": false
	},
	"textureWidth": 16,
	"textureHeight": 16,
	"textureSizes": {
	},
	"textures": {
	},
	"elements": [
		{
			"name": "_origin1",
			"from": [ 0.0, 0.0, 0.0 ],
			"to": [ 0.0, 0.0, 0.0 ],
			"rotationOrigin": [ 8.0, 2.0, 8.0 ],
			"faces": {
				"north": { "texture": "#default", "uv": [ 0.0, 0.0, 0.5, 0.5 ] },
				"east": { "texture": "#default", "uv": [ 0.0, 0.0, 0.5, 0.5 ] },
				"south": { "texture": "#default", "uv": [ 0.0, 0.0, 0.5, 0.5 ] },
				"west": { "texture": "#default", "uv": [ 0.0, 0.0, 0.5, 0.5 ] },
				"up": { "texture": "#default", "uv": [ 0.0, 0.0, 0.5, 0.5 ] },
				"down": { "texture": "#default", "uv": [ 0.0, 0.0, 0.5, 0.5 ] }
			},
			"children": [
				{
					"name": "magicarray1",
					"from": [ 0.0, 0.0, 0.0 ],
					"to": [ 16.0, 0.5, 16.0 ],
					"rotationOrigin": [ 8.0, 0.0, 8.0 ],
					"faces": {
						"up": { "texture": "#magicarray1", "uv": [ 0.0, 0.0, 16.0, 16.0 ], "glow": 150, "windMode": [-1,-1,-1,-1] }
					}
				},
				{
					"name": "magicarray4",
					"from": [ -48.0, 0.5, -48.0 ],
					"to": [ 64.0, 1.0, 64.0 ],
					"rotationOrigin": [ 8.0, 0.5, 8.0 ],
					"faces": {
						"up": { "texture": "#magicarray4", "uv": [ 0.0, 0.0, 16.0, 16.0 ], "glow": 150, "autoUv": false }
					}
				}
			]
		}
	],
	"animations": [
		{
			"name": "spin1",
			"code": "spin1",
			"quantityframes": 36,
			"onActivityStopped": "EaseOut",
			"onAnimationEnd": "Repeat",
			"keyframes": [
				{
					"frame": 0,
					"elements": {
						"magicarray1": { "rotationX": 0.0, "rotationY": -180.0, "rotationZ": 0.0 }
					}
				},
				{
					"frame": 35,
					"elements": {
						"magicarray1": { "rotationX": 0.0, "rotationY": 180.0, "rotationZ": 0.0, "rotShortestDistanceX": true, "rotShortestDistanceY": true }
					}
				}
			]
		},

		{
			"name": "spin4",
			"code": "spin4",
			"quantityframes": 36,
			"onActivityStopped": "EaseOut",
			"onAnimationEnd": "Repeat",
			"keyframes": [
				{
					"frame": 0,
					"elements": {
						"magicarray4": { "rotationX": 0.0, "rotationY": -180.0, "rotationZ": 0.0 }
					}
				},
				{
					"frame": 35,
					"elements": {
						"magicarray4": { "rotationX": 0.0, "rotationY": 180.0, "rotationZ": 0.0, "rotShortestDistanceX": true, "rotShortestDistanceY": true }
					}
				}
			]
		}
	]
}