{
	"editor": {
		"collapsedPaths": "Root/Bow/BowGrip/BowLimbDown2/BowMiddleDown2/BowTipDown2,Root/Bow/BowGrip/FrontBowArm,Root/detal01,Root/Bow,Root/Bow/BowGrip/BowLimbDown2/BowMiddleDown2,Root/Bow/BowGrip/BowLimbDown2/BowMiddleDown2/hornpart2.6,Root/Bow/BowGrip/BowLimbDown/BowMiddleDown/hornpart2.1,Root/detal2,Root/kluch,Root/detal3",
		"allAngles": false,
		"entityTextureMode": false
	},
	"textureWidth": 16,
	"textureHeight": 16,
	"textureSizes": {
		"string": [16,16],
		"aged": [16,16],
		"arrow": [8,8],
		"feather2": [16,16],
		"bone": [16,16],
		"stick": [16,16],
		"beeswax": [8,8],
		"leather": [16,16]
	},
	"textures": {
		"blue": "game:block/glass/blue",
		"metal": "game:block/metal/ingot/copper",
		"cupronickel1": "game:block/metal/sheet/cupronickel1",
		"gold1": "game:block/metal/sheet/gold1",
		"lead": "game:block/metal/tarnished/lead",
		"oak": "game:block/wood/oak",
		"string": "game:item/tool/material/string",
		"map-blank": "game:item/utility/map-blank",
		"temporal": "game:item/resource/temporalgear",
		"schematic-glider": "game:item/utility/schematic-glider"
	},
	"elements": [
		{
			"name": "origin",
			"from": [ 8.0, 0.0, 8.0 ],
			"to": [ 8.0, 0.0, 8.0 ],
			"rotationOrigin": [ 8.0, 0.0, 8.0 ],
			"faces": {
			},
			"children": [
				{
					"name": "sheet",
					"from": [ -4.0, 0.0, -7.0 ],
					"to": [ 4.0, 0.5, 7.0 ],
					"faces": {
						"north": { "texture": "#schematic-glider", "uv": [ 0.0, 0.0, 0.5, 8.0 ], "rotation": 90 },
						"south": { "texture": "#schematic-glider", "uv": [ 0.0, 7.0, 0.5, 15.0 ], "rotation": 90 },
						"up": { "texture": "#schematic-glider", "uv": [ 3.0, 0.0, 11.0, 14.0 ] },
						"down": { "texture": "#map-blank", "uv": [ 3.0, 1.0, 11.0, 15.0 ] }
					},
					"children": [
						{
							"name": "scroll-bigger",
							"from": [ 8.0, 0.0, 0.0 ],
							"to": [ 11.0, 3.0, 14.0 ],
							"rotationOrigin": [ 8.0, 0.0, 7.0 ],
							"faces": {
								"north": { "texture": "#schematic-glider", "uv": [ 12.0, 13.5, 15.0, 16.5 ] },
								"east": { "texture": "#schematic-glider", "uv": [ 0.0, 0.0, 3.0, 14.0 ], "rotation": 90 },
								"south": { "texture": "#schematic-glider", "uv": [ 12.0, 13.5, 15.0, 16.5 ] },
								"west": { "texture": "#schematic-glider", "uv": [ 11.0, 0.0, 14.0, 14.0 ], "rotation": 90 },
								"up": { "texture": "#schematic-glider", "uv": [ 11.0, 0.0, 14.0, 14.0 ] },
								"down": { "texture": "#schematic-glider", "uv": [ 0.0, 0.0, 3.0, 14.0 ] }
							},
							"children": [
								{
									"name": "edge-biggerS1",
									"from": [ 0.0, 0.0, 14.0 ],
									"to": [ 2.5, 0.5, 14.5 ],
									"rotationOrigin": [ 0.0, 0.0, 14.0 ],
									"faces": {
										"south": { "texture": "#schematic-glider", "uv": [ 0.0, 5.0, 0.5, 7.5 ], "rotation": 90 },
										"west": { "texture": "#schematic-glider", "uv": [ 0.0, 0.0, 0.5, 0.5 ] },
										"up": { "texture": "#schematic-glider", "uv": [ 0.0, 0.0, 2.5, 0.5 ] },
										"down": { "texture": "#schematic-glider", "uv": [ 0.0, 0.0, 0.5, 2.5 ], "rotation": 90 }
									}
								},
								{
									"name": "edge-biggerS2",
									"from": [ 0.5, 2.5, 14.0 ],
									"to": [ 3.0, 3.0, 14.5 ],
									"rotationOrigin": [ 0.5, 2.5, 14.0 ],
									"faces": {
										"east": { "texture": "#schematic-glider", "uv": [ 0.0, 0.0, 0.5, 0.5 ] },
										"south": { "texture": "#schematic-glider", "uv": [ 0.0, 1.0, 0.5, 3.5 ], "rotation": 90 },
										"up": { "texture": "#schematic-glider", "uv": [ 0.0, 4.0, 0.5, 6.5 ], "rotation": 90 },
										"down": { "texture": "#schematic-glider", "uv": [ 0.0, 0.0, 2.5, 0.5 ] }
									}
								},
								{
									"name": "edge-biggerS3",
									"from": [ 0.0, 0.5, 14.0 ],
									"to": [ 0.5, 3.0, 14.5 ],
									"rotationOrigin": [ 0.0, 0.5, 14.0 ],
									"faces": {
										"east": { "texture": "#schematic-glider", "uv": [ 0.0, 0.0, 0.5, 2.5 ] },
										"south": { "texture": "#schematic-glider", "uv": [ 0.0, 0.0, 0.5, 2.5 ] },
										"west": { "texture": "#schematic-glider", "uv": [ 0.0, 0.0, 0.5, 2.5 ] },
										"up": { "texture": "#schematic-glider", "uv": [ 0.0, 0.0, 0.5, 0.5 ] }
									}
								},
								{
									"name": "edge-biggerS4",
									"from": [ 2.5, 0.0, 14.0 ],
									"to": [ 3.0, 2.5, 14.5 ],
									"rotationOrigin": [ 3.0, 0.5, 14.0 ],
									"faces": {
										"east": { "texture": "#schematic-glider", "uv": [ 0.0, 0.0, 0.5, 2.5 ] },
										"south": { "texture": "#schematic-glider", "uv": [ 0.0, 0.0, 0.5, 2.5 ] },
										"west": { "texture": "#schematic-glider", "uv": [ 0.0, 0.0, 0.5, 2.5 ] },
										"down": { "texture": "#schematic-glider", "uv": [ 0.0, 0.0, 0.5, 0.5 ] }
									}
								},
								{
									"name": "edge-biggerS5",
									"from": [ 1.0, 0.5, 14.0 ],
									"to": [ 1.5, 2.0, 14.5 ],
									"rotationOrigin": [ 1.0, 0.5, 14.0 ],
									"faces": {
										"east": { "texture": "#schematic-glider", "uv": [ 0.0, 0.0, 0.5, 1.5 ] },
										"south": { "texture": "#schematic-glider", "uv": [ 0.0, 0.0, 0.5, 1.5 ] },
										"west": { "texture": "#schematic-glider", "uv": [ 0.0, 0.0, 0.5, 1.5 ] },
										"up": { "texture": "#schematic-glider", "uv": [ 0.0, 0.0, 0.5, 0.5 ] }
									}
								},
								{
									"name": "edge-biggerS6",
									"from": [ 1.5, 1.5, 14.0 ],
									"to": [ 2.0, 2.0, 14.5 ],
									"rotationOrigin": [ 1.5, 1.5, 14.0 ],
									"faces": {
										"east": { "texture": "#schematic-glider", "uv": [ 0.0, 0.0, 0.5, 0.5 ] },
										"south": { "texture": "#schematic-glider", "uv": [ 0.0, 0.0, 0.5, 0.5 ] },
										"up": { "texture": "#schematic-glider", "uv": [ 0.0, 0.0, 0.5, 0.5 ] },
										"down": { "texture": "#schematic-glider", "uv": [ 0.0, 0.0, 0.5, 0.5 ] }
									}
								},
								{
									"name": "edge-biggerN1",
									"from": [ 0.0, 0.0, -0.5 ],
									"to": [ 2.5, 0.5, 0.0 ],
									"faces": {
										"north": { "texture": "#schematic-glider", "uv": [ 0.0, 5.0, 0.5, 7.5 ], "rotation": 90, "windMode": [-1,-1,-1,-1] },
										"west": { "texture": "#schematic-glider", "uv": [ 0.0, 0.0, 0.5, 0.5 ] },
										"up": { "texture": "#schematic-glider", "uv": [ 0.0, 4.0, 0.5, 6.5 ], "rotation": 90 },
										"down": { "texture": "#schematic-glider", "uv": [ 0.0, 5.0, 0.5, 7.5 ], "rotation": 90 }
									}
								},
								{
									"name": "edge-biggerN2",
									"from": [ 0.5, 2.5, -0.5 ],
									"to": [ 3.0, 3.0, 0.0 ],
									"rotationOrigin": [ 0.5, 2.5, 0.0 ],
									"faces": {
										"north": { "texture": "#schematic-glider", "uv": [ 0.0, 4.0, 0.5, 6.5 ], "rotation": 90 },
										"east": { "texture": "#schematic-glider", "uv": [ 0.0, 0.0, 0.5, 0.5 ], "windMode": [-1,-1,-1,-1] },
										"up": { "texture": "#schematic-glider", "uv": [ 0.0, 4.0, 0.5, 6.5 ], "rotation": 90 },
										"down": { "texture": "#schematic-glider", "uv": [ 0.0, 0.0, 2.5, 0.5 ] }
									}
								},
								{
									"name": "edge-biggerN3",
									"from": [ 2.5, 0.0, -0.5 ],
									"to": [ 3.0, 2.5, 0.0 ],
									"rotationOrigin": [ 3.0, 0.5, 0.0 ],
									"faces": {
										"north": { "texture": "#schematic-glider", "uv": [ 0.0, 0.0, 0.5, 2.5 ], "windMode": [-1,-1,-1,-1] },
										"east": { "texture": "#schematic-glider", "uv": [ 0.0, 0.0, 0.5, 2.5 ] },
										"west": { "texture": "#schematic-glider", "uv": [ 0.0, 0.0, 0.5, 2.5 ] },
										"down": { "texture": "#schematic-glider", "uv": [ 0.0, 0.0, 0.5, 0.5 ] }
									}
								},
								{
									"name": "edge-biggerN4",
									"from": [ 0.0, 0.5, -0.5 ],
									"to": [ 0.5, 3.0, 0.0 ],
									"rotationOrigin": [ 0.0, 1.0, 0.0 ],
									"faces": {
										"north": { "texture": "#schematic-glider", "uv": [ 0.0, 0.0, 0.5, 2.5 ] },
										"east": { "texture": "#schematic-glider", "uv": [ 0.0, 0.0, 0.5, 2.5 ] },
										"west": { "texture": "#schematic-glider", "uv": [ 0.0, 0.0, 0.5, 2.5 ] },
										"up": { "texture": "#schematic-glider", "uv": [ 0.0, 0.0, 0.5, 0.5 ], "windMode": [-1,-1,-1,-1] }
									}
								},
								{
									"name": "edge-biggerN5",
									"from": [ 1.0, 0.5, -0.5 ],
									"to": [ 1.5, 2.0, 0.0 ],
									"rotationOrigin": [ 1.0, 1.0, 0.0 ],
									"faces": {
										"north": { "texture": "#schematic-glider", "uv": [ 0.0, 0.0, 0.5, 1.5 ] },
										"east": { "texture": "#schematic-glider", "uv": [ 0.0, 0.0, 0.5, 1.5 ] },
										"west": { "texture": "#schematic-glider", "uv": [ 0.0, 0.0, 0.5, 1.5 ] },
										"up": { "texture": "#schematic-glider", "uv": [ 0.0, 0.0, 0.5, 0.5 ] }
									}
								},
								{
									"name": "edge-biggerN6",
									"from": [ 1.5, 1.5, -0.5 ],
									"to": [ 2.0, 2.0, 0.0 ],
									"rotationOrigin": [ 1.5, 1.5, 0.0 ],
									"faces": {
										"north": { "texture": "#schematic-glider", "uv": [ 0.0, 0.0, 0.5, 0.5 ] },
										"east": { "texture": "#schematic-glider", "uv": [ 0.0, 0.0, 0.5, 0.5 ] },
										"up": { "texture": "#schematic-glider", "uv": [ 0.0, 0.0, 0.5, 0.5 ] },
										"down": { "texture": "#schematic-glider", "uv": [ 0.0, 0.0, 0.5, 0.5 ] }
									}
								},
								{
									"name": "seal-main",
									"from": [ 0.5, 3.0, 3.0 ],
									"to": [ 2.5, 3.5, 5.0 ],
									"rotationOrigin": [ 1.5, 3.0, 4.0 ],
									"faces": {
										"north": { "texture": "#metal", "uv": [ 6.0, 14.5, 8.0, 15.0 ] },
										"east": { "texture": "#metal", "uv": [ 5.0, 15.0, 7.0, 15.5 ] },
										"south": { "texture": "#metal", "uv": [ 5.5, 14.5, 7.5, 15.0 ] },
										"west": { "texture": "#metal", "uv": [ 4.0, 14.0, 6.0, 14.5 ] },
										"up": { "texture": "#metal", "uv": [ 9.5, 10.0, 13.5, 14.0 ], "autoUv": false }
									},
									"children": [
										{
											"name": "seal2",
											"from": [ 0.0, -0.1, 0.0 ],
											"to": [ 2.0, 0.4, 2.0 ],
											"rotationOrigin": [ 1.0, -0.1, 1.0 ],
											"rotationY": -45.0,
											"faces": {
												"north": { "texture": "#metal", "uv": [ 5.5, 15.0, 7.5, 15.5 ] },
												"east": { "texture": "#metal", "uv": [ 5.0, 14.0, 7.0, 14.5 ] },
												"south": { "texture": "#metal", "uv": [ 4.5, 14.5, 6.5, 15.0 ] },
												"west": { "texture": "#metal", "uv": [ 5.5, 14.5, 7.5, 15.0 ] },
												"up": { "texture": "#metal", "uv": [ 9.0, 11.0, 13.5, 15.5 ], "autoUv": false }
											}
										},
										{
											"name": "seal-glow1",
											"from": [ 0.5, 0.5, 0.4 ],
											"to": [ 1.5, 0.6, 0.6 ],
											"rotationOrigin": [ 1.0, 0.5, 0.5 ],
											"faces": {
												"north": { "texture": "#cupronickel1", "uv": [ 11.0, 15.5, 12.0, 16.0 ], "glow": 150 },
												"east": { "texture": "#cupronickel1", "uv": [ 10.0, 15.0, 10.5, 15.5 ], "glow": 150 },
												"south": { "texture": "#cupronickel1", "uv": [ 9.5, 14.5, 10.5, 15.0 ], "glow": 150 },
												"west": { "texture": "#cupronickel1", "uv": [ 10.0, 14.5, 10.5, 15.0 ], "glow": 150 },
												"up": { "texture": "#cupronickel1", "uv": [ 10.0, 14.0, 11.0, 14.5 ], "glow": 150 }
											}
										},
										{
											"name": "seal-glow2",
											"from": [ 0.5, 0.5, 1.4 ],
											"to": [ 1.5, 0.6, 1.6 ],
											"rotationOrigin": [ 1.0, 0.5, 1.5 ],
											"faces": {
												"north": { "texture": "#cupronickel1", "uv": [ 10.5, 14.5, 11.5, 15.0 ], "glow": 150 },
												"east": { "texture": "#cupronickel1", "uv": [ 9.0, 14.0, 9.5, 14.5 ], "glow": 150 },
												"south": { "texture": "#cupronickel1", "uv": [ 9.5, 14.5, 10.5, 15.0 ], "glow": 150 },
												"west": { "texture": "#cupronickel1", "uv": [ 10.5, 14.5, 11.0, 15.0 ], "glow": 150 },
												"up": { "texture": "#cupronickel1", "uv": [ 9.5, 14.5, 10.5, 15.0 ], "glow": 150 }
											}
										},
										{
											"name": "seal-glow3",
											"from": [ 0.9, 0.5, 1.1 ],
											"to": [ 1.1, 0.6, 1.3 ],
											"rotationOrigin": [ 1.0, 0.5, 1.2 ],
											"faces": {
												"north": { "texture": "#cupronickel1", "uv": [ 9.5, 14.0, 10.0, 14.5 ], "glow": 150 },
												"east": { "texture": "#cupronickel1", "uv": [ 10.5, 14.5, 11.0, 15.0 ], "glow": 150 },
												"south": { "texture": "#cupronickel1", "uv": [ 11.5, 14.0, 12.0, 14.5 ], "glow": 150 },
												"west": { "texture": "#cupronickel1", "uv": [ 10.0, 15.5, 10.5, 16.0 ], "glow": 150 },
												"up": { "texture": "#cupronickel1", "uv": [ 10.5, 15.0, 11.0, 15.5 ], "glow": 150 }
											}
										},
										{
											"name": "seal-glow4",
											"from": [ 0.9, 0.5, 0.7 ],
											"to": [ 1.1, 0.6, 0.9 ],
											"rotationOrigin": [ 1.0, 0.5, 0.8 ],
											"faces": {
												"north": { "texture": "#cupronickel1", "uv": [ 10.5, 14.5, 11.0, 15.0 ], "glow": 150 },
												"east": { "texture": "#cupronickel1", "uv": [ 9.0, 14.0, 9.5, 14.5 ], "glow": 150 },
												"south": { "texture": "#cupronickel1", "uv": [ 9.5, 14.5, 10.0, 15.0 ], "glow": 150 },
												"west": { "texture": "#cupronickel1", "uv": [ 10.5, 14.5, 11.0, 15.0 ], "glow": 150 },
												"up": { "texture": "#cupronickel1", "uv": [ 9.5, 14.5, 10.0, 15.0 ], "glow": 150 }
											}
										},
										{
											"name": "seal-glow5",
											"from": [ 0.7, 0.5, 0.9 ],
											"to": [ 0.9, 0.6, 1.1 ],
											"rotationOrigin": [ 0.8, 0.5, 1.0 ],
											"faces": {
												"north": { "texture": "#cupronickel1", "uv": [ 10.5, 14.5, 11.0, 15.0 ], "glow": 150 },
												"east": { "texture": "#cupronickel1", "uv": [ 9.0, 14.0, 9.5, 14.5 ], "glow": 150 },
												"south": { "texture": "#cupronickel1", "uv": [ 9.5, 14.5, 10.0, 15.0 ], "glow": 150 },
												"west": { "texture": "#cupronickel1", "uv": [ 10.5, 14.5, 11.0, 15.0 ], "glow": 150 },
												"up": { "texture": "#cupronickel1", "uv": [ 9.5, 14.5, 10.0, 15.0 ], "glow": 150 }
											}
										},
										{
											"name": "seal-glow6",
											"from": [ 1.1, 0.5, 0.9 ],
											"to": [ 1.3, 0.6, 1.1 ],
											"rotationOrigin": [ 1.2, 0.5, 1.0 ],
											"faces": {
												"north": { "texture": "#cupronickel1", "uv": [ 9.5, 14.5, 10.0, 15.0 ], "glow": 150 },
												"east": { "texture": "#cupronickel1", "uv": [ 11.0, 14.5, 11.5, 15.0 ], "glow": 150 },
												"south": { "texture": "#cupronickel1", "uv": [ 11.0, 15.0, 11.5, 15.5 ], "glow": 150 },
												"west": { "texture": "#cupronickel1", "uv": [ 9.5, 14.5, 10.0, 15.0 ], "glow": 150 },
												"up": { "texture": "#cupronickel1", "uv": [ 10.5, 14.5, 11.0, 15.0 ], "glow": 150 }
											}
										},
										{
											"name": "seal-string1",
											"from": [ 0.4, -0.2, 2.0 ],
											"to": [ 0.8, 0.2, 10.0 ],
											"rotationOrigin": [ 0.6, 0.0, 2.0 ],
											"rotationY": -5.0,
											"rotationZ": -45.0,
											"faces": {
												"west": { "texture": "#schematic-glider", "uv": [ 15.5, 0.5, 16.0, 8.5 ], "rotation": 90 },
												"up": { "texture": "#schematic-glider", "uv": [ 15.0, 5.5, 15.5, 13.5 ] }
											},
											"children": [
												{
													"name": "seal-stringtie1",
													"from": [ -0.1, -0.1, 8.0 ],
													"to": [ 0.5, 0.5, 9.0 ],
													"rotationOrigin": [ 0.2, 0.1, 8.0 ],
													"faces": {
														"north": { "texture": "#schematic-glider", "uv": [ 15.0, 11.0, 15.5, 11.5 ] },
														"south": { "texture": "#schematic-glider", "uv": [ 15.0, 8.5, 15.5, 9.0 ] },
														"west": { "texture": "#schematic-glider", "uv": [ 15.0, 11.0, 16.0, 11.5 ] },
														"up": { "texture": "#schematic-glider", "uv": [ 15.0, 9.5, 15.5, 10.5 ] },
														"down": { "texture": "#schematic-glider", "uv": [ 15.0, 4.0, 15.5, 5.0 ] }
													}
												}
											]
										},
										{
											"name": "seal-string2",
											"from": [ 1.4, -0.2, 2.0 ],
											"to": [ 1.8, 0.2, 6.0 ],
											"rotationOrigin": [ 1.6, 0.0, 2.0 ],
											"rotationY": 5.0,
											"rotationZ": -45.0,
											"faces": {
												"west": { "texture": "#schematic-glider", "uv": [ 15.5, 0.5, 16.0, 4.5 ], "rotation": 90 },
												"up": { "texture": "#schematic-glider", "uv": [ 15.0, 5.5, 15.5, 9.5 ] }
											},
											"children": [
												{
													"name": "seal-stringtie2",
													"from": [ -0.1, -0.1, 4.0 ],
													"to": [ 0.5, 0.5, 5.0 ],
													"rotationOrigin": [ 0.2, 0.2, 4.0 ],
													"faces": {
														"north": { "texture": "#schematic-glider", "uv": [ 15.5, 10.0, 16.0, 10.5 ] },
														"south": { "texture": "#schematic-glider", "uv": [ 15.5, 8.0, 16.0, 8.5 ] },
														"west": { "texture": "#schematic-glider", "uv": [ 15.0, 9.0, 16.0, 9.5 ] },
														"up": { "texture": "#schematic-glider", "uv": [ 15.0, 10.5, 15.5, 11.5 ] }
													}
												}
											]
										}
									]
								}
							]
						},
						{
							"name": "scroll-smaller",
							"from": [ -2.0, 0.0, 0.0 ],
							"to": [ 0.0, 2.0, 14.0 ],
							"rotationOrigin": [ 0.0, 0.0, 7.0 ],
							"faces": {
								"north": { "texture": "#schematic-glider", "uv": [ 13.0, 14.0, 15.0, 16.0 ] },
								"east": { "texture": "#schematic-glider", "uv": [ 12.0, 0.0, 14.0, 14.0 ], "rotation": 270 },
								"south": { "texture": "#schematic-glider", "uv": [ 13.0, 14.0, 15.0, 16.0 ] },
								"west": { "texture": "#schematic-glider", "uv": [ 0.5, 0.0, 2.5, 14.0 ], "rotation": 90 },
								"up": { "texture": "#schematic-glider", "uv": [ 11.5, 0.0, 13.5, 14.0 ] },
								"down": { "texture": "#schematic-glider", "uv": [ 0.5, 0.0, 2.5, 14.0 ] }
							},
							"children": [
								{
									"name": "edge-smallerS1",
									"from": [ 0.0, 0.0, 14.0 ],
									"to": [ 1.5, 0.5, 14.5 ],
									"rotationOrigin": [ 0.0, 0.0, 14.0 ],
									"faces": {
										"south": { "texture": "#schematic-glider", "uv": [ 0.0, 6.0, 0.5, 7.5 ], "rotation": 90 },
										"west": { "texture": "#schematic-glider", "uv": [ 0.5, 2.5, 1.0, 3.0 ] },
										"up": { "texture": "#schematic-glider", "uv": [ 0.0, 2.0, 0.5, 3.5 ], "rotation": 90 },
										"down": { "texture": "#schematic-glider", "uv": [ 0.0, 4.0, 0.5, 5.5 ], "rotation": 90 }
									}
								},
								{
									"name": "edge-smallerS2",
									"from": [ 0.5, 1.5, 14.0 ],
									"to": [ 2.0, 2.0, 14.5 ],
									"rotationOrigin": [ 0.5, 1.5, 14.0 ],
									"faces": {
										"east": { "texture": "#schematic-glider", "uv": [ 0.0, 2.0, 0.5, 2.5 ] },
										"south": { "texture": "#schematic-glider", "uv": [ 0.0, 0.0, 0.5, 1.5 ], "rotation": 90 },
										"up": { "texture": "#schematic-glider", "uv": [ 0.0, 0.5, 0.5, 2.0 ], "rotation": 90 },
										"down": { "texture": "#schematic-glider", "uv": [ 0.0, 0.0, 1.5, 0.5 ] }
									}
								},
								{
									"name": "edge-smallerS3",
									"from": [ 0.0, 0.5, 14.0 ],
									"to": [ 0.5, 2.0, 14.5 ],
									"rotationOrigin": [ 0.0, 0.5, 14.0 ],
									"faces": {
										"east": { "texture": "#schematic-glider", "uv": [ 0.0, 0.0, 0.5, 1.5 ] },
										"south": { "texture": "#schematic-glider", "uv": [ 0.0, 4.0, 0.5, 5.5 ] },
										"west": { "texture": "#schematic-glider", "uv": [ 0.0, 5.5, 0.5, 7.0 ] },
										"up": { "texture": "#schematic-glider", "uv": [ 0.0, 4.5, 0.5, 5.0 ] }
									}
								},
								{
									"name": "edge-smallerS4",
									"from": [ 1.5, 0.0, 14.0 ],
									"to": [ 2.0, 1.5, 14.5 ],
									"rotationOrigin": [ 1.5, 0.0, 14.0 ],
									"faces": {
										"east": { "texture": "#schematic-glider", "uv": [ 0.0, 3.0, 0.5, 4.5 ] },
										"south": { "texture": "#schematic-glider", "uv": [ 0.0, 3.0, 0.5, 4.5 ] },
										"west": { "texture": "#schematic-glider", "uv": [ 0.0, 0.0, 0.5, 1.5 ] },
										"down": { "texture": "#schematic-glider", "uv": [ 0.5, 1.5, 1.0, 2.0 ] }
									}
								},
								{
									"name": "edge-smallerN1",
									"from": [ 0.0, 0.0, -0.5 ],
									"to": [ 1.5, 0.5, 0.0 ],
									"rotationOrigin": [ 0.0, 0.0, -0.5 ],
									"faces": {
										"north": { "texture": "#schematic-glider", "uv": [ 0.0, 4.0, 0.5, 5.5 ], "rotation": 90, "windMode": [-1,-1,-1,-1] },
										"west": { "texture": "#schematic-glider", "uv": [ 0.0, 0.0, 0.5, 0.5 ] },
										"up": { "texture": "#schematic-glider", "uv": [ 0.0, 3.0, 0.5, 4.5 ], "rotation": 90 },
										"down": { "texture": "#schematic-glider", "uv": [ 0.0, 0.0, 1.5, 0.5 ] }
									}
								},
								{
									"name": "edge-smallerN2",
									"from": [ 0.5, 1.5, -0.5 ],
									"to": [ 2.0, 2.0, 0.0 ],
									"rotationOrigin": [ 0.5, 1.5, -0.5 ],
									"faces": {
										"north": { "texture": "#schematic-glider", "uv": [ 0.0, 3.0, 0.5, 4.5 ], "rotation": 90 },
										"east": { "texture": "#schematic-glider", "uv": [ 0.0, 0.0, 0.5, 0.5 ], "windMode": [-1,-1,-1,-1] },
										"up": { "texture": "#schematic-glider", "uv": [ 0.0, 2.0, 0.5, 3.5 ], "rotation": 90 },
										"down": { "texture": "#schematic-glider", "uv": [ 0.0, 0.0, 1.5, 0.5 ] }
									}
								},
								{
									"name": "edge-smallerN3",
									"from": [ 0.0, 0.5, -0.5 ],
									"to": [ 0.5, 2.0, 0.0 ],
									"rotationOrigin": [ 0.0, 0.5, -0.5 ],
									"faces": {
										"north": { "texture": "#schematic-glider", "uv": [ 0.0, 0.0, 0.5, 1.5 ] },
										"east": { "texture": "#schematic-glider", "uv": [ 0.0, 0.0, 0.5, 1.5 ] },
										"west": { "texture": "#schematic-glider", "uv": [ 0.0, 3.0, 0.5, 4.5 ], "windMode": [-1,-1,-1,-1] },
										"up": { "texture": "#schematic-glider", "uv": [ 0.0, 0.0, 0.5, 0.5 ] }
									}
								},
								{
									"name": "edge-smallerN4",
									"from": [ 1.5, 0.0, -0.5 ],
									"to": [ 2.0, 1.5, 0.0 ],
									"rotationOrigin": [ 1.5, 0.0, -0.5 ],
									"faces": {
										"north": { "texture": "#schematic-glider", "uv": [ 0.0, 0.0, 0.5, 1.5 ] },
										"east": { "texture": "#schematic-glider", "uv": [ 0.0, 0.0, 0.5, 1.5 ] },
										"west": { "texture": "#schematic-glider", "uv": [ 0.0, 0.0, 0.5, 1.5 ] },
										"down": { "texture": "#schematic-glider", "uv": [ 0.0, 0.0, 0.5, 0.5 ] }
									}
								}
							]
						}
					]
				}
			]
		},
		{
			"name": "kluch",
			"from": [ 3.8, 0.1, 5.0 ],
			"to": [ 8.6, 0.7, 6.2 ],
			"rotationOrigin": [ 5.6, 0.1, 5.0 ],
			"rotationY": 45.0,
			"faces": {
				"north": { "texture": "#metal", "uv": [ 0.0, 0.0, 4.5, 0.5 ] },
				"east": { "texture": "#metal", "uv": [ 0.0, 0.0, 1.0, 0.5 ] },
				"south": { "texture": "#metal", "uv": [ 0.0, 0.0, 4.5, 0.5 ] },
				"west": { "texture": "#metal", "uv": [ 0.0, 0.0, 1.0, 0.5 ] },
				"up": { "texture": "#metal", "uv": [ 0.0, 0.0, 4.5, 1.0 ] },
				"down": { "texture": "#metal", "uv": [ 0.0, 0.0, 4.5, 1.0 ] }
			},
			"children": [
				{
					"name": "Cube2",
					"from": [ 4.2, -0.06, 0.0 ],
					"to": [ 5.4, 0.66, 0.6 ],
					"rotationOrigin": [ 4.2, -0.06, 0.0 ],
					"rotationY": 45.0,
					"faces": {
						"north": { "texture": "#metal", "uv": [ 0.0, 0.0, 1.2, 0.6 ] },
						"east": { "texture": "#metal", "uv": [ 0.0, 0.0, 0.6, 0.6 ] },
						"south": { "texture": "#metal", "uv": [ 0.0, 0.0, 1.2, 0.6 ] },
						"west": { "texture": "#metal", "uv": [ 0.0, 0.0, 0.6, 0.6 ] },
						"up": { "texture": "#metal", "uv": [ 0.0, 0.0, 1.2, 0.6 ] },
						"down": { "texture": "#metal", "uv": [ 0.0, 0.0, 1.2, 0.6 ] }
					},
					"children": [
						{
							"name": "Cube3",
							"from": [ 1.2, 0.06, 0.0 ],
							"to": [ 2.4, 0.66, 0.6 ],
							"rotationOrigin": [ 1.2, 0.06, 0.0 ],
							"rotationY": -45.0,
							"faces": {
								"north": { "texture": "#metal", "uv": [ 0.0, 0.0, 1.2, 0.6 ] },
								"east": { "texture": "#metal", "uv": [ 0.0, 0.0, 0.6, 0.6 ] },
								"south": { "texture": "#metal", "uv": [ 0.0, 0.0, 1.2, 0.6 ] },
								"west": { "texture": "#metal", "uv": [ 0.0, 0.0, 0.6, 0.6 ] },
								"up": { "texture": "#metal", "uv": [ 0.0, 0.0, 1.2, 0.6 ] },
								"down": { "texture": "#metal", "uv": [ 0.0, 0.0, 1.2, 0.6 ] }
							}
						}
					]
				},
				{
					"name": "Cube4",
					"from": [ 4.2, -0.06, 0.6 ],
					"to": [ 5.4, 0.66, 1.2 ],
					"rotationOrigin": [ 4.2, -0.06, 1.2 ],
					"rotationY": -45.0,
					"faces": {
						"north": { "texture": "#metal", "uv": [ 0.0, 0.0, 1.2, 0.6 ] },
						"east": { "texture": "#metal", "uv": [ 0.0, 0.0, 0.6, 0.6 ] },
						"south": { "texture": "#metal", "uv": [ 0.0, 0.0, 1.2, 0.6 ] },
						"west": { "texture": "#metal", "uv": [ 0.0, 0.0, 0.6, 0.6 ] },
						"up": { "texture": "#metal", "uv": [ 0.0, 0.0, 1.2, 0.6 ] },
						"down": { "texture": "#metal", "uv": [ 0.0, 0.0, 1.2, 0.6 ] }
					},
					"children": [
						{
							"name": "Cube5",
							"from": [ 1.2, 0.06, 0.0 ],
							"to": [ 2.4, 0.66, 0.6 ],
							"rotationOrigin": [ 1.2, 0.06, 0.6 ],
							"rotationY": 45.0,
							"faces": {
								"north": { "texture": "#metal", "uv": [ 0.0, 0.0, 1.2, 0.6 ] },
								"east": { "texture": "#metal", "uv": [ 0.0, 0.0, 0.6, 0.6 ] },
								"south": { "texture": "#metal", "uv": [ 0.0, 0.0, 1.2, 0.6 ] },
								"west": { "texture": "#metal", "uv": [ 0.0, 0.0, 0.6, 0.6 ] },
								"up": { "texture": "#metal", "uv": [ 0.0, 0.0, 1.2, 0.6 ] },
								"down": { "texture": "#metal", "uv": [ 0.0, 0.0, 1.2, 0.6 ] }
							}
						}
					]
				}
			]
		},
		{
			"name": "detal01",
			"from": [ 8.8, 0.4, 6.8 ],
			"to": [ 9.6, 1.2, 7.6 ],
			"rotationOrigin": [ 9.2, 0.8, 7.2 ],
			"rotationY": -67.5,
			"rotationZ": 90.0,
			"faces": {
			},
			"children": [
				{
					"name": "PileTop",
					"from": [ -0.2, 1.32, -0.2 ],
					"to": [ 1.0, 1.72, 1.0 ],
					"rotationOrigin": [ -0.2, 1.32, -0.16 ],
					"faces": {
						"north": { "texture": "#cupronickel1", "uv": [ 3.0, 9.0, 4.2, 9.4 ] },
						"east": { "texture": "#cupronickel1", "uv": [ 8.0, 7.5, 9.2, 7.9 ] },
						"south": { "texture": "#cupronickel1", "uv": [ 1.5, 8.0, 2.7, 8.4 ] },
						"west": { "texture": "#cupronickel1", "uv": [ 1.5, 3.5, 2.7, 3.9 ] },
						"up": { "texture": "#cupronickel1", "uv": [ 10.0, 5.0, 11.2, 6.2 ] },
						"down": { "texture": "#cupronickel1", "uv": [ 10.0, 8.5, 11.2, 9.7 ] }
					},
					"children": [
						{
							"name": "HeadEarNW",
							"from": [ 0.4, 0.0, 0.0 ],
							"to": [ 0.8, 0.4, 0.6 ],
							"rotationOrigin": [ 0.4, 0.0, 0.0 ],
							"rotationX": -30.0,
							"faces": {
								"north": { "texture": "#cupronickel1", "uv": [ 5.0, 13.5, 5.4, 13.9 ] },
								"east": { "texture": "#cupronickel1", "uv": [ 9.0, 2.0, 9.6, 2.4 ] },
								"south": { "texture": "#cupronickel1", "uv": [ 3.5, 11.5, 3.9, 11.9 ] },
								"west": { "texture": "#cupronickel1", "uv": [ 0.5, 2.5, 1.1, 2.9 ] },
								"up": { "texture": "#cupronickel1", "uv": [ 8.0, 6.0, 8.4, 6.6 ] }
							},
							"children": [
								{
									"name": "HeadEarNW2",
									"from": [ 0.0, 0.4, 0.0 ],
									"to": [ 0.4, 0.6, 0.2 ],
									"rotationOrigin": [ 0.0, 0.4, 0.0 ],
									"faces": {
										"north": { "texture": "#cupronickel1", "uv": [ 6.5, 0.0, 6.9, 0.2 ] },
										"east": { "texture": "#cupronickel1", "uv": [ 11.5, 11.5, 11.7, 11.7 ] },
										"south": { "texture": "#cupronickel1", "uv": [ 1.5, 1.5, 1.9, 1.7 ] },
										"west": { "texture": "#cupronickel1", "uv": [ 3.5, 13.5, 3.7, 13.7 ] }
									}
								},
								{
									"name": "HeadEarNW3",
									"from": [ 0.0, 0.4, 0.4 ],
									"to": [ 0.4, 0.6, 0.6 ],
									"rotationOrigin": [ 0.0, 0.4, 0.4 ],
									"faces": {
										"north": { "texture": "#cupronickel1", "uv": [ 3.0, 8.0, 3.4, 8.2 ] },
										"east": { "texture": "#cupronickel1", "uv": [ 4.5, 1.0, 4.7, 1.2 ] },
										"south": { "texture": "#cupronickel1", "uv": [ 7.0, 8.5, 7.4, 8.7 ] },
										"west": { "texture": "#cupronickel1", "uv": [ 7.5, 1.0, 7.7, 1.2 ] }
									}
								},
								{
									"name": "HeadEarNW4",
									"from": [ 0.0, 0.6, 0.0 ],
									"to": [ 0.4, 0.8, 0.6 ],
									"rotationOrigin": [ 0.0, 0.6, 0.0 ],
									"faces": {
										"north": { "texture": "#cupronickel1", "uv": [ 7.5, 1.5, 7.9, 1.7 ] },
										"east": { "texture": "#cupronickel1", "uv": [ 4.5, 8.0, 5.1, 8.2 ] },
										"south": { "texture": "#cupronickel1", "uv": [ 14.5, 0.5, 14.9, 0.7 ] },
										"west": { "texture": "#cupronickel1", "uv": [ 0.5, 14.0, 1.1, 14.2 ] },
										"up": { "texture": "#cupronickel1", "uv": [ 11.5, 10.5, 11.9, 11.1 ], "windMode": [-1,-1,-1,-1] },
										"down": { "texture": "#cupronickel1", "uv": [ 4.5, 14.0, 4.9, 14.6 ] }
									}
								}
							]
						},
						{
							"name": "HeadEarNW5",
							"from": [ 0.4, 0.0, 0.6 ],
							"to": [ 0.8, 0.4, 1.2 ],
							"rotationOrigin": [ 0.4, 0.0, 1.2 ],
							"rotationX": 30.0,
							"faces": {
								"north": { "texture": "#cupronickel1", "uv": [ 13.0, 14.5, 13.4, 14.9 ] },
								"east": { "texture": "#cupronickel1", "uv": [ 7.0, 7.0, 7.6, 7.4 ] },
								"south": { "texture": "#cupronickel1", "uv": [ 8.0, 4.5, 8.4, 4.9 ] },
								"west": { "texture": "#cupronickel1", "uv": [ 7.0, 10.5, 7.6, 10.9 ] },
								"up": { "texture": "#cupronickel1", "uv": [ 9.0, 7.0, 9.4, 7.6 ] }
							},
							"children": [
								{
									"name": "HeadEarNW6",
									"from": [ 0.0, 0.4, 0.0 ],
									"to": [ 0.4, 0.6, 0.2 ],
									"rotationOrigin": [ 0.0, 0.4, 0.0 ],
									"faces": {
										"north": { "texture": "#cupronickel1", "uv": [ 0.5, 10.5, 0.9, 10.7 ] },
										"east": { "texture": "#cupronickel1", "uv": [ 14.5, 7.5, 14.7, 7.7 ] },
										"south": { "texture": "#cupronickel1", "uv": [ 4.0, 9.5, 4.4, 9.7 ] },
										"west": { "texture": "#cupronickel1", "uv": [ 13.5, 7.5, 13.7, 7.7 ] }
									}
								},
								{
									"name": "HeadEarNW7",
									"from": [ 0.0, 0.4, 0.4 ],
									"to": [ 0.4, 0.6, 0.6 ],
									"rotationOrigin": [ 0.0, 0.4, 0.4 ],
									"faces": {
										"north": { "texture": "#cupronickel1", "uv": [ 13.0, 9.5, 13.4, 9.7 ] },
										"east": { "texture": "#cupronickel1", "uv": [ 6.5, 12.5, 6.7, 12.7 ] },
										"south": { "texture": "#cupronickel1", "uv": [ 5.5, 5.5, 5.9, 5.7 ] },
										"west": { "texture": "#cupronickel1", "uv": [ 1.0, 2.5, 1.2, 2.7 ] }
									}
								},
								{
									"name": "HeadEarNW8",
									"from": [ 0.0, 0.6, 0.0 ],
									"to": [ 0.4, 0.8, 0.6 ],
									"rotationOrigin": [ 0.0, 0.6, 0.0 ],
									"faces": {
										"north": { "texture": "#cupronickel1", "uv": [ 12.0, 1.5, 12.4, 1.7 ] },
										"east": { "texture": "#cupronickel1", "uv": [ 4.5, 15.0, 5.1, 15.2 ] },
										"south": { "texture": "#cupronickel1", "uv": [ 8.0, 4.0, 8.4, 4.2 ] },
										"west": { "texture": "#cupronickel1", "uv": [ 1.5, 14.5, 2.1, 14.7 ] },
										"up": { "texture": "#cupronickel1", "uv": [ 13.0, 11.0, 13.4, 11.6 ] },
										"down": { "texture": "#cupronickel1", "uv": [ 4.0, 2.5, 4.4, 3.1 ] }
									}
								}
							]
						}
					]
				},
				{
					"name": "PileNeckU",
					"from": [ 0.0, 1.12, 0.0 ],
					"to": [ 0.8, 1.32, 0.8 ],
					"rotationOrigin": [ 0.0, 1.12, 0.04 ],
					"faces": {
						"north": { "texture": "#lead", "uv": [ 11.5, 7.0, 12.3, 7.2 ] },
						"east": { "texture": "#lead", "uv": [ 4.0, 15.0, 4.8, 15.2 ] },
						"south": { "texture": "#lead", "uv": [ 9.0, 14.5, 9.8, 14.7 ] },
						"west": { "texture": "#lead", "uv": [ 10.0, 10.5, 10.8, 10.7 ] },
						"down": { "texture": "#lead", "uv": [ 13.0, 11.0, 13.8, 11.8 ] }
					},
					"children": [
						{
							"name": "ForkB4",
							"from": [ 0.48, -0.8, 0.6 ],
							"to": [ 0.6, 0.0, 0.72 ],
							"rotationOrigin": [ 0.48, -0.8, 0.6 ],
							"faces": {
								"north": { "texture": "#gold1", "uv": [ 15.0, 10.5, 15.2, 11.3 ] },
								"east": { "texture": "#gold1", "uv": [ 10.5, 11.0, 10.7, 11.8 ] },
								"south": { "texture": "#gold1", "uv": [ 13.0, 5.5, 13.2, 6.3 ] },
								"west": { "texture": "#gold1", "uv": [ 9.0, 6.0, 9.2, 6.8 ] },
								"up": { "texture": "#gold1", "uv": [ 2.5, 11.5, 2.7, 11.7 ] },
								"down": { "texture": "#gold1", "uv": [ 12.5, 7.0, 12.7, 7.2 ] }
							},
							"children": [
								{
									"name": "ForkB5",
									"from": [ 0.12, 0.2, 0.0 ],
									"to": [ 0.36, 0.32, 0.12 ],
									"rotationOrigin": [ 0.12, 0.2, 0.0 ],
									"faces": {
										"north": { "texture": "#gold1", "uv": [ 9.5, 14.5, 9.7, 14.7 ] },
										"east": { "texture": "#gold1", "uv": [ 13.0, 2.5, 13.2, 2.7 ] },
										"south": { "texture": "#gold1", "uv": [ 8.0, 3.5, 8.2, 3.7 ] },
										"up": { "texture": "#gold1", "uv": [ 0.0, 11.5, 0.2, 11.7 ] },
										"down": { "texture": "#gold1", "uv": [ 9.5, 15.0, 9.7, 15.2 ] }
									},
									"children": [
										{
											"name": "ForkB6",
											"from": [ 0.12, 0.0, -0.56 ],
											"to": [ 0.24, 0.12, 0.0 ],
											"rotationOrigin": [ 0.12, 0.0, -0.56 ],
											"faces": {
												"north": { "texture": "#gold1", "uv": [ 4.0, 10.0, 4.2, 10.2 ] },
												"east": { "texture": "#gold1", "uv": [ 8.0, 2.0, 8.4, 2.2 ] },
												"west": { "texture": "#gold1", "uv": [ 1.5, 14.5, 1.9, 14.7 ] },
												"up": { "texture": "#gold1", "uv": [ 10.5, 3.0, 10.7, 3.4 ] },
												"down": { "texture": "#gold1", "uv": [ 0.0, 2.0, 0.2, 2.4 ] }
											}
										}
									]
								},
								{
									"name": "PlateB2",
									"from": [ -0.08, -0.12, -0.4 ],
									"to": [ 0.4, 0.0, 0.2 ],
									"rotationOrigin": [ -0.08, -0.12, -0.4 ],
									"faces": {
										"north": { "texture": "#gold1", "uv": [ 11.5, 3.0, 11.9, 3.2 ] },
										"east": { "texture": "#gold1", "uv": [ 0.0, 5.0, 0.6, 5.2 ] },
										"south": { "texture": "#gold1", "uv": [ 8.0, 13.0, 8.4, 13.2 ] },
										"west": { "texture": "#gold1", "uv": [ 8.5, 7.5, 9.1, 7.7 ] },
										"up": { "texture": "#gold1", "uv": [ 8.5, 8.5, 8.9, 9.1 ] },
										"down": { "texture": "#gold1", "uv": [ 0.0, 13.0, 0.4, 13.6 ] }
									}
								}
							]
						}
					]
				},
				{
					"name": "PileBase",
					"from": [ -0.2, -0.68, -0.2 ],
					"to": [ 1.0, -0.28, 1.0 ],
					"rotationOrigin": [ -0.2, -0.68, -0.16 ],
					"faces": {
						"north": { "texture": "#cupronickel1", "uv": [ 5.5, 9.0, 6.7, 9.4 ] },
						"east": { "texture": "#cupronickel1", "uv": [ 0.5, 7.5, 1.7, 7.9 ] },
						"south": { "texture": "#cupronickel1", "uv": [ 5.5, 6.0, 6.7, 6.4 ] },
						"west": { "texture": "#cupronickel1", "uv": [ 3.5, 9.0, 4.7, 9.4 ] },
						"up": { "texture": "#cupronickel1", "uv": [ 3.5, 9.5, 4.7, 10.7 ] },
						"down": { "texture": "#cupronickel1", "uv": [ 6.0, 1.0, 7.2, 2.2 ] }
					},
					"children": [
						{
							"name": "PileNeckD",
							"from": [ 0.2, 0.4, 0.2 ],
							"to": [ 1.0, 0.6, 1.0 ],
							"rotationOrigin": [ 0.2, 0.4, 0.24 ],
							"faces": {
								"north": { "texture": "#lead", "uv": [ 13.5, 15.0, 14.3, 15.2 ] },
								"east": { "texture": "#lead", "uv": [ 12.5, 7.5, 13.3, 7.7 ] },
								"south": { "texture": "#lead", "uv": [ 10.5, 13.0, 11.3, 13.2 ] },
								"west": { "texture": "#lead", "uv": [ 9.0, 1.0, 9.8, 1.2 ] },
								"up": { "texture": "#lead", "uv": [ 2.5, 2.5, 3.3, 3.3 ] }
							},
							"children": [
								{
									"name": "ForkB1",
									"from": [ 0.2, 0.2, 0.04 ],
									"to": [ 0.32, 1.0, 0.16 ],
									"rotationOrigin": [ 0.2, 0.2, 0.04 ],
									"faces": {
										"north": { "texture": "#cupronickel1", "uv": [ 3.5, 0.5, 3.7, 1.3 ] },
										"east": { "texture": "#cupronickel1", "uv": [ 1.5, 3.5, 1.7, 4.3 ] },
										"south": { "texture": "#cupronickel1", "uv": [ 0.0, 5.0, 0.2, 5.8 ] },
										"west": { "texture": "#cupronickel1", "uv": [ 13.0, 3.0, 13.2, 3.8 ] },
										"up": { "texture": "#cupronickel1", "uv": [ 3.5, 0.5, 3.7, 0.7 ] },
										"down": { "texture": "#cupronickel1", "uv": [ 9.5, 2.0, 9.7, 2.2 ] }
									},
									"children": [
										{
											"name": "ForkB2",
											"from": [ -0.24, 0.44, 0.0 ],
											"to": [ 0.0, 0.56, 0.12 ],
											"rotationOrigin": [ -0.24, 0.44, 0.0 ],
											"faces": {
												"north": { "texture": "#cupronickel1", "uv": [ 3.0, 7.0, 3.2, 7.2 ] },
												"south": { "texture": "#cupronickel1", "uv": [ 4.0, 15.0, 4.2, 15.2 ] },
												"west": { "texture": "#cupronickel1", "uv": [ 1.5, 12.0, 1.7, 12.2 ] },
												"up": { "texture": "#cupronickel1", "uv": [ 7.5, 3.0, 7.7, 3.2 ] },
												"down": { "texture": "#cupronickel1", "uv": [ 2.0, 10.0, 2.2, 10.2 ] }
											},
											"children": [
												{
													"name": "ForkB3",
													"from": [ 0.0, 0.0, 0.12 ],
													"to": [ 0.12, 0.12, 0.68 ],
													"rotationOrigin": [ 0.0, 0.0, 0.12 ],
													"faces": {
														"east": { "texture": "#cupronickel1", "uv": [ 10.5, 13.0, 10.9, 13.2 ] },
														"south": { "texture": "#cupronickel1", "uv": [ 4.0, 3.5, 4.2, 3.7 ] },
														"west": { "texture": "#cupronickel1", "uv": [ 1.5, 2.0, 1.9, 2.2 ] },
														"up": { "texture": "#cupronickel1", "uv": [ 11.5, 11.5, 11.7, 11.9 ] },
														"down": { "texture": "#cupronickel1", "uv": [ 6.0, 2.5, 6.2, 2.9 ] }
													}
												}
											]
										},
										{
											"name": "PlateB",
											"from": [ -0.24, 0.8, -0.04 ],
											"to": [ 0.24, 0.92, 0.56 ],
											"rotationOrigin": [ -0.24, 0.8, -0.04 ],
											"faces": {
												"north": { "texture": "#cupronickel1", "uv": [ 8.0, 7.0, 8.4, 7.2 ] },
												"east": { "texture": "#cupronickel1", "uv": [ 0.0, 11.0, 0.6, 11.2 ] },
												"south": { "texture": "#cupronickel1", "uv": [ 10.0, 2.5, 10.4, 2.7 ] },
												"west": { "texture": "#cupronickel1", "uv": [ 5.5, 7.5, 6.1, 7.7 ] },
												"up": { "texture": "#cupronickel1", "uv": [ 14.5, 9.5, 14.9, 10.1 ] },
												"down": { "texture": "#cupronickel1", "uv": [ 0.5, 14.0, 0.9, 14.6 ] }
											}
										}
									]
								}
							]
						},
						{
							"name": "HeadEarDN",
							"from": [ 0.4, 0.4, 1.2 ],
							"to": [ 0.8, 0.8, 1.8 ],
							"rotationOrigin": [ 0.4, 0.4, 1.2 ],
							"rotationX": 150.0,
							"faces": {
								"north": { "texture": "#cupronickel1", "uv": [ 0.5, 4.5, 0.9, 4.9 ] },
								"east": { "texture": "#cupronickel1", "uv": [ 6.0, 10.5, 6.6, 10.9 ] },
								"south": { "texture": "#cupronickel1", "uv": [ 3.5, 3.5, 3.9, 3.9 ] },
								"west": { "texture": "#cupronickel1", "uv": [ 2.0, 6.5, 2.6, 6.9 ] },
								"up": { "texture": "#cupronickel1", "uv": [ 9.5, 3.0, 9.9, 3.6 ] }
							},
							"children": [
								{
									"name": "HeadEarNW10",
									"from": [ 0.0, 0.4, 0.0 ],
									"to": [ 0.4, 0.6, 0.2 ],
									"rotationOrigin": [ 0.0, 0.4, 0.0 ],
									"faces": {
										"north": { "texture": "#cupronickel1", "uv": [ 8.0, 10.0, 8.4, 10.2 ] },
										"east": { "texture": "#cupronickel1", "uv": [ 1.5, 10.0, 1.7, 10.2 ] },
										"south": { "texture": "#cupronickel1", "uv": [ 8.5, 1.0, 8.9, 1.2 ] },
										"west": { "texture": "#cupronickel1", "uv": [ 10.5, 1.5, 10.7, 1.7 ] }
									}
								},
								{
									"name": "HeadEarNW11",
									"from": [ 0.0, 0.4, 0.4 ],
									"to": [ 0.4, 0.6, 0.6 ],
									"rotationOrigin": [ 0.0, 0.4, 0.4 ],
									"faces": {
										"north": { "texture": "#cupronickel1", "uv": [ 10.5, 6.0, 10.9, 6.2 ] },
										"east": { "texture": "#cupronickel1", "uv": [ 7.0, 13.0, 7.2, 13.2 ] },
										"south": { "texture": "#cupronickel1", "uv": [ 1.0, 0.5, 1.4, 0.7 ] },
										"west": { "texture": "#cupronickel1", "uv": [ 13.0, 1.5, 13.2, 1.7 ] }
									}
								},
								{
									"name": "HeadEarNW12",
									"from": [ 0.0, 0.6, 0.0 ],
									"to": [ 0.4, 0.8, 0.6 ],
									"rotationOrigin": [ 0.0, 0.6, 0.0 ],
									"faces": {
										"north": { "texture": "#cupronickel1", "uv": [ 6.5, 13.5, 6.9, 13.7 ] },
										"east": { "texture": "#cupronickel1", "uv": [ 7.0, 12.0, 7.6, 12.2 ] },
										"south": { "texture": "#cupronickel1", "uv": [ 0.5, 12.0, 0.9, 12.2 ] },
										"west": { "texture": "#cupronickel1", "uv": [ 4.0, 1.0, 4.6, 1.2 ] },
										"up": { "texture": "#cupronickel1", "uv": [ 13.5, 1.5, 13.9, 2.1 ] },
										"down": { "texture": "#cupronickel1", "uv": [ 11.5, 2.0, 11.9, 2.6 ] }
									}
								}
							]
						},
						{
							"name": "HeadEarDN2",
							"from": [ 0.4, 0.4, -0.6 ],
							"to": [ 0.8, 0.8, 0.0 ],
							"rotationOrigin": [ 0.4, 0.4, 0.0 ],
							"rotationX": -150.0,
							"faces": {
								"north": { "texture": "#cupronickel1", "uv": [ 3.5, 9.5, 3.9, 9.9 ] },
								"east": { "texture": "#cupronickel1", "uv": [ 4.5, 6.5, 5.1, 6.9 ] },
								"south": { "texture": "#cupronickel1", "uv": [ 3.5, 7.5, 3.9, 7.9 ] },
								"west": { "texture": "#cupronickel1", "uv": [ 12.5, 14.0, 13.1, 14.4 ] },
								"up": { "texture": "#cupronickel1", "uv": [ 1.0, 1.5, 1.4, 2.1 ] }
							},
							"children": [
								{
									"name": "HeadEarNW13",
									"from": [ 0.0, 0.4, 0.0 ],
									"to": [ 0.4, 0.6, 0.2 ],
									"rotationOrigin": [ 0.0, 0.4, 0.0 ],
									"faces": {
										"north": { "texture": "#cupronickel1", "uv": [ 10.5, 8.0, 10.9, 8.2 ] },
										"east": { "texture": "#cupronickel1", "uv": [ 8.5, 9.0, 8.7, 9.2 ] },
										"south": { "texture": "#cupronickel1", "uv": [ 5.0, 13.0, 5.4, 13.2 ] },
										"west": { "texture": "#cupronickel1", "uv": [ 13.5, 4.0, 13.7, 4.2 ] }
									}
								},
								{
									"name": "HeadEarNW14",
									"from": [ 0.0, 0.4, 0.4 ],
									"to": [ 0.4, 0.6, 0.6 ],
									"rotationOrigin": [ 0.0, 0.4, 0.4 ],
									"faces": {
										"north": { "texture": "#cupronickel1", "uv": [ 12.5, 1.0, 12.9, 1.2 ] },
										"east": { "texture": "#cupronickel1", "uv": [ 3.0, 9.5, 3.2, 9.7 ] },
										"south": { "texture": "#cupronickel1", "uv": [ 13.0, 4.5, 13.4, 4.7 ] },
										"west": { "texture": "#cupronickel1", "uv": [ 11.5, 6.5, 11.7, 6.7 ] }
									}
								},
								{
									"name": "HeadEarNW15",
									"from": [ 0.0, 0.6, 0.0 ],
									"to": [ 0.4, 0.8, 0.6 ],
									"rotationOrigin": [ 0.0, 0.6, 0.0 ],
									"faces": {
										"north": { "texture": "#cupronickel1", "uv": [ 14.5, 1.0, 14.9, 1.2 ] },
										"east": { "texture": "#cupronickel1", "uv": [ 12.0, 2.5, 12.6, 2.7 ] },
										"south": { "texture": "#cupronickel1", "uv": [ 9.5, 3.5, 9.9, 3.7 ] },
										"west": { "texture": "#cupronickel1", "uv": [ 1.0, 14.5, 1.6, 14.7 ] },
										"up": { "texture": "#cupronickel1", "uv": [ 0.0, 4.5, 0.4, 5.1 ] },
										"down": { "texture": "#cupronickel1", "uv": [ 6.0, 4.0, 6.4, 4.6 ] }
									}
								}
							]
						}
					]
				},
				{
					"name": "PileGlass",
					"from": [ -0.2, -0.08, -0.2 ],
					"to": [ 1.0, 1.12, 1.0 ],
					"renderPass": 3,
					"rotationOrigin": [ -0.2, -0.08, -0.16 ],
					"faces": {
						"north": { "texture": "#blue", "uv": [ 10.0, 10.0, 11.2, 11.2 ] },
						"east": { "texture": "#blue", "uv": [ 4.5, 5.0, 5.7, 6.2 ] },
						"south": { "texture": "#blue", "uv": [ 1.5, 10.5, 2.7, 11.7 ] },
						"west": { "texture": "#blue", "uv": [ 2.0, 6.0, 3.2, 7.2 ] },
						"up": { "texture": "#blue", "uv": [ 0.0, 12.5, 1.2, 13.7 ] },
						"down": { "texture": "#blue", "uv": [ 4.0, 4.0, 5.2, 5.2 ] }
					}
				}
			]
		},
		{
			"name": "detal2",
			"from": [ 6.4, 0.4, 7.6 ],
			"to": [ 7.2, 1.2, 8.4 ],
			"rotationOrigin": [ 6.8, 0.8, 8.0 ],
			"rotationY": 22.5,
			"rotationZ": 90.0,
			"faces": {
			},
			"children": [
				{
					"name": "PileTop2",
					"from": [ -0.2, 1.32, -0.2 ],
					"to": [ 1.0, 1.72, 1.0 ],
					"rotationOrigin": [ -0.2, 1.32, -0.16 ],
					"faces": {
						"north": { "texture": "#cupronickel1", "uv": [ 3.0, 9.0, 4.0, 9.5 ] },
						"east": { "texture": "#cupronickel1", "uv": [ 8.0, 7.5, 9.0, 8.0 ] },
						"south": { "texture": "#cupronickel1", "uv": [ 1.5, 8.0, 2.5, 8.5 ] },
						"west": { "texture": "#cupronickel1", "uv": [ 1.5, 3.5, 2.5, 4.0 ] },
						"up": { "texture": "#cupronickel1", "uv": [ 10.0, 5.0, 11.0, 6.0 ] },
						"down": { "texture": "#cupronickel1", "uv": [ 10.0, 8.5, 11.0, 9.5 ] }
					},
					"children": [
						{
							"name": "HeadEarNW9",
							"from": [ 0.4, 0.0, 0.0 ],
							"to": [ 0.8, 0.4, 0.6 ],
							"rotationOrigin": [ 0.4, 0.0, 0.0 ],
							"rotationX": -30.0,
							"faces": {
								"north": { "texture": "#cupronickel1", "uv": [ 5.0, 13.5, 5.5, 14.0 ] },
								"east": { "texture": "#cupronickel1", "uv": [ 9.0, 2.0, 9.5, 2.5 ] },
								"south": { "texture": "#cupronickel1", "uv": [ 3.5, 11.5, 4.0, 12.0 ] },
								"west": { "texture": "#cupronickel1", "uv": [ 0.5, 2.5, 1.0, 3.0 ] },
								"up": { "texture": "#cupronickel1", "uv": [ 8.0, 6.0, 8.5, 6.5 ] }
							},
							"children": [
								{
									"name": "HeadEarNW16",
									"from": [ 0.0, 0.4, 0.0 ],
									"to": [ 0.4, 0.6, 0.2 ],
									"rotationOrigin": [ 0.0, 0.4, 0.0 ],
									"faces": {
										"north": { "texture": "#cupronickel1", "uv": [ 6.5, 0.0, 7.0, 0.5 ] },
										"east": { "texture": "#cupronickel1", "uv": [ 11.5, 11.5, 12.0, 12.0 ] },
										"south": { "texture": "#cupronickel1", "uv": [ 1.5, 1.5, 2.0, 2.0 ] },
										"west": { "texture": "#cupronickel1", "uv": [ 3.5, 13.5, 4.0, 14.0 ] }
									}
								},
								{
									"name": "HeadEarNW17",
									"from": [ 0.0, 0.4, 0.4 ],
									"to": [ 0.4, 0.6, 0.6 ],
									"rotationOrigin": [ 0.0, 0.4, 0.4 ],
									"faces": {
										"north": { "texture": "#cupronickel1", "uv": [ 3.0, 8.0, 3.5, 8.5 ] },
										"east": { "texture": "#cupronickel1", "uv": [ 4.5, 1.0, 5.0, 1.5 ] },
										"south": { "texture": "#cupronickel1", "uv": [ 7.0, 8.5, 7.5, 9.0 ] },
										"west": { "texture": "#cupronickel1", "uv": [ 7.5, 1.0, 8.0, 1.5 ] }
									}
								},
								{
									"name": "HeadEarNW18",
									"from": [ 0.0, 0.6, 0.0 ],
									"to": [ 0.4, 0.8, 0.6 ],
									"rotationOrigin": [ 0.0, 0.6, 0.0 ],
									"faces": {
										"north": { "texture": "#cupronickel1", "uv": [ 7.5, 1.5, 8.0, 2.0 ] },
										"east": { "texture": "#cupronickel1", "uv": [ 4.5, 8.0, 5.0, 8.5 ] },
										"south": { "texture": "#cupronickel1", "uv": [ 14.5, 0.5, 15.0, 1.0 ] },
										"west": { "texture": "#cupronickel1", "uv": [ 0.5, 14.0, 1.0, 14.5 ] },
										"up": { "texture": "#cupronickel1", "uv": [ 11.5, 10.5, 12.0, 11.0 ], "windMode": [-1,-1,-1,-1] },
										"down": { "texture": "#cupronickel1", "uv": [ 4.5, 14.0, 5.0, 14.5 ] }
									}
								}
							]
						},
						{
							"name": "HeadEarNW19",
							"from": [ 0.4, 0.0, 0.6 ],
							"to": [ 0.8, 0.4, 1.2 ],
							"rotationOrigin": [ 0.4, 0.0, 1.2 ],
							"rotationX": 30.0,
							"faces": {
								"north": { "texture": "#cupronickel1", "uv": [ 13.0, 14.5, 13.5, 15.0 ] },
								"east": { "texture": "#cupronickel1", "uv": [ 7.0, 7.0, 7.5, 7.5 ] },
								"south": { "texture": "#cupronickel1", "uv": [ 8.0, 4.5, 8.5, 5.0 ] },
								"west": { "texture": "#cupronickel1", "uv": [ 7.0, 10.5, 7.5, 11.0 ] },
								"up": { "texture": "#cupronickel1", "uv": [ 9.0, 7.0, 9.5, 7.5 ] }
							},
							"children": [
								{
									"name": "HeadEarNW20",
									"from": [ 0.0, 0.4, 0.0 ],
									"to": [ 0.4, 0.6, 0.2 ],
									"rotationOrigin": [ 0.0, 0.4, 0.0 ],
									"faces": {
										"north": { "texture": "#cupronickel1", "uv": [ 0.5, 10.5, 1.0, 11.0 ] },
										"east": { "texture": "#cupronickel1", "uv": [ 14.5, 7.5, 15.0, 8.0 ] },
										"south": { "texture": "#cupronickel1", "uv": [ 4.0, 9.5, 4.5, 10.0 ] },
										"west": { "texture": "#cupronickel1", "uv": [ 13.5, 7.5, 14.0, 8.0 ] }
									}
								},
								{
									"name": "HeadEarNW21",
									"from": [ 0.0, 0.4, 0.4 ],
									"to": [ 0.4, 0.6, 0.6 ],
									"rotationOrigin": [ 0.0, 0.4, 0.4 ],
									"faces": {
										"north": { "texture": "#cupronickel1", "uv": [ 13.0, 9.5, 13.5, 10.0 ] },
										"east": { "texture": "#cupronickel1", "uv": [ 6.5, 12.5, 7.0, 13.0 ] },
										"south": { "texture": "#cupronickel1", "uv": [ 5.5, 5.5, 6.0, 6.0 ] },
										"west": { "texture": "#cupronickel1", "uv": [ 1.0, 2.5, 1.5, 3.0 ] }
									}
								},
								{
									"name": "HeadEarNW22",
									"from": [ 0.0, 0.6, 0.0 ],
									"to": [ 0.4, 0.8, 0.6 ],
									"rotationOrigin": [ 0.0, 0.6, 0.0 ],
									"faces": {
										"north": { "texture": "#cupronickel1", "uv": [ 12.0, 1.5, 12.5, 2.0 ] },
										"east": { "texture": "#cupronickel1", "uv": [ 4.5, 15.0, 5.0, 15.5 ] },
										"south": { "texture": "#cupronickel1", "uv": [ 8.0, 4.0, 8.5, 4.5 ] },
										"west": { "texture": "#cupronickel1", "uv": [ 1.5, 14.5, 2.0, 15.0 ] },
										"up": { "texture": "#cupronickel1", "uv": [ 13.0, 11.0, 13.5, 11.5 ] },
										"down": { "texture": "#cupronickel1", "uv": [ 4.0, 2.5, 4.5, 3.0 ] }
									}
								}
							]
						}
					]
				},
				{
					"name": "PileNeckU2",
					"from": [ 0.0, 1.12, 0.0 ],
					"to": [ 0.8, 1.32, 0.8 ],
					"rotationOrigin": [ 0.0, 1.12, 0.04 ],
					"faces": {
						"north": { "texture": "#lead", "uv": [ 11.5, 7.0, 12.0, 7.5 ] },
						"east": { "texture": "#lead", "uv": [ 4.0, 15.0, 4.5, 15.5 ] },
						"south": { "texture": "#lead", "uv": [ 9.0, 14.5, 9.5, 15.0 ] },
						"west": { "texture": "#lead", "uv": [ 10.0, 10.5, 10.5, 11.0 ] },
						"down": { "texture": "#lead", "uv": [ 13.0, 11.0, 13.5, 11.5 ] }
					},
					"children": [
						{
							"name": "ForkB7",
							"from": [ 0.48, -0.8, 0.6 ],
							"to": [ 0.6, 0.0, 0.72 ],
							"rotationOrigin": [ 0.48, -0.8, 0.6 ],
							"faces": {
								"north": { "texture": "#gold1", "uv": [ 15.0, 10.5, 15.5, 11.0 ] },
								"east": { "texture": "#gold1", "uv": [ 10.5, 11.0, 11.0, 11.5 ] },
								"south": { "texture": "#gold1", "uv": [ 13.0, 5.5, 13.5, 6.0 ] },
								"west": { "texture": "#gold1", "uv": [ 9.0, 6.0, 9.5, 6.5 ] },
								"up": { "texture": "#gold1", "uv": [ 2.5, 11.5, 3.0, 12.0 ] },
								"down": { "texture": "#gold1", "uv": [ 12.5, 7.0, 13.0, 7.5 ] }
							},
							"children": [
								{
									"name": "ForkB8",
									"from": [ 0.12, 0.2, 0.0 ],
									"to": [ 0.36, 0.32, 0.12 ],
									"rotationOrigin": [ 0.12, 0.2, 0.0 ],
									"faces": {
										"north": { "texture": "#gold1", "uv": [ 9.5, 14.5, 10.0, 15.0 ] },
										"east": { "texture": "#gold1", "uv": [ 13.0, 2.5, 13.5, 3.0 ] },
										"south": { "texture": "#gold1", "uv": [ 8.0, 3.5, 8.5, 4.0 ] },
										"up": { "texture": "#gold1", "uv": [ 0.0, 11.5, 0.5, 12.0 ] },
										"down": { "texture": "#gold1", "uv": [ 9.5, 15.0, 10.0, 15.5 ] }
									},
									"children": [
										{
											"name": "ForkB9",
											"from": [ 0.12, 0.0, -0.56 ],
											"to": [ 0.24, 0.12, 0.0 ],
											"rotationOrigin": [ 0.12, 0.0, -0.56 ],
											"faces": {
												"north": { "texture": "#gold1", "uv": [ 4.0, 10.0, 4.5, 10.5 ] },
												"east": { "texture": "#gold1", "uv": [ 8.0, 2.0, 8.5, 2.5 ] },
												"west": { "texture": "#gold1", "uv": [ 1.5, 14.5, 2.0, 15.0 ] },
												"up": { "texture": "#gold1", "uv": [ 10.5, 3.0, 11.0, 3.5 ] },
												"down": { "texture": "#gold1", "uv": [ 0.0, 2.0, 0.5, 2.5 ] }
											}
										}
									]
								},
								{
									"name": "PlateB3",
									"from": [ -0.08, -0.12, -0.4 ],
									"to": [ 0.4, 0.0, 0.2 ],
									"rotationOrigin": [ -0.08, -0.12, -0.4 ],
									"faces": {
										"north": { "texture": "#gold1", "uv": [ 11.5, 3.0, 12.0, 3.5 ] },
										"east": { "texture": "#gold1", "uv": [ 0.0, 5.0, 0.5, 5.5 ] },
										"south": { "texture": "#gold1", "uv": [ 8.0, 13.0, 8.5, 13.5 ] },
										"west": { "texture": "#gold1", "uv": [ 8.5, 7.5, 9.0, 8.0 ] },
										"up": { "texture": "#gold1", "uv": [ 8.5, 8.5, 9.0, 9.0 ] },
										"down": { "texture": "#gold1", "uv": [ 0.0, 13.0, 0.5, 13.5 ] }
									}
								}
							]
						}
					]
				},
				{
					"name": "PileBase2",
					"from": [ -0.2, -0.68, -0.2 ],
					"to": [ 1.0, -0.28, 1.0 ],
					"rotationOrigin": [ -0.2, -0.68, -0.16 ],
					"faces": {
						"north": { "texture": "#cupronickel1", "uv": [ 5.5, 9.0, 6.5, 9.5 ] },
						"east": { "texture": "#cupronickel1", "uv": [ 0.5, 7.5, 1.5, 8.0 ] },
						"south": { "texture": "#cupronickel1", "uv": [ 5.5, 6.0, 6.5, 6.5 ] },
						"west": { "texture": "#cupronickel1", "uv": [ 3.5, 9.0, 4.5, 9.5 ] },
						"up": { "texture": "#cupronickel1", "uv": [ 3.5, 9.5, 4.5, 10.5 ] },
						"down": { "texture": "#cupronickel1", "uv": [ 6.0, 1.0, 7.0, 2.0 ] }
					},
					"children": [
						{
							"name": "PileNeckD2",
							"from": [ 0.2, 0.4, 0.2 ],
							"to": [ 1.0, 0.6, 1.0 ],
							"rotationOrigin": [ 0.2, 0.4, 0.24 ],
							"faces": {
								"north": { "texture": "#lead", "uv": [ 13.5, 15.0, 14.0, 15.5 ] },
								"east": { "texture": "#lead", "uv": [ 12.5, 7.5, 13.0, 8.0 ] },
								"south": { "texture": "#lead", "uv": [ 10.5, 13.0, 11.0, 13.5 ] },
								"west": { "texture": "#lead", "uv": [ 9.0, 1.0, 9.5, 1.5 ] },
								"up": { "texture": "#lead", "uv": [ 2.5, 2.5, 3.0, 3.0 ] }
							},
							"children": [
								{
									"name": "ForkB10",
									"from": [ 0.2, 0.2, 0.04 ],
									"to": [ 0.32, 1.0, 0.16 ],
									"rotationOrigin": [ 0.2, 0.2, 0.04 ],
									"faces": {
										"north": { "texture": "#cupronickel1", "uv": [ 3.5, 0.5, 4.0, 1.0 ] },
										"east": { "texture": "#cupronickel1", "uv": [ 1.5, 3.5, 2.0, 4.0 ] },
										"south": { "texture": "#cupronickel1", "uv": [ 0.0, 5.0, 0.5, 5.5 ] },
										"west": { "texture": "#cupronickel1", "uv": [ 13.0, 3.0, 13.5, 3.5 ] },
										"up": { "texture": "#cupronickel1", "uv": [ 3.5, 0.5, 4.0, 1.0 ] },
										"down": { "texture": "#cupronickel1", "uv": [ 9.5, 2.0, 10.0, 2.5 ] }
									},
									"children": [
										{
											"name": "ForkB11",
											"from": [ -0.24, 0.44, 0.0 ],
											"to": [ 0.0, 0.56, 0.12 ],
											"rotationOrigin": [ -0.24, 0.44, 0.0 ],
											"faces": {
												"north": { "texture": "#cupronickel1", "uv": [ 3.0, 7.0, 3.5, 7.5 ] },
												"south": { "texture": "#cupronickel1", "uv": [ 4.0, 15.0, 4.5, 15.5 ] },
												"west": { "texture": "#cupronickel1", "uv": [ 1.5, 12.0, 2.0, 12.5 ] },
												"up": { "texture": "#cupronickel1", "uv": [ 7.5, 3.0, 8.0, 3.5 ] },
												"down": { "texture": "#cupronickel1", "uv": [ 2.0, 10.0, 2.5, 10.5 ] }
											},
											"children": [
												{
													"name": "ForkB12",
													"from": [ 0.0, 0.0, 0.12 ],
													"to": [ 0.12, 0.12, 0.68 ],
													"rotationOrigin": [ 0.0, 0.0, 0.12 ],
													"faces": {
														"east": { "texture": "#cupronickel1", "uv": [ 10.5, 13.0, 11.0, 13.5 ] },
														"south": { "texture": "#cupronickel1", "uv": [ 4.0, 3.5, 4.5, 4.0 ] },
														"west": { "texture": "#cupronickel1", "uv": [ 1.5, 2.0, 2.0, 2.5 ] },
														"up": { "texture": "#cupronickel1", "uv": [ 11.5, 11.5, 12.0, 12.0 ] },
														"down": { "texture": "#cupronickel1", "uv": [ 6.0, 2.5, 6.5, 3.0 ] }
													}
												}
											]
										},
										{
											"name": "PlateB4",
											"from": [ -0.24, 0.8, -0.04 ],
											"to": [ 0.24, 0.92, 0.56 ],
											"rotationOrigin": [ -0.24, 0.8, -0.04 ],
											"faces": {
												"north": { "texture": "#cupronickel1", "uv": [ 8.0, 7.0, 8.5, 7.5 ] },
												"east": { "texture": "#cupronickel1", "uv": [ 0.0, 11.0, 0.5, 11.5 ] },
												"south": { "texture": "#cupronickel1", "uv": [ 10.0, 2.5, 10.5, 3.0 ] },
												"west": { "texture": "#cupronickel1", "uv": [ 5.5, 7.5, 6.0, 8.0 ] },
												"up": { "texture": "#cupronickel1", "uv": [ 14.5, 9.5, 15.0, 10.0 ] },
												"down": { "texture": "#cupronickel1", "uv": [ 0.5, 14.0, 1.0, 14.5 ] }
											}
										}
									]
								}
							]
						},
						{
							"name": "HeadEarDN3",
							"from": [ 0.4, 0.4, 1.2 ],
							"to": [ 0.8, 0.8, 1.8 ],
							"rotationOrigin": [ 0.4, 0.4, 1.2 ],
							"rotationX": 150.0,
							"faces": {
								"north": { "texture": "#cupronickel1", "uv": [ 0.5, 4.5, 1.0, 5.0 ] },
								"east": { "texture": "#cupronickel1", "uv": [ 6.0, 10.5, 6.5, 11.0 ] },
								"south": { "texture": "#cupronickel1", "uv": [ 3.5, 3.5, 4.0, 4.0 ] },
								"west": { "texture": "#cupronickel1", "uv": [ 2.0, 6.5, 2.5, 7.0 ] },
								"up": { "texture": "#cupronickel1", "uv": [ 9.5, 3.0, 10.0, 3.5 ] }
							},
							"children": [
								{
									"name": "HeadEarNW23",
									"from": [ 0.0, 0.4, 0.0 ],
									"to": [ 0.4, 0.6, 0.2 ],
									"rotationOrigin": [ 0.0, 0.4, 0.0 ],
									"faces": {
										"north": { "texture": "#cupronickel1", "uv": [ 8.0, 10.0, 8.5, 10.5 ] },
										"east": { "texture": "#cupronickel1", "uv": [ 1.5, 10.0, 2.0, 10.5 ] },
										"south": { "texture": "#cupronickel1", "uv": [ 8.5, 1.0, 9.0, 1.5 ] },
										"west": { "texture": "#cupronickel1", "uv": [ 10.5, 1.5, 11.0, 2.0 ] }
									}
								},
								{
									"name": "HeadEarNW24",
									"from": [ 0.0, 0.4, 0.4 ],
									"to": [ 0.4, 0.6, 0.6 ],
									"rotationOrigin": [ 0.0, 0.4, 0.4 ],
									"faces": {
										"north": { "texture": "#cupronickel1", "uv": [ 10.5, 6.0, 11.0, 6.5 ] },
										"east": { "texture": "#cupronickel1", "uv": [ 7.0, 13.0, 7.5, 13.5 ] },
										"south": { "texture": "#cupronickel1", "uv": [ 1.0, 0.5, 1.5, 1.0 ] },
										"west": { "texture": "#cupronickel1", "uv": [ 13.0, 1.5, 13.5, 2.0 ] }
									}
								},
								{
									"name": "HeadEarNW25",
									"from": [ 0.0, 0.6, 0.0 ],
									"to": [ 0.4, 0.8, 0.6 ],
									"rotationOrigin": [ 0.0, 0.6, 0.0 ],
									"faces": {
										"north": { "texture": "#cupronickel1", "uv": [ 6.5, 13.5, 7.0, 14.0 ] },
										"east": { "texture": "#cupronickel1", "uv": [ 7.0, 12.0, 7.5, 12.5 ] },
										"south": { "texture": "#cupronickel1", "uv": [ 0.5, 12.0, 1.0, 12.5 ] },
										"west": { "texture": "#cupronickel1", "uv": [ 4.0, 1.0, 4.5, 1.5 ] },
										"up": { "texture": "#cupronickel1", "uv": [ 13.5, 1.5, 14.0, 2.0 ] },
										"down": { "texture": "#cupronickel1", "uv": [ 11.5, 2.0, 12.0, 2.5 ] }
									}
								}
							]
						},
						{
							"name": "HeadEarDN4",
							"from": [ 0.4, 0.4, -0.6 ],
							"to": [ 0.8, 0.8, 0.0 ],
							"rotationOrigin": [ 0.4, 0.4, 0.0 ],
							"rotationX": -150.0,
							"faces": {
								"north": { "texture": "#cupronickel1", "uv": [ 3.5, 9.5, 4.0, 10.0 ] },
								"east": { "texture": "#cupronickel1", "uv": [ 4.5, 6.5, 5.0, 7.0 ] },
								"south": { "texture": "#cupronickel1", "uv": [ 3.5, 7.5, 4.0, 8.0 ] },
								"west": { "texture": "#cupronickel1", "uv": [ 12.5, 14.0, 13.0, 14.5 ] },
								"up": { "texture": "#cupronickel1", "uv": [ 1.0, 1.5, 1.5, 2.0 ] }
							},
							"children": [
								{
									"name": "HeadEarNW26",
									"from": [ 0.0, 0.4, 0.0 ],
									"to": [ 0.4, 0.6, 0.2 ],
									"rotationOrigin": [ 0.0, 0.4, 0.0 ],
									"faces": {
										"north": { "texture": "#cupronickel1", "uv": [ 10.5, 8.0, 11.0, 8.5 ] },
										"east": { "texture": "#cupronickel1", "uv": [ 8.5, 9.0, 9.0, 9.5 ] },
										"south": { "texture": "#cupronickel1", "uv": [ 5.0, 13.0, 5.5, 13.5 ] },
										"west": { "texture": "#cupronickel1", "uv": [ 13.5, 4.0, 14.0, 4.5 ] }
									}
								},
								{
									"name": "HeadEarNW27",
									"from": [ 0.0, 0.4, 0.4 ],
									"to": [ 0.4, 0.6, 0.6 ],
									"rotationOrigin": [ 0.0, 0.4, 0.4 ],
									"faces": {
										"north": { "texture": "#cupronickel1", "uv": [ 12.5, 1.0, 13.0, 1.5 ] },
										"east": { "texture": "#cupronickel1", "uv": [ 3.0, 9.5, 3.5, 10.0 ] },
										"south": { "texture": "#cupronickel1", "uv": [ 13.0, 4.5, 13.5, 5.0 ] },
										"west": { "texture": "#cupronickel1", "uv": [ 11.5, 6.5, 12.0, 7.0 ] }
									}
								},
								{
									"name": "HeadEarNW28",
									"from": [ 0.0, 0.6, 0.0 ],
									"to": [ 0.4, 0.8, 0.6 ],
									"rotationOrigin": [ 0.0, 0.6, 0.0 ],
									"faces": {
										"north": { "texture": "#cupronickel1", "uv": [ 14.5, 1.0, 15.0, 1.5 ] },
										"east": { "texture": "#cupronickel1", "uv": [ 12.0, 2.5, 12.5, 3.0 ] },
										"south": { "texture": "#cupronickel1", "uv": [ 9.5, 3.5, 10.0, 4.0 ] },
										"west": { "texture": "#cupronickel1", "uv": [ 1.0, 14.5, 1.5, 15.0 ] },
										"up": { "texture": "#cupronickel1", "uv": [ 0.0, 4.5, 0.5, 5.0 ] },
										"down": { "texture": "#cupronickel1", "uv": [ 6.0, 4.0, 6.5, 4.5 ] }
									}
								}
							]
						}
					]
				},
				{
					"name": "PileGlass2",
					"from": [ -0.2, -0.08, -0.2 ],
					"to": [ 1.0, 1.12, 1.0 ],
					"renderPass": 3,
					"rotationOrigin": [ -0.2, -0.08, -0.16 ],
					"faces": {
						"north": { "texture": "#blue", "uv": [ 10.0, 10.0, 11.0, 11.0 ] },
						"east": { "texture": "#blue", "uv": [ 4.5, 5.0, 5.5, 6.0 ] },
						"south": { "texture": "#blue", "uv": [ 1.5, 10.5, 2.5, 11.5 ] },
						"west": { "texture": "#blue", "uv": [ 2.0, 6.0, 3.0, 7.0 ] },
						"up": { "texture": "#blue", "uv": [ 0.0, 12.5, 1.0, 13.5 ] },
						"down": { "texture": "#blue", "uv": [ 4.0, 4.0, 5.0, 5.0 ] }
					}
				}
			]
		},
		{
			"name": "detal3",
			"from": [ 8.4, 0.4, 9.3 ],
			"to": [ 9.2, 1.2, 10.1 ],
			"rotationOrigin": [ 8.8, 0.8, 9.7 ],
			"rotationZ": 90.0,
			"faces": {
			},
			"children": [
				{
					"name": "PileTop3",
					"from": [ -0.2, 1.32, -0.2 ],
					"to": [ 1.0, 1.72, 1.0 ],
					"rotationOrigin": [ -0.2, 1.32, -0.16 ],
					"faces": {
						"north": { "texture": "#cupronickel1", "uv": [ 3.0, 9.0, 4.0, 9.5 ] },
						"east": { "texture": "#cupronickel1", "uv": [ 8.0, 7.5, 9.0, 8.0 ] },
						"south": { "texture": "#cupronickel1", "uv": [ 1.5, 8.0, 2.5, 8.5 ] },
						"west": { "texture": "#cupronickel1", "uv": [ 1.5, 3.5, 2.5, 4.0 ] },
						"up": { "texture": "#cupronickel1", "uv": [ 10.0, 5.0, 11.0, 6.0 ] },
						"down": { "texture": "#cupronickel1", "uv": [ 10.0, 8.5, 11.0, 9.5 ] }
					},
					"children": [
						{
							"name": "HeadEarNW29",
							"from": [ 0.4, 0.0, 0.0 ],
							"to": [ 0.8, 0.4, 0.6 ],
							"rotationOrigin": [ 0.4, 0.0, 0.0 ],
							"rotationX": -30.0,
							"faces": {
								"north": { "texture": "#cupronickel1", "uv": [ 5.0, 13.5, 5.5, 14.0 ] },
								"east": { "texture": "#cupronickel1", "uv": [ 9.0, 2.0, 9.5, 2.5 ] },
								"south": { "texture": "#cupronickel1", "uv": [ 3.5, 11.5, 4.0, 12.0 ] },
								"west": { "texture": "#cupronickel1", "uv": [ 0.5, 2.5, 1.0, 3.0 ] },
								"up": { "texture": "#cupronickel1", "uv": [ 8.0, 6.0, 8.5, 6.5 ] }
							},
							"children": [
								{
									"name": "HeadEarNW30",
									"from": [ 0.0, 0.4, 0.0 ],
									"to": [ 0.4, 0.6, 0.2 ],
									"rotationOrigin": [ 0.0, 0.4, 0.0 ],
									"faces": {
										"north": { "texture": "#cupronickel1", "uv": [ 6.5, 0.0, 7.0, 0.5 ] },
										"east": { "texture": "#cupronickel1", "uv": [ 11.5, 11.5, 12.0, 12.0 ] },
										"south": { "texture": "#cupronickel1", "uv": [ 1.5, 1.5, 2.0, 2.0 ] },
										"west": { "texture": "#cupronickel1", "uv": [ 3.5, 13.5, 4.0, 14.0 ] }
									}
								},
								{
									"name": "HeadEarNW31",
									"from": [ 0.0, 0.4, 0.4 ],
									"to": [ 0.4, 0.6, 0.6 ],
									"rotationOrigin": [ 0.0, 0.4, 0.4 ],
									"faces": {
										"north": { "texture": "#cupronickel1", "uv": [ 3.0, 8.0, 3.5, 8.5 ] },
										"east": { "texture": "#cupronickel1", "uv": [ 4.5, 1.0, 5.0, 1.5 ] },
										"south": { "texture": "#cupronickel1", "uv": [ 7.0, 8.5, 7.5, 9.0 ] },
										"west": { "texture": "#cupronickel1", "uv": [ 7.5, 1.0, 8.0, 1.5 ] }
									}
								},
								{
									"name": "HeadEarNW32",
									"from": [ 0.0, 0.6, 0.0 ],
									"to": [ 0.4, 0.8, 0.6 ],
									"rotationOrigin": [ 0.0, 0.6, 0.0 ],
									"faces": {
										"north": { "texture": "#cupronickel1", "uv": [ 7.5, 1.5, 8.0, 2.0 ] },
										"east": { "texture": "#cupronickel1", "uv": [ 4.5, 8.0, 5.0, 8.5 ] },
										"south": { "texture": "#cupronickel1", "uv": [ 14.5, 0.5, 15.0, 1.0 ] },
										"west": { "texture": "#cupronickel1", "uv": [ 0.5, 14.0, 1.0, 14.5 ] },
										"up": { "texture": "#cupronickel1", "uv": [ 11.5, 10.5, 12.0, 11.0 ], "windMode": [-1,-1,-1,-1] },
										"down": { "texture": "#cupronickel1", "uv": [ 4.5, 14.0, 5.0, 14.5 ] }
									}
								}
							]
						},
						{
							"name": "HeadEarNW33",
							"from": [ 0.4, 0.0, 0.6 ],
							"to": [ 0.8, 0.4, 1.2 ],
							"rotationOrigin": [ 0.4, 0.0, 1.2 ],
							"rotationX": 30.0,
							"faces": {
								"north": { "texture": "#cupronickel1", "uv": [ 13.0, 14.5, 13.5, 15.0 ] },
								"east": { "texture": "#cupronickel1", "uv": [ 7.0, 7.0, 7.5, 7.5 ] },
								"south": { "texture": "#cupronickel1", "uv": [ 8.0, 4.5, 8.5, 5.0 ] },
								"west": { "texture": "#cupronickel1", "uv": [ 7.0, 10.5, 7.5, 11.0 ] },
								"up": { "texture": "#cupronickel1", "uv": [ 9.0, 7.0, 9.5, 7.5 ] }
							},
							"children": [
								{
									"name": "HeadEarNW34",
									"from": [ 0.0, 0.4, 0.0 ],
									"to": [ 0.4, 0.6, 0.2 ],
									"rotationOrigin": [ 0.0, 0.4, 0.0 ],
									"faces": {
										"north": { "texture": "#cupronickel1", "uv": [ 0.5, 10.5, 1.0, 11.0 ] },
										"east": { "texture": "#cupronickel1", "uv": [ 14.5, 7.5, 15.0, 8.0 ] },
										"south": { "texture": "#cupronickel1", "uv": [ 4.0, 9.5, 4.5, 10.0 ] },
										"west": { "texture": "#cupronickel1", "uv": [ 13.5, 7.5, 14.0, 8.0 ] }
									}
								},
								{
									"name": "HeadEarNW35",
									"from": [ 0.0, 0.4, 0.4 ],
									"to": [ 0.4, 0.6, 0.6 ],
									"rotationOrigin": [ 0.0, 0.4, 0.4 ],
									"faces": {
										"north": { "texture": "#cupronickel1", "uv": [ 13.0, 9.5, 13.5, 10.0 ] },
										"east": { "texture": "#cupronickel1", "uv": [ 6.5, 12.5, 7.0, 13.0 ] },
										"south": { "texture": "#cupronickel1", "uv": [ 5.5, 5.5, 6.0, 6.0 ] },
										"west": { "texture": "#cupronickel1", "uv": [ 1.0, 2.5, 1.5, 3.0 ] }
									}
								},
								{
									"name": "HeadEarNW36",
									"from": [ 0.0, 0.6, 0.0 ],
									"to": [ 0.4, 0.8, 0.6 ],
									"rotationOrigin": [ 0.0, 0.6, 0.0 ],
									"faces": {
										"north": { "texture": "#cupronickel1", "uv": [ 12.0, 1.5, 12.5, 2.0 ] },
										"east": { "texture": "#cupronickel1", "uv": [ 4.5, 15.0, 5.0, 15.5 ] },
										"south": { "texture": "#cupronickel1", "uv": [ 8.0, 4.0, 8.5, 4.5 ] },
										"west": { "texture": "#cupronickel1", "uv": [ 1.5, 14.5, 2.0, 15.0 ] },
										"up": { "texture": "#cupronickel1", "uv": [ 13.0, 11.0, 13.5, 11.5 ] },
										"down": { "texture": "#cupronickel1", "uv": [ 4.0, 2.5, 4.5, 3.0 ] }
									}
								}
							]
						}
					]
				},
				{
					"name": "PileNeckU3",
					"from": [ 0.0, 1.12, 0.0 ],
					"to": [ 0.8, 1.32, 0.8 ],
					"rotationOrigin": [ 0.0, 1.12, 0.04 ],
					"faces": {
						"north": { "texture": "#lead", "uv": [ 11.5, 7.0, 12.0, 7.5 ] },
						"east": { "texture": "#lead", "uv": [ 4.0, 15.0, 4.5, 15.5 ] },
						"south": { "texture": "#lead", "uv": [ 9.0, 14.5, 9.5, 15.0 ] },
						"west": { "texture": "#lead", "uv": [ 10.0, 10.5, 10.5, 11.0 ] },
						"down": { "texture": "#lead", "uv": [ 13.0, 11.0, 13.5, 11.5 ] }
					},
					"children": [
						{
							"name": "ForkB13",
							"from": [ 0.48, -0.8, 0.6 ],
							"to": [ 0.6, 0.0, 0.72 ],
							"rotationOrigin": [ 0.48, -0.8, 0.6 ],
							"faces": {
								"north": { "texture": "#gold1", "uv": [ 15.0, 10.5, 15.5, 11.0 ] },
								"east": { "texture": "#gold1", "uv": [ 10.5, 11.0, 11.0, 11.5 ] },
								"south": { "texture": "#gold1", "uv": [ 13.0, 5.5, 13.5, 6.0 ] },
								"west": { "texture": "#gold1", "uv": [ 9.0, 6.0, 9.5, 6.5 ] },
								"up": { "texture": "#gold1", "uv": [ 2.5, 11.5, 3.0, 12.0 ] },
								"down": { "texture": "#gold1", "uv": [ 12.5, 7.0, 13.0, 7.5 ] }
							},
							"children": [
								{
									"name": "ForkB14",
									"from": [ 0.12, 0.2, 0.0 ],
									"to": [ 0.36, 0.32, 0.12 ],
									"rotationOrigin": [ 0.12, 0.2, 0.0 ],
									"faces": {
										"north": { "texture": "#gold1", "uv": [ 9.5, 14.5, 10.0, 15.0 ] },
										"east": { "texture": "#gold1", "uv": [ 13.0, 2.5, 13.5, 3.0 ] },
										"south": { "texture": "#gold1", "uv": [ 8.0, 3.5, 8.5, 4.0 ] },
										"up": { "texture": "#gold1", "uv": [ 0.0, 11.5, 0.5, 12.0 ] },
										"down": { "texture": "#gold1", "uv": [ 9.5, 15.0, 10.0, 15.5 ] }
									},
									"children": [
										{
											"name": "ForkB15",
											"from": [ 0.12, 0.0, -0.56 ],
											"to": [ 0.24, 0.12, 0.0 ],
											"rotationOrigin": [ 0.12, 0.0, -0.56 ],
											"faces": {
												"north": { "texture": "#gold1", "uv": [ 4.0, 10.0, 4.5, 10.5 ] },
												"east": { "texture": "#gold1", "uv": [ 8.0, 2.0, 8.5, 2.5 ] },
												"west": { "texture": "#gold1", "uv": [ 1.5, 14.5, 2.0, 15.0 ] },
												"up": { "texture": "#gold1", "uv": [ 10.5, 3.0, 11.0, 3.5 ] },
												"down": { "texture": "#gold1", "uv": [ 0.0, 2.0, 0.5, 2.5 ] }
											}
										}
									]
								},
								{
									"name": "PlateB5",
									"from": [ -0.08, -0.12, -0.4 ],
									"to": [ 0.4, 0.0, 0.2 ],
									"rotationOrigin": [ -0.08, -0.12, -0.4 ],
									"faces": {
										"north": { "texture": "#gold1", "uv": [ 11.5, 3.0, 12.0, 3.5 ] },
										"east": { "texture": "#gold1", "uv": [ 0.0, 5.0, 0.5, 5.5 ] },
										"south": { "texture": "#gold1", "uv": [ 8.0, 13.0, 8.5, 13.5 ] },
										"west": { "texture": "#gold1", "uv": [ 8.5, 7.5, 9.0, 8.0 ] },
										"up": { "texture": "#gold1", "uv": [ 8.5, 8.5, 9.0, 9.0 ] },
										"down": { "texture": "#gold1", "uv": [ 0.0, 13.0, 0.5, 13.5 ] }
									}
								}
							]
						}
					]
				},
				{
					"name": "PileBase3",
					"from": [ -0.2, -0.68, -0.2 ],
					"to": [ 1.0, -0.28, 1.0 ],
					"rotationOrigin": [ -0.2, -0.68, -0.16 ],
					"faces": {
						"north": { "texture": "#cupronickel1", "uv": [ 5.5, 9.0, 6.5, 9.5 ] },
						"east": { "texture": "#cupronickel1", "uv": [ 0.5, 7.5, 1.5, 8.0 ] },
						"south": { "texture": "#cupronickel1", "uv": [ 5.5, 6.0, 6.5, 6.5 ] },
						"west": { "texture": "#cupronickel1", "uv": [ 3.5, 9.0, 4.5, 9.5 ] },
						"up": { "texture": "#cupronickel1", "uv": [ 3.5, 9.5, 4.5, 10.5 ] },
						"down": { "texture": "#cupronickel1", "uv": [ 6.0, 1.0, 7.0, 2.0 ] }
					},
					"children": [
						{
							"name": "PileNeckD3",
							"from": [ 0.2, 0.4, 0.2 ],
							"to": [ 1.0, 0.6, 1.0 ],
							"rotationOrigin": [ 0.2, 0.4, 0.24 ],
							"faces": {
								"north": { "texture": "#lead", "uv": [ 13.5, 15.0, 14.0, 15.5 ] },
								"east": { "texture": "#lead", "uv": [ 12.5, 7.5, 13.0, 8.0 ] },
								"south": { "texture": "#lead", "uv": [ 10.5, 13.0, 11.0, 13.5 ] },
								"west": { "texture": "#lead", "uv": [ 9.0, 1.0, 9.5, 1.5 ] },
								"up": { "texture": "#lead", "uv": [ 2.5, 2.5, 3.0, 3.0 ] }
							},
							"children": [
								{
									"name": "ForkB16",
									"from": [ 0.2, 0.2, 0.04 ],
									"to": [ 0.32, 1.0, 0.16 ],
									"rotationOrigin": [ 0.2, 0.2, 0.04 ],
									"faces": {
										"north": { "texture": "#cupronickel1", "uv": [ 3.5, 0.5, 4.0, 1.0 ] },
										"east": { "texture": "#cupronickel1", "uv": [ 1.5, 3.5, 2.0, 4.0 ] },
										"south": { "texture": "#cupronickel1", "uv": [ 0.0, 5.0, 0.5, 5.5 ] },
										"west": { "texture": "#cupronickel1", "uv": [ 13.0, 3.0, 13.5, 3.5 ] },
										"up": { "texture": "#cupronickel1", "uv": [ 3.5, 0.5, 4.0, 1.0 ] },
										"down": { "texture": "#cupronickel1", "uv": [ 9.5, 2.0, 10.0, 2.5 ] }
									},
									"children": [
										{
											"name": "ForkB17",
											"from": [ -0.24, 0.44, 0.0 ],
											"to": [ 0.0, 0.56, 0.12 ],
											"rotationOrigin": [ -0.24, 0.44, 0.0 ],
											"faces": {
												"north": { "texture": "#cupronickel1", "uv": [ 3.0, 7.0, 3.5, 7.5 ] },
												"south": { "texture": "#cupronickel1", "uv": [ 4.0, 15.0, 4.5, 15.5 ] },
												"west": { "texture": "#cupronickel1", "uv": [ 1.5, 12.0, 2.0, 12.5 ] },
												"up": { "texture": "#cupronickel1", "uv": [ 7.5, 3.0, 8.0, 3.5 ] },
												"down": { "texture": "#cupronickel1", "uv": [ 2.0, 10.0, 2.5, 10.5 ] }
											},
											"children": [
												{
													"name": "ForkB18",
													"from": [ 0.0, 0.0, 0.12 ],
													"to": [ 0.12, 0.12, 0.68 ],
													"rotationOrigin": [ 0.0, 0.0, 0.12 ],
													"faces": {
														"east": { "texture": "#cupronickel1", "uv": [ 10.5, 13.0, 11.0, 13.5 ] },
														"south": { "texture": "#cupronickel1", "uv": [ 4.0, 3.5, 4.5, 4.0 ] },
														"west": { "texture": "#cupronickel1", "uv": [ 1.5, 2.0, 2.0, 2.5 ] },
														"up": { "texture": "#cupronickel1", "uv": [ 11.5, 11.5, 12.0, 12.0 ] },
														"down": { "texture": "#cupronickel1", "uv": [ 6.0, 2.5, 6.5, 3.0 ] }
													}
												}
											]
										},
										{
											"name": "PlateB6",
											"from": [ -0.24, 0.8, -0.04 ],
											"to": [ 0.24, 0.92, 0.56 ],
											"rotationOrigin": [ -0.24, 0.8, -0.04 ],
											"faces": {
												"north": { "texture": "#cupronickel1", "uv": [ 8.0, 7.0, 8.5, 7.5 ] },
												"east": { "texture": "#cupronickel1", "uv": [ 0.0, 11.0, 0.5, 11.5 ] },
												"south": { "texture": "#cupronickel1", "uv": [ 10.0, 2.5, 10.5, 3.0 ] },
												"west": { "texture": "#cupronickel1", "uv": [ 5.5, 7.5, 6.0, 8.0 ] },
												"up": { "texture": "#cupronickel1", "uv": [ 14.5, 9.5, 15.0, 10.0 ] },
												"down": { "texture": "#cupronickel1", "uv": [ 0.5, 14.0, 1.0, 14.5 ] }
											}
										}
									]
								}
							]
						},
						{
							"name": "HeadEarDN5",
							"from": [ 0.4, 0.4, 1.2 ],
							"to": [ 0.8, 0.8, 1.8 ],
							"rotationOrigin": [ 0.4, 0.4, 1.2 ],
							"rotationX": 150.0,
							"faces": {
								"north": { "texture": "#cupronickel1", "uv": [ 0.5, 4.5, 1.0, 5.0 ] },
								"east": { "texture": "#cupronickel1", "uv": [ 6.0, 10.5, 6.5, 11.0 ] },
								"south": { "texture": "#cupronickel1", "uv": [ 3.5, 3.5, 4.0, 4.0 ] },
								"west": { "texture": "#cupronickel1", "uv": [ 2.0, 6.5, 2.5, 7.0 ] },
								"up": { "texture": "#cupronickel1", "uv": [ 9.5, 3.0, 10.0, 3.5 ] }
							},
							"children": [
								{
									"name": "HeadEarNW37",
									"from": [ 0.0, 0.4, 0.0 ],
									"to": [ 0.4, 0.6, 0.2 ],
									"rotationOrigin": [ 0.0, 0.4, 0.0 ],
									"faces": {
										"north": { "texture": "#cupronickel1", "uv": [ 8.0, 10.0, 8.5, 10.5 ] },
										"east": { "texture": "#cupronickel1", "uv": [ 1.5, 10.0, 2.0, 10.5 ] },
										"south": { "texture": "#cupronickel1", "uv": [ 8.5, 1.0, 9.0, 1.5 ] },
										"west": { "texture": "#cupronickel1", "uv": [ 10.5, 1.5, 11.0, 2.0 ] }
									}
								},
								{
									"name": "HeadEarNW38",
									"from": [ 0.0, 0.4, 0.4 ],
									"to": [ 0.4, 0.6, 0.6 ],
									"rotationOrigin": [ 0.0, 0.4, 0.4 ],
									"faces": {
										"north": { "texture": "#cupronickel1", "uv": [ 10.5, 6.0, 11.0, 6.5 ] },
										"east": { "texture": "#cupronickel1", "uv": [ 7.0, 13.0, 7.5, 13.5 ] },
										"south": { "texture": "#cupronickel1", "uv": [ 1.0, 0.5, 1.5, 1.0 ] },
										"west": { "texture": "#cupronickel1", "uv": [ 13.0, 1.5, 13.5, 2.0 ] }
									}
								},
								{
									"name": "HeadEarNW39",
									"from": [ 0.0, 0.6, 0.0 ],
									"to": [ 0.4, 0.8, 0.6 ],
									"rotationOrigin": [ 0.0, 0.6, 0.0 ],
									"faces": {
										"north": { "texture": "#cupronickel1", "uv": [ 6.5, 13.5, 7.0, 14.0 ] },
										"east": { "texture": "#cupronickel1", "uv": [ 7.0, 12.0, 7.5, 12.5 ] },
										"south": { "texture": "#cupronickel1", "uv": [ 0.5, 12.0, 1.0, 12.5 ] },
										"west": { "texture": "#cupronickel1", "uv": [ 4.0, 1.0, 4.5, 1.5 ] },
										"up": { "texture": "#cupronickel1", "uv": [ 13.5, 1.5, 14.0, 2.0 ] },
										"down": { "texture": "#cupronickel1", "uv": [ 11.5, 2.0, 12.0, 2.5 ] }
									}
								}
							]
						},
						{
							"name": "HeadEarDN6",
							"from": [ 0.4, 0.4, -0.6 ],
							"to": [ 0.8, 0.8, 0.0 ],
							"rotationOrigin": [ 0.4, 0.4, 0.0 ],
							"rotationX": -150.0,
							"faces": {
								"north": { "texture": "#cupronickel1", "uv": [ 3.5, 9.5, 4.0, 10.0 ] },
								"east": { "texture": "#cupronickel1", "uv": [ 4.5, 6.5, 5.0, 7.0 ] },
								"south": { "texture": "#cupronickel1", "uv": [ 3.5, 7.5, 4.0, 8.0 ] },
								"west": { "texture": "#cupronickel1", "uv": [ 12.5, 14.0, 13.0, 14.5 ] },
								"up": { "texture": "#cupronickel1", "uv": [ 1.0, 1.5, 1.5, 2.0 ] }
							},
							"children": [
								{
									"name": "HeadEarNW40",
									"from": [ 0.0, 0.4, 0.0 ],
									"to": [ 0.4, 0.6, 0.2 ],
									"rotationOrigin": [ 0.0, 0.4, 0.0 ],
									"faces": {
										"north": { "texture": "#cupronickel1", "uv": [ 10.5, 8.0, 11.0, 8.5 ] },
										"east": { "texture": "#cupronickel1", "uv": [ 8.5, 9.0, 9.0, 9.5 ] },
										"south": { "texture": "#cupronickel1", "uv": [ 5.0, 13.0, 5.5, 13.5 ] },
										"west": { "texture": "#cupronickel1", "uv": [ 13.5, 4.0, 14.0, 4.5 ] }
									}
								},
								{
									"name": "HeadEarNW41",
									"from": [ 0.0, 0.4, 0.4 ],
									"to": [ 0.4, 0.6, 0.6 ],
									"rotationOrigin": [ 0.0, 0.4, 0.4 ],
									"faces": {
										"north": { "texture": "#cupronickel1", "uv": [ 12.5, 1.0, 13.0, 1.5 ] },
										"east": { "texture": "#cupronickel1", "uv": [ 3.0, 9.5, 3.5, 10.0 ] },
										"south": { "texture": "#cupronickel1", "uv": [ 13.0, 4.5, 13.5, 5.0 ] },
										"west": { "texture": "#cupronickel1", "uv": [ 11.5, 6.5, 12.0, 7.0 ] }
									}
								},
								{
									"name": "HeadEarNW42",
									"from": [ 0.0, 0.6, 0.0 ],
									"to": [ 0.4, 0.8, 0.6 ],
									"rotationOrigin": [ 0.0, 0.6, 0.0 ],
									"faces": {
										"north": { "texture": "#cupronickel1", "uv": [ 14.5, 1.0, 15.0, 1.5 ] },
										"east": { "texture": "#cupronickel1", "uv": [ 12.0, 2.5, 12.5, 3.0 ] },
										"south": { "texture": "#cupronickel1", "uv": [ 9.5, 3.5, 10.0, 4.0 ] },
										"west": { "texture": "#cupronickel1", "uv": [ 1.0, 14.5, 1.5, 15.0 ] },
										"up": { "texture": "#cupronickel1", "uv": [ 0.0, 4.5, 0.5, 5.0 ] },
										"down": { "texture": "#cupronickel1", "uv": [ 6.0, 4.0, 6.5, 4.5 ] }
									}
								}
							]
						}
					]
				},
				{
					"name": "PileGlass3",
					"from": [ -0.2, -0.08, -0.2 ],
					"to": [ 1.0, 1.12, 1.0 ],
					"renderPass": 3,
					"rotationOrigin": [ -0.2, -0.08, -0.16 ],
					"faces": {
						"north": { "texture": "#blue", "uv": [ 10.0, 10.0, 11.0, 11.0 ] },
						"east": { "texture": "#blue", "uv": [ 4.5, 5.0, 5.5, 6.0 ] },
						"south": { "texture": "#blue", "uv": [ 1.5, 10.5, 2.5, 11.5 ] },
						"west": { "texture": "#blue", "uv": [ 2.0, 6.0, 3.0, 7.0 ] },
						"up": { "texture": "#blue", "uv": [ 0.0, 12.5, 1.0, 13.5 ] },
						"down": { "texture": "#blue", "uv": [ 4.0, 4.0, 5.0, 5.0 ] }
					}
				}
			]
		},
		{
			"name": "paialnik",
			"from": [ 12.5, 0.45, 5.35 ],
			"to": [ 12.5, 0.45, 5.35 ],
			"rotationOrigin": [ 11.15, 0.0, 5.8 ],
			"rotationY": -90.0,
			"faces": {
				"north": { "texture": "#string", "uv": [ 0.0, 0.0, 0.5, 0.5 ] },
				"east": { "texture": "#string", "uv": [ 0.0, 0.0, 0.5, 0.5 ] },
				"south": { "texture": "#string", "uv": [ 0.0, 0.0, 0.5, 0.5 ] },
				"west": { "texture": "#string", "uv": [ 0.0, 0.0, 0.5, 0.5 ] },
				"up": { "texture": "#string", "uv": [ 0.0, 0.0, 0.5, 0.5 ] },
				"down": { "texture": "#string", "uv": [ 0.0, 0.0, 0.5, 0.5 ] }
			},
			"children": [
				{
					"name": "handle",
					"from": [ -4.05, -0.45, -0.09 ],
					"to": [ 0.45, 0.63, 0.99 ],
					"rotationOrigin": [ -2.25, 0.0, 0.36 ],
					"faces": {
						"north": { "texture": "#oak", "uv": [ 0.0, 5.5, 1.0, 10.0 ], "rotation": 90 },
						"east": { "texture": "#oak", "uv": [ 0.5, 0.5, 1.4, 1.4 ] },
						"south": { "texture": "#oak", "uv": [ 7.0, 4.5, 8.0, 9.0 ], "rotation": 90 },
						"west": { "texture": "#oak", "uv": [ 14.0, 10.0, 14.9, 10.9 ] },
						"up": { "texture": "#oak", "uv": [ 1.0, 2.5, 2.0, 7.0 ], "rotation": 90 },
						"down": { "texture": "#oak", "uv": [ 10.0, 5.0, 11.0, 9.5 ], "rotation": 90 }
					},
					"children": [
						{
							"name": "head",
							"from": [ 6.75, 0.0, 0.0 ],
							"to": [ 9.45, 1.08, 1.08 ],
							"rotationOrigin": [ 4.05, 0.45, 0.54 ],
							"faces": {
								"north": { "texture": "#metal", "uv": [ 0.0, 5.5, 2.7, 6.4 ] },
								"east": { "texture": "#metal", "uv": [ 0.5, 0.5, 1.4, 1.4 ] },
								"south": { "texture": "#metal", "uv": [ 0.0, 10.5, 2.7, 11.4 ] },
								"west": { "texture": "#metal", "uv": [ 14.0, 10.0, 14.9, 10.9 ] },
								"up": { "texture": "#metal", "uv": [ 0.0, 2.5, 2.7, 3.4 ] },
								"down": { "texture": "#metal", "uv": [ 0.0, 5.0, 2.7, 5.9 ] }
							},
							"children": [
								{
									"name": "rod",
									"from": [ -2.7, 0.27, 0.27 ],
									"to": [ 0.0, 0.81, 0.81 ],
									"rotationOrigin": [ -2.7, 0.45, 0.45 ],
									"faces": {
										"north": { "texture": "#metal", "uv": [ 12.0, 1.0, 14.7, 1.45 ] },
										"east": { "texture": "#metal", "uv": [ 11.0, 12.0, 11.45, 12.45 ] },
										"south": { "texture": "#metal", "uv": [ 8.0, 12.0, 10.7, 12.45 ] },
										"west": { "texture": "#metal", "uv": [ 10.0, 11.0, 10.45, 11.45 ] },
										"up": { "texture": "#metal", "uv": [ 7.0, 11.0, 9.7, 11.45 ] },
										"down": { "texture": "#metal", "uv": [ 4.0, 5.0, 6.7, 5.45 ] }
									}
								},
								{
									"name": "point",
									"from": [ 2.322, 0.162, 0.009 ],
									"to": [ 3.078, 0.918, 1.071 ],
									"rotationOrigin": [ 2.7, 0.54, 0.0 ],
									"rotationZ": 45.0,
									"faces": {
										"north": { "texture": "#metal", "uv": [ 12.0, 1.0, 12.45, 1.45 ] },
										"east": { "texture": "#metal", "uv": [ 11.0, 12.0, 11.9, 12.45 ] },
										"south": { "texture": "#metal", "uv": [ 8.0, 12.0, 8.45, 12.45 ] },
										"west": { "texture": "#metal", "uv": [ 10.0, 11.0, 10.9, 11.45 ] },
										"up": { "texture": "#metal", "uv": [ 6.0, 14.0, 6.45, 14.9 ] },
										"down": { "texture": "#metal", "uv": [ 4.0, 5.0, 4.45, 5.9 ] }
									}
								}
							]
						}
					]
				}
			]
		},
		{
			"name": "temporal",
			"from": [ 4.75, -0.55, 13.65 ],
			"to": [ 5.05, 1.25, 14.01 ],
			"rotationOrigin": [ 5.2, 0.35, 13.8 ],
			"rotationX": -90.0,
			"rotationZ": -45.0,
			"faces": {
				"north": { "texture": "#temporal", "uv": [ 0.0, 0.0, 0.5, 1.5 ] },
				"east": { "texture": "#temporal", "uv": [ 0.0, 0.0, 0.5, 1.5 ] },
				"south": { "texture": "#temporal", "uv": [ 9.0, 9.0, 9.5, 10.5 ], "glow": 75 },
				"west": { "texture": "#temporal", "uv": [ 0.0, 0.0, 0.5, 1.5 ] },
				"up": { "texture": "#temporal", "uv": [ 7.0, 6.0, 7.5, 6.5 ] },
				"down": { "texture": "#temporal", "uv": [ 5.0, 5.0, 5.5, 5.5 ] }
			},
			"children": [
				{
					"name": "vertical",
					"from": [ 0.6, 0.0, 0.0 ],
					"to": [ 0.9, 1.8, 0.36 ],
					"faces": {
						"north": { "texture": "#temporal", "uv": [ 6.0, 5.0, 6.3, 6.8 ] },
						"east": { "texture": "#temporal", "uv": [ 5.0, 6.0, 5.3, 7.8 ] },
						"south": { "texture": "#temporal", "uv": [ 13.0, 10.0, 13.3, 11.8 ], "glow": 75 },
						"west": { "texture": "#temporal", "uv": [ 0.0, 0.0, 0.3, 1.8 ] },
						"up": { "texture": "#temporal", "uv": [ 3.0, 4.0, 3.3, 4.3 ] },
						"down": { "texture": "#temporal", "uv": [ 0.0, 0.0, 0.3, 0.3 ] }
					}
				},
				{
					"name": "horizontal 1",
					"from": [ -0.45, 1.05, -0.03 ],
					"to": [ 1.35, 1.35, 0.39 ],
					"faces": {
						"north": { "texture": "#temporal", "uv": [ 0.0, 1.0, 1.5, 1.5 ] },
						"east": { "texture": "#temporal", "uv": [ 4.0, 0.0, 4.5, 0.5 ] },
						"south": { "texture": "#temporal", "uv": [ 3.0, 7.0, 4.5, 7.5 ], "glow": 75 },
						"west": { "texture": "#temporal", "uv": [ 6.0, 7.0, 6.5, 7.5 ] },
						"up": { "texture": "#temporal", "uv": [ 0.0, 1.0, 1.5, 1.5 ] },
						"down": { "texture": "#temporal", "uv": [ 0.0, 0.0, 1.5, 0.5 ] }
					}
				},
				{
					"name": "horizontal 2",
					"from": [ -0.45, 0.45, -0.03 ],
					"to": [ 1.35, 0.75, 0.39 ],
					"faces": {
						"north": { "texture": "#temporal", "uv": [ 0.0, 0.0, 1.5, 0.5 ] },
						"east": { "texture": "#temporal", "uv": [ 2.0, 11.0, 2.5, 11.5 ] },
						"south": { "texture": "#temporal", "uv": [ 8.0, 6.0, 9.5, 6.5 ], "glow": 75 },
						"west": { "texture": "#temporal", "uv": [ 13.0, 12.0, 13.5, 12.5 ] },
						"up": { "texture": "#temporal", "uv": [ 0.0, 0.0, 1.5, 0.5 ] },
						"down": { "texture": "#temporal", "uv": [ 0.0, 0.0, 1.5, 0.5 ] }
					}
				},
				{
					"name": "secondary vertical 1",
					"from": [ -0.3, 0.15, 0.03 ],
					"to": [ 0.0, 1.65, 0.33 ],
					"faces": {
						"north": { "texture": "#temporal", "uv": [ 0.0, 0.0, 0.5, 1.5 ] },
						"east": { "texture": "#temporal", "uv": [ 0.0, 0.0, 0.5, 1.5 ] },
						"south": { "texture": "#temporal", "uv": [ 3.0, 3.0, 3.5, 4.5 ], "glow": 75 },
						"west": { "texture": "#temporal", "uv": [ 0.0, 0.0, 0.5, 1.5 ] },
						"up": { "texture": "#temporal", "uv": [ 11.0, 4.0, 11.5, 4.5 ] },
						"down": { "texture": "#temporal", "uv": [ 3.0, 9.0, 3.5, 9.5 ] }
					}
				},
				{
					"name": "secondary vertical 2",
					"from": [ 0.9, 0.15, 0.03 ],
					"to": [ 1.2, 1.65, 0.33 ],
					"faces": {
						"north": { "texture": "#temporal", "uv": [ 0.0, 0.0, 0.5, 1.5 ] },
						"east": { "texture": "#temporal", "uv": [ 0.0, 0.0, 0.5, 1.5 ] },
						"south": { "texture": "#temporal", "uv": [ 6.0, 1.0, 6.5, 2.5 ], "glow": 75 },
						"west": { "texture": "#temporal", "uv": [ 5.0, 6.0, 5.5, 7.5 ] },
						"up": { "texture": "#temporal", "uv": [ 5.0, 3.0, 5.5, 3.5 ] },
						"down": { "texture": "#temporal", "uv": [ 1.0, 10.0, 1.5, 10.5 ] }
					}
				},
				{
					"name": "cube up",
					"from": [ 0.3, 1.35, 0.03 ],
					"to": [ 0.6, 1.65, 0.33 ],
					"faces": {
						"north": { "texture": "#temporal", "uv": [ 5.0, 13.0, 5.5, 13.5 ] },
						"east": { "texture": "#temporal", "uv": [ 4.0, 6.0, 4.5, 6.5 ] },
						"south": { "texture": "#temporal", "uv": [ 8.0, 6.0, 8.5, 6.5 ], "glow": 75 },
						"west": { "texture": "#temporal", "uv": [ 4.0, 11.0, 4.5, 11.5 ] },
						"up": { "texture": "#temporal", "uv": [ 3.0, 4.0, 3.5, 4.5 ] },
						"down": { "texture": "#temporal", "uv": [ 0.0, 0.0, 0.5, 0.5 ] }
					}
				},
				{
					"name": "Cube16",
					"from": [ 0.3, 0.15, 0.03 ],
					"to": [ 0.6, 0.45, 0.33 ],
					"faces": {
						"north": { "texture": "#temporal", "uv": [ 0.0, 0.0, 0.5, 0.5 ] },
						"east": { "texture": "#temporal", "uv": [ 0.0, 0.0, 0.5, 0.5 ] },
						"south": { "texture": "#temporal", "uv": [ 13.0, 15.0, 13.5, 15.5 ], "glow": 75 },
						"west": { "texture": "#temporal", "uv": [ 0.0, 0.0, 0.5, 0.5 ] },
						"up": { "texture": "#temporal", "uv": [ 2.0, 3.0, 2.5, 3.5 ] },
						"down": { "texture": "#temporal", "uv": [ 2.0, 1.0, 2.5, 1.5 ] }
					}
				}
			]
		}
	]}