{
	"editor": {
		"collapsedPaths": "Root/Bow/BowGrip/BowLimbDown2/BowMiddleDown2/hornpart2.6,Root/Bow/BowGrip/BowLimbDown2/BowMiddleDown2/BowTipDown2,Root/kailo,Root/Bow/BowGrip/BowLimbDown/BowMiddleDown/hornpart2.1,Root/origin,Root/Bow/BowGrip/FrontBowArm,Root/Bow,Root/Bow/BowGrip/BowLimbDown2/BowMiddleDown2,Root/molot",
		"allAngles": false,
		"entityTextureMode": false
	},
	"textureWidth": 16,
	"textureHeight": 16,
	"textureSizes": {
		"string": [16,16],
		"aged": [16,16],
		"arrow": [8,8],
		"feather2": [16,16],
		"bone": [16,16],
		"stick": [16,16],
		"beeswax": [8,8],
		"leather": [16,16]
	},
	"textures": {
		"metal": "game:item/tool/material/blackbronze",
		"string": "game:item/tool/material/string",
		"wood": "game:item/tool/material/wood",
		"temporal": "game:item/resource/temporalgear",
		"map-blank": "game:item/utility/map-blank",
		"schematic-glider": "game:item/utility/schematic-glider"
	},
	"elements": [
		{
			"name": "shema",
			"from": [ 8.0, 0.0, 8.0 ],
			"to": [ 8.0, 0.0, 8.0 ],
			"rotationOrigin": [ 8.0, 0.0, 8.0 ],
			"faces": {
			},
			"children": [
				{
					"name": "sheet",
					"from": [ -4.0, 0.0, -7.0 ],
					"to": [ 4.0, 0.5, 7.0 ],
					"faces": {
						"north": { "texture": "#schematic-glider", "uv": [ 0.0, 0.0, 0.5, 8.0 ], "rotation": 90 },
						"south": { "texture": "#schematic-glider", "uv": [ 0.0, 7.0, 0.5, 15.0 ], "rotation": 90 },
						"up": { "texture": "#schematic-glider", "uv": [ 3.0, 0.0, 11.0, 14.0 ] },
						"down": { "texture": "#map-blank", "uv": [ 3.0, 1.0, 11.0, 15.0 ] }
					},
					"children": [
						{
							"name": "scroll-bigger",
							"from": [ 8.0, 0.0, 0.0 ],
							"to": [ 11.0, 3.0, 14.0 ],
							"rotationOrigin": [ 8.0, 0.0, 7.0 ],
							"faces": {
								"north": { "texture": "#schematic-glider", "uv": [ 12.0, 13.5, 15.0, 16.5 ] },
								"east": { "texture": "#schematic-glider", "uv": [ 0.0, 0.0, 3.0, 14.0 ], "rotation": 90 },
								"south": { "texture": "#schematic-glider", "uv": [ 12.0, 13.5, 15.0, 16.5 ] },
								"west": { "texture": "#schematic-glider", "uv": [ 11.0, 0.0, 14.0, 14.0 ], "rotation": 90 },
								"up": { "texture": "#schematic-glider", "uv": [ 11.0, 0.0, 14.0, 14.0 ] },
								"down": { "texture": "#schematic-glider", "uv": [ 0.0, 0.0, 3.0, 14.0 ] }
							},
							"children": [
								{
									"name": "edge-biggerS1",
									"from": [ 0.0, 0.0, 14.0 ],
									"to": [ 2.5, 0.5, 14.5 ],
									"rotationOrigin": [ 0.0, 0.0, 14.0 ],
									"faces": {
										"south": { "texture": "#schematic-glider", "uv": [ 0.0, 5.0, 0.5, 7.5 ], "rotation": 90 },
										"west": { "texture": "#schematic-glider", "uv": [ 0.0, 0.0, 0.5, 0.5 ] },
										"up": { "texture": "#schematic-glider", "uv": [ 0.0, 0.0, 2.5, 0.5 ] },
										"down": { "texture": "#schematic-glider", "uv": [ 0.0, 0.0, 0.5, 2.5 ], "rotation": 90 }
									}
								},
								{
									"name": "edge-biggerS2",
									"from": [ 0.5, 2.5, 14.0 ],
									"to": [ 3.0, 3.0, 14.5 ],
									"rotationOrigin": [ 0.5, 2.5, 14.0 ],
									"faces": {
										"east": { "texture": "#schematic-glider", "uv": [ 0.0, 0.0, 0.5, 0.5 ] },
										"south": { "texture": "#schematic-glider", "uv": [ 0.0, 1.0, 0.5, 3.5 ], "rotation": 90 },
										"up": { "texture": "#schematic-glider", "uv": [ 0.0, 4.0, 0.5, 6.5 ], "rotation": 90 },
										"down": { "texture": "#schematic-glider", "uv": [ 0.0, 0.0, 2.5, 0.5 ] }
									}
								},
								{
									"name": "edge-biggerS3",
									"from": [ 0.0, 0.5, 14.0 ],
									"to": [ 0.5, 3.0, 14.5 ],
									"rotationOrigin": [ 0.0, 0.5, 14.0 ],
									"faces": {
										"east": { "texture": "#schematic-glider", "uv": [ 0.0, 0.0, 0.5, 2.5 ] },
										"south": { "texture": "#schematic-glider", "uv": [ 0.0, 0.0, 0.5, 2.5 ] },
										"west": { "texture": "#schematic-glider", "uv": [ 0.0, 0.0, 0.5, 2.5 ] },
										"up": { "texture": "#schematic-glider", "uv": [ 0.0, 0.0, 0.5, 0.5 ] }
									}
								},
								{
									"name": "edge-biggerS4",
									"from": [ 2.5, 0.0, 14.0 ],
									"to": [ 3.0, 2.5, 14.5 ],
									"rotationOrigin": [ 3.0, 0.5, 14.0 ],
									"faces": {
										"east": { "texture": "#schematic-glider", "uv": [ 0.0, 0.0, 0.5, 2.5 ] },
										"south": { "texture": "#schematic-glider", "uv": [ 0.0, 0.0, 0.5, 2.5 ] },
										"west": { "texture": "#schematic-glider", "uv": [ 0.0, 0.0, 0.5, 2.5 ] },
										"down": { "texture": "#schematic-glider", "uv": [ 0.0, 0.0, 0.5, 0.5 ] }
									}
								},
								{
									"name": "edge-biggerS5",
									"from": [ 1.0, 0.5, 14.0 ],
									"to": [ 1.5, 2.0, 14.5 ],
									"rotationOrigin": [ 1.0, 0.5, 14.0 ],
									"faces": {
										"east": { "texture": "#schematic-glider", "uv": [ 0.0, 0.0, 0.5, 1.5 ] },
										"south": { "texture": "#schematic-glider", "uv": [ 0.0, 0.0, 0.5, 1.5 ] },
										"west": { "texture": "#schematic-glider", "uv": [ 0.0, 0.0, 0.5, 1.5 ] },
										"up": { "texture": "#schematic-glider", "uv": [ 0.0, 0.0, 0.5, 0.5 ] }
									}
								},
								{
									"name": "edge-biggerS6",
									"from": [ 1.5, 1.5, 14.0 ],
									"to": [ 2.0, 2.0, 14.5 ],
									"rotationOrigin": [ 1.5, 1.5, 14.0 ],
									"faces": {
										"east": { "texture": "#schematic-glider", "uv": [ 0.0, 0.0, 0.5, 0.5 ] },
										"south": { "texture": "#schematic-glider", "uv": [ 0.0, 0.0, 0.5, 0.5 ] },
										"up": { "texture": "#schematic-glider", "uv": [ 0.0, 0.0, 0.5, 0.5 ] },
										"down": { "texture": "#schematic-glider", "uv": [ 0.0, 0.0, 0.5, 0.5 ] }
									}
								},
								{
									"name": "edge-biggerN1",
									"from": [ 0.0, 0.0, -0.5 ],
									"to": [ 2.5, 0.5, 0.0 ],
									"faces": {
										"north": { "texture": "#schematic-glider", "uv": [ 0.0, 5.0, 0.5, 7.5 ], "rotation": 90, "windMode": [-1,-1,-1,-1] },
										"west": { "texture": "#schematic-glider", "uv": [ 0.0, 0.0, 0.5, 0.5 ] },
										"up": { "texture": "#schematic-glider", "uv": [ 0.0, 4.0, 0.5, 6.5 ], "rotation": 90 },
										"down": { "texture": "#schematic-glider", "uv": [ 0.0, 5.0, 0.5, 7.5 ], "rotation": 90 }
									}
								},
								{
									"name": "edge-biggerN2",
									"from": [ 0.5, 2.5, -0.5 ],
									"to": [ 3.0, 3.0, 0.0 ],
									"rotationOrigin": [ 0.5, 2.5, 0.0 ],
									"faces": {
										"north": { "texture": "#schematic-glider", "uv": [ 0.0, 4.0, 0.5, 6.5 ], "rotation": 90 },
										"east": { "texture": "#schematic-glider", "uv": [ 0.0, 0.0, 0.5, 0.5 ], "windMode": [-1,-1,-1,-1] },
										"up": { "texture": "#schematic-glider", "uv": [ 0.0, 4.0, 0.5, 6.5 ], "rotation": 90 },
										"down": { "texture": "#schematic-glider", "uv": [ 0.0, 0.0, 2.5, 0.5 ] }
									}
								},
								{
									"name": "edge-biggerN3",
									"from": [ 2.5, 0.0, -0.5 ],
									"to": [ 3.0, 2.5, 0.0 ],
									"rotationOrigin": [ 3.0, 0.5, 0.0 ],
									"faces": {
										"north": { "texture": "#schematic-glider", "uv": [ 0.0, 0.0, 0.5, 2.5 ], "windMode": [-1,-1,-1,-1] },
										"east": { "texture": "#schematic-glider", "uv": [ 0.0, 0.0, 0.5, 2.5 ] },
										"west": { "texture": "#schematic-glider", "uv": [ 0.0, 0.0, 0.5, 2.5 ] },
										"down": { "texture": "#schematic-glider", "uv": [ 0.0, 0.0, 0.5, 0.5 ] }
									}
								},
								{
									"name": "edge-biggerN4",
									"from": [ 0.0, 0.5, -0.5 ],
									"to": [ 0.5, 3.0, 0.0 ],
									"rotationOrigin": [ 0.0, 1.0, 0.0 ],
									"faces": {
										"north": { "texture": "#schematic-glider", "uv": [ 0.0, 0.0, 0.5, 2.5 ] },
										"east": { "texture": "#schematic-glider", "uv": [ 0.0, 0.0, 0.5, 2.5 ] },
										"west": { "texture": "#schematic-glider", "uv": [ 0.0, 0.0, 0.5, 2.5 ] },
										"up": { "texture": "#schematic-glider", "uv": [ 0.0, 0.0, 0.5, 0.5 ], "windMode": [-1,-1,-1,-1] }
									}
								},
								{
									"name": "edge-biggerN5",
									"from": [ 1.0, 0.5, -0.5 ],
									"to": [ 1.5, 2.0, 0.0 ],
									"rotationOrigin": [ 1.0, 1.0, 0.0 ],
									"faces": {
										"north": { "texture": "#schematic-glider", "uv": [ 0.0, 0.0, 0.5, 1.5 ] },
										"east": { "texture": "#schematic-glider", "uv": [ 0.0, 0.0, 0.5, 1.5 ] },
										"west": { "texture": "#schematic-glider", "uv": [ 0.0, 0.0, 0.5, 1.5 ] },
										"up": { "texture": "#schematic-glider", "uv": [ 0.0, 0.0, 0.5, 0.5 ] }
									}
								},
								{
									"name": "edge-biggerN6",
									"from": [ 1.5, 1.5, -0.5 ],
									"to": [ 2.0, 2.0, 0.0 ],
									"rotationOrigin": [ 1.5, 1.5, 0.0 ],
									"faces": {
										"north": { "texture": "#schematic-glider", "uv": [ 0.0, 0.0, 0.5, 0.5 ] },
										"east": { "texture": "#schematic-glider", "uv": [ 0.0, 0.0, 0.5, 0.5 ] },
										"up": { "texture": "#schematic-glider", "uv": [ 0.0, 0.0, 0.5, 0.5 ] },
										"down": { "texture": "#schematic-glider", "uv": [ 0.0, 0.0, 0.5, 0.5 ] }
									}
								},
								{
									"name": "seal-main",
									"from": [ 0.5, 3.0, 3.0 ],
									"to": [ 2.5, 3.5, 5.0 ],
									"rotationOrigin": [ 1.5, 3.0, 4.0 ],
									"faces": {
										"north": { "texture": "#metal", "uv": [ 6.0, 14.5, 8.0, 15.0 ] },
										"east": { "texture": "#metal", "uv": [ 5.0, 15.0, 7.0, 15.5 ] },
										"south": { "texture": "#metal", "uv": [ 5.5, 14.5, 7.5, 15.0 ] },
										"west": { "texture": "#metal", "uv": [ 4.0, 14.0, 6.0, 14.5 ] },
										"up": { "texture": "#metal", "uv": [ 6.5, 14.0, 8.5, 16.0 ] }
									},
									"children": [
										{
											"name": "seal2",
											"from": [ 0.0, -0.1, 0.0 ],
											"to": [ 2.0, 0.4, 2.0 ],
											"rotationOrigin": [ 1.0, -0.1, 1.0 ],
											"rotationY": -45.0,
											"faces": {
												"north": { "texture": "#metal", "uv": [ 5.5, 15.0, 7.5, 15.5 ] },
												"east": { "texture": "#metal", "uv": [ 5.0, 14.0, 7.0, 14.5 ] },
												"south": { "texture": "#metal", "uv": [ 4.5, 14.5, 6.5, 15.0 ] },
												"west": { "texture": "#metal", "uv": [ 5.5, 14.5, 7.5, 15.0 ] },
												"up": { "texture": "#metal", "uv": [ 4.5, 14.0, 6.5, 16.0 ] }
											}
										},
										{
											"name": "seal-glow1",
											"from": [ 0.5, 0.5, 0.4 ],
											"to": [ 1.5, 0.6, 0.6 ],
											"rotationOrigin": [ 1.0, 0.5, 0.5 ],
											"faces": {
												"north": { "texture": "#wood", "uv": [ 11.0, 15.5, 12.0, 16.0 ], "glow": 150 },
												"east": { "texture": "#wood", "uv": [ 10.0, 15.0, 10.5, 15.5 ], "glow": 150 },
												"south": { "texture": "#wood", "uv": [ 9.5, 14.5, 10.5, 15.0 ], "glow": 150 },
												"west": { "texture": "#wood", "uv": [ 10.0, 14.5, 10.5, 15.0 ], "glow": 150 },
												"up": { "texture": "#wood", "uv": [ 10.0, 14.0, 11.0, 14.5 ], "glow": 150 }
											}
										},
										{
											"name": "seal-glow2",
											"from": [ 0.5, 0.5, 1.4 ],
											"to": [ 1.5, 0.6, 1.6 ],
											"rotationOrigin": [ 1.0, 0.5, 1.5 ],
											"faces": {
												"north": { "texture": "#wood", "uv": [ 10.5, 14.5, 11.5, 15.0 ], "glow": 150 },
												"east": { "texture": "#wood", "uv": [ 9.0, 14.0, 9.5, 14.5 ], "glow": 150 },
												"south": { "texture": "#wood", "uv": [ 9.5, 14.5, 10.5, 15.0 ], "glow": 150 },
												"west": { "texture": "#wood", "uv": [ 10.5, 14.5, 11.0, 15.0 ], "glow": 150 },
												"up": { "texture": "#wood", "uv": [ 9.5, 14.5, 10.5, 15.0 ], "glow": 150 }
											}
										},
										{
											"name": "seal-glow3",
											"from": [ 0.9, 0.5, 1.1 ],
											"to": [ 1.1, 0.6, 1.3 ],
											"rotationOrigin": [ 1.0, 0.5, 1.2 ],
											"faces": {
												"north": { "texture": "#wood", "uv": [ 9.5, 14.0, 10.0, 14.5 ], "glow": 150 },
												"east": { "texture": "#wood", "uv": [ 10.5, 14.5, 11.0, 15.0 ], "glow": 150 },
												"south": { "texture": "#wood", "uv": [ 11.5, 14.0, 12.0, 14.5 ], "glow": 150 },
												"west": { "texture": "#wood", "uv": [ 10.0, 15.5, 10.5, 16.0 ], "glow": 150 },
												"up": { "texture": "#wood", "uv": [ 10.5, 15.0, 11.0, 15.5 ], "glow": 150 }
											}
										},
										{
											"name": "seal-glow4",
											"from": [ 0.9, 0.5, 0.7 ],
											"to": [ 1.1, 0.6, 0.9 ],
											"rotationOrigin": [ 1.0, 0.5, 0.8 ],
											"faces": {
												"north": { "texture": "#wood", "uv": [ 10.5, 14.5, 11.0, 15.0 ], "glow": 150 },
												"east": { "texture": "#wood", "uv": [ 9.0, 14.0, 9.5, 14.5 ], "glow": 150 },
												"south": { "texture": "#wood", "uv": [ 9.5, 14.5, 10.0, 15.0 ], "glow": 150 },
												"west": { "texture": "#wood", "uv": [ 10.5, 14.5, 11.0, 15.0 ], "glow": 150 },
												"up": { "texture": "#wood", "uv": [ 9.5, 14.5, 10.0, 15.0 ], "glow": 150 }
											}
										},
										{
											"name": "seal-glow5",
											"from": [ 0.7, 0.5, 0.9 ],
											"to": [ 0.9, 0.6, 1.1 ],
											"rotationOrigin": [ 0.8, 0.5, 1.0 ],
											"faces": {
												"north": { "texture": "#wood", "uv": [ 10.5, 14.5, 11.0, 15.0 ], "glow": 150 },
												"east": { "texture": "#wood", "uv": [ 9.0, 14.0, 9.5, 14.5 ], "glow": 150 },
												"south": { "texture": "#wood", "uv": [ 9.5, 14.5, 10.0, 15.0 ], "glow": 150 },
												"west": { "texture": "#wood", "uv": [ 10.5, 14.5, 11.0, 15.0 ], "glow": 150 },
												"up": { "texture": "#wood", "uv": [ 9.5, 14.5, 10.0, 15.0 ], "glow": 150 }
											}
										},
										{
											"name": "seal-glow6",
											"from": [ 1.1, 0.5, 0.9 ],
											"to": [ 1.3, 0.6, 1.1 ],
											"rotationOrigin": [ 1.2, 0.5, 1.0 ],
											"faces": {
												"north": { "texture": "#wood", "uv": [ 9.5, 14.5, 10.0, 15.0 ], "glow": 150 },
												"east": { "texture": "#wood", "uv": [ 11.0, 14.5, 11.5, 15.0 ], "glow": 150 },
												"south": { "texture": "#wood", "uv": [ 11.0, 15.0, 11.5, 15.5 ], "glow": 150 },
												"west": { "texture": "#wood", "uv": [ 9.5, 14.5, 10.0, 15.0 ], "glow": 150 },
												"up": { "texture": "#wood", "uv": [ 10.5, 14.5, 11.0, 15.0 ], "glow": 150 }
											}
										},
										{
											"name": "seal-string1",
											"from": [ 0.4, -0.2, 2.0 ],
											"to": [ 0.8, 0.2, 10.0 ],
											"rotationOrigin": [ 0.6, 0.0, 2.0 ],
											"rotationY": -5.0,
											"rotationZ": -45.0,
											"faces": {
												"west": { "texture": "#schematic-glider", "uv": [ 15.5, 0.5, 16.0, 8.5 ], "rotation": 90 },
												"up": { "texture": "#schematic-glider", "uv": [ 15.0, 5.5, 15.5, 13.5 ] }
											},
											"children": [
												{
													"name": "seal-stringtie1",
													"from": [ -0.1, -0.1, 8.0 ],
													"to": [ 0.5, 0.5, 9.0 ],
													"rotationOrigin": [ 0.2, 0.1, 8.0 ],
													"faces": {
														"north": { "texture": "#schematic-glider", "uv": [ 15.0, 11.0, 15.5, 11.5 ] },
														"south": { "texture": "#schematic-glider", "uv": [ 15.0, 8.5, 15.5, 9.0 ] },
														"west": { "texture": "#schematic-glider", "uv": [ 15.0, 11.0, 16.0, 11.5 ] },
														"up": { "texture": "#schematic-glider", "uv": [ 15.0, 9.5, 15.5, 10.5 ] },
														"down": { "texture": "#schematic-glider", "uv": [ 15.0, 4.0, 15.5, 5.0 ] }
													}
												}
											]
										},
										{
											"name": "seal-string2",
											"from": [ 1.4, -0.2, 2.0 ],
											"to": [ 1.8, 0.2, 6.0 ],
											"rotationOrigin": [ 1.6, 0.0, 2.0 ],
											"rotationY": 5.0,
											"rotationZ": -45.0,
											"faces": {
												"west": { "texture": "#schematic-glider", "uv": [ 15.5, 0.5, 16.0, 4.5 ], "rotation": 90 },
												"up": { "texture": "#schematic-glider", "uv": [ 15.0, 5.5, 15.5, 9.5 ] }
											},
											"children": [
												{
													"name": "seal-stringtie2",
													"from": [ -0.1, -0.1, 4.0 ],
													"to": [ 0.5, 0.5, 5.0 ],
													"rotationOrigin": [ 0.2, 0.2, 4.0 ],
													"faces": {
														"north": { "texture": "#schematic-glider", "uv": [ 15.5, 10.0, 16.0, 10.5 ] },
														"south": { "texture": "#schematic-glider", "uv": [ 15.5, 8.0, 16.0, 8.5 ] },
														"west": { "texture": "#schematic-glider", "uv": [ 15.0, 9.0, 16.0, 9.5 ] },
														"up": { "texture": "#schematic-glider", "uv": [ 15.0, 10.5, 15.5, 11.5 ] }
													}
												}
											]
										}
									]
								}
							]
						},
						{
							"name": "scroll-smaller",
							"from": [ -2.0, 0.0, 0.0 ],
							"to": [ 0.0, 2.0, 14.0 ],
							"rotationOrigin": [ 0.0, 0.0, 7.0 ],
							"faces": {
								"north": { "texture": "#schematic-glider", "uv": [ 13.0, 14.0, 15.0, 16.0 ] },
								"east": { "texture": "#schematic-glider", "uv": [ 12.0, 0.0, 14.0, 14.0 ], "rotation": 270 },
								"south": { "texture": "#schematic-glider", "uv": [ 13.0, 14.0, 15.0, 16.0 ] },
								"west": { "texture": "#schematic-glider", "uv": [ 0.5, 0.0, 2.5, 14.0 ], "rotation": 90 },
								"up": { "texture": "#schematic-glider", "uv": [ 11.5, 0.0, 13.5, 14.0 ] },
								"down": { "texture": "#schematic-glider", "uv": [ 0.5, 0.0, 2.5, 14.0 ] }
							},
							"children": [
								{
									"name": "edge-smallerS1",
									"from": [ 0.0, 0.0, 14.0 ],
									"to": [ 1.5, 0.5, 14.5 ],
									"rotationOrigin": [ 0.0, 0.0, 14.0 ],
									"faces": {
										"south": { "texture": "#schematic-glider", "uv": [ 0.0, 6.0, 0.5, 7.5 ], "rotation": 90 },
										"west": { "texture": "#schematic-glider", "uv": [ 0.5, 2.5, 1.0, 3.0 ] },
										"up": { "texture": "#schematic-glider", "uv": [ 0.0, 2.0, 0.5, 3.5 ], "rotation": 90 },
										"down": { "texture": "#schematic-glider", "uv": [ 0.0, 4.0, 0.5, 5.5 ], "rotation": 90 }
									}
								},
								{
									"name": "edge-smallerS2",
									"from": [ 0.5, 1.5, 14.0 ],
									"to": [ 2.0, 2.0, 14.5 ],
									"rotationOrigin": [ 0.5, 1.5, 14.0 ],
									"faces": {
										"east": { "texture": "#schematic-glider", "uv": [ 0.0, 2.0, 0.5, 2.5 ] },
										"south": { "texture": "#schematic-glider", "uv": [ 0.0, 0.0, 0.5, 1.5 ], "rotation": 90 },
										"up": { "texture": "#schematic-glider", "uv": [ 0.0, 0.5, 0.5, 2.0 ], "rotation": 90 },
										"down": { "texture": "#schematic-glider", "uv": [ 0.0, 0.0, 1.5, 0.5 ] }
									}
								},
								{
									"name": "edge-smallerS3",
									"from": [ 0.0, 0.5, 14.0 ],
									"to": [ 0.5, 2.0, 14.5 ],
									"rotationOrigin": [ 0.0, 0.5, 14.0 ],
									"faces": {
										"east": { "texture": "#schematic-glider", "uv": [ 0.0, 0.0, 0.5, 1.5 ] },
										"south": { "texture": "#schematic-glider", "uv": [ 0.0, 4.0, 0.5, 5.5 ] },
										"west": { "texture": "#schematic-glider", "uv": [ 0.0, 5.5, 0.5, 7.0 ] },
										"up": { "texture": "#schematic-glider", "uv": [ 0.0, 4.5, 0.5, 5.0 ] }
									}
								},
								{
									"name": "edge-smallerS4",
									"from": [ 1.5, 0.0, 14.0 ],
									"to": [ 2.0, 1.5, 14.5 ],
									"rotationOrigin": [ 1.5, 0.0, 14.0 ],
									"faces": {
										"east": { "texture": "#schematic-glider", "uv": [ 0.0, 3.0, 0.5, 4.5 ] },
										"south": { "texture": "#schematic-glider", "uv": [ 0.0, 3.0, 0.5, 4.5 ] },
										"west": { "texture": "#schematic-glider", "uv": [ 0.0, 0.0, 0.5, 1.5 ] },
										"down": { "texture": "#schematic-glider", "uv": [ 0.5, 1.5, 1.0, 2.0 ] }
									}
								},
								{
									"name": "edge-smallerN1",
									"from": [ 0.0, 0.0, -0.5 ],
									"to": [ 1.5, 0.5, 0.0 ],
									"rotationOrigin": [ 0.0, 0.0, -0.5 ],
									"faces": {
										"north": { "texture": "#schematic-glider", "uv": [ 0.0, 4.0, 0.5, 5.5 ], "rotation": 90, "windMode": [-1,-1,-1,-1] },
										"west": { "texture": "#schematic-glider", "uv": [ 0.0, 0.0, 0.5, 0.5 ] },
										"up": { "texture": "#schematic-glider", "uv": [ 0.0, 3.0, 0.5, 4.5 ], "rotation": 90 },
										"down": { "texture": "#schematic-glider", "uv": [ 0.0, 0.0, 1.5, 0.5 ] }
									}
								},
								{
									"name": "edge-smallerN2",
									"from": [ 0.5, 1.5, -0.5 ],
									"to": [ 2.0, 2.0, 0.0 ],
									"rotationOrigin": [ 0.5, 1.5, -0.5 ],
									"faces": {
										"north": { "texture": "#schematic-glider", "uv": [ 0.0, 3.0, 0.5, 4.5 ], "rotation": 90 },
										"east": { "texture": "#schematic-glider", "uv": [ 0.0, 0.0, 0.5, 0.5 ], "windMode": [-1,-1,-1,-1] },
										"up": { "texture": "#schematic-glider", "uv": [ 0.0, 2.0, 0.5, 3.5 ], "rotation": 90 },
										"down": { "texture": "#schematic-glider", "uv": [ 0.0, 0.0, 1.5, 0.5 ] }
									}
								},
								{
									"name": "edge-smallerN3",
									"from": [ 0.0, 0.5, -0.5 ],
									"to": [ 0.5, 2.0, 0.0 ],
									"rotationOrigin": [ 0.0, 0.5, -0.5 ],
									"faces": {
										"north": { "texture": "#schematic-glider", "uv": [ 0.0, 0.0, 0.5, 1.5 ] },
										"east": { "texture": "#schematic-glider", "uv": [ 0.0, 0.0, 0.5, 1.5 ] },
										"west": { "texture": "#schematic-glider", "uv": [ 0.0, 3.0, 0.5, 4.5 ], "windMode": [-1,-1,-1,-1] },
										"up": { "texture": "#schematic-glider", "uv": [ 0.0, 0.0, 0.5, 0.5 ] }
									}
								},
								{
									"name": "edge-smallerN4",
									"from": [ 1.5, 0.0, -0.5 ],
									"to": [ 2.0, 1.5, 0.0 ],
									"rotationOrigin": [ 1.5, 0.0, -0.5 ],
									"faces": {
										"north": { "texture": "#schematic-glider", "uv": [ 0.0, 0.0, 0.5, 1.5 ] },
										"east": { "texture": "#schematic-glider", "uv": [ 0.0, 0.0, 0.5, 1.5 ] },
										"west": { "texture": "#schematic-glider", "uv": [ 0.0, 0.0, 0.5, 1.5 ] },
										"down": { "texture": "#schematic-glider", "uv": [ 0.0, 0.0, 0.5, 0.5 ] }
									}
								}
							]
						}
					]
				}
			]
		},
		{
			"name": "kailo",
			"from": [ 8.0, 0.7, 7.02 ],
			"to": [ 8.0, 0.7, 7.02 ],
			"rotationOrigin": [ 6.8, 0.4, 7.2 ],
			"rotationY": 70.5,
			"faces": {
				"north": { "texture": "#string", "uv": [ 0.0, 0.0, 0.5, 0.5 ] },
				"east": { "texture": "#string", "uv": [ 0.0, 0.0, 0.5, 0.5 ] },
				"south": { "texture": "#string", "uv": [ 0.0, 0.0, 0.5, 0.5 ] },
				"west": { "texture": "#string", "uv": [ 0.0, 0.0, 0.5, 0.5 ] },
				"up": { "texture": "#string", "uv": [ 0.0, 0.0, 0.5, 0.5 ] },
				"down": { "texture": "#string", "uv": [ 0.0, 0.0, 0.5, 0.5 ] }
			},
			"children": [
				{
					"name": "handle",
					"from": [ -4.8, -0.3, -0.3 ],
					"to": [ 4.5, 0.6, 0.6 ],
					"rotationOrigin": [ -5.7, -4.8, 0.0 ],
					"faces": {
						"north": { "texture": "#wood", "uv": [ 0.0, 5.5, 9.3, 6.4 ] },
						"east": { "texture": "#wood", "uv": [ 0.5, 0.5, 1.4, 1.4 ] },
						"south": { "texture": "#wood", "uv": [ 0.0, 10.5, 9.3, 11.4 ] },
						"up": { "texture": "#wood", "uv": [ 0.0, 4.5, 9.3, 5.4 ] },
						"down": { "texture": "#wood", "uv": [ 0.0, 5.0, 9.3, 5.9 ] }
					}
				},
				{
					"name": "string 1",
					"from": [ 3.24, -0.54, -0.6 ],
					"to": [ 3.54, 0.78, 1.2 ],
					"rotationOrigin": [ 3.24, -0.54, 0.3 ],
					"rotationY": 52.0,
					"rotationZ": -1.0,
					"faces": {
						"north": { "texture": "#string", "uv": [ 9.5, 0.0, 10.5, 0.5 ], "rotation": 90 },
						"east": { "texture": "#string", "uv": [ 2.0, 2.0, 3.8, 3.2 ] },
						"south": { "texture": "#string", "uv": [ 5.5, 2.0, 6.5, 2.5 ], "rotation": 90 },
						"west": { "texture": "#string", "uv": [ 1.0, 1.5, 2.8, 2.7 ] },
						"up": { "texture": "#string", "uv": [ 1.0, 0.0, 2.5, 0.5 ], "rotation": 90 },
						"down": { "texture": "#string", "uv": [ 7.5, 1.0, 9.0, 1.5 ], "rotation": 90 }
					}
				},
				{
					"name": "string 2",
					"from": [ 3.3, -0.54, -0.9 ],
					"to": [ 3.6, 0.78, 1.02 ],
					"rotationOrigin": [ 3.3, -0.54, 0.0 ],
					"rotationY": -52.0,
					"faces": {
						"north": { "texture": "#string", "uv": [ 1.0, 0.0, 2.0, 0.5 ], "rotation": 90 },
						"east": { "texture": "#string", "uv": [ 0.0, 0.0, 1.8, 1.2 ] },
						"south": { "texture": "#string", "uv": [ 0.0, 0.0, 0.3, 1.2 ] },
						"west": { "texture": "#string", "uv": [ 0.0, 0.0, 1.8, 1.2 ] },
						"up": { "texture": "#string", "uv": [ 3.5, 0.0, 5.0, 0.5 ], "rotation": 90 },
						"down": { "texture": "#string", "uv": [ 0.0, 0.0, 0.3, 1.8 ] }
					}
				},
				{
					"name": "string 3",
					"from": [ 2.4, -0.36, -0.42 ],
					"to": [ 2.7, 0.66, 0.78 ],
					"rotationOrigin": [ 2.4, -0.36, 0.48 ],
					"rotationY": 12.0,
					"faces": {
						"north": { "texture": "#string", "uv": [ 8.5, 0.5, 9.5, 1.0 ], "rotation": 90 },
						"east": { "texture": "#string", "uv": [ 0.0, 0.0, 1.2, 0.9 ] },
						"south": { "texture": "#string", "uv": [ 1.0, 0.5, 2.0, 1.0 ], "rotation": 90 },
						"west": { "texture": "#string", "uv": [ 2.0, 2.5, 3.2, 3.4 ] },
						"up": { "texture": "#string", "uv": [ 0.0, 0.0, 0.3, 1.2 ] },
						"down": { "texture": "#string", "uv": [ 0.0, 0.0, 0.3, 1.2 ] }
					}
				},
				{
					"name": "string 4",
					"from": [ 1.92, -0.36, -0.54 ],
					"to": [ 2.22, 0.66, 0.66 ],
					"rotationOrigin": [ 1.92, -0.36, 0.36 ],
					"rotationX": 2.0,
					"rotationY": -26.0,
					"faces": {
						"north": { "texture": "#string", "uv": [ 0.0, 0.5, 1.0, 1.0 ], "rotation": 90 },
						"east": { "texture": "#string", "uv": [ 0.0, 0.0, 1.2, 0.9 ] },
						"south": { "texture": "#string", "uv": [ 2.0, 0.5, 3.0, 1.0 ], "rotation": 90 },
						"west": { "texture": "#string", "uv": [ 0.0, 4.0, 1.2, 4.9 ] },
						"up": { "texture": "#string", "uv": [ 3.0, 0.5, 4.0, 1.0 ], "rotation": 90 },
						"down": { "texture": "#string", "uv": [ 6.5, 0.5, 7.5, 1.0 ], "rotation": 90 }
					}
				},
				{
					"name": "string 5",
					"from": [ 1.68, -0.36, -0.48 ],
					"to": [ 1.98, 0.66, 0.72 ],
					"rotationOrigin": [ 1.68, -0.36, 0.42 ],
					"rotationX": 1.0,
					"faces": {
						"north": { "texture": "#string", "uv": [ 1.0, 0.5, 2.0, 1.0 ], "rotation": 90 },
						"east": { "texture": "#string", "uv": [ 0.0, 2.0, 1.2, 2.9 ] },
						"south": { "texture": "#string", "uv": [ 0.0, 2.5, 1.0, 3.0 ], "rotation": 90 },
						"west": { "texture": "#string", "uv": [ 2.0, 2.5, 3.2, 3.4 ] },
						"up": { "texture": "#string", "uv": [ 4.5, 0.0, 5.5, 0.5 ], "rotation": 90 },
						"down": { "texture": "#string", "uv": [ 2.5, 2.0, 3.5, 2.5 ], "rotation": 90 }
					}
				},
				{
					"name": "segment main",
					"from": [ 2.7, -0.48, -0.6 ],
					"to": [ 3.9, 0.72, 0.9 ],
					"rotationOrigin": [ 2.7, -0.48, -0.6 ],
					"faces": {
						"north": { "texture": "#metal", "uv": [ 7.0, 3.0, 8.2, 4.2 ] },
						"east": { "texture": "#metal", "uv": [ 1.0, 2.0, 2.5, 3.2 ] },
						"south": { "texture": "#metal", "uv": [ 6.0, 4.0, 7.2, 5.2 ] },
						"west": { "texture": "#metal", "uv": [ 6.0, 2.0, 7.5, 3.2 ] },
						"up": { "texture": "#metal", "uv": [ 6.0, 7.5, 7.5, 8.5 ], "rotation": 90 },
						"down": { "texture": "#metal", "uv": [ 4.0, 3.0, 5.2, 4.5 ] }
					}
				},
				{
					"name": "segment 1",
					"from": [ 2.94, -0.18, -2.28 ],
					"to": [ 3.54, 0.42, 2.52 ],
					"rotationOrigin": [ 3.54, -0.18, -0.48 ],
					"faces": {
						"north": { "texture": "#metal", "uv": [ 1.0, 5.0, 1.6, 5.6 ] },
						"east": { "texture": "#metal", "uv": [ 2.0, 5.0, 6.8, 5.6 ] },
						"south": { "texture": "#metal", "uv": [ 2.0, 7.0, 2.6, 7.6 ] },
						"west": { "texture": "#metal", "uv": [ 2.0, 6.0, 6.8, 6.6 ] },
						"up": { "texture": "#metal", "uv": [ 7.0, 3.5, 7.6, 8.3 ] },
						"down": { "texture": "#metal", "uv": [ 3.0, 3.0, 3.6, 7.8 ] }
					},
					"children": [
						{
							"name": "segment 2",
							"from": [ 0.0, 0.18, -1.14 ],
							"to": [ 0.6, 0.48, 0.06 ],
							"rotationOrigin": [ 0.3, 0.48, 0.06 ],
							"rotationX": -1.0,
							"rotationY": 10.0,
							"faces": {
								"north": { "texture": "#metal", "uv": [ 0.0, 0.0, 0.6, 0.3 ] },
								"east": { "texture": "#metal", "uv": [ 0.0, 0.0, 1.2, 0.3 ] },
								"south": { "texture": "#metal", "uv": [ 0.0, 0.0, 0.6, 0.3 ] },
								"west": { "texture": "#metal", "uv": [ 0.0, 0.0, 1.2, 0.3 ] },
								"up": { "texture": "#metal", "uv": [ 0.0, 0.0, 0.6, 1.2 ] },
								"down": { "texture": "#metal", "uv": [ 0.0, 0.0, 0.6, 1.2 ] }
							}
						},
						{
							"name": "segment 2 tip",
							"from": [ -0.24, 0.12, -1.98 ],
							"to": [ 0.06, 0.42, -1.08 ],
							"rotationOrigin": [ 0.06, 0.42, -1.38 ],
							"rotationY": 30.0,
							"faces": {
								"north": { "texture": "#metal", "uv": [ 0.0, 0.0, 0.3, 0.3 ] },
								"east": { "texture": "#metal", "uv": [ 0.0, 0.0, 0.9, 0.3 ] },
								"south": { "texture": "#metal", "uv": [ 0.0, 0.0, 0.3, 0.3 ] },
								"west": { "texture": "#metal", "uv": [ 0.0, 0.0, 0.9, 0.3 ] },
								"up": { "texture": "#metal", "uv": [ 0.0, 0.0, 0.3, 0.9 ] },
								"down": { "texture": "#metal", "uv": [ 0.0, 0.0, 0.3, 0.9 ] }
							}
						},
						{
							"name": "segment 3",
							"from": [ 0.0, 0.18, 4.68 ],
							"to": [ 0.6, 0.48, 5.88 ],
							"rotationOrigin": [ 0.3, 0.48, 4.68 ],
							"rotationX": -1.0,
							"rotationY": -10.0,
							"faces": {
								"north": { "texture": "#metal", "uv": [ 0.0, 0.0, 0.6, 0.3 ] },
								"east": { "texture": "#metal", "uv": [ 0.0, 0.0, 1.2, 0.3 ] },
								"south": { "texture": "#metal", "uv": [ 0.0, 0.0, 0.6, 0.3 ] },
								"west": { "texture": "#metal", "uv": [ 0.0, 0.0, 1.2, 0.3 ] },
								"up": { "texture": "#metal", "uv": [ 0.0, 0.0, 0.6, 1.2 ] },
								"down": { "texture": "#metal", "uv": [ 0.0, 0.0, 0.6, 1.2 ] }
							}
						},
						{
							"name": "segment 3 tip",
							"from": [ -0.06, 0.18, 5.82 ],
							"to": [ 0.24, 0.48, 6.72 ],
							"rotationOrigin": [ 0.24, 0.48, 5.82 ],
							"rotationY": -30.0,
							"faces": {
								"north": { "texture": "#metal", "uv": [ 0.0, 0.0, 0.3, 0.3 ] },
								"east": { "texture": "#metal", "uv": [ 0.0, 0.0, 0.9, 0.3 ] },
								"south": { "texture": "#metal", "uv": [ 0.0, 0.0, 0.3, 0.3 ] },
								"west": { "texture": "#metal", "uv": [ 0.0, 0.0, 0.9, 0.3 ] },
								"up": { "texture": "#metal", "uv": [ 0.0, 0.0, 0.3, 0.9 ] },
								"down": { "texture": "#metal", "uv": [ 0.0, 0.0, 0.3, 0.9 ] }
							}
						}
					]
				},
				{
					"name": "segment 4",
					"from": [ 3.54, -0.18, -0.9 ],
					"to": [ 3.84, 0.42, 1.2 ],
					"rotationOrigin": [ 4.14, -0.18, 0.9 ],
					"faces": {
						"north": { "texture": "#metal", "uv": [ 1.0, 5.0, 1.3, 5.6 ] },
						"east": { "texture": "#metal", "uv": [ 2.0, 5.0, 4.1, 5.6 ] },
						"south": { "texture": "#metal", "uv": [ 2.0, 7.0, 2.3, 7.6 ] },
						"west": { "texture": "#metal", "uv": [ 2.0, 6.0, 4.1, 6.6 ] },
						"up": { "texture": "#metal", "uv": [ 1.0, 15.5, 3.0, 16.0 ], "rotation": 90 },
						"down": { "texture": "#metal", "uv": [ 3.0, 3.0, 3.3, 5.1 ] }
					}
				},
				{
					"name": "string 6",
					"from": [ 3.84, -0.36, -0.48 ],
					"to": [ 4.14, 0.66, 0.72 ],
					"rotationOrigin": [ 3.84, -0.36, 0.42 ],
					"rotationY": 6.0,
					"rotationZ": 2.0,
					"faces": {
						"north": { "texture": "#string", "uv": [ 7.5, 1.0, 8.5, 1.5 ], "rotation": 90 },
						"east": { "texture": "#string", "uv": [ 0.0, 2.0, 1.2, 2.9 ] },
						"south": { "texture": "#string", "uv": [ 6.0, 3.5, 7.0, 4.0 ], "rotation": 90 },
						"west": { "texture": "#string", "uv": [ 3.0, 2.5, 4.2, 3.4 ] },
						"up": { "texture": "#string", "uv": [ 6.5, 1.0, 7.5, 1.5 ], "rotation": 90 },
						"down": { "texture": "#string", "uv": [ 7.0, 2.0, 8.0, 2.5 ], "rotation": 90 }
					}
				},
				{
					"name": "handle16",
					"from": [ -6.6, -0.3, -0.3 ],
					"to": [ -4.8, 0.6, 0.6 ],
					"rotationOrigin": [ -7.5, -4.8, 0.0 ],
					"faces": {
						"north": { "texture": "#wood", "uv": [ 0.0, 5.5, 1.8, 6.4 ] },
						"south": { "texture": "#wood", "uv": [ 0.0, 10.5, 1.8, 11.4 ] },
						"west": { "texture": "#wood", "uv": [ 14.0, 10.0, 14.9, 10.9 ] },
						"up": { "texture": "#wood", "uv": [ 0.0, 4.5, 1.8, 5.4 ] },
						"down": { "texture": "#wood", "uv": [ 0.0, 5.0, 1.8, 5.9 ] }
					}
				}
			]
		},
		{
			"name": "molot",
			"from": [ 5.5, 0.42, 3.7 ],
			"to": [ 14.3, 1.22, 4.5 ],
			"rotationOrigin": [ 2.7, -5.6, 4.1 ],
			"rotationY": -48.6,
			"faces": {
				"north": { "texture": "#wood", "uv": [ 2.0, 3.0, 10.5, 3.5 ] },
				"east": { "texture": "#wood", "uv": [ 3.0, 0.0, 3.5, 0.5 ] },
				"south": { "texture": "#wood", "uv": [ 1.0, 5.5, 9.5, 6.0 ] },
				"west": { "texture": "#wood", "uv": [ 4.0, 0.0, 4.5, 0.5 ] },
				"up": { "texture": "#wood", "uv": [ 5.0, 2.0, 13.5, 2.5 ] },
				"down": { "texture": "#wood", "uv": [ 0.0, 5.0, 8.5, 5.5 ] }
			},
			"children": [
				{
					"name": "Cube1",
					"from": [ 6.8, -0.4, -1.2 ],
					"to": [ 8.4, 1.2, 2.0 ],
					"rotationOrigin": [ -2.8, -6.0, -6.0 ],
					"faces": {
						"north": { "texture": "#metal", "uv": [ 1.0, 5.0, 2.6, 6.6 ] },
						"east": { "texture": "#metal", "uv": [ 2.0, 1.0, 5.2, 2.6 ] },
						"south": { "texture": "#metal", "uv": [ 2.0, 3.0, 3.6, 4.6 ] },
						"west": { "texture": "#metal", "uv": [ 1.0, 5.0, 4.2, 6.6 ] },
						"up": { "texture": "#metal", "uv": [ 5.0, 2.0, 6.6, 5.2 ] },
						"down": { "texture": "#metal", "uv": [ 1.0, 3.0, 2.6, 6.2 ] }
					}
				}
			]
		},
		{
			"name": "temporal",
			"from": [ 4.75, -0.55, 13.65 ],
			"to": [ 5.05, 1.25, 14.01 ],
			"rotationOrigin": [ 5.2, 0.35, 13.8 ],
			"rotationX": -90.0,
			"rotationZ": -45.0,
			"faces": {
				"north": { "texture": "#temporal", "uv": [ 0.0, 0.0, 0.5, 1.5 ] },
				"east": { "texture": "#temporal", "uv": [ 0.0, 0.0, 0.5, 1.5 ] },
				"south": { "texture": "#temporal", "uv": [ 9.0, 9.0, 9.5, 10.5 ], "glow": 75 },
				"west": { "texture": "#temporal", "uv": [ 0.0, 0.0, 0.5, 1.5 ] },
				"up": { "texture": "#temporal", "uv": [ 7.0, 6.0, 7.5, 6.5 ] },
				"down": { "texture": "#temporal", "uv": [ 5.0, 5.0, 5.5, 5.5 ] }
			},
			"children": [
				{
					"name": "vertical",
					"from": [ 0.6, 0.0, 0.0 ],
					"to": [ 0.9, 1.8, 0.36 ],
					"faces": {
						"north": { "texture": "#temporal", "uv": [ 6.0, 5.0, 6.3, 6.8 ] },
						"east": { "texture": "#temporal", "uv": [ 5.0, 6.0, 5.3, 7.8 ] },
						"south": { "texture": "#temporal", "uv": [ 13.0, 10.0, 13.3, 11.8 ], "glow": 75 },
						"west": { "texture": "#temporal", "uv": [ 0.0, 0.0, 0.3, 1.8 ] },
						"up": { "texture": "#temporal", "uv": [ 3.0, 4.0, 3.3, 4.3 ] },
						"down": { "texture": "#temporal", "uv": [ 0.0, 0.0, 0.3, 0.3 ] }
					}
				},
				{
					"name": "horizontal 1",
					"from": [ -0.45, 1.05, -0.03 ],
					"to": [ 1.35, 1.35, 0.39 ],
					"faces": {
						"north": { "texture": "#temporal", "uv": [ 0.0, 1.0, 1.5, 1.5 ] },
						"east": { "texture": "#temporal", "uv": [ 4.0, 0.0, 4.5, 0.5 ] },
						"south": { "texture": "#temporal", "uv": [ 3.0, 7.0, 4.5, 7.5 ], "glow": 75 },
						"west": { "texture": "#temporal", "uv": [ 6.0, 7.0, 6.5, 7.5 ] },
						"up": { "texture": "#temporal", "uv": [ 0.0, 1.0, 1.5, 1.5 ] },
						"down": { "texture": "#temporal", "uv": [ 0.0, 0.0, 1.5, 0.5 ] }
					}
				},
				{
					"name": "horizontal 2",
					"from": [ -0.45, 0.45, -0.03 ],
					"to": [ 1.35, 0.75, 0.39 ],
					"faces": {
						"north": { "texture": "#temporal", "uv": [ 0.0, 0.0, 1.5, 0.5 ] },
						"east": { "texture": "#temporal", "uv": [ 2.0, 11.0, 2.5, 11.5 ] },
						"south": { "texture": "#temporal", "uv": [ 8.0, 6.0, 9.5, 6.5 ], "glow": 75 },
						"west": { "texture": "#temporal", "uv": [ 13.0, 12.0, 13.5, 12.5 ] },
						"up": { "texture": "#temporal", "uv": [ 0.0, 0.0, 1.5, 0.5 ] },
						"down": { "texture": "#temporal", "uv": [ 0.0, 0.0, 1.5, 0.5 ] }
					}
				},
				{
					"name": "secondary vertical 1",
					"from": [ -0.3, 0.15, 0.03 ],
					"to": [ 0.0, 1.65, 0.33 ],
					"faces": {
						"north": { "texture": "#temporal", "uv": [ 0.0, 0.0, 0.5, 1.5 ] },
						"east": { "texture": "#temporal", "uv": [ 0.0, 0.0, 0.5, 1.5 ] },
						"south": { "texture": "#temporal", "uv": [ 3.0, 3.0, 3.5, 4.5 ], "glow": 75 },
						"west": { "texture": "#temporal", "uv": [ 0.0, 0.0, 0.5, 1.5 ] },
						"up": { "texture": "#temporal", "uv": [ 11.0, 4.0, 11.5, 4.5 ] },
						"down": { "texture": "#temporal", "uv": [ 3.0, 9.0, 3.5, 9.5 ] }
					}
				},
				{
					"name": "secondary vertical 2",
					"from": [ 0.9, 0.15, 0.03 ],
					"to": [ 1.2, 1.65, 0.33 ],
					"faces": {
						"north": { "texture": "#temporal", "uv": [ 0.0, 0.0, 0.5, 1.5 ] },
						"east": { "texture": "#temporal", "uv": [ 0.0, 0.0, 0.5, 1.5 ] },
						"south": { "texture": "#temporal", "uv": [ 6.0, 1.0, 6.5, 2.5 ], "glow": 75 },
						"west": { "texture": "#temporal", "uv": [ 5.0, 6.0, 5.5, 7.5 ] },
						"up": { "texture": "#temporal", "uv": [ 5.0, 3.0, 5.5, 3.5 ] },
						"down": { "texture": "#temporal", "uv": [ 1.0, 10.0, 1.5, 10.5 ] }
					}
				},
				{
					"name": "cube up",
					"from": [ 0.3, 1.35, 0.03 ],
					"to": [ 0.6, 1.65, 0.33 ],
					"faces": {
						"north": { "texture": "#temporal", "uv": [ 5.0, 13.0, 5.5, 13.5 ] },
						"east": { "texture": "#temporal", "uv": [ 4.0, 6.0, 4.5, 6.5 ] },
						"south": { "texture": "#temporal", "uv": [ 8.0, 6.0, 8.5, 6.5 ], "glow": 75 },
						"west": { "texture": "#temporal", "uv": [ 4.0, 11.0, 4.5, 11.5 ] },
						"up": { "texture": "#temporal", "uv": [ 3.0, 4.0, 3.5, 4.5 ] },
						"down": { "texture": "#temporal", "uv": [ 0.0, 0.0, 0.5, 0.5 ] }
					}
				},
				{
					"name": "Cube16",
					"from": [ 0.3, 0.15, 0.03 ],
					"to": [ 0.6, 0.45, 0.33 ],
					"faces": {
						"north": { "texture": "#temporal", "uv": [ 0.0, 0.0, 0.5, 0.5 ] },
						"east": { "texture": "#temporal", "uv": [ 0.0, 0.0, 0.5, 0.5 ] },
						"south": { "texture": "#temporal", "uv": [ 13.0, 15.0, 13.5, 15.5 ], "glow": 75 },
						"west": { "texture": "#temporal", "uv": [ 0.0, 0.0, 0.5, 0.5 ] },
						"up": { "texture": "#temporal", "uv": [ 2.0, 3.0, 2.5, 3.5 ] },
						"down": { "texture": "#temporal", "uv": [ 2.0, 1.0, 2.5, 1.5 ] }
					}
				}
			]
		}
	]}