{
	"editor": {
		"collapsedPaths": "Root/kosa,Root/origin,Root/shema",
		"allAngles": false,
		"entityTextureMode": false
	},
	"textureWidth": 16,
	"textureHeight": 16,
	"textureSizes": {
		"normal": [16,16],
		"seed": [8,8],
		"amaranth": [8,8],
		"reedrope": [16,16]
	},
	"textures": {
		"normal": "game:block/cloth/basic/normal",
		"metal": "game:block/metal/ingot/copper",
		"handle": "game:item/tool/material/handle",
		"string": "game:item/tool/material/string",
		"map-blank": "game:item/utility/map-blank",
		"temporal": "game:item/resource/temporalgear",
		"schematic-glider": "game:item/utility/schematic-glider"
	},
	"elements": [
		{
			"name": "shema",
			"from": [ 8.0, 0.0, 8.0 ],
			"to": [ 8.0, 0.0, 8.0 ],
			"rotationOrigin": [ 8.0, 0.0, 8.0 ],
			"faces": {
			},
			"children": [
				{
					"name": "sheet",
					"from": [ -4.0, 0.0, -7.0 ],
					"to": [ 4.0, 0.5, 7.0 ],
					"faces": {
						"north": { "texture": "#schematic-glider", "uv": [ 0.0, 0.0, 0.5, 8.0 ], "rotation": 90 },
						"south": { "texture": "#schematic-glider", "uv": [ 0.0, 7.0, 0.5, 15.0 ], "rotation": 90 },
						"up": { "texture": "#schematic-glider", "uv": [ 3.0, 0.0, 11.0, 14.0 ] },
						"down": { "texture": "#map-blank", "uv": [ 3.0, 1.0, 11.0, 15.0 ] }
					},
					"children": [
						{
							"name": "scroll-bigger",
							"from": [ 8.0, 0.0, 0.0 ],
							"to": [ 11.0, 3.0, 14.0 ],
							"rotationOrigin": [ 8.0, 0.0, 7.0 ],
							"faces": {
								"north": { "texture": "#schematic-glider", "uv": [ 12.0, 13.5, 15.0, 16.5 ] },
								"east": { "texture": "#schematic-glider", "uv": [ 0.0, 0.0, 3.0, 14.0 ], "rotation": 90 },
								"south": { "texture": "#schematic-glider", "uv": [ 12.0, 13.5, 15.0, 16.5 ] },
								"west": { "texture": "#schematic-glider", "uv": [ 11.0, 0.0, 14.0, 14.0 ], "rotation": 90 },
								"up": { "texture": "#schematic-glider", "uv": [ 11.0, 0.0, 14.0, 14.0 ] },
								"down": { "texture": "#schematic-glider", "uv": [ 0.0, 0.0, 3.0, 14.0 ] }
							},
							"children": [
								{
									"name": "edge-biggerS1",
									"from": [ 0.0, 0.0, 14.0 ],
									"to": [ 2.5, 0.5, 14.5 ],
									"rotationOrigin": [ 0.0, 0.0, 14.0 ],
									"faces": {
										"south": { "texture": "#schematic-glider", "uv": [ 0.0, 5.0, 0.5, 7.5 ], "rotation": 90 },
										"west": { "texture": "#schematic-glider", "uv": [ 0.0, 0.0, 0.5, 0.5 ] },
										"up": { "texture": "#schematic-glider", "uv": [ 0.0, 0.0, 2.5, 0.5 ] },
										"down": { "texture": "#schematic-glider", "uv": [ 0.0, 0.0, 0.5, 2.5 ], "rotation": 90 }
									}
								},
								{
									"name": "edge-biggerS2",
									"from": [ 0.5, 2.5, 14.0 ],
									"to": [ 3.0, 3.0, 14.5 ],
									"rotationOrigin": [ 0.5, 2.5, 14.0 ],
									"faces": {
										"east": { "texture": "#schematic-glider", "uv": [ 0.0, 0.0, 0.5, 0.5 ] },
										"south": { "texture": "#schematic-glider", "uv": [ 0.0, 1.0, 0.5, 3.5 ], "rotation": 90 },
										"up": { "texture": "#schematic-glider", "uv": [ 0.0, 4.0, 0.5, 6.5 ], "rotation": 90 },
										"down": { "texture": "#schematic-glider", "uv": [ 0.0, 0.0, 2.5, 0.5 ] }
									}
								},
								{
									"name": "edge-biggerS3",
									"from": [ 0.0, 0.5, 14.0 ],
									"to": [ 0.5, 3.0, 14.5 ],
									"rotationOrigin": [ 0.0, 0.5, 14.0 ],
									"faces": {
										"east": { "texture": "#schematic-glider", "uv": [ 0.0, 0.0, 0.5, 2.5 ] },
										"south": { "texture": "#schematic-glider", "uv": [ 0.0, 0.0, 0.5, 2.5 ] },
										"west": { "texture": "#schematic-glider", "uv": [ 0.0, 0.0, 0.5, 2.5 ] },
										"up": { "texture": "#schematic-glider", "uv": [ 0.0, 0.0, 0.5, 0.5 ] }
									}
								},
								{
									"name": "edge-biggerS4",
									"from": [ 2.5, 0.0, 14.0 ],
									"to": [ 3.0, 2.5, 14.5 ],
									"rotationOrigin": [ 3.0, 0.5, 14.0 ],
									"faces": {
										"east": { "texture": "#schematic-glider", "uv": [ 0.0, 0.0, 0.5, 2.5 ] },
										"south": { "texture": "#schematic-glider", "uv": [ 0.0, 0.0, 0.5, 2.5 ] },
										"west": { "texture": "#schematic-glider", "uv": [ 0.0, 0.0, 0.5, 2.5 ] },
										"down": { "texture": "#schematic-glider", "uv": [ 0.0, 0.0, 0.5, 0.5 ] }
									}
								},
								{
									"name": "edge-biggerS5",
									"from": [ 1.0, 0.5, 14.0 ],
									"to": [ 1.5, 2.0, 14.5 ],
									"rotationOrigin": [ 1.0, 0.5, 14.0 ],
									"faces": {
										"east": { "texture": "#schematic-glider", "uv": [ 0.0, 0.0, 0.5, 1.5 ] },
										"south": { "texture": "#schematic-glider", "uv": [ 0.0, 0.0, 0.5, 1.5 ] },
										"west": { "texture": "#schematic-glider", "uv": [ 0.0, 0.0, 0.5, 1.5 ] },
										"up": { "texture": "#schematic-glider", "uv": [ 0.0, 0.0, 0.5, 0.5 ] }
									}
								},
								{
									"name": "edge-biggerS6",
									"from": [ 1.5, 1.5, 14.0 ],
									"to": [ 2.0, 2.0, 14.5 ],
									"rotationOrigin": [ 1.5, 1.5, 14.0 ],
									"faces": {
										"east": { "texture": "#schematic-glider", "uv": [ 0.0, 0.0, 0.5, 0.5 ] },
										"south": { "texture": "#schematic-glider", "uv": [ 0.0, 0.0, 0.5, 0.5 ] },
										"up": { "texture": "#schematic-glider", "uv": [ 0.0, 0.0, 0.5, 0.5 ] },
										"down": { "texture": "#schematic-glider", "uv": [ 0.0, 0.0, 0.5, 0.5 ] }
									}
								},
								{
									"name": "edge-biggerN1",
									"from": [ 0.0, 0.0, -0.5 ],
									"to": [ 2.5, 0.5, 0.0 ],
									"faces": {
										"north": { "texture": "#schematic-glider", "uv": [ 0.0, 5.0, 0.5, 7.5 ], "rotation": 90, "windMode": [-1,-1,-1,-1] },
										"west": { "texture": "#schematic-glider", "uv": [ 0.0, 0.0, 0.5, 0.5 ] },
										"up": { "texture": "#schematic-glider", "uv": [ 0.0, 4.0, 0.5, 6.5 ], "rotation": 90 },
										"down": { "texture": "#schematic-glider", "uv": [ 0.0, 5.0, 0.5, 7.5 ], "rotation": 90 }
									}
								},
								{
									"name": "edge-biggerN2",
									"from": [ 0.5, 2.5, -0.5 ],
									"to": [ 3.0, 3.0, 0.0 ],
									"rotationOrigin": [ 0.5, 2.5, 0.0 ],
									"faces": {
										"north": { "texture": "#schematic-glider", "uv": [ 0.0, 4.0, 0.5, 6.5 ], "rotation": 90 },
										"east": { "texture": "#schematic-glider", "uv": [ 0.0, 0.0, 0.5, 0.5 ], "windMode": [-1,-1,-1,-1] },
										"up": { "texture": "#schematic-glider", "uv": [ 0.0, 4.0, 0.5, 6.5 ], "rotation": 90 },
										"down": { "texture": "#schematic-glider", "uv": [ 0.0, 0.0, 2.5, 0.5 ] }
									}
								},
								{
									"name": "edge-biggerN3",
									"from": [ 2.5, 0.0, -0.5 ],
									"to": [ 3.0, 2.5, 0.0 ],
									"rotationOrigin": [ 3.0, 0.5, 0.0 ],
									"faces": {
										"north": { "texture": "#schematic-glider", "uv": [ 0.0, 0.0, 0.5, 2.5 ], "windMode": [-1,-1,-1,-1] },
										"east": { "texture": "#schematic-glider", "uv": [ 0.0, 0.0, 0.5, 2.5 ] },
										"west": { "texture": "#schematic-glider", "uv": [ 0.0, 0.0, 0.5, 2.5 ] },
										"down": { "texture": "#schematic-glider", "uv": [ 0.0, 0.0, 0.5, 0.5 ] }
									}
								},
								{
									"name": "edge-biggerN4",
									"from": [ 0.0, 0.5, -0.5 ],
									"to": [ 0.5, 3.0, 0.0 ],
									"rotationOrigin": [ 0.0, 1.0, 0.0 ],
									"faces": {
										"north": { "texture": "#schematic-glider", "uv": [ 0.0, 0.0, 0.5, 2.5 ] },
										"east": { "texture": "#schematic-glider", "uv": [ 0.0, 0.0, 0.5, 2.5 ] },
										"west": { "texture": "#schematic-glider", "uv": [ 0.0, 0.0, 0.5, 2.5 ] },
										"up": { "texture": "#schematic-glider", "uv": [ 0.0, 0.0, 0.5, 0.5 ], "windMode": [-1,-1,-1,-1] }
									}
								},
								{
									"name": "edge-biggerN5",
									"from": [ 1.0, 0.5, -0.5 ],
									"to": [ 1.5, 2.0, 0.0 ],
									"rotationOrigin": [ 1.0, 1.0, 0.0 ],
									"faces": {
										"north": { "texture": "#schematic-glider", "uv": [ 0.0, 0.0, 0.5, 1.5 ] },
										"east": { "texture": "#schematic-glider", "uv": [ 0.0, 0.0, 0.5, 1.5 ] },
										"west": { "texture": "#schematic-glider", "uv": [ 0.0, 0.0, 0.5, 1.5 ] },
										"up": { "texture": "#schematic-glider", "uv": [ 0.0, 0.0, 0.5, 0.5 ] }
									}
								},
								{
									"name": "edge-biggerN6",
									"from": [ 1.5, 1.5, -0.5 ],
									"to": [ 2.0, 2.0, 0.0 ],
									"rotationOrigin": [ 1.5, 1.5, 0.0 ],
									"faces": {
										"north": { "texture": "#schematic-glider", "uv": [ 0.0, 0.0, 0.5, 0.5 ] },
										"east": { "texture": "#schematic-glider", "uv": [ 0.0, 0.0, 0.5, 0.5 ] },
										"up": { "texture": "#schematic-glider", "uv": [ 0.0, 0.0, 0.5, 0.5 ] },
										"down": { "texture": "#schematic-glider", "uv": [ 0.0, 0.0, 0.5, 0.5 ] }
									}
								},
								{
									"name": "seal-main",
									"from": [ 0.4, 3.0, 0.7 ],
									"to": [ 2.4, 3.5, 2.7 ],
									"rotationOrigin": [ 1.4, 3.0, 1.7 ],
									"faces": {
										"north": { "texture": "#normal", "uv": [ 7.0, 14.5, 9.0, 15.0 ] },
										"east": { "texture": "#normal", "uv": [ 8.0, 15.0, 10.0, 15.5 ] },
										"south": { "texture": "#normal", "uv": [ 10.0, 15.0, 12.0, 15.5 ] },
										"west": { "texture": "#normal", "uv": [ 10.5, 14.5, 12.5, 15.0 ] },
										"up": { "texture": "#normal", "uv": [ 10.0, 10.0, 12.0, 12.0 ] }
									},
									"children": [
										{
											"name": "seal2",
											"from": [ 0.0, -0.1, 0.0 ],
											"to": [ 2.0, 0.4, 2.0 ],
											"rotationOrigin": [ 1.0, -0.1, 1.0 ],
											"rotationY": -45.0,
											"faces": {
												"north": { "texture": "#normal", "uv": [ 5.5, 15.0, 7.5, 15.5 ] },
												"east": { "texture": "#normal", "uv": [ 5.0, 14.0, 7.0, 14.5 ] },
												"south": { "texture": "#normal", "uv": [ 4.5, 14.5, 6.5, 15.0 ] },
												"west": { "texture": "#normal", "uv": [ 5.5, 14.5, 7.5, 15.0 ] },
												"up": { "texture": "#normal", "uv": [ 4.5, 14.0, 6.5, 16.0 ] }
											}
										},
										{
											"name": "seal-glow1",
											"from": [ 0.5, 0.5, 0.4 ],
											"to": [ 1.5, 0.6, 0.6 ],
											"rotationOrigin": [ 1.0, 0.5, 0.5 ],
											"faces": {
												"north": { "texture": "#metal", "uv": [ 4.0, 4.5, 5.0, 5.0 ], "glow": 150 },
												"east": { "texture": "#metal", "uv": [ 5.0, 5.0, 5.5, 5.5 ], "glow": 150 },
												"south": { "texture": "#metal", "uv": [ 5.5, 4.0, 6.5, 4.5 ], "glow": 150 },
												"west": { "texture": "#metal", "uv": [ 4.5, 4.0, 5.0, 4.5 ], "glow": 150 },
												"up": { "texture": "#metal", "uv": [ 4.0, 4.0, 5.0, 4.5 ], "glow": 150 }
											}
										},
										{
											"name": "seal-glow2",
											"from": [ 0.5, 0.5, 1.4 ],
											"to": [ 1.5, 0.6, 1.6 ],
											"rotationOrigin": [ 1.0, 0.5, 1.5 ],
											"faces": {
												"north": { "texture": "#metal", "uv": [ 4.0, 4.0, 5.0, 4.5 ], "glow": 150 },
												"east": { "texture": "#metal", "uv": [ 5.5, 4.5, 6.0, 5.0 ], "glow": 150 },
												"south": { "texture": "#metal", "uv": [ 4.0, 4.0, 5.0, 4.5 ], "glow": 150 },
												"west": { "texture": "#metal", "uv": [ 4.5, 4.0, 5.0, 4.5 ], "glow": 150 },
												"up": { "texture": "#metal", "uv": [ 5.0, 3.5, 6.0, 4.0 ], "glow": 150 }
											}
										},
										{
											"name": "seal-glow3",
											"from": [ 0.9, 0.5, 1.1 ],
											"to": [ 1.1, 0.6, 1.3 ],
											"rotationOrigin": [ 1.0, 0.5, 1.2 ],
											"faces": {
												"north": { "texture": "#metal", "uv": [ 3.5, 4.0, 4.0, 4.5 ], "glow": 150 },
												"east": { "texture": "#metal", "uv": [ 5.5, 4.5, 6.0, 5.0 ], "glow": 150 },
												"south": { "texture": "#metal", "uv": [ 5.0, 4.5, 5.5, 5.0 ], "glow": 150 },
												"west": { "texture": "#metal", "uv": [ 5.5, 4.0, 6.0, 4.5 ], "glow": 150 },
												"up": { "texture": "#metal", "uv": [ 5.5, 4.0, 6.0, 4.5 ], "glow": 150 }
											}
										},
										{
											"name": "seal-glow4",
											"from": [ 0.9, 0.5, 0.7 ],
											"to": [ 1.1, 0.6, 0.9 ],
											"rotationOrigin": [ 1.0, 0.5, 0.8 ],
											"faces": {
												"north": { "texture": "#metal", "uv": [ 4.0, 4.5, 4.5, 5.0 ], "glow": 150 },
												"east": { "texture": "#metal", "uv": [ 5.5, 5.0, 6.0, 5.5 ], "glow": 150 },
												"south": { "texture": "#metal", "uv": [ 4.5, 4.0, 5.0, 4.5 ], "glow": 150 },
												"west": { "texture": "#metal", "uv": [ 4.0, 4.5, 4.5, 5.0 ], "glow": 150 },
												"up": { "texture": "#metal", "uv": [ 4.5, 4.5, 5.0, 5.0 ], "glow": 150 }
											}
										},
										{
											"name": "seal-glow5",
											"from": [ 0.7, 0.5, 0.9 ],
											"to": [ 0.9, 0.6, 1.1 ],
											"rotationOrigin": [ 0.8, 0.5, 1.0 ],
											"faces": {
												"north": { "texture": "#metal", "uv": [ 4.0, 4.5, 4.5, 5.0 ], "glow": 150 },
												"east": { "texture": "#metal", "uv": [ 4.5, 5.0, 5.0, 5.5 ], "glow": 150 },
												"south": { "texture": "#metal", "uv": [ 4.0, 5.0, 4.5, 5.5 ], "glow": 150 },
												"west": { "texture": "#metal", "uv": [ 6.0, 4.0, 6.5, 4.5 ], "glow": 150 },
												"up": { "texture": "#metal", "uv": [ 5.5, 4.0, 6.0, 4.5 ], "glow": 150 }
											}
										},
										{
											"name": "seal-glow6",
											"from": [ 1.1, 0.5, 0.9 ],
											"to": [ 1.3, 0.6, 1.1 ],
											"rotationOrigin": [ 1.2, 0.5, 1.0 ],
											"faces": {
												"north": { "texture": "#metal", "uv": [ 4.0, 4.5, 4.5, 5.0 ], "glow": 150 },
												"east": { "texture": "#metal", "uv": [ 3.0, 4.5, 3.5, 5.0 ], "glow": 150 },
												"south": { "texture": "#metal", "uv": [ 4.5, 4.5, 5.0, 5.0 ], "glow": 150 },
												"west": { "texture": "#metal", "uv": [ 4.5, 4.0, 5.0, 4.5 ], "glow": 150 },
												"up": { "texture": "#metal", "uv": [ 4.0, 4.0, 4.5, 4.5 ], "glow": 150 }
											}
										},
										{
											"name": "seal-string1",
											"from": [ 0.4, -0.2, 2.0 ],
											"to": [ 0.8, 0.2, 10.0 ],
											"rotationOrigin": [ 0.6, 0.0, 2.0 ],
											"rotationY": -5.0,
											"rotationZ": -45.0,
											"faces": {
												"west": { "texture": "#schematic-glider", "uv": [ 15.5, 0.5, 16.0, 8.5 ], "rotation": 90 },
												"up": { "texture": "#schematic-glider", "uv": [ 15.0, 5.5, 15.5, 13.5 ] }
											},
											"children": [
												{
													"name": "seal-stringtie1",
													"from": [ -0.1, -0.1, 8.0 ],
													"to": [ 0.5, 0.5, 9.0 ],
													"rotationOrigin": [ 0.2, 0.1, 8.0 ],
													"faces": {
														"north": { "texture": "#schematic-glider", "uv": [ 15.0, 11.0, 15.5, 11.5 ] },
														"south": { "texture": "#schematic-glider", "uv": [ 15.0, 8.5, 15.5, 9.0 ] },
														"west": { "texture": "#schematic-glider", "uv": [ 15.0, 11.0, 16.0, 11.5 ] },
														"up": { "texture": "#schematic-glider", "uv": [ 15.0, 9.5, 15.5, 10.5 ] },
														"down": { "texture": "#schematic-glider", "uv": [ 15.0, 4.0, 15.5, 5.0 ] }
													}
												}
											]
										},
										{
											"name": "seal-string2",
											"from": [ 1.4, -0.2, 2.0 ],
											"to": [ 1.8, 0.2, 6.0 ],
											"rotationOrigin": [ 1.6, 0.0, 2.0 ],
											"rotationY": 5.0,
											"rotationZ": -45.0,
											"faces": {
												"west": { "texture": "#schematic-glider", "uv": [ 15.5, 0.5, 16.0, 4.5 ], "rotation": 90 },
												"up": { "texture": "#schematic-glider", "uv": [ 15.0, 5.5, 15.5, 9.5 ] }
											},
											"children": [
												{
													"name": "seal-stringtie2",
													"from": [ -0.1, -0.1, 4.0 ],
													"to": [ 0.5, 0.5, 5.0 ],
													"rotationOrigin": [ 0.2, 0.2, 4.0 ],
													"faces": {
														"north": { "texture": "#schematic-glider", "uv": [ 15.5, 10.0, 16.0, 10.5 ] },
														"south": { "texture": "#schematic-glider", "uv": [ 15.5, 8.0, 16.0, 8.5 ] },
														"west": { "texture": "#schematic-glider", "uv": [ 15.0, 9.0, 16.0, 9.5 ] },
														"up": { "texture": "#schematic-glider", "uv": [ 15.0, 10.5, 15.5, 11.5 ] }
													}
												}
											]
										}
									]
								}
							]
						},
						{
							"name": "scroll-smaller",
							"from": [ -2.0, 0.0, 0.0 ],
							"to": [ 0.0, 2.0, 14.0 ],
							"rotationOrigin": [ 0.0, 0.0, 7.0 ],
							"faces": {
								"north": { "texture": "#schematic-glider", "uv": [ 13.0, 14.0, 15.0, 16.0 ] },
								"east": { "texture": "#schematic-glider", "uv": [ 12.0, 0.0, 14.0, 14.0 ], "rotation": 270 },
								"south": { "texture": "#schematic-glider", "uv": [ 13.0, 14.0, 15.0, 16.0 ] },
								"west": { "texture": "#schematic-glider", "uv": [ 0.5, 0.0, 2.5, 14.0 ], "rotation": 90 },
								"up": { "texture": "#schematic-glider", "uv": [ 11.5, 0.0, 13.5, 14.0 ] },
								"down": { "texture": "#schematic-glider", "uv": [ 0.5, 0.0, 2.5, 14.0 ] }
							},
							"children": [
								{
									"name": "edge-smallerS1",
									"from": [ 0.0, 0.0, 14.0 ],
									"to": [ 1.5, 0.5, 14.5 ],
									"rotationOrigin": [ 0.0, 0.0, 14.0 ],
									"faces": {
										"south": { "texture": "#schematic-glider", "uv": [ 0.0, 6.0, 0.5, 7.5 ], "rotation": 90 },
										"west": { "texture": "#schematic-glider", "uv": [ 0.5, 2.5, 1.0, 3.0 ] },
										"up": { "texture": "#schematic-glider", "uv": [ 0.0, 2.0, 0.5, 3.5 ], "rotation": 90 },
										"down": { "texture": "#schematic-glider", "uv": [ 0.0, 4.0, 0.5, 5.5 ], "rotation": 90 }
									}
								},
								{
									"name": "edge-smallerS2",
									"from": [ 0.5, 1.5, 14.0 ],
									"to": [ 2.0, 2.0, 14.5 ],
									"rotationOrigin": [ 0.5, 1.5, 14.0 ],
									"faces": {
										"east": { "texture": "#schematic-glider", "uv": [ 0.0, 2.0, 0.5, 2.5 ] },
										"south": { "texture": "#schematic-glider", "uv": [ 0.0, 0.0, 0.5, 1.5 ], "rotation": 90 },
										"up": { "texture": "#schematic-glider", "uv": [ 0.0, 0.5, 0.5, 2.0 ], "rotation": 90 },
										"down": { "texture": "#schematic-glider", "uv": [ 0.0, 0.0, 1.5, 0.5 ] }
									}
								},
								{
									"name": "edge-smallerS3",
									"from": [ 0.0, 0.5, 14.0 ],
									"to": [ 0.5, 2.0, 14.5 ],
									"rotationOrigin": [ 0.0, 0.5, 14.0 ],
									"faces": {
										"east": { "texture": "#schematic-glider", "uv": [ 0.0, 0.0, 0.5, 1.5 ] },
										"south": { "texture": "#schematic-glider", "uv": [ 0.0, 4.0, 0.5, 5.5 ] },
										"west": { "texture": "#schematic-glider", "uv": [ 0.0, 5.5, 0.5, 7.0 ] },
										"up": { "texture": "#schematic-glider", "uv": [ 0.0, 4.5, 0.5, 5.0 ] }
									}
								},
								{
									"name": "edge-smallerS4",
									"from": [ 1.5, 0.0, 14.0 ],
									"to": [ 2.0, 1.5, 14.5 ],
									"rotationOrigin": [ 1.5, 0.0, 14.0 ],
									"faces": {
										"east": { "texture": "#schematic-glider", "uv": [ 0.0, 3.0, 0.5, 4.5 ] },
										"south": { "texture": "#schematic-glider", "uv": [ 0.0, 3.0, 0.5, 4.5 ] },
										"west": { "texture": "#schematic-glider", "uv": [ 0.0, 0.0, 0.5, 1.5 ] },
										"down": { "texture": "#schematic-glider", "uv": [ 0.5, 1.5, 1.0, 2.0 ] }
									}
								},
								{
									"name": "edge-smallerN1",
									"from": [ 0.0, 0.0, -0.5 ],
									"to": [ 1.5, 0.5, 0.0 ],
									"rotationOrigin": [ 0.0, 0.0, -0.5 ],
									"faces": {
										"north": { "texture": "#schematic-glider", "uv": [ 0.0, 4.0, 0.5, 5.5 ], "rotation": 90, "windMode": [-1,-1,-1,-1] },
										"west": { "texture": "#schematic-glider", "uv": [ 0.0, 0.0, 0.5, 0.5 ] },
										"up": { "texture": "#schematic-glider", "uv": [ 0.0, 3.0, 0.5, 4.5 ], "rotation": 90 },
										"down": { "texture": "#schematic-glider", "uv": [ 0.0, 0.0, 1.5, 0.5 ] }
									}
								},
								{
									"name": "edge-smallerN2",
									"from": [ 0.5, 1.5, -0.5 ],
									"to": [ 2.0, 2.0, 0.0 ],
									"rotationOrigin": [ 0.5, 1.5, -0.5 ],
									"faces": {
										"north": { "texture": "#schematic-glider", "uv": [ 0.0, 3.0, 0.5, 4.5 ], "rotation": 90 },
										"east": { "texture": "#schematic-glider", "uv": [ 0.0, 0.0, 0.5, 0.5 ], "windMode": [-1,-1,-1,-1] },
										"up": { "texture": "#schematic-glider", "uv": [ 0.0, 2.0, 0.5, 3.5 ], "rotation": 90 },
										"down": { "texture": "#schematic-glider", "uv": [ 0.0, 0.0, 1.5, 0.5 ] }
									}
								},
								{
									"name": "edge-smallerN3",
									"from": [ 0.0, 0.5, -0.5 ],
									"to": [ 0.5, 2.0, 0.0 ],
									"rotationOrigin": [ 0.0, 0.5, -0.5 ],
									"faces": {
										"north": { "texture": "#schematic-glider", "uv": [ 0.0, 0.0, 0.5, 1.5 ] },
										"east": { "texture": "#schematic-glider", "uv": [ 0.0, 0.0, 0.5, 1.5 ] },
										"west": { "texture": "#schematic-glider", "uv": [ 0.0, 3.0, 0.5, 4.5 ], "windMode": [-1,-1,-1,-1] },
										"up": { "texture": "#schematic-glider", "uv": [ 0.0, 0.0, 0.5, 0.5 ] }
									}
								},
								{
									"name": "edge-smallerN4",
									"from": [ 1.5, 0.0, -0.5 ],
									"to": [ 2.0, 1.5, 0.0 ],
									"rotationOrigin": [ 1.5, 0.0, -0.5 ],
									"faces": {
										"north": { "texture": "#schematic-glider", "uv": [ 0.0, 0.0, 0.5, 1.5 ] },
										"east": { "texture": "#schematic-glider", "uv": [ 0.0, 0.0, 0.5, 1.5 ] },
										"west": { "texture": "#schematic-glider", "uv": [ 0.0, 0.0, 0.5, 1.5 ] },
										"down": { "texture": "#schematic-glider", "uv": [ 0.0, 0.0, 0.5, 0.5 ] }
									}
								}
							]
						}
					]
				}
			]
		},
		{
			"name": "kosa",
			"from": [ 12.77, 0.57, 8.45 ],
			"to": [ 12.77, 0.57, 8.45 ],
			"rotationOrigin": [ 8.884, 0.41, 8.452 ],
			"rotationY": 67.5,
			"faces": {
				"north": { "texture": "#string", "uv": [ 0.0, 0.0, 0.5, 0.5 ] },
				"east": { "texture": "#string", "uv": [ 0.0, 0.0, 0.5, 0.5 ] },
				"south": { "texture": "#string", "uv": [ 0.0, 0.0, 0.5, 0.5 ] },
				"west": { "texture": "#string", "uv": [ 0.0, 0.0, 0.5, 0.5 ] },
				"up": { "texture": "#string", "uv": [ 0.0, 0.0, 0.5, 0.5 ] },
				"down": { "texture": "#string", "uv": [ 0.0, 0.0, 0.5, 0.5 ] }
			},
			"children": [
				{
					"name": "handle 1",
					"from": [ -2.592, -0.162, -0.162 ],
					"to": [ 2.592, 0.324, 0.324 ],
					"rotationOrigin": [ -3.078, -2.592, 0.0 ],
					"faces": {
						"north": { "texture": "#handle", "uv": [ 0.0, 5.5, 5.184, 5.986 ] },
						"east": { "texture": "#handle", "uv": [ 0.5, 0.5, 0.986, 0.986 ] },
						"south": { "texture": "#handle", "uv": [ 0.0, 10.5, 5.184, 10.986 ] },
						"west": { "texture": "#handle", "uv": [ 14.0, 10.0, 14.486, 10.486 ] },
						"up": { "texture": "#handle", "uv": [ 0.0, 4.5, 5.184, 4.986 ] },
						"down": { "texture": "#handle", "uv": [ 0.0, 5.0, 5.184, 5.486 ] }
					}
				},
				{
					"name": "string 1",
					"from": [ 1.9116, -0.2916, -0.4212 ],
					"to": [ 2.0736, 0.4212, 0.7128 ],
					"rotationOrigin": [ 1.9116, -0.2916, 0.0648 ],
					"rotationY": 51.0,
					"rotationZ": -1.0,
					"faces": {
						"north": { "texture": "#string", "uv": [ 9.5, 0.0, 10.0, 0.5 ], "rotation": 90 },
						"east": { "texture": "#string", "uv": [ 2.0, 2.0, 3.134, 2.648 ] },
						"south": { "texture": "#string", "uv": [ 5.5, 2.0, 6.0, 2.5 ], "rotation": 90 },
						"west": { "texture": "#string", "uv": [ 1.0, 1.5, 2.134, 2.148 ] },
						"up": { "texture": "#string", "uv": [ 1.0, 0.0, 2.0, 0.5 ], "rotation": 90 },
						"down": { "texture": "#string", "uv": [ 7.5, 1.0, 8.5, 1.5 ], "rotation": 90 }
					}
				},
				{
					"name": "string 2",
					"from": [ 1.9116, -0.2916, -0.5508 ],
					"to": [ 2.0736, 0.4212, 0.5832 ],
					"rotationOrigin": [ 1.9116, -0.2916, -0.0648 ],
					"rotationY": -52.0,
					"faces": {
						"north": { "texture": "#string", "uv": [ 1.0, 0.0, 1.5, 0.5 ], "rotation": 90 },
						"east": { "texture": "#string", "uv": [ 0.0, 0.0, 1.134, 0.648 ] },
						"south": { "texture": "#string", "uv": [ 0.0, 0.0, 0.162, 0.648 ] },
						"west": { "texture": "#string", "uv": [ 0.0, 0.0, 1.134, 0.648 ] },
						"up": { "texture": "#string", "uv": [ 3.5, 0.0, 4.5, 0.5 ], "rotation": 90 },
						"down": { "texture": "#string", "uv": [ 0.0, 0.0, 0.162, 1.134 ] }
					}
				},
				{
					"name": "string 3",
					"from": [ 1.296, -0.1944, -0.2268 ],
					"to": [ 1.458, 0.3564, 0.4212 ],
					"rotationOrigin": [ 1.296, -0.1944, 0.2592 ],
					"rotationY": 12.0,
					"faces": {
						"north": { "texture": "#string", "uv": [ 8.5, 0.5, 9.0, 1.0 ], "rotation": 90 },
						"east": { "texture": "#string", "uv": [ 0.0, 0.0, 0.648, 0.486 ] },
						"south": { "texture": "#string", "uv": [ 1.0, 0.5, 1.5, 1.0 ], "rotation": 90 },
						"west": { "texture": "#string", "uv": [ 2.0, 2.5, 2.648, 2.986 ] },
						"up": { "texture": "#string", "uv": [ 0.0, 0.0, 0.162, 0.648 ] },
						"down": { "texture": "#string", "uv": [ 0.0, 0.0, 0.162, 0.648 ] }
					}
				},
				{
					"name": "string 4",
					"from": [ 1.0368, -0.1944, -0.2916 ],
					"to": [ 1.1988, 0.3564, 0.3564 ],
					"rotationOrigin": [ 1.0368, -0.1944, 0.1944 ],
					"rotationX": 2.0,
					"rotationY": -26.0,
					"faces": {
						"north": { "texture": "#string", "uv": [ 0.0, 0.5, 0.5, 1.0 ], "rotation": 90 },
						"east": { "texture": "#string", "uv": [ 0.0, 0.0, 0.648, 0.486 ] },
						"south": { "texture": "#string", "uv": [ 2.0, 0.5, 2.5, 1.0 ], "rotation": 90 },
						"west": { "texture": "#string", "uv": [ 0.0, 4.0, 0.648, 4.486 ] },
						"up": { "texture": "#string", "uv": [ 3.0, 0.5, 3.5, 1.0 ], "rotation": 90 },
						"down": { "texture": "#string", "uv": [ 6.5, 0.5, 7.0, 1.0 ], "rotation": 90 }
					}
				},
				{
					"name": "string 5",
					"from": [ 0.9072, -0.1944, -0.2592 ],
					"to": [ 1.0692, 0.3564, 0.3888 ],
					"rotationOrigin": [ 0.9072, -0.1944, 0.2268 ],
					"rotationX": 1.0,
					"faces": {
						"north": { "texture": "#string", "uv": [ 1.0, 0.5, 1.5, 1.0 ], "rotation": 90 },
						"east": { "texture": "#string", "uv": [ 0.0, 2.0, 0.648, 2.486 ] },
						"south": { "texture": "#string", "uv": [ 0.0, 2.5, 0.5, 3.0 ], "rotation": 90 },
						"west": { "texture": "#string", "uv": [ 2.0, 2.5, 2.648, 2.986 ] },
						"up": { "texture": "#string", "uv": [ 4.5, 0.0, 5.0, 0.5 ], "rotation": 90 },
						"down": { "texture": "#string", "uv": [ 2.5, 2.0, 3.0, 2.5 ], "rotation": 90 }
					}
				},
				{
					"name": "holder",
					"from": [ 1.458, -0.2592, -0.2592 ],
					"to": [ 2.43, 0.3888, 0.3888 ],
					"rotationOrigin": [ 1.458, -0.2592, -0.2592 ],
					"faces": {
						"north": { "texture": "#metal", "uv": [ 7.0, 3.0, 7.972, 3.648 ] },
						"east": { "texture": "#metal", "uv": [ 1.0, 2.0, 1.648, 2.648 ] },
						"south": { "texture": "#metal", "uv": [ 6.0, 4.0, 6.972, 4.648 ] },
						"west": { "texture": "#metal", "uv": [ 6.0, 2.0, 6.648, 2.648 ] },
						"up": { "texture": "#metal", "uv": [ 6.0, 7.5, 6.5, 8.0 ], "rotation": 90 },
						"down": { "texture": "#metal", "uv": [ 4.0, 3.0, 4.972, 3.648 ] }
					},
					"children": [
						{
							"name": "connector",
							"from": [ 0.324, 0.2592, -0.2916 ],
							"to": [ 0.81, 0.324, 0.0324 ],
							"rotationOrigin": [ 0.5832, 0.2592, -0.1296 ],
							"faces": {
								"north": { "texture": "#metal", "uv": [ 1.0, 5.0, 1.486, 5.162 ] },
								"east": { "texture": "#metal", "uv": [ 2.0, 5.0, 2.324, 5.162 ] },
								"south": { "texture": "#metal", "uv": [ 2.0, 7.0, 2.486, 7.162 ] },
								"west": { "texture": "#metal", "uv": [ 2.0, 6.0, 2.324, 6.162 ] },
								"up": { "texture": "#metal", "uv": [ 2.0, 9.5, 2.5, 10.0 ], "rotation": 90 },
								"down": { "texture": "#metal", "uv": [ 3.0, 3.0, 3.486, 3.324 ] }
							},
							"children": [
								{
									"name": "segment 1",
									"from": [ -0.2268, -0.0648, -1.2636 ],
									"to": [ 0.7452, 0.0972, 0.0324 ],
									"rotationOrigin": [ 0.2592, -0.0648, 0.0324 ],
									"rotationY": 3.0,
									"faces": {
										"north": { "texture": "#metal", "uv": [ 1.0, 5.0, 1.972, 5.162 ] },
										"east": { "texture": "#metal", "uv": [ 2.0, 5.0, 3.296, 5.162 ] },
										"south": { "texture": "#metal", "uv": [ 2.0, 7.0, 2.972, 7.162 ] },
										"west": { "texture": "#metal", "uv": [ 2.0, 6.0, 3.296, 6.162 ] },
										"up": { "texture": "#metal", "uv": [ 7.0, 3.5, 7.972, 4.796 ] },
										"down": { "texture": "#metal", "uv": [ 3.0, 3.0, 3.972, 4.296 ] }
									},
									"children": [
										{
											"name": "segment 2",
											"from": [ 0.0972, 0.0, -1.2636 ],
											"to": [ 0.9072, 0.162, 0.0324 ],
											"rotationOrigin": [ 0.5184, 0.1944, 0.0324 ],
											"rotationY": 5.0,
											"faces": {
												"north": { "texture": "#metal", "uv": [ 0.0, 0.0, 0.81, 0.162 ] },
												"east": { "texture": "#metal", "uv": [ 0.0, 0.0, 1.296, 0.162 ] },
												"south": { "texture": "#metal", "uv": [ 0.0, 0.0, 0.81, 0.162 ] },
												"west": { "texture": "#metal", "uv": [ 0.0, 0.0, 1.296, 0.162 ] },
												"up": { "texture": "#metal", "uv": [ 7.5, 1.5, 8.5, 2.0 ], "rotation": 90 },
												"down": { "texture": "#metal", "uv": [ 0.0, 0.0, 0.81, 1.296 ] }
											},
											"children": [
												{
													"name": "segment 3",
													"from": [ 0.0648, 0.0, -1.0692 ],
													"to": [ 0.7128, 0.162, 0.0648 ],
													"rotationOrigin": [ 0.3888, 0.0, 0.0648 ],
													"rotationY": 8.0,
													"faces": {
														"north": { "texture": "#metal", "uv": [ 0.0, 0.0, 0.648, 0.162 ] },
														"east": { "texture": "#metal", "uv": [ 0.0, 0.0, 1.134, 0.162 ] },
														"south": { "texture": "#metal", "uv": [ 0.0, 0.0, 0.648, 0.162 ] },
														"west": { "texture": "#metal", "uv": [ 0.0, 0.0, 1.134, 0.162 ] },
														"up": { "texture": "#metal", "uv": [ 1.5, 7.0, 2.5, 7.5 ], "rotation": 90 },
														"down": { "texture": "#metal", "uv": [ 0.0, 0.0, 0.648, 1.134 ] }
													},
													"children": [
														{
															"name": "segment 4",
															"from": [ 0.0648, 0.0, -0.9396 ],
															"to": [ 0.5508, 0.162, 0.0324 ],
															"rotationOrigin": [ 0.324, 0.0, 0.0 ],
															"rotationY": 10.0,
															"faces": {
																"north": { "texture": "#metal", "uv": [ 0.0, 0.0, 0.486, 0.162 ] },
																"east": { "texture": "#metal", "uv": [ 0.0, 0.0, 0.972, 0.162 ] },
																"south": { "texture": "#metal", "uv": [ 0.0, 0.0, 0.486, 0.162 ] },
																"west": { "texture": "#metal", "uv": [ 0.0, 0.0, 0.972, 0.162 ] },
																"up": { "texture": "#metal", "uv": [ 6.0, 5.5, 6.5, 6.0 ], "rotation": 90 },
																"down": { "texture": "#metal", "uv": [ 0.0, 0.0, 0.486, 0.972 ] }
															},
															"children": [
																{
																	"name": "segment 5",
																	"from": [ 0.0648, 0.0648, -0.9396 ],
																	"to": [ 0.3888, 0.1296, 0.0324 ],
																	"rotationOrigin": [ 0.2268, 0.0648, 0.0 ],
																	"rotationY": 12.0,
																	"faces": {
																		"north": { "texture": "#metal", "uv": [ 0.0, 0.0, 0.324, 0.162 ] },
																		"east": { "texture": "#metal", "uv": [ 0.0, 0.0, 0.972, 0.162 ] },
																		"south": { "texture": "#metal", "uv": [ 0.0, 0.0, 0.324, 0.162 ] },
																		"west": { "texture": "#metal", "uv": [ 0.0, 0.0, 0.972, 0.162 ] },
																		"up": { "texture": "#metal", "uv": [ 4.0, 10.0, 4.5, 10.5 ], "rotation": 90 },
																		"down": { "texture": "#metal", "uv": [ 0.0, 0.0, 0.324, 0.972 ] }
																	}
																}
															]
														}
													]
												}
											]
										},
										{
											"name": "spike 1",
											"from": [ -0.486, 0.0648, 0.972 ],
											"to": [ 0.0, 0.1296, 1.134 ],
											"rotationOrigin": [ 0.0, 0.0648, 0.972 ],
											"rotationY": 8.0,
											"faces": {
												"north": { "texture": "#metal", "uv": [ 0.0, 0.0, 0.486, 0.162 ] },
												"east": { "texture": "#metal", "uv": [ 0.0, 0.0, 0.162, 0.162 ] },
												"south": { "texture": "#metal", "uv": [ 0.0, 0.0, 0.486, 0.162 ] },
												"west": { "texture": "#metal", "uv": [ 0.0, 0.0, 0.162, 0.162 ] },
												"up": { "texture": "#metal", "uv": [ 10.0, 3.0, 10.486, 3.162 ] },
												"down": { "texture": "#metal", "uv": [ 10.0, 3.0, 10.486, 3.162 ] }
											}
										},
										{
											"name": "spike 2",
											"from": [ -0.324, 0.0648, 0.648 ],
											"to": [ 0.0, 0.1296, 0.81 ],
											"rotationOrigin": [ 0.0, 0.0648, 0.648 ],
											"faces": {
												"north": { "texture": "#metal", "uv": [ 0.0, 0.0, 0.324, 0.162 ] },
												"east": { "texture": "#metal", "uv": [ 0.0, 0.0, 0.162, 0.162 ] },
												"south": { "texture": "#metal", "uv": [ 0.0, 0.0, 0.324, 0.162 ] },
												"west": { "texture": "#metal", "uv": [ 0.0, 0.0, 0.162, 0.162 ] },
												"up": { "texture": "#metal", "uv": [ 8.0, 6.0, 8.324, 6.162 ] },
												"down": { "texture": "#metal", "uv": [ 6.5, 5.0, 6.824, 5.162 ] }
											}
										},
										{
											"name": "Cube31",
											"from": [ 0.972, 0.0648, 0.324 ],
											"to": [ 1.134, 0.1296, 1.458 ],
											"rotationOrigin": [ 0.972, 0.0648, 0.324 ],
											"faces": {
												"north": { "texture": "#metal", "uv": [ 0.0, 0.0, 0.162, 0.162 ] },
												"east": { "texture": "#metal", "uv": [ 0.0, 0.0, 1.134, 0.162 ] },
												"south": { "texture": "#metal", "uv": [ 0.0, 0.0, 0.162, 0.162 ] },
												"west": { "texture": "#metal", "uv": [ 0.0, 0.0, 1.134, 0.162 ] },
												"up": { "texture": "#metal", "uv": [ 0.0, 0.0, 0.162, 1.134 ] },
												"down": { "texture": "#metal", "uv": [ 0.0, 0.0, 0.162, 1.134 ] }
											}
										}
									]
								}
							]
						}
					]
				},
				{
					"name": "string 6",
					"from": [ -5.994, -0.1944, -0.3888 ],
					"to": [ -5.67, 0.3564, 0.4212 ],
					"rotationOrigin": [ -5.994, -0.1944, 0.0972 ],
					"rotationY": -34.0,
					"rotationZ": 2.0,
					"faces": {
						"north": { "texture": "#string", "uv": [ 7.5, 1.0, 8.0, 1.5 ], "rotation": 90 },
						"east": { "texture": "#string", "uv": [ 0.0, 2.0, 0.81, 2.486 ] },
						"south": { "texture": "#string", "uv": [ 6.0, 3.5, 6.5, 4.0 ], "rotation": 90 },
						"west": { "texture": "#string", "uv": [ 3.0, 2.5, 3.81, 2.986 ] },
						"up": { "texture": "#string", "uv": [ 8.0, 1.5, 8.5, 2.0 ], "rotation": 90 },
						"down": { "texture": "#string", "uv": [ 7.0, 2.0, 7.5, 2.5 ], "rotation": 90 }
					}
				},
				{
					"name": "handle 2",
					"from": [ -7.776, -0.162, -0.162 ],
					"to": [ -2.592, 0.324, 0.324 ],
					"rotationOrigin": [ -8.262, -2.592, 0.0 ],
					"faces": {
						"north": { "texture": "#handle", "uv": [ 0.0, 5.5, 5.184, 5.986 ] },
						"east": { "texture": "#handle", "uv": [ 0.5, 0.5, 0.986, 0.986 ] },
						"south": { "texture": "#handle", "uv": [ 0.0, 10.5, 5.184, 10.986 ] },
						"west": { "texture": "#handle", "uv": [ 14.0, 10.0, 14.486, 10.486 ] },
						"up": { "texture": "#handle", "uv": [ 0.0, 4.5, 5.184, 4.986 ] },
						"down": { "texture": "#handle", "uv": [ 0.0, 5.0, 5.184, 5.486 ] }
					},
					"children": [
						{
							"name": "Cube21",
							"from": [ 1.9116, 0.0, -1.62 ],
							"to": [ 2.2356, 0.486, 0.972 ],
							"rotationOrigin": [ 1.9116, 0.0, 0.972 ],
							"rotationY": 10.0,
							"faces": {
								"north": { "texture": "#handle", "uv": [ 0.0, 0.0, 0.324, 0.486 ] },
								"east": { "texture": "#handle", "uv": [ 1.0, 5.5, 3.592, 5.986 ] },
								"south": { "texture": "#handle", "uv": [ 0.0, 0.0, 0.324, 0.486 ] },
								"west": { "texture": "#handle", "uv": [ 5.0, 4.5, 7.592, 4.986 ] },
								"up": { "texture": "#handle", "uv": [ 0.0, 6.0, 2.5, 6.5 ], "rotation": 90 },
								"down": { "texture": "#handle", "uv": [ 6.0, 11.0, 8.5, 11.5 ], "rotation": 90 }
							}
						},
						{
							"name": "Cube25",
							"from": [ 2.592, 0.0972, -0.324 ],
							"to": [ 2.916, 0.4212, 0.648 ],
							"rotationOrigin": [ 2.592, 0.0972, 0.648 ],
							"faces": {
								"north": { "texture": "#handle", "uv": [ 0.0, 0.0, 0.324, 0.324 ] },
								"east": { "texture": "#handle", "uv": [ 4.5, 0.0, 5.472, 0.324 ] },
								"south": { "texture": "#handle", "uv": [ 0.0, 0.0, 0.324, 0.324 ] },
								"west": { "texture": "#handle", "uv": [ 6.5, 0.5, 7.472, 0.824 ] },
								"up": { "texture": "#handle", "uv": [ 6.5, 0.0, 7.0, 0.5 ], "rotation": 90 },
								"down": { "texture": "#handle", "uv": [ 5.5, 2.5, 6.0, 3.0 ], "rotation": 90 }
							}
						}
					]
				},
				{
					"name": "handle 3",
					"from": [ -10.368, -0.162, -0.162 ],
					"to": [ -7.776, 0.324, 0.324 ],
					"rotationOrigin": [ -10.854, -2.592, 0.0 ],
					"faces": {
						"north": { "texture": "#handle", "uv": [ 0.0, 5.5, 2.592, 5.986 ] },
						"east": { "texture": "#handle", "uv": [ 0.5, 0.5, 0.986, 0.986 ] },
						"south": { "texture": "#handle", "uv": [ 0.0, 10.5, 2.592, 10.986 ] },
						"west": { "texture": "#handle", "uv": [ 14.0, 10.0, 14.486, 10.486 ] },
						"up": { "texture": "#handle", "uv": [ 0.0, 4.5, 2.592, 4.986 ] },
						"down": { "texture": "#handle", "uv": [ 0.0, 5.0, 2.592, 5.486 ] }
					},
					"children": [
						{
							"name": "Cube1",
							"from": [ 0.648, 0.0, -1.134 ],
							"to": [ 0.972, 0.486, 0.81 ],
							"rotationOrigin": [ 0.648, 0.0, 0.81 ],
							"faces": {
								"north": { "texture": "#handle", "uv": [ 0.0, 0.0, 0.324, 0.486 ] },
								"east": { "texture": "#handle", "uv": [ 4.0, 1.5, 5.944, 1.986 ] },
								"south": { "texture": "#handle", "uv": [ 0.0, 0.0, 0.324, 0.486 ] },
								"west": { "texture": "#handle", "uv": [ 10.0, 2.5, 11.944, 2.986 ] },
								"up": { "texture": "#handle", "uv": [ 5.0, 0.5, 6.5, 1.0 ], "rotation": 90 },
								"down": { "texture": "#handle", "uv": [ 3.5, 0.5, 5.0, 1.0 ], "rotation": 90 }
							}
						}
					]
				},
				{
					"name": "string 22",
					"from": [ -5.6052, -0.1944, -0.3888 ],
					"to": [ -5.4432, 0.3564, 0.4212 ],
					"rotationOrigin": [ -5.6052, -0.1944, 0.4212 ],
					"rotationX": 3.0,
					"rotationY": 43.0,
					"rotationZ": 1.0,
					"faces": {
						"north": { "texture": "#string", "uv": [ 7.5, 1.0, 8.0, 1.5 ], "rotation": 90 },
						"east": { "texture": "#string", "uv": [ 0.0, 2.0, 0.81, 2.486 ] },
						"south": { "texture": "#string", "uv": [ 0.0, 2.5, 0.5, 3.0 ], "rotation": 90 },
						"west": { "texture": "#string", "uv": [ 2.0, 2.5, 2.81, 2.986 ] },
						"up": { "texture": "#string", "uv": [ 8.5, 4.0, 9.0, 4.5 ], "rotation": 90 },
						"down": { "texture": "#string", "uv": [ 2.5, 2.0, 3.0, 2.5 ], "rotation": 90 }
					}
				},
				{
					"name": "string 23",
					"from": [ -6.2856, -0.1944, -0.2268 ],
					"to": [ -6.1236, 0.3564, 0.4212 ],
					"rotationOrigin": [ -6.2856, -0.1944, 0.2592 ],
					"rotationY": -6.0,
					"faces": {
						"north": { "texture": "#string", "uv": [ 0.0, 0.5, 0.5, 1.0 ], "rotation": 90 },
						"east": { "texture": "#string", "uv": [ 0.0, 0.0, 0.648, 0.486 ] },
						"south": { "texture": "#string", "uv": [ 2.0, 0.5, 2.5, 1.0 ], "rotation": 90 },
						"west": { "texture": "#string", "uv": [ 0.0, 4.0, 0.648, 4.486 ] },
						"up": { "texture": "#string", "uv": [ 3.0, 0.5, 3.5, 1.0 ], "rotation": 90 },
						"down": { "texture": "#string", "uv": [ 6.5, 0.5, 7.0, 1.0 ], "rotation": 90 }
					}
				},
				{
					"name": "string 24",
					"from": [ -6.5124, -0.1944, -0.2916 ],
					"to": [ -6.3504, 0.3888, 0.3564 ],
					"rotationOrigin": [ -6.5124, -0.1944, 0.1944 ],
					"rotationX": 1.0,
					"rotationY": -21.1,
					"rotationZ": -2.0,
					"faces": {
						"north": { "texture": "#string", "uv": [ 4.0, 0.0, 4.5, 0.5 ], "rotation": 90 },
						"east": { "texture": "#string", "uv": [ 0.0, 2.0, 0.648, 2.486 ] },
						"south": { "texture": "#string", "uv": [ 0.0, 2.5, 0.5, 3.0 ], "rotation": 90 },
						"west": { "texture": "#string", "uv": [ 2.0, 2.5, 2.648, 2.986 ] },
						"up": { "texture": "#string", "uv": [ 6.5, 0.0, 7.0, 0.5 ], "rotation": 90 },
						"down": { "texture": "#string", "uv": [ 2.5, 2.0, 3.0, 2.5 ], "rotation": 90 }
					}
				},
				{
					"name": "string 26",
					"from": [ -9.3312, -0.1944, -0.3888 ],
					"to": [ -9.1692, 0.3564, 0.4212 ],
					"rotationOrigin": [ -9.3312, -0.1944, 0.4212 ],
					"rotationX": 3.0,
					"rotationY": 43.0,
					"rotationZ": 1.0,
					"faces": {
						"north": { "texture": "#string", "uv": [ 7.5, 1.0, 8.0, 1.5 ], "rotation": 90 },
						"east": { "texture": "#string", "uv": [ 0.0, 2.0, 0.81, 2.486 ] },
						"south": { "texture": "#string", "uv": [ 0.0, 2.5, 0.5, 3.0 ], "rotation": 90 },
						"west": { "texture": "#string", "uv": [ 2.0, 2.5, 2.81, 2.986 ] },
						"up": { "texture": "#string", "uv": [ 8.5, 4.0, 9.0, 4.5 ], "rotation": 90 },
						"down": { "texture": "#string", "uv": [ 2.5, 2.0, 3.0, 2.5 ], "rotation": 90 }
					}
				},
				{
					"name": "string 27",
					"from": [ -9.7524, -0.1944, -0.3888 ],
					"to": [ -9.4284, 0.3564, 0.4212 ],
					"rotationOrigin": [ -9.7524, -0.1944, 0.0972 ],
					"rotationY": -34.0,
					"rotationZ": 2.0,
					"faces": {
						"north": { "texture": "#string", "uv": [ 7.5, 1.0, 8.0, 1.5 ], "rotation": 90 },
						"east": { "texture": "#string", "uv": [ 0.0, 2.0, 0.81, 2.486 ] },
						"south": { "texture": "#string", "uv": [ 6.0, 3.5, 6.5, 4.0 ], "rotation": 90 },
						"west": { "texture": "#string", "uv": [ 3.0, 2.5, 3.81, 2.986 ] },
						"up": { "texture": "#string", "uv": [ 3.5, 3.0, 4.0, 3.5 ], "rotation": 90 },
						"down": { "texture": "#string", "uv": [ 7.0, 2.0, 7.5, 2.5 ], "rotation": 90 }
					}
				},
				{
					"name": "string 28",
					"from": [ -9.3312, -0.1944, -0.2268 ],
					"to": [ -9.1692, 0.3564, 0.4212 ],
					"rotationOrigin": [ -9.3312, -0.1944, 0.2592 ],
					"rotationY": -6.0,
					"faces": {
						"north": { "texture": "#string", "uv": [ 0.0, 0.5, 0.5, 1.0 ], "rotation": 90 },
						"east": { "texture": "#string", "uv": [ 0.0, 0.0, 0.648, 0.486 ] },
						"south": { "texture": "#string", "uv": [ 2.0, 0.5, 2.5, 1.0 ], "rotation": 90 },
						"west": { "texture": "#string", "uv": [ 0.0, 4.0, 0.648, 4.486 ] },
						"up": { "texture": "#string", "uv": [ 3.0, 0.5, 3.5, 1.0 ], "rotation": 90 },
						"down": { "texture": "#string", "uv": [ 6.5, 0.5, 7.0, 1.0 ], "rotation": 90 }
					}
				},
				{
					"name": "string 29",
					"from": [ -10.0764, -0.1944, -0.2916 ],
					"to": [ -9.9144, 0.3888, 0.3564 ],
					"rotationOrigin": [ -10.0764, -0.1944, 0.1944 ],
					"rotationX": 1.0,
					"rotationY": -21.1,
					"rotationZ": -2.0,
					"faces": {
						"north": { "texture": "#string", "uv": [ 4.0, 0.0, 4.5, 0.5 ], "rotation": 90 },
						"east": { "texture": "#string", "uv": [ 0.0, 2.0, 0.648, 2.486 ] },
						"south": { "texture": "#string", "uv": [ 0.0, 2.5, 0.5, 3.0 ], "rotation": 90 },
						"west": { "texture": "#string", "uv": [ 2.0, 2.5, 2.648, 2.986 ] },
						"up": { "texture": "#string", "uv": [ 6.5, 0.0, 7.0, 0.5 ], "rotation": 90 },
						"down": { "texture": "#string", "uv": [ 2.5, 2.0, 3.0, 2.5 ], "rotation": 90 }
					}
				},
				{
					"name": "string 30",
					"from": [ -9.1044, -0.1944, -0.2916 ],
					"to": [ -8.9424, 0.3888, 0.3564 ],
					"rotationOrigin": [ -9.1044, -0.1944, 0.1944 ],
					"rotationX": 1.0,
					"rotationY": -21.1,
					"rotationZ": -2.0,
					"faces": {
						"north": { "texture": "#string", "uv": [ 4.0, 0.0, 4.5, 0.5 ], "rotation": 90 },
						"east": { "texture": "#string", "uv": [ 0.0, 2.0, 0.648, 2.486 ] },
						"south": { "texture": "#string", "uv": [ 0.0, 2.5, 0.5, 3.0 ], "rotation": 90 },
						"west": { "texture": "#string", "uv": [ 2.0, 2.5, 2.648, 2.986 ] },
						"up": { "texture": "#string", "uv": [ 6.5, 0.0, 7.0, 0.5 ], "rotation": 90 },
						"down": { "texture": "#string", "uv": [ 2.5, 2.0, 3.0, 2.5 ], "rotation": 90 }
					}
				}
			]
		},
		{
			"name": "nogici",
			"from": [ 10.4, 0.6, 4.6 ],
			"to": [ 10.4, 0.6, 4.6 ],
			"rotationOrigin": [ 5.6, 0.4, 4.6 ],
			"rotationY": -67.5,
			"faces": {
				"north": { "texture": "#string", "uv": [ 0.0, 0.0, 0.5, 0.5 ] },
				"east": { "texture": "#string", "uv": [ 0.0, 0.0, 0.5, 0.5 ] },
				"south": { "texture": "#string", "uv": [ 0.0, 0.0, 0.5, 0.5 ] },
				"west": { "texture": "#string", "uv": [ 0.0, 0.0, 0.5, 0.5 ] },
				"up": { "texture": "#string", "uv": [ 0.0, 0.0, 0.5, 0.5 ] },
				"down": { "texture": "#string", "uv": [ 0.0, 0.0, 0.5, 0.5 ] }
			},
			"children": [
				{
					"name": "handleNW",
					"from": [ -4.8, -0.2, -0.6 ],
					"to": [ -4.0, 0.2, -0.4 ],
					"rotationOrigin": [ -4.8, -0.2, -0.4 ],
					"faces": {
						"north": { "texture": "#metal", "uv": [ 0.0, 5.0, 0.8, 5.4 ] },
						"east": { "texture": "#metal", "uv": [ 2.0, 5.0, 2.2, 5.4 ] },
						"south": { "texture": "#metal", "uv": [ 0.0, 8.0, 0.8, 8.4 ] },
						"west": { "texture": "#metal", "uv": [ 2.0, 6.0, 2.2, 6.4 ] },
						"up": { "texture": "#metal", "uv": [ 8.0, 2.0, 8.8, 2.2 ] },
						"down": { "texture": "#metal", "uv": [ 0.0, 3.0, 0.8, 3.2 ] }
					}
				},
				{
					"name": "handleW",
					"from": [ -4.8, -0.2, -0.4 ],
					"to": [ -4.6, 0.2, 0.4 ],
					"rotationOrigin": [ -4.8, -0.2, 0.0 ],
					"faces": {
						"north": { "texture": "#metal", "uv": [ 0.0, 5.0, 0.2, 5.4 ] },
						"east": { "texture": "#metal", "uv": [ 2.0, 5.0, 2.8, 5.4 ] },
						"south": { "texture": "#metal", "uv": [ 0.0, 8.0, 0.2, 8.4 ] },
						"west": { "texture": "#metal", "uv": [ 2.0, 6.0, 2.8, 6.4 ] },
						"up": { "texture": "#metal", "uv": [ 8.0, 2.0, 8.2, 2.8 ] },
						"down": { "texture": "#metal", "uv": [ 0.0, 3.0, 0.2, 3.8 ] }
					}
				},
				{
					"name": "handleN",
					"from": [ -4.0, -0.12, -0.6 ],
					"to": [ -1.2, 0.12, -0.4 ],
					"rotationOrigin": [ -4.0, -0.12, -0.4 ],
					"rotationY": 5.0,
					"faces": {
						"north": { "texture": "#metal", "uv": [ 0.0, 5.0, 2.8, 5.2 ] },
						"east": { "texture": "#metal", "uv": [ 2.0, 5.0, 2.2, 5.2 ] },
						"south": { "texture": "#metal", "uv": [ 0.0, 8.0, 2.8, 8.2 ] },
						"west": { "texture": "#metal", "uv": [ 2.0, 6.0, 2.2, 6.2 ] },
						"up": { "texture": "#metal", "uv": [ 8.0, 2.0, 10.8, 2.2 ] },
						"down": { "texture": "#metal", "uv": [ 0.0, 3.0, 2.8, 3.2 ] }
					},
					"children": [
						{
							"name": "BladeEdgeN",
							"from": [ 1.2, 0.08, 0.2 ],
							"to": [ 3.6, 0.16, 0.6 ],
							"rotationOrigin": [ 1.2, 0.04, 0.4 ],
							"faces": {
								"north": { "texture": "#metal", "uv": [ 0.0, 5.0, 2.4, 5.2 ] },
								"east": { "texture": "#metal", "uv": [ 2.0, 5.0, 2.4, 5.2 ] },
								"south": { "texture": "#metal", "uv": [ 0.0, 8.0, 2.4, 8.2 ] },
								"west": { "texture": "#metal", "uv": [ 2.0, 6.0, 2.4, 6.2 ] },
								"up": { "texture": "#metal", "uv": [ 8.0, 0.0, 8.4, 2.4 ], "rotation": 90 },
								"down": { "texture": "#metal", "uv": [ 0.0, 5.0, 2.4, 5.4 ] }
							}
						},
						{
							"name": "BladeTaperN",
							"from": [ 2.8, 0.06, 0.0 ],
							"to": [ 3.6, 0.18, 0.2 ],
							"rotationOrigin": [ 2.8, 0.04, 0.0 ],
							"rotationY": -15.0,
							"faces": {
								"north": { "texture": "#metal", "uv": [ 0.0, 5.0, 0.8, 5.2 ] },
								"east": { "texture": "#metal", "uv": [ 2.0, 5.0, 2.2, 5.2 ] },
								"south": { "texture": "#metal", "uv": [ 0.0, 8.0, 0.8, 8.2 ] },
								"west": { "texture": "#metal", "uv": [ 2.0, 6.0, 2.2, 6.2 ] },
								"up": { "texture": "#metal", "uv": [ 8.0, 0.0, 8.2, 0.8 ], "rotation": 90 },
								"down": { "texture": "#metal", "uv": [ 0.0, 5.0, 0.8, 5.2 ] }
							}
						}
					]
				},
				{
					"name": "handleSW",
					"from": [ -4.8, -0.2, 0.4 ],
					"to": [ -4.0, 0.2, 0.6 ],
					"rotationOrigin": [ -4.8, -0.2, 0.6 ],
					"faces": {
						"north": { "texture": "#metal", "uv": [ 0.0, 5.0, 0.8, 5.4 ] },
						"east": { "texture": "#metal", "uv": [ 2.0, 5.0, 2.2, 5.4 ] },
						"south": { "texture": "#metal", "uv": [ 0.0, 8.0, 0.8, 8.4 ] },
						"west": { "texture": "#metal", "uv": [ 2.0, 6.0, 2.2, 6.4 ] },
						"up": { "texture": "#metal", "uv": [ 8.0, 2.0, 8.8, 2.2 ] },
						"down": { "texture": "#metal", "uv": [ 0.0, 3.0, 0.8, 3.2 ] }
					}
				},
				{
					"name": "handleS",
					"from": [ -4.0, -0.12, 0.4 ],
					"to": [ -1.2, 0.12, 0.6 ],
					"rotationOrigin": [ -4.0, -0.12, 0.4 ],
					"rotationY": -5.0,
					"faces": {
						"north": { "texture": "#metal", "uv": [ 0.0, 5.0, 2.8, 5.2 ] },
						"east": { "texture": "#metal", "uv": [ 2.0, 5.0, 2.2, 5.2 ] },
						"south": { "texture": "#metal", "uv": [ 0.0, 8.0, 2.8, 8.2 ] },
						"west": { "texture": "#metal", "uv": [ 2.0, 6.0, 2.2, 6.2 ] },
						"up": { "texture": "#metal", "uv": [ 8.0, 2.0, 10.8, 2.2 ] },
						"down": { "texture": "#metal", "uv": [ 0.0, 3.0, 2.8, 3.2 ] }
					},
					"children": [
						{
							"name": "BladeEdgeS",
							"from": [ 1.2, 0.08, -0.4 ],
							"to": [ 3.6, 0.16, 0.0 ],
							"rotationOrigin": [ 1.2, 0.04, -0.2 ],
							"faces": {
								"north": { "texture": "#metal", "uv": [ 0.0, 5.0, 2.4, 5.2 ] },
								"east": { "texture": "#metal", "uv": [ 2.0, 5.0, 2.4, 5.2 ] },
								"south": { "texture": "#metal", "uv": [ 0.0, 8.0, 2.4, 8.2 ] },
								"west": { "texture": "#metal", "uv": [ 2.0, 6.0, 2.4, 6.2 ] },
								"up": { "texture": "#metal", "uv": [ 8.0, 0.0, 8.4, 2.4 ], "rotation": 90 },
								"down": { "texture": "#metal", "uv": [ 0.0, 5.0, 2.4, 5.4 ] }
							}
						},
						{
							"name": "BladeTaperS",
							"from": [ 2.8, 0.06, 0.0 ],
							"to": [ 3.6, 0.18, 0.2 ],
							"rotationOrigin": [ 2.8, 0.04, 0.2 ],
							"rotationY": 15.0,
							"faces": {
								"north": { "texture": "#metal", "uv": [ 0.0, 5.0, 0.8, 5.2 ] },
								"east": { "texture": "#metal", "uv": [ 2.0, 5.0, 2.2, 5.2 ] },
								"south": { "texture": "#metal", "uv": [ 0.0, 8.0, 0.8, 8.2 ] },
								"west": { "texture": "#metal", "uv": [ 2.0, 6.0, 2.2, 6.2 ] },
								"up": { "texture": "#metal", "uv": [ 8.0, 0.0, 8.2, 0.8 ], "rotation": 90 },
								"down": { "texture": "#metal", "uv": [ 0.0, 5.0, 0.8, 5.2 ] }
							}
						}
					]
				}
			]
		},
		{
			"name": "temporal",
			"from": [ 4.75, -0.55, 13.65 ],
			"to": [ 5.05, 1.25, 14.01 ],
			"rotationOrigin": [ 5.2, 0.35, 13.8 ],
			"rotationX": -90.0,
			"rotationZ": -45.0,
			"faces": {
				"north": { "texture": "#temporal", "uv": [ 0.0, 0.0, 0.5, 1.5 ] },
				"east": { "texture": "#temporal", "uv": [ 0.0, 0.0, 0.5, 1.5 ] },
				"south": { "texture": "#temporal", "uv": [ 9.0, 9.0, 9.5, 10.5 ], "glow": 75 },
				"west": { "texture": "#temporal", "uv": [ 0.0, 0.0, 0.5, 1.5 ] },
				"up": { "texture": "#temporal", "uv": [ 7.0, 6.0, 7.5, 6.5 ] },
				"down": { "texture": "#temporal", "uv": [ 5.0, 5.0, 5.5, 5.5 ] }
			},
			"children": [
				{
					"name": "vertical",
					"from": [ 0.6, 0.0, 0.0 ],
					"to": [ 0.9, 1.8, 0.36 ],
					"faces": {
						"north": { "texture": "#temporal", "uv": [ 6.0, 5.0, 6.3, 6.8 ] },
						"east": { "texture": "#temporal", "uv": [ 5.0, 6.0, 5.3, 7.8 ] },
						"south": { "texture": "#temporal", "uv": [ 13.0, 10.0, 13.3, 11.8 ], "glow": 75 },
						"west": { "texture": "#temporal", "uv": [ 0.0, 0.0, 0.3, 1.8 ] },
						"up": { "texture": "#temporal", "uv": [ 3.0, 4.0, 3.3, 4.3 ] },
						"down": { "texture": "#temporal", "uv": [ 0.0, 0.0, 0.3, 0.3 ] }
					}
				},
				{
					"name": "horizontal 1",
					"from": [ -0.45, 1.05, -0.03 ],
					"to": [ 1.35, 1.35, 0.39 ],
					"faces": {
						"north": { "texture": "#temporal", "uv": [ 0.0, 1.0, 1.5, 1.5 ] },
						"east": { "texture": "#temporal", "uv": [ 4.0, 0.0, 4.5, 0.5 ] },
						"south": { "texture": "#temporal", "uv": [ 3.0, 7.0, 4.5, 7.5 ], "glow": 75 },
						"west": { "texture": "#temporal", "uv": [ 6.0, 7.0, 6.5, 7.5 ] },
						"up": { "texture": "#temporal", "uv": [ 0.0, 1.0, 1.5, 1.5 ] },
						"down": { "texture": "#temporal", "uv": [ 0.0, 0.0, 1.5, 0.5 ] }
					}
				},
				{
					"name": "horizontal 2",
					"from": [ -0.45, 0.45, -0.03 ],
					"to": [ 1.35, 0.75, 0.39 ],
					"faces": {
						"north": { "texture": "#temporal", "uv": [ 0.0, 0.0, 1.5, 0.5 ] },
						"east": { "texture": "#temporal", "uv": [ 2.0, 11.0, 2.5, 11.5 ] },
						"south": { "texture": "#temporal", "uv": [ 8.0, 6.0, 9.5, 6.5 ], "glow": 75 },
						"west": { "texture": "#temporal", "uv": [ 13.0, 12.0, 13.5, 12.5 ] },
						"up": { "texture": "#temporal", "uv": [ 0.0, 0.0, 1.5, 0.5 ] },
						"down": { "texture": "#temporal", "uv": [ 0.0, 0.0, 1.5, 0.5 ] }
					}
				},
				{
					"name": "secondary vertical 1",
					"from": [ -0.3, 0.15, 0.03 ],
					"to": [ 0.0, 1.65, 0.33 ],
					"faces": {
						"north": { "texture": "#temporal", "uv": [ 0.0, 0.0, 0.5, 1.5 ] },
						"east": { "texture": "#temporal", "uv": [ 0.0, 0.0, 0.5, 1.5 ] },
						"south": { "texture": "#temporal", "uv": [ 3.0, 3.0, 3.5, 4.5 ], "glow": 75 },
						"west": { "texture": "#temporal", "uv": [ 0.0, 0.0, 0.5, 1.5 ] },
						"up": { "texture": "#temporal", "uv": [ 11.0, 4.0, 11.5, 4.5 ] },
						"down": { "texture": "#temporal", "uv": [ 3.0, 9.0, 3.5, 9.5 ] }
					}
				},
				{
					"name": "secondary vertical 2",
					"from": [ 0.9, 0.15, 0.03 ],
					"to": [ 1.2, 1.65, 0.33 ],
					"faces": {
						"north": { "texture": "#temporal", "uv": [ 0.0, 0.0, 0.5, 1.5 ] },
						"east": { "texture": "#temporal", "uv": [ 0.0, 0.0, 0.5, 1.5 ] },
						"south": { "texture": "#temporal", "uv": [ 6.0, 1.0, 6.5, 2.5 ], "glow": 75 },
						"west": { "texture": "#temporal", "uv": [ 5.0, 6.0, 5.5, 7.5 ] },
						"up": { "texture": "#temporal", "uv": [ 5.0, 3.0, 5.5, 3.5 ] },
						"down": { "texture": "#temporal", "uv": [ 1.0, 10.0, 1.5, 10.5 ] }
					}
				},
				{
					"name": "cube up",
					"from": [ 0.3, 1.35, 0.03 ],
					"to": [ 0.6, 1.65, 0.33 ],
					"faces": {
						"north": { "texture": "#temporal", "uv": [ 5.0, 13.0, 5.5, 13.5 ] },
						"east": { "texture": "#temporal", "uv": [ 4.0, 6.0, 4.5, 6.5 ] },
						"south": { "texture": "#temporal", "uv": [ 8.0, 6.0, 8.5, 6.5 ], "glow": 75 },
						"west": { "texture": "#temporal", "uv": [ 4.0, 11.0, 4.5, 11.5 ] },
						"up": { "texture": "#temporal", "uv": [ 3.0, 4.0, 3.5, 4.5 ] },
						"down": { "texture": "#temporal", "uv": [ 0.0, 0.0, 0.5, 0.5 ] }
					}
				},
				{
					"name": "Cube16",
					"from": [ 0.3, 0.15, 0.03 ],
					"to": [ 0.6, 0.45, 0.33 ],
					"faces": {
						"north": { "texture": "#temporal", "uv": [ 0.0, 0.0, 0.5, 0.5 ] },
						"east": { "texture": "#temporal", "uv": [ 0.0, 0.0, 0.5, 0.5 ] },
						"south": { "texture": "#temporal", "uv": [ 13.0, 15.0, 13.5, 15.5 ], "glow": 75 },
						"west": { "texture": "#temporal", "uv": [ 0.0, 0.0, 0.5, 0.5 ] },
						"up": { "texture": "#temporal", "uv": [ 2.0, 3.0, 2.5, 3.5 ] },
						"down": { "texture": "#temporal", "uv": [ 2.0, 1.0, 2.5, 1.5 ] }
					}
				}
			]
		}
	]}