{
	"editor": {
		"collapsedPaths": "Root/Bow/BowGrip/BowLimbDown2/BowMiddleDown2/BowTipDown2,Root/kailo,Root/origin,Root/Bow/BowGrip/FrontBowArm,Root/Bow,Root/Bow/BowGrip/BowLimbDown2/BowMiddleDown2,Root/Bow/BowGrip/BowLimbDown2/BowMiddleDown2/hornpart2.6,Root/Bow/BowGrip/BowLimbDown/BowMiddleDown/hornpart2.1,Root/shema",
		"allAngles": false,
		"entityTextureMode": false
	},
	"textureWidth": 16,
	"textureHeight": 16,
	"textureSizes": {
		"string": [16,16],
		"aged": [16,16],
		"arrow": [8,8],
		"feather2": [16,16],
		"bone": [16,16],
		"stick": [16,16],
		"beeswax": [8,8],
		"leather": [16,16]
	},
	"textures": {
		"map-blank": "game:item/utility/map-blank",
		"temporal": "game:item/resource/temporalgear",
		"schematic-glider": "game:item/utility/schematic-glider"
	},
	"elements": [
		{
			"name": "shema",
			"from": [ 8.0, 0.0, 8.0 ],
			"to": [ 8.0, 0.0, 8.0 ],
			"rotationOrigin": [ 8.0, 0.0, 8.0 ],
			"faces": {
			},
			"children": [
				{
					"name": "sheet",
					"from": [ -4.0, 0.0, -7.0 ],
					"to": [ 4.0, 0.5, 7.0 ],
					"faces": {
						"north": { "texture": "#schematic-glider", "uv": [ 0.0, 0.0, 0.5, 8.0 ], "rotation": 90 },
						"south": { "texture": "#schematic-glider", "uv": [ 0.0, 7.0, 0.5, 15.0 ], "rotation": 90 },
						"up": { "texture": "#schematic-glider", "uv": [ 3.0, 0.0, 11.0, 14.0 ] },
						"down": { "texture": "#map-blank", "uv": [ 3.0, 1.0, 11.0, 15.0 ] }
					},
					"children": [
						{
							"name": "scroll-bigger",
							"from": [ 8.0, 0.0, 0.0 ],
							"to": [ 11.0, 3.0, 14.0 ],
							"rotationOrigin": [ 8.0, 0.0, 7.0 ],
							"faces": {
								"north": { "texture": "#schematic-glider", "uv": [ 12.0, 13.5, 15.0, 16.5 ] },
								"east": { "texture": "#schematic-glider", "uv": [ 0.0, 0.0, 3.0, 14.0 ], "rotation": 90 },
								"south": { "texture": "#schematic-glider", "uv": [ 12.0, 13.5, 15.0, 16.5 ] },
								"west": { "texture": "#schematic-glider", "uv": [ 11.0, 0.0, 14.0, 14.0 ], "rotation": 90 },
								"up": { "texture": "#schematic-glider", "uv": [ 11.0, 0.0, 14.0, 14.0 ] },
								"down": { "texture": "#schematic-glider", "uv": [ 0.0, 0.0, 3.0, 14.0 ] }
							},
							"children": [
								{
									"name": "edge-biggerS1",
									"from": [ 0.0, 0.0, 14.0 ],
									"to": [ 2.5, 0.5, 14.5 ],
									"rotationOrigin": [ 0.0, 0.0, 14.0 ],
									"faces": {
										"south": { "texture": "#schematic-glider", "uv": [ 0.0, 5.0, 0.5, 7.5 ], "rotation": 90 },
										"west": { "texture": "#schematic-glider", "uv": [ 0.0, 0.0, 0.5, 0.5 ] },
										"up": { "texture": "#schematic-glider", "uv": [ 0.0, 0.0, 2.5, 0.5 ] },
										"down": { "texture": "#schematic-glider", "uv": [ 0.0, 0.0, 0.5, 2.5 ], "rotation": 90 }
									}
								},
								{
									"name": "edge-biggerS2",
									"from": [ 0.5, 2.5, 14.0 ],
									"to": [ 3.0, 3.0, 14.5 ],
									"rotationOrigin": [ 0.5, 2.5, 14.0 ],
									"faces": {
										"east": { "texture": "#schematic-glider", "uv": [ 0.0, 0.0, 0.5, 0.5 ] },
										"south": { "texture": "#schematic-glider", "uv": [ 0.0, 1.0, 0.5, 3.5 ], "rotation": 90 },
										"up": { "texture": "#schematic-glider", "uv": [ 0.0, 4.0, 0.5, 6.5 ], "rotation": 90 },
										"down": { "texture": "#schematic-glider", "uv": [ 0.0, 0.0, 2.5, 0.5 ] }
									}
								},
								{
									"name": "edge-biggerS3",
									"from": [ 0.0, 0.5, 14.0 ],
									"to": [ 0.5, 3.0, 14.5 ],
									"rotationOrigin": [ 0.0, 0.5, 14.0 ],
									"faces": {
										"east": { "texture": "#schematic-glider", "uv": [ 0.0, 0.0, 0.5, 2.5 ] },
										"south": { "texture": "#schematic-glider", "uv": [ 0.0, 0.0, 0.5, 2.5 ] },
										"west": { "texture": "#schematic-glider", "uv": [ 0.0, 0.0, 0.5, 2.5 ] },
										"up": { "texture": "#schematic-glider", "uv": [ 0.0, 0.0, 0.5, 0.5 ] }
									}
								},
								{
									"name": "edge-biggerS4",
									"from": [ 2.5, 0.0, 14.0 ],
									"to": [ 3.0, 2.5, 14.5 ],
									"rotationOrigin": [ 3.0, 0.5, 14.0 ],
									"faces": {
										"east": { "texture": "#schematic-glider", "uv": [ 0.0, 0.0, 0.5, 2.5 ] },
										"south": { "texture": "#schematic-glider", "uv": [ 0.0, 0.0, 0.5, 2.5 ] },
										"west": { "texture": "#schematic-glider", "uv": [ 0.0, 0.0, 0.5, 2.5 ] },
										"down": { "texture": "#schematic-glider", "uv": [ 0.0, 0.0, 0.5, 0.5 ] }
									}
								},
								{
									"name": "edge-biggerS5",
									"from": [ 1.0, 0.5, 14.0 ],
									"to": [ 1.5, 2.0, 14.5 ],
									"rotationOrigin": [ 1.0, 0.5, 14.0 ],
									"faces": {
										"east": { "texture": "#schematic-glider", "uv": [ 0.0, 0.0, 0.5, 1.5 ] },
										"south": { "texture": "#schematic-glider", "uv": [ 0.0, 0.0, 0.5, 1.5 ] },
										"west": { "texture": "#schematic-glider", "uv": [ 0.0, 0.0, 0.5, 1.5 ] },
										"up": { "texture": "#schematic-glider", "uv": [ 0.0, 0.0, 0.5, 0.5 ] }
									}
								},
								{
									"name": "edge-biggerS6",
									"from": [ 1.5, 1.5, 14.0 ],
									"to": [ 2.0, 2.0, 14.5 ],
									"rotationOrigin": [ 1.5, 1.5, 14.0 ],
									"faces": {
										"east": { "texture": "#schematic-glider", "uv": [ 0.0, 0.0, 0.5, 0.5 ] },
										"south": { "texture": "#schematic-glider", "uv": [ 0.0, 0.0, 0.5, 0.5 ] },
										"up": { "texture": "#schematic-glider", "uv": [ 0.0, 0.0, 0.5, 0.5 ] },
										"down": { "texture": "#schematic-glider", "uv": [ 0.0, 0.0, 0.5, 0.5 ] }
									}
								},
								{
									"name": "edge-biggerN1",
									"from": [ 0.0, 0.0, -0.5 ],
									"to": [ 2.5, 0.5, 0.0 ],
									"faces": {
										"north": { "texture": "#schematic-glider", "uv": [ 0.0, 5.0, 0.5, 7.5 ], "rotation": 90, "windMode": [-1,-1,-1,-1] },
										"west": { "texture": "#schematic-glider", "uv": [ 0.0, 0.0, 0.5, 0.5 ] },
										"up": { "texture": "#schematic-glider", "uv": [ 0.0, 4.0, 0.5, 6.5 ], "rotation": 90 },
										"down": { "texture": "#schematic-glider", "uv": [ 0.0, 5.0, 0.5, 7.5 ], "rotation": 90 }
									}
								},
								{
									"name": "edge-biggerN2",
									"from": [ 0.5, 2.5, -0.5 ],
									"to": [ 3.0, 3.0, 0.0 ],
									"rotationOrigin": [ 0.5, 2.5, 0.0 ],
									"faces": {
										"north": { "texture": "#schematic-glider", "uv": [ 0.0, 4.0, 0.5, 6.5 ], "rotation": 90 },
										"east": { "texture": "#schematic-glider", "uv": [ 0.0, 0.0, 0.5, 0.5 ], "windMode": [-1,-1,-1,-1] },
										"up": { "texture": "#schematic-glider", "uv": [ 0.0, 4.0, 0.5, 6.5 ], "rotation": 90 },
										"down": { "texture": "#schematic-glider", "uv": [ 0.0, 0.0, 2.5, 0.5 ] }
									}
								},
								{
									"name": "edge-biggerN3",
									"from": [ 2.5, 0.0, -0.5 ],
									"to": [ 3.0, 2.5, 0.0 ],
									"rotationOrigin": [ 3.0, 0.5, 0.0 ],
									"faces": {
										"north": { "texture": "#schematic-glider", "uv": [ 0.0, 0.0, 0.5, 2.5 ], "windMode": [-1,-1,-1,-1] },
										"east": { "texture": "#schematic-glider", "uv": [ 0.0, 0.0, 0.5, 2.5 ] },
										"west": { "texture": "#schematic-glider", "uv": [ 0.0, 0.0, 0.5, 2.5 ] },
										"down": { "texture": "#schematic-glider", "uv": [ 0.0, 0.0, 0.5, 0.5 ] }
									}
								},
								{
									"name": "edge-biggerN4",
									"from": [ 0.0, 0.5, -0.5 ],
									"to": [ 0.5, 3.0, 0.0 ],
									"rotationOrigin": [ 0.0, 1.0, 0.0 ],
									"faces": {
										"north": { "texture": "#schematic-glider", "uv": [ 0.0, 0.0, 0.5, 2.5 ] },
										"east": { "texture": "#schematic-glider", "uv": [ 0.0, 0.0, 0.5, 2.5 ] },
										"west": { "texture": "#schematic-glider", "uv": [ 0.0, 0.0, 0.5, 2.5 ] },
										"up": { "texture": "#schematic-glider", "uv": [ 0.0, 0.0, 0.5, 0.5 ], "windMode": [-1,-1,-1,-1] }
									}
								},
								{
									"name": "edge-biggerN5",
									"from": [ 1.0, 0.5, -0.5 ],
									"to": [ 1.5, 2.0, 0.0 ],
									"rotationOrigin": [ 1.0, 1.0, 0.0 ],
									"faces": {
										"north": { "texture": "#schematic-glider", "uv": [ 0.0, 0.0, 0.5, 1.5 ] },
										"east": { "texture": "#schematic-glider", "uv": [ 0.0, 0.0, 0.5, 1.5 ] },
										"west": { "texture": "#schematic-glider", "uv": [ 0.0, 0.0, 0.5, 1.5 ] },
										"up": { "texture": "#schematic-glider", "uv": [ 0.0, 0.0, 0.5, 0.5 ] }
									}
								},
								{
									"name": "edge-biggerN6",
									"from": [ 1.5, 1.5, -0.5 ],
									"to": [ 2.0, 2.0, 0.0 ],
									"rotationOrigin": [ 1.5, 1.5, 0.0 ],
									"faces": {
										"north": { "texture": "#schematic-glider", "uv": [ 0.0, 0.0, 0.5, 0.5 ] },
										"east": { "texture": "#schematic-glider", "uv": [ 0.0, 0.0, 0.5, 0.5 ] },
										"up": { "texture": "#schematic-glider", "uv": [ 0.0, 0.0, 0.5, 0.5 ] },
										"down": { "texture": "#schematic-glider", "uv": [ 0.0, 0.0, 0.5, 0.5 ] }
									}
								},
								{
									"name": "seal-main",
									"from": [ 0.5, 3.0, 3.0 ],
									"to": [ 2.5, 3.5, 5.0 ],
									"rotationOrigin": [ 1.5, 3.0, 4.0 ],
									"faces": {
										"north": { "texture": "#schematic-glider", "uv": [ 6.0, 14.5, 8.0, 15.0 ] },
										"east": { "texture": "#schematic-glider", "uv": [ 5.0, 15.0, 7.0, 15.5 ] },
										"south": { "texture": "#schematic-glider", "uv": [ 5.5, 14.5, 7.5, 15.0 ] },
										"west": { "texture": "#schematic-glider", "uv": [ 4.0, 14.0, 6.0, 14.5 ] },
										"up": { "texture": "#schematic-glider", "uv": [ 6.5, 14.0, 8.5, 16.0 ] }
									},
									"children": [
										{
											"name": "seal2",
											"from": [ 0.0, -0.1, 0.0 ],
											"to": [ 2.0, 0.4, 2.0 ],
											"rotationOrigin": [ 1.0, -0.1, 1.0 ],
											"rotationY": -45.0,
											"faces": {
												"north": { "texture": "#schematic-glider", "uv": [ 5.5, 15.0, 7.5, 15.5 ] },
												"east": { "texture": "#schematic-glider", "uv": [ 5.0, 14.0, 7.0, 14.5 ] },
												"south": { "texture": "#schematic-glider", "uv": [ 4.5, 14.5, 6.5, 15.0 ] },
												"west": { "texture": "#schematic-glider", "uv": [ 5.5, 14.5, 7.5, 15.0 ] },
												"up": { "texture": "#schematic-glider", "uv": [ 4.5, 14.0, 6.5, 16.0 ] }
											}
										},
										{
											"name": "seal-glow1",
											"from": [ 0.5, 0.5, 0.4 ],
											"to": [ 1.5, 0.6, 0.6 ],
											"rotationOrigin": [ 1.0, 0.5, 0.5 ],
											"faces": {
												"north": { "texture": "#schematic-glider", "uv": [ 11.0, 15.5, 12.0, 16.0 ], "glow": 150 },
												"east": { "texture": "#schematic-glider", "uv": [ 10.0, 15.0, 10.5, 15.5 ], "glow": 150 },
												"south": { "texture": "#schematic-glider", "uv": [ 9.5, 14.5, 10.5, 15.0 ], "glow": 150 },
												"west": { "texture": "#schematic-glider", "uv": [ 10.0, 14.5, 10.5, 15.0 ], "glow": 150 },
												"up": { "texture": "#schematic-glider", "uv": [ 10.0, 14.0, 11.0, 14.5 ], "glow": 150 }
											}
										},
										{
											"name": "seal-glow2",
											"from": [ 0.5, 0.5, 1.4 ],
											"to": [ 1.5, 0.6, 1.6 ],
											"rotationOrigin": [ 1.0, 0.5, 1.5 ],
											"faces": {
												"north": { "texture": "#schematic-glider", "uv": [ 10.5, 14.5, 11.5, 15.0 ], "glow": 150 },
												"east": { "texture": "#schematic-glider", "uv": [ 9.0, 14.0, 9.5, 14.5 ], "glow": 150 },
												"south": { "texture": "#schematic-glider", "uv": [ 9.5, 14.5, 10.5, 15.0 ], "glow": 150 },
												"west": { "texture": "#schematic-glider", "uv": [ 10.5, 14.5, 11.0, 15.0 ], "glow": 150 },
												"up": { "texture": "#schematic-glider", "uv": [ 9.5, 14.5, 10.5, 15.0 ], "glow": 150 }
											}
										},
										{
											"name": "seal-glow3",
											"from": [ 0.9, 0.5, 1.1 ],
											"to": [ 1.1, 0.6, 1.3 ],
											"rotationOrigin": [ 1.0, 0.5, 1.2 ],
											"faces": {
												"north": { "texture": "#schematic-glider", "uv": [ 9.5, 14.0, 10.0, 14.5 ], "glow": 150 },
												"east": { "texture": "#schematic-glider", "uv": [ 10.5, 14.5, 11.0, 15.0 ], "glow": 150 },
												"south": { "texture": "#schematic-glider", "uv": [ 11.5, 14.0, 12.0, 14.5 ], "glow": 150 },
												"west": { "texture": "#schematic-glider", "uv": [ 10.0, 15.5, 10.5, 16.0 ], "glow": 150 },
												"up": { "texture": "#schematic-glider", "uv": [ 10.5, 15.0, 11.0, 15.5 ], "glow": 150 }
											}
										},
										{
											"name": "seal-glow4",
											"from": [ 0.9, 0.5, 0.7 ],
											"to": [ 1.1, 0.6, 0.9 ],
											"rotationOrigin": [ 1.0, 0.5, 0.8 ],
											"faces": {
												"north": { "texture": "#schematic-glider", "uv": [ 10.5, 14.5, 11.0, 15.0 ], "glow": 150 },
												"east": { "texture": "#schematic-glider", "uv": [ 9.0, 14.0, 9.5, 14.5 ], "glow": 150 },
												"south": { "texture": "#schematic-glider", "uv": [ 9.5, 14.5, 10.0, 15.0 ], "glow": 150 },
												"west": { "texture": "#schematic-glider", "uv": [ 10.5, 14.5, 11.0, 15.0 ], "glow": 150 },
												"up": { "texture": "#schematic-glider", "uv": [ 9.5, 14.5, 10.0, 15.0 ], "glow": 150 }
											}
										},
										{
											"name": "seal-glow5",
											"from": [ 0.7, 0.5, 0.9 ],
											"to": [ 0.9, 0.6, 1.1 ],
											"rotationOrigin": [ 0.8, 0.5, 1.0 ],
											"faces": {
												"north": { "texture": "#schematic-glider", "uv": [ 10.5, 14.5, 11.0, 15.0 ], "glow": 150 },
												"east": { "texture": "#schematic-glider", "uv": [ 9.0, 14.0, 9.5, 14.5 ], "glow": 150 },
												"south": { "texture": "#schematic-glider", "uv": [ 9.5, 14.5, 10.0, 15.0 ], "glow": 150 },
												"west": { "texture": "#schematic-glider", "uv": [ 10.5, 14.5, 11.0, 15.0 ], "glow": 150 },
												"up": { "texture": "#schematic-glider", "uv": [ 9.5, 14.5, 10.0, 15.0 ], "glow": 150 }
											}
										},
										{
											"name": "seal-glow6",
											"from": [ 1.1, 0.5, 0.9 ],
											"to": [ 1.3, 0.6, 1.1 ],
											"rotationOrigin": [ 1.2, 0.5, 1.0 ],
											"faces": {
												"north": { "texture": "#schematic-glider", "uv": [ 9.5, 14.5, 10.0, 15.0 ], "glow": 150 },
												"east": { "texture": "#schematic-glider", "uv": [ 11.0, 14.5, 11.5, 15.0 ], "glow": 150 },
												"south": { "texture": "#schematic-glider", "uv": [ 11.0, 15.0, 11.5, 15.5 ], "glow": 150 },
												"west": { "texture": "#schematic-glider", "uv": [ 9.5, 14.5, 10.0, 15.0 ], "glow": 150 },
												"up": { "texture": "#schematic-glider", "uv": [ 10.5, 14.5, 11.0, 15.0 ], "glow": 150 }
											}
										},
										{
											"name": "seal-string1",
											"from": [ 0.4, -0.2, 2.0 ],
											"to": [ 0.8, 0.2, 10.0 ],
											"rotationOrigin": [ 0.6, 0.0, 2.0 ],
											"rotationY": -5.0,
											"rotationZ": -45.0,
											"faces": {
												"west": { "texture": "#schematic-glider", "uv": [ 15.5, 0.5, 16.0, 8.5 ], "rotation": 90 },
												"up": { "texture": "#schematic-glider", "uv": [ 15.0, 5.5, 15.5, 13.5 ] }
											},
											"children": [
												{
													"name": "seal-stringtie1",
													"from": [ -0.1, -0.1, 8.0 ],
													"to": [ 0.5, 0.5, 9.0 ],
													"rotationOrigin": [ 0.2, 0.1, 8.0 ],
													"faces": {
														"north": { "texture": "#schematic-glider", "uv": [ 15.0, 11.0, 15.5, 11.5 ] },
														"south": { "texture": "#schematic-glider", "uv": [ 15.0, 8.5, 15.5, 9.0 ] },
														"west": { "texture": "#schematic-glider", "uv": [ 15.0, 11.0, 16.0, 11.5 ] },
														"up": { "texture": "#schematic-glider", "uv": [ 15.0, 9.5, 15.5, 10.5 ] },
														"down": { "texture": "#schematic-glider", "uv": [ 15.0, 4.0, 15.5, 5.0 ] }
													}
												}
											]
										},
										{
											"name": "seal-string2",
											"from": [ 1.4, -0.2, 2.0 ],
											"to": [ 1.8, 0.2, 6.0 ],
											"rotationOrigin": [ 1.6, 0.0, 2.0 ],
											"rotationY": 5.0,
											"rotationZ": -45.0,
											"faces": {
												"west": { "texture": "#schematic-glider", "uv": [ 15.5, 0.5, 16.0, 4.5 ], "rotation": 90 },
												"up": { "texture": "#schematic-glider", "uv": [ 15.0, 5.5, 15.5, 9.5 ] }
											},
											"children": [
												{
													"name": "seal-stringtie2",
													"from": [ -0.1, -0.1, 4.0 ],
													"to": [ 0.5, 0.5, 5.0 ],
													"rotationOrigin": [ 0.2, 0.2, 4.0 ],
													"faces": {
														"north": { "texture": "#schematic-glider", "uv": [ 15.5, 10.0, 16.0, 10.5 ] },
														"south": { "texture": "#schematic-glider", "uv": [ 15.5, 8.0, 16.0, 8.5 ] },
														"west": { "texture": "#schematic-glider", "uv": [ 15.0, 9.0, 16.0, 9.5 ] },
														"up": { "texture": "#schematic-glider", "uv": [ 15.0, 10.5, 15.5, 11.5 ] }
													}
												}
											]
										}
									]
								}
							]
						},
						{
							"name": "scroll-smaller",
							"from": [ -2.0, 0.0, 0.0 ],
							"to": [ 0.0, 2.0, 14.0 ],
							"rotationOrigin": [ 0.0, 0.0, 7.0 ],
							"faces": {
								"north": { "texture": "#schematic-glider", "uv": [ 13.0, 14.0, 15.0, 16.0 ] },
								"east": { "texture": "#schematic-glider", "uv": [ 12.0, 0.0, 14.0, 14.0 ], "rotation": 270 },
								"south": { "texture": "#schematic-glider", "uv": [ 13.0, 14.0, 15.0, 16.0 ] },
								"west": { "texture": "#schematic-glider", "uv": [ 0.5, 0.0, 2.5, 14.0 ], "rotation": 90 },
								"up": { "texture": "#schematic-glider", "uv": [ 11.5, 0.0, 13.5, 14.0 ] },
								"down": { "texture": "#schematic-glider", "uv": [ 0.5, 0.0, 2.5, 14.0 ] }
							},
							"children": [
								{
									"name": "edge-smallerS1",
									"from": [ 0.0, 0.0, 14.0 ],
									"to": [ 1.5, 0.5, 14.5 ],
									"rotationOrigin": [ 0.0, 0.0, 14.0 ],
									"faces": {
										"south": { "texture": "#schematic-glider", "uv": [ 0.0, 6.0, 0.5, 7.5 ], "rotation": 90 },
										"west": { "texture": "#schematic-glider", "uv": [ 0.5, 2.5, 1.0, 3.0 ] },
										"up": { "texture": "#schematic-glider", "uv": [ 0.0, 2.0, 0.5, 3.5 ], "rotation": 90 },
										"down": { "texture": "#schematic-glider", "uv": [ 0.0, 4.0, 0.5, 5.5 ], "rotation": 90 }
									}
								},
								{
									"name": "edge-smallerS2",
									"from": [ 0.5, 1.5, 14.0 ],
									"to": [ 2.0, 2.0, 14.5 ],
									"rotationOrigin": [ 0.5, 1.5, 14.0 ],
									"faces": {
										"east": { "texture": "#schematic-glider", "uv": [ 0.0, 2.0, 0.5, 2.5 ] },
										"south": { "texture": "#schematic-glider", "uv": [ 0.0, 0.0, 0.5, 1.5 ], "rotation": 90 },
										"up": { "texture": "#schematic-glider", "uv": [ 0.0, 0.5, 0.5, 2.0 ], "rotation": 90 },
										"down": { "texture": "#schematic-glider", "uv": [ 0.0, 0.0, 1.5, 0.5 ] }
									}
								},
								{
									"name": "edge-smallerS3",
									"from": [ 0.0, 0.5, 14.0 ],
									"to": [ 0.5, 2.0, 14.5 ],
									"rotationOrigin": [ 0.0, 0.5, 14.0 ],
									"faces": {
										"east": { "texture": "#schematic-glider", "uv": [ 0.0, 0.0, 0.5, 1.5 ] },
										"south": { "texture": "#schematic-glider", "uv": [ 0.0, 4.0, 0.5, 5.5 ] },
										"west": { "texture": "#schematic-glider", "uv": [ 0.0, 5.5, 0.5, 7.0 ] },
										"up": { "texture": "#schematic-glider", "uv": [ 0.0, 4.5, 0.5, 5.0 ] }
									}
								},
								{
									"name": "edge-smallerS4",
									"from": [ 1.5, 0.0, 14.0 ],
									"to": [ 2.0, 1.5, 14.5 ],
									"rotationOrigin": [ 1.5, 0.0, 14.0 ],
									"faces": {
										"east": { "texture": "#schematic-glider", "uv": [ 0.0, 3.0, 0.5, 4.5 ] },
										"south": { "texture": "#schematic-glider", "uv": [ 0.0, 3.0, 0.5, 4.5 ] },
										"west": { "texture": "#schematic-glider", "uv": [ 0.0, 0.0, 0.5, 1.5 ] },
										"down": { "texture": "#schematic-glider", "uv": [ 0.5, 1.5, 1.0, 2.0 ] }
									}
								},
								{
									"name": "edge-smallerN1",
									"from": [ 0.0, 0.0, -0.5 ],
									"to": [ 1.5, 0.5, 0.0 ],
									"rotationOrigin": [ 0.0, 0.0, -0.5 ],
									"faces": {
										"north": { "texture": "#schematic-glider", "uv": [ 0.0, 4.0, 0.5, 5.5 ], "rotation": 90, "windMode": [-1,-1,-1,-1] },
										"west": { "texture": "#schematic-glider", "uv": [ 0.0, 0.0, 0.5, 0.5 ] },
										"up": { "texture": "#schematic-glider", "uv": [ 0.0, 3.0, 0.5, 4.5 ], "rotation": 90 },
										"down": { "texture": "#schematic-glider", "uv": [ 0.0, 0.0, 1.5, 0.5 ] }
									}
								},
								{
									"name": "edge-smallerN2",
									"from": [ 0.5, 1.5, -0.5 ],
									"to": [ 2.0, 2.0, 0.0 ],
									"rotationOrigin": [ 0.5, 1.5, -0.5 ],
									"faces": {
										"north": { "texture": "#schematic-glider", "uv": [ 0.0, 3.0, 0.5, 4.5 ], "rotation": 90 },
										"east": { "texture": "#schematic-glider", "uv": [ 0.0, 0.0, 0.5, 0.5 ], "windMode": [-1,-1,-1,-1] },
										"up": { "texture": "#schematic-glider", "uv": [ 0.0, 2.0, 0.5, 3.5 ], "rotation": 90 },
										"down": { "texture": "#schematic-glider", "uv": [ 0.0, 0.0, 1.5, 0.5 ] }
									}
								},
								{
									"name": "edge-smallerN3",
									"from": [ 0.0, 0.5, -0.5 ],
									"to": [ 0.5, 2.0, 0.0 ],
									"rotationOrigin": [ 0.0, 0.5, -0.5 ],
									"faces": {
										"north": { "texture": "#schematic-glider", "uv": [ 0.0, 0.0, 0.5, 1.5 ] },
										"east": { "texture": "#schematic-glider", "uv": [ 0.0, 0.0, 0.5, 1.5 ] },
										"west": { "texture": "#schematic-glider", "uv": [ 0.0, 3.0, 0.5, 4.5 ], "windMode": [-1,-1,-1,-1] },
										"up": { "texture": "#schematic-glider", "uv": [ 0.0, 0.0, 0.5, 0.5 ] }
									}
								},
								{
									"name": "edge-smallerN4",
									"from": [ 1.5, 0.0, -0.5 ],
									"to": [ 2.0, 1.5, 0.0 ],
									"rotationOrigin": [ 1.5, 0.0, -0.5 ],
									"faces": {
										"north": { "texture": "#schematic-glider", "uv": [ 0.0, 0.0, 0.5, 1.5 ] },
										"east": { "texture": "#schematic-glider", "uv": [ 0.0, 0.0, 0.5, 1.5 ] },
										"west": { "texture": "#schematic-glider", "uv": [ 0.0, 0.0, 0.5, 1.5 ] },
										"down": { "texture": "#schematic-glider", "uv": [ 0.0, 0.0, 0.5, 0.5 ] }
									}
								}
							]
						}
					]
				}
			]
		},
		{
			"name": "temporal",
			"from": [ 4.75, -0.55, 13.65 ],
			"to": [ 5.05, 1.25, 14.01 ],
			"rotationOrigin": [ 5.2, 0.35, 13.8 ],
			"rotationX": -90.0,
			"rotationZ": -45.0,
			"faces": {
				"north": { "texture": "#temporal", "uv": [ 0.0, 0.0, 0.5, 1.5 ] },
				"east": { "texture": "#temporal", "uv": [ 0.0, 0.0, 0.5, 1.5 ] },
				"south": { "texture": "#temporal", "uv": [ 9.0, 9.0, 9.5, 10.5 ], "glow": 75 },
				"west": { "texture": "#temporal", "uv": [ 0.0, 0.0, 0.5, 1.5 ] },
				"up": { "texture": "#temporal", "uv": [ 7.0, 6.0, 7.5, 6.5 ] },
				"down": { "texture": "#temporal", "uv": [ 5.0, 5.0, 5.5, 5.5 ] }
			},
			"children": [
				{
					"name": "vertical",
					"from": [ 0.6, 0.0, 0.0 ],
					"to": [ 0.9, 1.8, 0.36 ],
					"faces": {
						"north": { "texture": "#temporal", "uv": [ 6.0, 5.0, 6.3, 6.8 ] },
						"east": { "texture": "#temporal", "uv": [ 5.0, 6.0, 5.3, 7.8 ] },
						"south": { "texture": "#temporal", "uv": [ 13.0, 10.0, 13.3, 11.8 ], "glow": 75 },
						"west": { "texture": "#temporal", "uv": [ 0.0, 0.0, 0.3, 1.8 ] },
						"up": { "texture": "#temporal", "uv": [ 3.0, 4.0, 3.3, 4.3 ] },
						"down": { "texture": "#temporal", "uv": [ 0.0, 0.0, 0.3, 0.3 ] }
					}
				},
				{
					"name": "horizontal 1",
					"from": [ -0.45, 1.05, -0.03 ],
					"to": [ 1.35, 1.35, 0.39 ],
					"faces": {
						"north": { "texture": "#temporal", "uv": [ 0.0, 1.0, 1.5, 1.5 ] },
						"east": { "texture": "#temporal", "uv": [ 4.0, 0.0, 4.5, 0.5 ] },
						"south": { "texture": "#temporal", "uv": [ 3.0, 7.0, 4.5, 7.5 ], "glow": 75 },
						"west": { "texture": "#temporal", "uv": [ 6.0, 7.0, 6.5, 7.5 ] },
						"up": { "texture": "#temporal", "uv": [ 0.0, 1.0, 1.5, 1.5 ] },
						"down": { "texture": "#temporal", "uv": [ 0.0, 0.0, 1.5, 0.5 ] }
					}
				},
				{
					"name": "horizontal 2",
					"from": [ -0.45, 0.45, -0.03 ],
					"to": [ 1.35, 0.75, 0.39 ],
					"faces": {
						"north": { "texture": "#temporal", "uv": [ 0.0, 0.0, 1.5, 0.5 ] },
						"east": { "texture": "#temporal", "uv": [ 2.0, 11.0, 2.5, 11.5 ] },
						"south": { "texture": "#temporal", "uv": [ 8.0, 6.0, 9.5, 6.5 ], "glow": 75 },
						"west": { "texture": "#temporal", "uv": [ 13.0, 12.0, 13.5, 12.5 ] },
						"up": { "texture": "#temporal", "uv": [ 0.0, 0.0, 1.5, 0.5 ] },
						"down": { "texture": "#temporal", "uv": [ 0.0, 0.0, 1.5, 0.5 ] }
					}
				},
				{
					"name": "secondary vertical 1",
					"from": [ -0.3, 0.15, 0.03 ],
					"to": [ 0.0, 1.65, 0.33 ],
					"faces": {
						"north": { "texture": "#temporal", "uv": [ 0.0, 0.0, 0.5, 1.5 ] },
						"east": { "texture": "#temporal", "uv": [ 0.0, 0.0, 0.5, 1.5 ] },
						"south": { "texture": "#temporal", "uv": [ 3.0, 3.0, 3.5, 4.5 ], "glow": 75 },
						"west": { "texture": "#temporal", "uv": [ 0.0, 0.0, 0.5, 1.5 ] },
						"up": { "texture": "#temporal", "uv": [ 11.0, 4.0, 11.5, 4.5 ] },
						"down": { "texture": "#temporal", "uv": [ 3.0, 9.0, 3.5, 9.5 ] }
					}
				},
				{
					"name": "secondary vertical 2",
					"from": [ 0.9, 0.15, 0.03 ],
					"to": [ 1.2, 1.65, 0.33 ],
					"faces": {
						"north": { "texture": "#temporal", "uv": [ 0.0, 0.0, 0.5, 1.5 ] },
						"east": { "texture": "#temporal", "uv": [ 0.0, 0.0, 0.5, 1.5 ] },
						"south": { "texture": "#temporal", "uv": [ 6.0, 1.0, 6.5, 2.5 ], "glow": 75 },
						"west": { "texture": "#temporal", "uv": [ 5.0, 6.0, 5.5, 7.5 ] },
						"up": { "texture": "#temporal", "uv": [ 5.0, 3.0, 5.5, 3.5 ] },
						"down": { "texture": "#temporal", "uv": [ 1.0, 10.0, 1.5, 10.5 ] }
					}
				},
				{
					"name": "cube up",
					"from": [ 0.3, 1.35, 0.03 ],
					"to": [ 0.6, 1.65, 0.33 ],
					"faces": {
						"north": { "texture": "#temporal", "uv": [ 5.0, 13.0, 5.5, 13.5 ] },
						"east": { "texture": "#temporal", "uv": [ 4.0, 6.0, 4.5, 6.5 ] },
						"south": { "texture": "#temporal", "uv": [ 8.0, 6.0, 8.5, 6.5 ], "glow": 75 },
						"west": { "texture": "#temporal", "uv": [ 4.0, 11.0, 4.5, 11.5 ] },
						"up": { "texture": "#temporal", "uv": [ 3.0, 4.0, 3.5, 4.5 ] },
						"down": { "texture": "#temporal", "uv": [ 0.0, 0.0, 0.5, 0.5 ] }
					}
				},
				{
					"name": "Cube16",
					"from": [ 0.3, 0.15, 0.03 ],
					"to": [ 0.6, 0.45, 0.33 ],
					"faces": {
						"north": { "texture": "#temporal", "uv": [ 0.0, 0.0, 0.5, 0.5 ] },
						"east": { "texture": "#temporal", "uv": [ 0.0, 0.0, 0.5, 0.5 ] },
						"south": { "texture": "#temporal", "uv": [ 13.0, 15.0, 13.5, 15.5 ], "glow": 75 },
						"west": { "texture": "#temporal", "uv": [ 0.0, 0.0, 0.5, 0.5 ] },
						"up": { "texture": "#temporal", "uv": [ 2.0, 3.0, 2.5, 3.5 ] },
						"down": { "texture": "#temporal", "uv": [ 2.0, 1.0, 2.5, 1.5 ] }
					}
				}
			]
		}
	]}