{
	"editor": {
		"collapsedPaths": "Root/origin,Root/sword-gold",
		"allAngles": false,
		"entityTextureMode": false
	},
	"textureWidth": 16,
	"textureHeight": 16,
	"textureSizes": {
		"normal": [16,16],
		"seed": [8,8],
		"amaranth": [8,8],
		"reedrope": [16,16]
	},
	"textures": {
		"cloth": "game:block/cloth/linen/black",
		"steel": "game:block/metal/ingot/steel",
		"handguard": "game:block/metal/sheet/gold1",
		"handle": "game:block/wood/debarked/veryaged",
		"map-blank": "game:item/utility/map-blank",
		"temporal": "game:item/resource/temporalgear",
		"schematic-glider": "game:item/utility/schematic-glider"
	},
	"elements": [
		{
			"name": "origin",
			"from": [ 8.0, 0.0, 8.0 ],
			"to": [ 8.0, 0.0, 8.0 ],
			"rotationOrigin": [ 8.0, 0.0, 8.0 ],
			"faces": {
			},
			"children": [
				{
					"name": "sheet",
					"from": [ -4.0, 0.0, -7.0 ],
					"to": [ 4.0, 0.5, 7.0 ],
					"faces": {
						"north": { "texture": "#schematic-glider", "uv": [ 0.0, 0.0, 0.5, 8.0 ], "rotation": 90 },
						"south": { "texture": "#schematic-glider", "uv": [ 0.0, 7.0, 0.5, 15.0 ], "rotation": 90 },
						"up": { "texture": "#schematic-glider", "uv": [ 3.0, 0.0, 11.0, 14.0 ] },
						"down": { "texture": "#map-blank", "uv": [ 3.0, 1.0, 11.0, 15.0 ] }
					},
					"children": [
						{
							"name": "scroll-bigger",
							"from": [ 8.0, 0.0, 0.0 ],
							"to": [ 11.0, 3.0, 14.0 ],
							"rotationOrigin": [ 8.0, 0.0, 7.0 ],
							"faces": {
								"north": { "texture": "#schematic-glider", "uv": [ 12.0, 13.5, 15.0, 16.5 ] },
								"east": { "texture": "#schematic-glider", "uv": [ 0.0, 0.0, 3.0, 14.0 ], "rotation": 90 },
								"south": { "texture": "#schematic-glider", "uv": [ 12.0, 13.5, 15.0, 16.5 ] },
								"west": { "texture": "#schematic-glider", "uv": [ 11.0, 0.0, 14.0, 14.0 ], "rotation": 90 },
								"up": { "texture": "#schematic-glider", "uv": [ 11.0, 0.0, 14.0, 14.0 ] },
								"down": { "texture": "#schematic-glider", "uv": [ 0.0, 0.0, 3.0, 14.0 ] }
							},
							"children": [
								{
									"name": "edge-biggerS1",
									"from": [ 0.0, 0.0, 14.0 ],
									"to": [ 2.5, 0.5, 14.5 ],
									"rotationOrigin": [ 0.0, 0.0, 14.0 ],
									"faces": {
										"south": { "texture": "#schematic-glider", "uv": [ 0.0, 5.0, 0.5, 7.5 ], "rotation": 90 },
										"west": { "texture": "#schematic-glider", "uv": [ 0.0, 0.0, 0.5, 0.5 ] },
										"up": { "texture": "#schematic-glider", "uv": [ 0.0, 0.0, 2.5, 0.5 ] },
										"down": { "texture": "#schematic-glider", "uv": [ 0.0, 0.0, 0.5, 2.5 ], "rotation": 90 }
									}
								},
								{
									"name": "edge-biggerS2",
									"from": [ 0.5, 2.5, 14.0 ],
									"to": [ 3.0, 3.0, 14.5 ],
									"rotationOrigin": [ 0.5, 2.5, 14.0 ],
									"faces": {
										"east": { "texture": "#schematic-glider", "uv": [ 0.0, 0.0, 0.5, 0.5 ] },
										"south": { "texture": "#schematic-glider", "uv": [ 0.0, 1.0, 0.5, 3.5 ], "rotation": 90 },
										"up": { "texture": "#schematic-glider", "uv": [ 0.0, 4.0, 0.5, 6.5 ], "rotation": 90 },
										"down": { "texture": "#schematic-glider", "uv": [ 0.0, 0.0, 2.5, 0.5 ] }
									}
								},
								{
									"name": "edge-biggerS3",
									"from": [ 0.0, 0.5, 14.0 ],
									"to": [ 0.5, 3.0, 14.5 ],
									"rotationOrigin": [ 0.0, 0.5, 14.0 ],
									"faces": {
										"east": { "texture": "#schematic-glider", "uv": [ 0.0, 0.0, 0.5, 2.5 ] },
										"south": { "texture": "#schematic-glider", "uv": [ 0.0, 0.0, 0.5, 2.5 ] },
										"west": { "texture": "#schematic-glider", "uv": [ 0.0, 0.0, 0.5, 2.5 ] },
										"up": { "texture": "#schematic-glider", "uv": [ 0.0, 0.0, 0.5, 0.5 ] }
									}
								},
								{
									"name": "edge-biggerS4",
									"from": [ 2.5, 0.0, 14.0 ],
									"to": [ 3.0, 2.5, 14.5 ],
									"rotationOrigin": [ 3.0, 0.5, 14.0 ],
									"faces": {
										"east": { "texture": "#schematic-glider", "uv": [ 0.0, 0.0, 0.5, 2.5 ] },
										"south": { "texture": "#schematic-glider", "uv": [ 0.0, 0.0, 0.5, 2.5 ] },
										"west": { "texture": "#schematic-glider", "uv": [ 0.0, 0.0, 0.5, 2.5 ] },
										"down": { "texture": "#schematic-glider", "uv": [ 0.0, 0.0, 0.5, 0.5 ] }
									}
								},
								{
									"name": "edge-biggerS5",
									"from": [ 1.0, 0.5, 14.0 ],
									"to": [ 1.5, 2.0, 14.5 ],
									"rotationOrigin": [ 1.0, 0.5, 14.0 ],
									"faces": {
										"east": { "texture": "#schematic-glider", "uv": [ 0.0, 0.0, 0.5, 1.5 ] },
										"south": { "texture": "#schematic-glider", "uv": [ 0.0, 0.0, 0.5, 1.5 ] },
										"west": { "texture": "#schematic-glider", "uv": [ 0.0, 0.0, 0.5, 1.5 ] },
										"up": { "texture": "#schematic-glider", "uv": [ 0.0, 0.0, 0.5, 0.5 ] }
									}
								},
								{
									"name": "edge-biggerS6",
									"from": [ 1.5, 1.5, 14.0 ],
									"to": [ 2.0, 2.0, 14.5 ],
									"rotationOrigin": [ 1.5, 1.5, 14.0 ],
									"faces": {
										"east": { "texture": "#schematic-glider", "uv": [ 0.0, 0.0, 0.5, 0.5 ] },
										"south": { "texture": "#schematic-glider", "uv": [ 0.0, 0.0, 0.5, 0.5 ] },
										"up": { "texture": "#schematic-glider", "uv": [ 0.0, 0.0, 0.5, 0.5 ] },
										"down": { "texture": "#schematic-glider", "uv": [ 0.0, 0.0, 0.5, 0.5 ] }
									}
								},
								{
									"name": "edge-biggerN1",
									"from": [ 0.0, 0.0, -0.5 ],
									"to": [ 2.5, 0.5, 0.0 ],
									"faces": {
										"north": { "texture": "#schematic-glider", "uv": [ 0.0, 5.0, 0.5, 7.5 ], "rotation": 90, "windMode": [-1,-1,-1,-1] },
										"west": { "texture": "#schematic-glider", "uv": [ 0.0, 0.0, 0.5, 0.5 ] },
										"up": { "texture": "#schematic-glider", "uv": [ 0.0, 4.0, 0.5, 6.5 ], "rotation": 90 },
										"down": { "texture": "#schematic-glider", "uv": [ 0.0, 5.0, 0.5, 7.5 ], "rotation": 90 }
									}
								},
								{
									"name": "edge-biggerN2",
									"from": [ 0.5, 2.5, -0.5 ],
									"to": [ 3.0, 3.0, 0.0 ],
									"rotationOrigin": [ 0.5, 2.5, 0.0 ],
									"faces": {
										"north": { "texture": "#schematic-glider", "uv": [ 0.0, 4.0, 0.5, 6.5 ], "rotation": 90 },
										"east": { "texture": "#schematic-glider", "uv": [ 0.0, 0.0, 0.5, 0.5 ], "windMode": [-1,-1,-1,-1] },
										"up": { "texture": "#schematic-glider", "uv": [ 0.0, 4.0, 0.5, 6.5 ], "rotation": 90 },
										"down": { "texture": "#schematic-glider", "uv": [ 0.0, 0.0, 2.5, 0.5 ] }
									}
								},
								{
									"name": "edge-biggerN3",
									"from": [ 2.5, 0.0, -0.5 ],
									"to": [ 3.0, 2.5, 0.0 ],
									"rotationOrigin": [ 3.0, 0.5, 0.0 ],
									"faces": {
										"north": { "texture": "#schematic-glider", "uv": [ 0.0, 0.0, 0.5, 2.5 ], "windMode": [-1,-1,-1,-1] },
										"east": { "texture": "#schematic-glider", "uv": [ 0.0, 0.0, 0.5, 2.5 ] },
										"west": { "texture": "#schematic-glider", "uv": [ 0.0, 0.0, 0.5, 2.5 ] },
										"down": { "texture": "#schematic-glider", "uv": [ 0.0, 0.0, 0.5, 0.5 ] }
									}
								},
								{
									"name": "edge-biggerN4",
									"from": [ 0.0, 0.5, -0.5 ],
									"to": [ 0.5, 3.0, 0.0 ],
									"rotationOrigin": [ 0.0, 1.0, 0.0 ],
									"faces": {
										"north": { "texture": "#schematic-glider", "uv": [ 0.0, 0.0, 0.5, 2.5 ] },
										"east": { "texture": "#schematic-glider", "uv": [ 0.0, 0.0, 0.5, 2.5 ] },
										"west": { "texture": "#schematic-glider", "uv": [ 0.0, 0.0, 0.5, 2.5 ] },
										"up": { "texture": "#schematic-glider", "uv": [ 0.0, 0.0, 0.5, 0.5 ], "windMode": [-1,-1,-1,-1] }
									}
								},
								{
									"name": "edge-biggerN5",
									"from": [ 1.0, 0.5, -0.5 ],
									"to": [ 1.5, 2.0, 0.0 ],
									"rotationOrigin": [ 1.0, 1.0, 0.0 ],
									"faces": {
										"north": { "texture": "#schematic-glider", "uv": [ 0.0, 0.0, 0.5, 1.5 ] },
										"east": { "texture": "#schematic-glider", "uv": [ 0.0, 0.0, 0.5, 1.5 ] },
										"west": { "texture": "#schematic-glider", "uv": [ 0.0, 0.0, 0.5, 1.5 ] },
										"up": { "texture": "#schematic-glider", "uv": [ 0.0, 0.0, 0.5, 0.5 ] }
									}
								},
								{
									"name": "edge-biggerN6",
									"from": [ 1.5, 1.5, -0.5 ],
									"to": [ 2.0, 2.0, 0.0 ],
									"rotationOrigin": [ 1.5, 1.5, 0.0 ],
									"faces": {
										"north": { "texture": "#schematic-glider", "uv": [ 0.0, 0.0, 0.5, 0.5 ] },
										"east": { "texture": "#schematic-glider", "uv": [ 0.0, 0.0, 0.5, 0.5 ] },
										"up": { "texture": "#schematic-glider", "uv": [ 0.0, 0.0, 0.5, 0.5 ] },
										"down": { "texture": "#schematic-glider", "uv": [ 0.0, 0.0, 0.5, 0.5 ] }
									}
								},
								{
									"name": "seal-main",
									"from": [ 0.4, 3.0, 0.7 ],
									"to": [ 2.4, 3.5, 2.7 ],
									"rotationOrigin": [ 1.4, 3.0, 1.7 ],
									"faces": {
										"north": { "texture": "#cloth", "uv": [ 7.0, 14.5, 9.0, 15.0 ] },
										"east": { "texture": "#cloth", "uv": [ 8.0, 15.0, 10.0, 15.5 ] },
										"south": { "texture": "#cloth", "uv": [ 10.0, 15.0, 12.0, 15.5 ] },
										"west": { "texture": "#cloth", "uv": [ 10.5, 14.5, 12.5, 15.0 ] },
										"up": { "texture": "#cloth", "uv": [ 10.0, 10.0, 12.0, 12.0 ] }
									},
									"children": [
										{
											"name": "seal2",
											"from": [ 0.0, -0.1, 0.0 ],
											"to": [ 2.0, 0.4, 2.0 ],
											"rotationOrigin": [ 1.0, -0.1, 1.0 ],
											"rotationY": -45.0,
											"faces": {
												"north": { "texture": "#cloth", "uv": [ 5.5, 15.0, 7.5, 15.5 ] },
												"east": { "texture": "#cloth", "uv": [ 5.0, 14.0, 7.0, 14.5 ] },
												"south": { "texture": "#cloth", "uv": [ 4.5, 14.5, 6.5, 15.0 ] },
												"west": { "texture": "#cloth", "uv": [ 5.5, 14.5, 7.5, 15.0 ] },
												"up": { "texture": "#cloth", "uv": [ 4.5, 14.0, 6.5, 16.0 ] }
											}
										},
										{
											"name": "seal-glow1",
											"from": [ 0.5, 0.5, 0.4 ],
											"to": [ 1.5, 0.6, 0.6 ],
											"rotationOrigin": [ 1.0, 0.5, 0.5 ],
											"faces": {
												"north": { "texture": "#schematic-glider", "uv": [ 11.0, 15.5, 12.0, 16.0 ], "glow": 150 },
												"east": { "texture": "#schematic-glider", "uv": [ 10.0, 15.0, 10.5, 15.5 ], "glow": 150 },
												"south": { "texture": "#schematic-glider", "uv": [ 9.5, 14.5, 10.5, 15.0 ], "glow": 150 },
												"west": { "texture": "#schematic-glider", "uv": [ 10.0, 14.5, 10.5, 15.0 ], "glow": 150 },
												"up": { "texture": "#schematic-glider", "uv": [ 10.0, 14.0, 11.0, 14.5 ], "glow": 150 }
											}
										},
										{
											"name": "seal-glow2",
											"from": [ 0.5, 0.5, 1.4 ],
											"to": [ 1.5, 0.6, 1.6 ],
											"rotationOrigin": [ 1.0, 0.5, 1.5 ],
											"faces": {
												"north": { "texture": "#schematic-glider", "uv": [ 10.5, 14.5, 11.5, 15.0 ], "glow": 150 },
												"east": { "texture": "#schematic-glider", "uv": [ 9.0, 14.0, 9.5, 14.5 ], "glow": 150 },
												"south": { "texture": "#schematic-glider", "uv": [ 9.5, 14.5, 10.5, 15.0 ], "glow": 150 },
												"west": { "texture": "#schematic-glider", "uv": [ 10.5, 14.5, 11.0, 15.0 ], "glow": 150 },
												"up": { "texture": "#schematic-glider", "uv": [ 9.5, 14.5, 10.5, 15.0 ], "glow": 150 }
											}
										},
										{
											"name": "seal-glow3",
											"from": [ 0.9, 0.5, 1.1 ],
											"to": [ 1.1, 0.6, 1.3 ],
											"rotationOrigin": [ 1.0, 0.5, 1.2 ],
											"faces": {
												"north": { "texture": "#schematic-glider", "uv": [ 9.5, 14.0, 10.0, 14.5 ], "glow": 150 },
												"east": { "texture": "#schematic-glider", "uv": [ 10.5, 14.5, 11.0, 15.0 ], "glow": 150 },
												"south": { "texture": "#schematic-glider", "uv": [ 11.5, 14.0, 12.0, 14.5 ], "glow": 150 },
												"west": { "texture": "#schematic-glider", "uv": [ 10.0, 15.5, 10.5, 16.0 ], "glow": 150 },
												"up": { "texture": "#schematic-glider", "uv": [ 10.5, 15.0, 11.0, 15.5 ], "glow": 150 }
											}
										},
										{
											"name": "seal-glow4",
											"from": [ 0.9, 0.5, 0.7 ],
											"to": [ 1.1, 0.6, 0.9 ],
											"rotationOrigin": [ 1.0, 0.5, 0.8 ],
											"faces": {
												"north": { "texture": "#schematic-glider", "uv": [ 10.5, 14.5, 11.0, 15.0 ], "glow": 150 },
												"east": { "texture": "#schematic-glider", "uv": [ 9.0, 14.0, 9.5, 14.5 ], "glow": 150 },
												"south": { "texture": "#schematic-glider", "uv": [ 9.5, 14.5, 10.0, 15.0 ], "glow": 150 },
												"west": { "texture": "#schematic-glider", "uv": [ 10.5, 14.5, 11.0, 15.0 ], "glow": 150 },
												"up": { "texture": "#schematic-glider", "uv": [ 9.5, 14.5, 10.0, 15.0 ], "glow": 150 }
											}
										},
										{
											"name": "seal-glow5",
											"from": [ 0.7, 0.5, 0.9 ],
											"to": [ 0.9, 0.6, 1.1 ],
											"rotationOrigin": [ 0.8, 0.5, 1.0 ],
											"faces": {
												"north": { "texture": "#schematic-glider", "uv": [ 10.5, 14.5, 11.0, 15.0 ], "glow": 150 },
												"east": { "texture": "#schematic-glider", "uv": [ 9.0, 14.0, 9.5, 14.5 ], "glow": 150 },
												"south": { "texture": "#schematic-glider", "uv": [ 9.5, 14.5, 10.0, 15.0 ], "glow": 150 },
												"west": { "texture": "#schematic-glider", "uv": [ 10.5, 14.5, 11.0, 15.0 ], "glow": 150 },
												"up": { "texture": "#schematic-glider", "uv": [ 9.5, 14.5, 10.0, 15.0 ], "glow": 150 }
											}
										},
										{
											"name": "seal-glow6",
											"from": [ 1.1, 0.5, 0.9 ],
											"to": [ 1.3, 0.6, 1.1 ],
											"rotationOrigin": [ 1.2, 0.5, 1.0 ],
											"faces": {
												"north": { "texture": "#schematic-glider", "uv": [ 9.5, 14.5, 10.0, 15.0 ], "glow": 150 },
												"east": { "texture": "#schematic-glider", "uv": [ 11.0, 14.5, 11.5, 15.0 ], "glow": 150 },
												"south": { "texture": "#schematic-glider", "uv": [ 11.0, 15.0, 11.5, 15.5 ], "glow": 150 },
												"west": { "texture": "#schematic-glider", "uv": [ 9.5, 14.5, 10.0, 15.0 ], "glow": 150 },
												"up": { "texture": "#schematic-glider", "uv": [ 10.5, 14.5, 11.0, 15.0 ], "glow": 150 }
											}
										},
										{
											"name": "seal-string1",
											"from": [ 0.4, -0.2, 2.0 ],
											"to": [ 0.8, 0.2, 10.0 ],
											"rotationOrigin": [ 0.6, 0.0, 2.0 ],
											"rotationY": -5.0,
											"rotationZ": -45.0,
											"faces": {
												"west": { "texture": "#schematic-glider", "uv": [ 15.5, 0.5, 16.0, 8.5 ], "rotation": 90 },
												"up": { "texture": "#schematic-glider", "uv": [ 15.0, 5.5, 15.5, 13.5 ] }
											},
											"children": [
												{
													"name": "seal-stringtie1",
													"from": [ -0.1, -0.1, 8.0 ],
													"to": [ 0.5, 0.5, 9.0 ],
													"rotationOrigin": [ 0.2, 0.1, 8.0 ],
													"faces": {
														"north": { "texture": "#schematic-glider", "uv": [ 15.0, 11.0, 15.5, 11.5 ] },
														"south": { "texture": "#schematic-glider", "uv": [ 15.0, 8.5, 15.5, 9.0 ] },
														"west": { "texture": "#schematic-glider", "uv": [ 15.0, 11.0, 16.0, 11.5 ] },
														"up": { "texture": "#schematic-glider", "uv": [ 15.0, 9.5, 15.5, 10.5 ] },
														"down": { "texture": "#schematic-glider", "uv": [ 15.0, 4.0, 15.5, 5.0 ] }
													}
												}
											]
										},
										{
											"name": "seal-string2",
											"from": [ 1.4, -0.2, 2.0 ],
											"to": [ 1.8, 0.2, 6.0 ],
											"rotationOrigin": [ 1.6, 0.0, 2.0 ],
											"rotationY": 5.0,
											"rotationZ": -45.0,
											"faces": {
												"west": { "texture": "#schematic-glider", "uv": [ 15.5, 0.5, 16.0, 4.5 ], "rotation": 90 },
												"up": { "texture": "#schematic-glider", "uv": [ 15.0, 5.5, 15.5, 9.5 ] }
											},
											"children": [
												{
													"name": "seal-stringtie2",
													"from": [ -0.1, -0.1, 4.0 ],
													"to": [ 0.5, 0.5, 5.0 ],
													"rotationOrigin": [ 0.2, 0.2, 4.0 ],
													"faces": {
														"north": { "texture": "#schematic-glider", "uv": [ 15.5, 10.0, 16.0, 10.5 ] },
														"south": { "texture": "#schematic-glider", "uv": [ 15.5, 8.0, 16.0, 8.5 ] },
														"west": { "texture": "#schematic-glider", "uv": [ 15.0, 9.0, 16.0, 9.5 ] },
														"up": { "texture": "#schematic-glider", "uv": [ 15.0, 10.5, 15.5, 11.5 ] }
													}
												}
											]
										}
									]
								}
							]
						},
						{
							"name": "scroll-smaller",
							"from": [ -2.0, 0.0, 0.0 ],
							"to": [ 0.0, 2.0, 14.0 ],
							"rotationOrigin": [ 0.0, 0.0, 7.0 ],
							"faces": {
								"north": { "texture": "#schematic-glider", "uv": [ 13.0, 14.0, 15.0, 16.0 ] },
								"east": { "texture": "#schematic-glider", "uv": [ 12.0, 0.0, 14.0, 14.0 ], "rotation": 270 },
								"south": { "texture": "#schematic-glider", "uv": [ 13.0, 14.0, 15.0, 16.0 ] },
								"west": { "texture": "#schematic-glider", "uv": [ 0.5, 0.0, 2.5, 14.0 ], "rotation": 90 },
								"up": { "texture": "#schematic-glider", "uv": [ 11.5, 0.0, 13.5, 14.0 ] },
								"down": { "texture": "#schematic-glider", "uv": [ 0.5, 0.0, 2.5, 14.0 ] }
							},
							"children": [
								{
									"name": "edge-smallerS1",
									"from": [ 0.0, 0.0, 14.0 ],
									"to": [ 1.5, 0.5, 14.5 ],
									"rotationOrigin": [ 0.0, 0.0, 14.0 ],
									"faces": {
										"south": { "texture": "#schematic-glider", "uv": [ 0.0, 6.0, 0.5, 7.5 ], "rotation": 90 },
										"west": { "texture": "#schematic-glider", "uv": [ 0.5, 2.5, 1.0, 3.0 ] },
										"up": { "texture": "#schematic-glider", "uv": [ 0.0, 2.0, 0.5, 3.5 ], "rotation": 90 },
										"down": { "texture": "#schematic-glider", "uv": [ 0.0, 4.0, 0.5, 5.5 ], "rotation": 90 }
									}
								},
								{
									"name": "edge-smallerS2",
									"from": [ 0.5, 1.5, 14.0 ],
									"to": [ 2.0, 2.0, 14.5 ],
									"rotationOrigin": [ 0.5, 1.5, 14.0 ],
									"faces": {
										"east": { "texture": "#schematic-glider", "uv": [ 0.0, 2.0, 0.5, 2.5 ] },
										"south": { "texture": "#schematic-glider", "uv": [ 0.0, 0.0, 0.5, 1.5 ], "rotation": 90 },
										"up": { "texture": "#schematic-glider", "uv": [ 0.0, 0.5, 0.5, 2.0 ], "rotation": 90 },
										"down": { "texture": "#schematic-glider", "uv": [ 0.0, 0.0, 1.5, 0.5 ] }
									}
								},
								{
									"name": "edge-smallerS3",
									"from": [ 0.0, 0.5, 14.0 ],
									"to": [ 0.5, 2.0, 14.5 ],
									"rotationOrigin": [ 0.0, 0.5, 14.0 ],
									"faces": {
										"east": { "texture": "#schematic-glider", "uv": [ 0.0, 0.0, 0.5, 1.5 ] },
										"south": { "texture": "#schematic-glider", "uv": [ 0.0, 4.0, 0.5, 5.5 ] },
										"west": { "texture": "#schematic-glider", "uv": [ 0.0, 5.5, 0.5, 7.0 ] },
										"up": { "texture": "#schematic-glider", "uv": [ 0.0, 4.5, 0.5, 5.0 ] }
									}
								},
								{
									"name": "edge-smallerS4",
									"from": [ 1.5, 0.0, 14.0 ],
									"to": [ 2.0, 1.5, 14.5 ],
									"rotationOrigin": [ 1.5, 0.0, 14.0 ],
									"faces": {
										"east": { "texture": "#schematic-glider", "uv": [ 0.0, 3.0, 0.5, 4.5 ] },
										"south": { "texture": "#schematic-glider", "uv": [ 0.0, 3.0, 0.5, 4.5 ] },
										"west": { "texture": "#schematic-glider", "uv": [ 0.0, 0.0, 0.5, 1.5 ] },
										"down": { "texture": "#schematic-glider", "uv": [ 0.5, 1.5, 1.0, 2.0 ] }
									}
								},
								{
									"name": "edge-smallerN1",
									"from": [ 0.0, 0.0, -0.5 ],
									"to": [ 1.5, 0.5, 0.0 ],
									"rotationOrigin": [ 0.0, 0.0, -0.5 ],
									"faces": {
										"north": { "texture": "#schematic-glider", "uv": [ 0.0, 4.0, 0.5, 5.5 ], "rotation": 90, "windMode": [-1,-1,-1,-1] },
										"west": { "texture": "#schematic-glider", "uv": [ 0.0, 0.0, 0.5, 0.5 ] },
										"up": { "texture": "#schematic-glider", "uv": [ 0.0, 3.0, 0.5, 4.5 ], "rotation": 90 },
										"down": { "texture": "#schematic-glider", "uv": [ 0.0, 0.0, 1.5, 0.5 ] }
									}
								},
								{
									"name": "edge-smallerN2",
									"from": [ 0.5, 1.5, -0.5 ],
									"to": [ 2.0, 2.0, 0.0 ],
									"rotationOrigin": [ 0.5, 1.5, -0.5 ],
									"faces": {
										"north": { "texture": "#schematic-glider", "uv": [ 0.0, 3.0, 0.5, 4.5 ], "rotation": 90 },
										"east": { "texture": "#schematic-glider", "uv": [ 0.0, 0.0, 0.5, 0.5 ], "windMode": [-1,-1,-1,-1] },
										"up": { "texture": "#schematic-glider", "uv": [ 0.0, 2.0, 0.5, 3.5 ], "rotation": 90 },
										"down": { "texture": "#schematic-glider", "uv": [ 0.0, 0.0, 1.5, 0.5 ] }
									}
								},
								{
									"name": "edge-smallerN3",
									"from": [ 0.0, 0.5, -0.5 ],
									"to": [ 0.5, 2.0, 0.0 ],
									"rotationOrigin": [ 0.0, 0.5, -0.5 ],
									"faces": {
										"north": { "texture": "#schematic-glider", "uv": [ 0.0, 0.0, 0.5, 1.5 ] },
										"east": { "texture": "#schematic-glider", "uv": [ 0.0, 0.0, 0.5, 1.5 ] },
										"west": { "texture": "#schematic-glider", "uv": [ 0.0, 3.0, 0.5, 4.5 ], "windMode": [-1,-1,-1,-1] },
										"up": { "texture": "#schematic-glider", "uv": [ 0.0, 0.0, 0.5, 0.5 ] }
									}
								},
								{
									"name": "edge-smallerN4",
									"from": [ 1.5, 0.0, -0.5 ],
									"to": [ 2.0, 1.5, 0.0 ],
									"rotationOrigin": [ 1.5, 0.0, -0.5 ],
									"faces": {
										"north": { "texture": "#schematic-glider", "uv": [ 0.0, 0.0, 0.5, 1.5 ] },
										"east": { "texture": "#schematic-glider", "uv": [ 0.0, 0.0, 0.5, 1.5 ] },
										"west": { "texture": "#schematic-glider", "uv": [ 0.0, 0.0, 0.5, 1.5 ] },
										"down": { "texture": "#schematic-glider", "uv": [ 0.0, 0.0, 0.5, 0.5 ] }
									}
								}
							]
						}
					]
				}
			]
		},
		{
			"name": "sword-gold",
			"from": [ 7.16, 0.6399, 6.05 ],
			"to": [ 7.16, 0.6399, 6.05 ],
			"rotationOrigin": [ 7.156, 0.243, 6.222 ],
			"rotationX": 2.2,
			"rotationY": -112.5,
			"faces": {
			},
			"children": [
				{
					"name": "handle base",
					"from": [ -5.103, -0.2835, -0.1701 ],
					"to": [ -2.268, 0.567, 0.6804 ],
					"rotationOrigin": [ -5.9535, -4.536, 0.1134 ],
					"faces": {
						"north": { "texture": "#handle", "uv": [ 0.0, 5.5, 2.835, 6.3505 ] },
						"east": { "texture": "#handle", "uv": [ 0.5, 0.5, 1.3505, 1.3505 ] },
						"south": { "texture": "#handle", "uv": [ 2.5, 12.5, 5.335, 13.3505 ] },
						"west": { "texture": "#handle", "uv": [ 12.0, 8.5, 12.8505, 9.3505 ] },
						"up": { "texture": "#handle", "uv": [ 6.5, 7.0, 9.335, 7.8505 ] },
						"down": { "texture": "#handle", "uv": [ 5.0, 7.0, 7.835, 7.8505 ] }
					},
					"children": [
						{
							"name": "handguard",
							"from": [ 2.3814, -0.1134, -0.1134 ],
							"to": [ 2.9484, 1.0206, 1.3041 ],
							"rotationOrigin": [ 2.3814, -0.1134, -0.1134 ],
							"rotationY": 8.0,
							"faces": {
								"north": { "texture": "#handguard", "uv": [ 0.0, 6.5, 0.567, 7.634 ] },
								"east": { "texture": "#handguard", "uv": [ 10.5, 6.0, 11.9175, 7.134 ] },
								"south": { "texture": "#handguard", "uv": [ 15.0, 7.0, 15.567, 8.134 ] },
								"west": { "texture": "#handguard", "uv": [ 6.0, 6.5, 7.4175, 7.634 ] },
								"up": { "texture": "#handguard", "uv": [ 3.0, 0.0, 4.215, 0.405 ], "rotation": 90 },
								"down": { "texture": "#handguard", "uv": [ 0.0, 2.0, 0.567, 3.4175 ] }
							},
							"children": [
								{
									"name": "wing 3",
									"from": [ -0.9072, 0.2835, -1.0773 ],
									"to": [ -0.0567, 0.8505, -0.7938 ],
									"rotationOrigin": [ -0.9072, 0.4536, -0.9072 ],
									"rotationY": -12.0,
									"rotationZ": 1.0,
									"faces": {
										"north": { "texture": "#handguard", "uv": [ 2.5, 3.0, 3.3505, 3.567 ] },
										"east": { "texture": "#handguard", "uv": [ 4.0, 2.5, 4.2835, 3.067 ] },
										"south": { "texture": "#handguard", "uv": [ 1.0, 1.0, 1.8505, 1.567 ] },
										"west": { "texture": "#handguard", "uv": [ 1.0, 2.0, 1.2835, 2.567 ] },
										"up": { "texture": "#handguard", "uv": [ 11.0, 0.0, 11.8505, 0.2835 ] },
										"down": { "texture": "#handguard", "uv": [ 0.5, 0.5, 1.3505, 0.7835 ] }
									}
								},
								{
									"name": "wing 2",
									"from": [ -0.3969, 0.4536, -0.6237 ],
									"to": [ 0.1701, 0.7371, -0.3402 ],
									"rotationOrigin": [ 0.1134, 0.4536, -0.3402 ],
									"rotationY": -44.0,
									"faces": {
										"north": { "texture": "#handguard", "uv": [ 0.0, 0.0, 0.567, 0.2835 ] },
										"east": { "texture": "#handguard", "uv": [ 0.0, 0.0, 0.2835, 0.2835 ] },
										"south": { "texture": "#handguard", "uv": [ 0.0, 0.0, 0.567, 0.2835 ] },
										"west": { "texture": "#handguard", "uv": [ 0.0, 0.0, 0.2835, 0.2835 ] },
										"up": { "texture": "#handguard", "uv": [ 7.5, 0.0, 8.067, 0.2835 ] },
										"down": { "texture": "#handguard", "uv": [ 0.0, 0.0, 0.567, 0.2835 ] }
									}
								},
								{
									"name": "R wing 2",
									"from": [ -2.7216, 0.2835, 0.567 ],
									"to": [ -1.8711, 0.8505, 0.7938 ],
									"rotationOrigin": [ -1.8711, 0.2835, 0.567 ],
									"rotationY": 11.0,
									"faces": {
										"north": { "texture": "#handguard", "uv": [ 6.0, 13.5, 6.8505, 14.067 ] },
										"east": { "texture": "#handguard", "uv": [ 5.5, 8.0, 5.7835, 8.567 ] },
										"south": { "texture": "#handguard", "uv": [ 1.0, 9.0, 1.8505, 9.567 ] },
										"west": { "texture": "#handguard", "uv": [ 13.5, 5.0, 13.7835, 5.567 ] },
										"up": { "texture": "#handguard", "uv": [ 6.5, 0.0, 7.3505, 0.2835 ] },
										"down": { "texture": "#handguard", "uv": [ 7.0, 0.0, 7.8505, 0.2835 ] }
									}
								},
								{
									"name": "wing 4",
									"from": [ -1.7577, 0.2835, -0.3969 ],
									"to": [ -0.6237, 0.8505, -0.1134 ],
									"rotationOrigin": [ -1.7577, 0.567, -0.3969 ],
									"rotationY": 37.0,
									"faces": {
										"north": { "texture": "#handguard", "uv": [ 1.0, 9.5, 2.134, 10.067 ] },
										"east": { "texture": "#handguard", "uv": [ 7.5, 14.0, 7.7835, 14.567 ] },
										"south": { "texture": "#handguard", "uv": [ 9.5, 2.5, 10.634, 3.067 ] },
										"west": { "texture": "#handguard", "uv": [ 1.5, 13.0, 1.7835, 13.567 ] },
										"up": { "texture": "#handguard", "uv": [ 13.0, 0.0, 14.134, 0.2835 ] },
										"down": { "texture": "#handguard", "uv": [ 13.5, 14.5, 14.634, 14.7835 ] }
									}
								},
								{
									"name": "wing 1",
									"from": [ -0.2835, 0.4536, -0.2268 ],
									"to": [ 0.2835, 0.7371, 0.0567 ],
									"rotationOrigin": [ 0.2268, 0.4536, 0.0567 ],
									"rotationY": -73.0,
									"rotationZ": 0.1,
									"faces": {
										"north": { "texture": "#handguard", "uv": [ 12.5, 3.0, 13.067, 3.2835 ] },
										"east": { "texture": "#handguard", "uv": [ 12.5, 0.0, 12.7835, 0.2835 ] },
										"south": { "texture": "#handguard", "uv": [ 3.0, 2.5, 3.567, 2.7835 ] },
										"west": { "texture": "#handguard", "uv": [ 14.5, 3.5, 14.7835, 3.7835 ] },
										"up": { "texture": "#handguard", "uv": [ 3.0, 0.0, 3.567, 0.2835 ] },
										"down": { "texture": "#handguard", "uv": [ 6.0, 9.0, 6.567, 9.2835 ] }
									}
								},
								{
									"name": "wing 5",
									"from": [ -2.3247, 0.2835, -0.3402 ],
									"to": [ -1.7577, 0.8505, -0.0567 ],
									"rotationOrigin": [ -1.7577, 0.567, -0.3402 ],
									"rotationY": -26.0,
									"rotationZ": -0.1,
									"faces": {
										"north": { "texture": "#handguard", "uv": [ 5.5, 0.5, 6.067, 1.067 ] },
										"east": { "texture": "#handguard", "uv": [ 4.5, 1.5, 4.7835, 2.067 ] },
										"south": { "texture": "#handguard", "uv": [ 10.0, 6.0, 10.567, 6.567 ] },
										"west": { "texture": "#handguard", "uv": [ 7.5, 9.0, 7.7835, 9.567 ] },
										"up": { "texture": "#handguard", "uv": [ 7.0, 0.0, 7.567, 0.2835 ] },
										"down": { "texture": "#handguard", "uv": [ 2.5, 14.0, 3.067, 14.2835 ] }
									}
								},
								{
									"name": "wing 6",
									"from": [ -2.6649, 0.2835, -0.4536 ],
									"to": [ -2.0979, 0.8505, -0.1701 ],
									"rotationOrigin": [ -2.0979, 0.567, -0.4536 ],
									"rotationY": -78.0,
									"faces": {
										"north": { "texture": "#handguard", "uv": [ 1.0, 8.0, 1.567, 8.567 ] },
										"east": { "texture": "#handguard", "uv": [ 15.0, 0.5, 15.2835, 1.067 ] },
										"south": { "texture": "#handguard", "uv": [ 11.0, 3.5, 11.567, 4.067 ] },
										"west": { "texture": "#handguard", "uv": [ 2.5, 0.0, 2.7835, 0.567 ] },
										"up": { "texture": "#handguard", "uv": [ 11.5, 0.0, 12.067, 0.2835 ] },
										"down": { "texture": "#handguard", "uv": [ 2.0, 14.5, 2.567, 14.7835 ] }
									}
								},
								{
									"name": "wing 7",
									"from": [ -2.5515, 0.2835, -0.7938 ],
									"to": [ -2.268, 0.8505, -0.5103 ],
									"rotationOrigin": [ -2.268, 0.567, -0.7938 ],
									"rotationY": -127.0,
									"rotationZ": -0.1,
									"faces": {
										"north": { "texture": "#handguard", "uv": [ 4.5, 8.0, 4.7835, 8.567 ] },
										"east": { "texture": "#handguard", "uv": [ 11.0, 7.0, 11.2835, 7.567 ] },
										"south": { "texture": "#handguard", "uv": [ 5.0, 12.5, 5.2835, 13.067 ] },
										"west": { "texture": "#handguard", "uv": [ 0.5, 11.5, 0.7835, 12.067 ] },
										"up": { "texture": "#handguard", "uv": [ 7.0, 1.5, 7.2835, 1.7835 ] },
										"down": { "texture": "#handguard", "uv": [ 15.0, 1.5, 15.2835, 1.7835 ] }
									}
								},
								{
									"name": "handguard end",
									"from": [ -2.4381, 0.0, -0.4536 ],
									"to": [ -1.8711, 1.134, 0.9639 ],
									"rotationOrigin": [ -2.2113, 0.567, 1.0206 ],
									"rotationY": -15.0,
									"faces": {
										"north": { "texture": "#handguard", "uv": [ 0.0, 0.0, 0.567, 1.134 ] },
										"east": { "texture": "#handguard", "uv": [ 0.0, 0.0, 1.4175, 1.134 ] },
										"south": { "texture": "#handguard", "uv": [ 0.0, 0.0, 0.567, 1.134 ] },
										"west": { "texture": "#handguard", "uv": [ 4.5, 8.5, 5.9175, 9.634 ] },
										"up": { "texture": "#handguard", "uv": [ 0.0, 5.5, 0.567, 6.9175 ] },
										"down": { "texture": "#handguard", "uv": [ 0.0, 0.0, 0.567, 1.4175 ] }
									}
								}
							]
						},
						{
							"name": "base",
							"from": [ 2.835, 0.1701, 0.0 ],
							"to": [ 3.6855, 0.7371, 0.8505 ],
							"rotationOrigin": [ 2.835, 0.1701, 0.0 ],
							"faces": {
								"north": { "texture": "#handle", "uv": [ 7.0, 3.0, 7.8505, 3.567 ] },
								"east": { "texture": "#handle", "uv": [ 1.0, 2.0, 1.8505, 2.567 ] },
								"south": { "texture": "#handle", "uv": [ 6.0, 4.0, 6.8505, 4.567 ] },
								"west": { "texture": "#handle", "uv": [ 6.0, 2.0, 6.8505, 2.567 ] },
								"up": { "texture": "#handle", "uv": [ 5.5, 9.0, 6.3505, 9.8505 ] },
								"down": { "texture": "#handle", "uv": [ 8.0, 0.0, 8.8505, 0.8505 ] }
							},
							"children": [
								{
									"name": "base 2",
									"from": [ 0.8505, 0.0, 0.2835 ],
									"to": [ 4.8195, 0.567, 0.8505 ],
									"rotationOrigin": [ 0.8505, 0.0, 0.2835 ],
									"faces": {
										"north": { "texture": "#handle", "uv": [ 5.0, 8.5, 8.969, 9.067 ] },
										"east": { "texture": "#handle", "uv": [ 0.0, 0.0, 0.567, 0.567 ] },
										"south": { "texture": "#handle", "uv": [ 0.0, 12.5, 3.969, 13.067 ] },
										"west": { "texture": "#handle", "uv": [ 0.0, 0.0, 0.567, 0.567 ] },
										"up": { "texture": "#handle", "uv": [ 8.5, 8.0, 12.469, 8.567 ] },
										"down": { "texture": "#handle", "uv": [ 5.0, 7.0, 8.969, 7.567 ] }
									},
									"children": [
										{
											"name": "rivet 1",
											"from": [ 2.7783, -0.0567, 0.1701 ],
											"to": [ 3.3453, 0.6237, 0.7371 ],
											"rotationOrigin": [ 2.7783, -0.0567, 0.1701 ],
											"faces": {
												"north": { "texture": "#handguard", "uv": [ 8.0, 12.5, 8.567, 13.067 ] },
												"east": { "texture": "#handguard", "uv": [ 5.0, 11.0, 5.567, 11.567 ] },
												"south": { "texture": "#handguard", "uv": [ 12.5, 9.5, 13.067, 10.067 ] },
												"west": { "texture": "#handguard", "uv": [ 10.0, 4.0, 10.567, 4.567 ] },
												"up": { "texture": "#handguard", "uv": [ 2.5, 15.0, 3.067, 15.567 ] },
												"down": { "texture": "#handguard", "uv": [ 15.0, 7.0, 15.567, 7.567 ] }
											},
											"children": [
												{
													"name": "reinforcement 1",
													"from": [ 0.1701, 0.567, -0.567 ],
													"to": [ 0.3969, 0.6804, 0.0 ],
													"rotationOrigin": [ 0.2835, 0.6804, 0.0 ],
													"rotationX": -17.0,
													"rotationY": 6.0,
													"faces": {
														"north": { "texture": "#handguard", "uv": [ 14.5, 9.5, 14.7835, 9.7835 ] },
														"east": { "texture": "#handguard", "uv": [ 1.5, 0.0, 2.067, 0.2835 ] },
														"south": { "texture": "#handguard", "uv": [ 2.5, 9.0, 2.7835, 9.2835 ] },
														"west": { "texture": "#handguard", "uv": [ 12.5, 10.5, 13.067, 10.7835 ] },
														"up": { "texture": "#handguard", "uv": [ 0.0, 12.5, 0.2835, 13.067 ] },
														"down": { "texture": "#handguard", "uv": [ 14.5, 13.5, 14.7835, 14.067 ] }
													}
												},
												{
													"name": "reinforcement 2",
													"from": [ 0.1701, 0.0, -0.567 ],
													"to": [ 0.3969, 0.1134, 0.0 ],
													"rotationOrigin": [ 0.2835, 0.0, 0.0 ],
													"rotationX": 17.0,
													"rotationY": 6.0,
													"faces": {
														"north": { "texture": "#handguard", "uv": [ 1.0, 9.5, 1.2835, 9.7835 ] },
														"east": { "texture": "#handguard", "uv": [ 6.5, 0.0, 7.067, 0.2835 ] },
														"south": { "texture": "#handguard", "uv": [ 3.5, 3.5, 3.7835, 3.7835 ] },
														"west": { "texture": "#handguard", "uv": [ 5.0, 0.0, 5.567, 0.2835 ] },
														"up": { "texture": "#handguard", "uv": [ 14.5, 11.0, 14.7835, 11.567 ] },
														"down": { "texture": "#handguard", "uv": [ 0.0, 12.5, 0.2835, 13.067 ] }
													}
												}
											]
										},
										{
											"name": "rivet 2",
											"from": [ 1.7577, -0.0567, 0.2268 ],
											"to": [ 2.3247, 0.6237, 0.7938 ],
											"rotationOrigin": [ 1.7577, -0.0567, 0.2268 ],
											"faces": {
												"north": { "texture": "#handguard", "uv": [ 6.0, 7.0, 6.567, 7.567 ] },
												"east": { "texture": "#handguard", "uv": [ 8.5, 4.0, 9.067, 4.567 ] },
												"south": { "texture": "#handguard", "uv": [ 1.5, 13.5, 2.067, 14.067 ] },
												"west": { "texture": "#handguard", "uv": [ 5.0, 8.5, 5.567, 9.067 ] },
												"up": { "texture": "#handguard", "uv": [ 15.0, 1.0, 15.567, 1.567 ] },
												"down": { "texture": "#handguard", "uv": [ 0.0, 7.5, 0.567, 8.067 ] }
											},
											"children": [
												{
													"name": "reinforcement 45",
													"from": [ 0.1701, 0.567, -0.5103 ],
													"to": [ 0.3969, 0.6804, 0.0567 ],
													"rotationOrigin": [ 0.2835, 0.6804, 0.0567 ],
													"rotationX": -11.0,
													"faces": {
														"north": { "texture": "#handguard", "uv": [ 5.5, 1.0, 5.7835, 1.2835 ] },
														"east": { "texture": "#handguard", "uv": [ 10.0, 15.5, 10.567, 15.7835 ] },
														"south": { "texture": "#handguard", "uv": [ 9.0, 8.5, 9.2835, 8.7835 ] },
														"west": { "texture": "#handguard", "uv": [ 13.5, 15.5, 14.067, 15.7835 ] },
														"up": { "texture": "#handguard", "uv": [ 0.0, 1.5, 0.2835, 2.067 ] },
														"down": { "texture": "#handguard", "uv": [ 14.5, 6.0, 14.7835, 6.567 ] }
													}
												},
												{
													"name": "reinforcement 46",
													"from": [ 0.1701, 0.0, -0.567 ],
													"to": [ 0.3969, 0.1134, 0.0 ],
													"rotationOrigin": [ 0.2835, 0.0, 0.0 ],
													"rotationX": 11.0,
													"faces": {
														"north": { "texture": "#handguard", "uv": [ 1.0, 5.5, 1.2835, 5.7835 ] },
														"east": { "texture": "#handguard", "uv": [ 12.5, 0.0, 13.067, 0.2835 ] },
														"south": { "texture": "#handguard", "uv": [ 5.0, 11.0, 5.2835, 11.2835 ] },
														"west": { "texture": "#handguard", "uv": [ 4.5, 0.0, 5.067, 0.2835 ] },
														"up": { "texture": "#handguard", "uv": [ 9.0, 6.0, 9.2835, 6.567 ] },
														"down": { "texture": "#handguard", "uv": [ 0.0, 7.0, 0.2835, 7.567 ] }
													}
												}
											]
										},
										{
											"name": "rivet 3",
											"from": [ 0.6804, -0.0567, 0.1701 ],
											"to": [ 1.2474, 0.6237, 0.7371 ],
											"rotationOrigin": [ 0.6804, -0.0567, 0.1701 ],
											"faces": {
												"north": { "texture": "#handguard", "uv": [ 6.5, 8.0, 7.067, 8.567 ] },
												"east": { "texture": "#handguard", "uv": [ 9.5, 1.0, 10.067, 1.567 ] },
												"south": { "texture": "#handguard", "uv": [ 4.0, 2.5, 4.567, 3.067 ] },
												"west": { "texture": "#handguard", "uv": [ 4.5, 10.5, 5.067, 11.067 ] },
												"up": { "texture": "#handguard", "uv": [ 0.0, 7.0, 0.567, 7.567 ] },
												"down": { "texture": "#handguard", "uv": [ 15.0, 3.5, 15.567, 4.067 ] }
											},
											"children": [
												{
													"name": "reinforcement 48",
													"from": [ 0.1701, 0.567, -0.567 ],
													"to": [ 0.3969, 0.6804, 0.0 ],
													"rotationOrigin": [ 0.2835, 0.6804, 0.0 ],
													"rotationX": -17.0,
													"faces": {
														"north": { "texture": "#handguard", "uv": [ 10.0, 1.0, 10.2835, 1.2835 ] },
														"east": { "texture": "#handguard", "uv": [ 10.0, 0.0, 10.567, 0.2835 ] },
														"south": { "texture": "#handguard", "uv": [ 14.5, 7.5, 14.7835, 7.7835 ] },
														"west": { "texture": "#handguard", "uv": [ 13.0, 0.0, 13.567, 0.2835 ] },
														"up": { "texture": "#handguard", "uv": [ 0.0, 13.0, 0.2835, 13.567 ] },
														"down": { "texture": "#handguard", "uv": [ 0.5, 2.5, 0.7835, 3.067 ] }
													}
												},
												{
													"name": "reinforcement 49",
													"from": [ 0.1701, 0.0, -0.567 ],
													"to": [ 0.3969, 0.1134, 0.0 ],
													"rotationOrigin": [ 0.2835, 0.0, 0.0 ],
													"rotationX": 17.0,
													"faces": {
														"north": { "texture": "#handguard", "uv": [ 10.0, 1.0, 10.2835, 1.2835 ] },
														"east": { "texture": "#handguard", "uv": [ 6.5, 0.0, 7.067, 0.2835 ] },
														"south": { "texture": "#handguard", "uv": [ 13.5, 4.0, 13.7835, 4.2835 ] },
														"west": { "texture": "#handguard", "uv": [ 3.5, 0.0, 4.067, 0.2835 ] },
														"up": { "texture": "#handguard", "uv": [ 0.0, 6.0, 0.2835, 6.567 ] },
														"down": { "texture": "#handguard", "uv": [ 0.0, 6.0, 0.2835, 6.567 ] }
													}
												}
											]
										},
										{
											"name": "rivet 4",
											"from": [ -0.3969, -0.0567, 0.2268 ],
											"to": [ 0.1701, 0.6237, 0.7938 ],
											"rotationOrigin": [ -0.3969, -0.0567, 0.2268 ],
											"faces": {
												"north": { "texture": "#handguard", "uv": [ 7.0, 6.5, 7.567, 7.067 ] },
												"east": { "texture": "#handguard", "uv": [ 6.5, 8.0, 7.067, 8.567 ] },
												"south": { "texture": "#handguard", "uv": [ 6.5, 7.5, 7.067, 8.067 ] },
												"west": { "texture": "#handguard", "uv": [ 8.0, 8.0, 8.567, 8.567 ] },
												"up": { "texture": "#handguard", "uv": [ 15.0, 12.0, 15.567, 12.567 ] },
												"down": { "texture": "#handguard", "uv": [ 0.0, 7.0, 0.567, 7.567 ] }
											},
											"children": [
												{
													"name": "reinforcement 51",
													"from": [ 0.1701, 0.567, -0.3402 ],
													"to": [ 0.3969, 0.6804, 0.2268 ],
													"rotationOrigin": [ 0.2835, 0.6804, 0.2268 ],
													"rotationX": -6.0,
													"rotationY": -7.0,
													"faces": {
														"north": { "texture": "#handguard", "uv": [ 5.5, 14.0, 5.7835, 14.2835 ] },
														"east": { "texture": "#handguard", "uv": [ 2.5, 0.0, 3.067, 0.2835 ] },
														"south": { "texture": "#handguard", "uv": [ 8.5, 7.0, 8.7835, 7.2835 ] },
														"west": { "texture": "#handguard", "uv": [ 2.0, 0.0, 2.567, 0.2835 ] },
														"up": { "texture": "#handguard", "uv": [ 0.0, 3.5, 0.2835, 4.067 ] },
														"down": { "texture": "#handguard", "uv": [ 9.5, 5.5, 9.7835, 6.067 ] }
													}
												},
												{
													"name": "reinforcement 52",
													"from": [ 0.1701, 0.0, -0.3402 ],
													"to": [ 0.3969, 0.1134, 0.2268 ],
													"rotationOrigin": [ 0.2835, 0.0, 0.2268 ],
													"rotationX": 6.0,
													"rotationY": -7.0,
													"faces": {
														"north": { "texture": "#handguard", "uv": [ 0.0, 9.5, 0.2835, 9.7835 ] },
														"east": { "texture": "#handguard", "uv": [ 6.5, 0.0, 7.067, 0.2835 ] },
														"south": { "texture": "#handguard", "uv": [ 2.5, 10.0, 2.7835, 10.2835 ] },
														"west": { "texture": "#handguard", "uv": [ 6.5, 0.0, 7.067, 0.2835 ] },
														"up": { "texture": "#handguard", "uv": [ 3.0, 14.0, 3.2835, 14.567 ] },
														"down": { "texture": "#handguard", "uv": [ 0.0, 3.5, 0.2835, 4.067 ] }
													}
												}
											]
										},
										{
											"name": "rivet 49",
											"from": [ 3.4587, -0.0567, 0.2835 ],
											"to": [ 3.6855, 0.6237, 0.5103 ],
											"rotationOrigin": [ 3.4587, -0.0567, 0.2835 ],
											"faces": {
												"north": { "texture": "#handguard", "uv": [ 2.5, 12.5, 2.7835, 13.067 ] },
												"east": { "texture": "#handguard", "uv": [ 2.5, 9.0, 2.7835, 9.567 ] },
												"south": { "texture": "#handguard", "uv": [ 1.0, 1.5, 1.2835, 2.067 ] },
												"west": { "texture": "#handguard", "uv": [ 2.5, 11.5, 2.7835, 12.067 ] },
												"up": { "texture": "#handguard", "uv": [ 1.0, 10.0, 1.2835, 10.2835 ] },
												"down": { "texture": "#handguard", "uv": [ 10.0, 1.5, 10.2835, 1.7835 ] }
											}
										},
										{
											"name": "rivet 50",
											"from": [ 2.4381, -0.0567, 0.2835 ],
											"to": [ 2.6649, 0.6237, 0.5103 ],
											"rotationOrigin": [ 2.4381, -0.0567, 0.2835 ],
											"faces": {
												"north": { "texture": "#handguard", "uv": [ 0.0, 8.5, 0.2835, 9.067 ] },
												"east": { "texture": "#handguard", "uv": [ 0.0, 9.5, 0.2835, 10.067 ] },
												"south": { "texture": "#handguard", "uv": [ 0.0, 3.0, 0.2835, 3.567 ] },
												"west": { "texture": "#handguard", "uv": [ 0.0, 8.0, 0.2835, 8.567 ] },
												"up": { "texture": "#handguard", "uv": [ 1.0, 14.0, 1.2835, 14.2835 ] },
												"down": { "texture": "#handguard", "uv": [ 5.5, 1.0, 5.7835, 1.2835 ] }
											}
										},
										{
											"name": "rivet 51",
											"from": [ 1.3608, -0.0567, 0.2835 ],
											"to": [ 1.5876, 0.6237, 0.5103 ],
											"rotationOrigin": [ 1.3608, -0.0567, 0.2835 ],
											"faces": {
												"north": { "texture": "#handguard", "uv": [ 1.5, 7.5, 1.7835, 8.067 ] },
												"east": { "texture": "#handguard", "uv": [ 3.0, 11.5, 3.2835, 12.067 ] },
												"south": { "texture": "#handguard", "uv": [ 2.0, 8.5, 2.2835, 9.067 ] },
												"west": { "texture": "#handguard", "uv": [ 2.0, 11.5, 2.2835, 12.067 ] },
												"up": { "texture": "#handguard", "uv": [ 3.0, 13.5, 3.2835, 13.7835 ] },
												"down": { "texture": "#handguard", "uv": [ 4.5, 10.5, 4.7835, 10.7835 ] }
											}
										},
										{
											"name": "rivet 52",
											"from": [ 0.3402, -0.0567, 0.2835 ],
											"to": [ 0.567, 0.6237, 0.5103 ],
											"rotationOrigin": [ 0.3402, -0.0567, 0.2835 ],
											"faces": {
												"north": { "texture": "#handguard", "uv": [ 0.0, 12.5, 0.2835, 13.067 ] },
												"east": { "texture": "#handguard", "uv": [ 0.0, 8.5, 0.2835, 9.067 ] },
												"south": { "texture": "#handguard", "uv": [ 0.0, 2.5, 0.2835, 3.067 ] },
												"west": { "texture": "#handguard", "uv": [ 0.0, 8.5, 0.2835, 9.067 ] },
												"up": { "texture": "#handguard", "uv": [ 1.0, 14.0, 1.2835, 14.2835 ] },
												"down": { "texture": "#handguard", "uv": [ 5.5, 1.0, 5.7835, 1.2835 ] }
											}
										}
									]
								}
							]
						},
						{
							"name": "cloth",
							"from": [ 0.5103, -0.0567, -0.0567 ],
							"to": [ 2.7783, 0.9072, 0.9072 ],
							"rotationOrigin": [ 0.5103, -0.0567, -0.0567 ],
							"faces": {
								"north": { "texture": "#cloth", "uv": [ 3.0, 4.5, 5.268, 5.3505 ] },
								"east": { "texture": "#cloth", "uv": [ 2.5, 2.5, 3.3505, 3.3505 ] },
								"south": { "texture": "#cloth", "uv": [ 3.0, 3.0, 5.268, 3.8505 ] },
								"west": { "texture": "#cloth", "uv": [ 3.0, 3.5, 3.8505, 4.3505 ] },
								"up": { "texture": "#cloth", "uv": [ 9.0, 5.5, 11.268, 6.3505 ] },
								"down": { "texture": "#cloth", "uv": [ 5.5, 4.5, 7.768, 5.3505 ] }
							}
						}
					]
				},
				{
					"name": "segment 1",
					"from": [ -2.268, 0.0454, -0.3969 ],
					"to": [ 1.701, 0.2722, 0.7371 ],
					"rotationOrigin": [ -1.701, 0.0567, 0.4536 ],
					"faces": {
						"north": { "texture": "#steel", "uv": [ 1.5, 10.0, 5.469, 10.2835 ] },
						"east": { "texture": "#steel", "uv": [ 8.5, 1.0, 9.634, 1.2835 ] },
						"south": { "texture": "#steel", "uv": [ 9.0, 8.5, 12.969, 8.7835 ] },
						"west": { "texture": "#steel", "uv": [ 0.0, 1.5, 1.134, 1.7835 ] },
						"up": { "texture": "#steel", "uv": [ 4.5, 11.0, 8.469, 12.134 ] },
						"down": { "texture": "#steel", "uv": [ 3.0, 0.5, 6.969, 1.634 ] }
					},
					"children": [
						{
							"name": "segment 2",
							"from": [ 3.7989, 0.0283, 0.0 ],
							"to": [ 5.2164, 0.1984, 1.701 ],
							"rotationOrigin": [ 3.7989, 0.0, 0.0 ],
							"rotationY": 5.0,
							"faces": {
								"north": { "texture": "#steel", "uv": [ 12.5, 7.5, 13.9175, 7.7835 ] },
								"east": { "texture": "#steel", "uv": [ 8.5, 14.0, 10.201, 14.2835 ] },
								"south": { "texture": "#steel", "uv": [ 10.0, 4.0, 11.4175, 4.2835 ] },
								"west": { "texture": "#steel", "uv": [ 5.0, 13.0, 6.701, 13.2835 ] },
								"up": { "texture": "#steel", "uv": [ 11.0, 5.5, 12.4175, 7.201 ] },
								"down": { "texture": "#steel", "uv": [ 8.5, 11.0, 9.9175, 12.701 ] }
							},
							"children": [
								{
									"name": "segment 3",
									"from": [ 1.0773, 0.0113, 0.0 ],
									"to": [ 3.0618, 0.1588, 1.7577 ],
									"rotationOrigin": [ 1.0773, 0.0, 0.0 ],
									"rotationY": 10.0,
									"faces": {
										"north": { "texture": "#steel", "uv": [ 0.0, 12.0, 1.9845, 12.2835 ] },
										"east": { "texture": "#steel", "uv": [ 9.5, 10.5, 11.201, 10.7835 ] },
										"south": { "texture": "#steel", "uv": [ 0.5, 6.0, 2.4845, 6.2835 ] },
										"west": { "texture": "#steel", "uv": [ 1.0, 2.5, 2.701, 2.7835 ] },
										"up": { "texture": "#steel", "uv": [ 0.0, 2.0, 1.9845, 3.701 ] },
										"down": { "texture": "#steel", "uv": [ 8.5, 8.5, 10.4845, 10.201 ] }
									},
									"children": [
										{
											"name": "segment 4",
											"from": [ 1.3041, 0.017, 0.0567 ],
											"to": [ 2.7216, 0.1304, 1.7577 ],
											"rotationOrigin": [ 1.3041, 0.0, 0.0567 ],
											"rotationY": 15.0,
											"faces": {
												"north": { "texture": "#steel", "uv": [ 1.5, 7.0, 2.9175, 7.2835 ] },
												"east": { "texture": "#steel", "uv": [ 7.0, 1.5, 8.701, 1.7835 ] },
												"south": { "texture": "#steel", "uv": [ 6.0, 13.0, 7.4175, 13.2835 ] },
												"west": { "texture": "#steel", "uv": [ 1.5, 3.5, 3.201, 3.7835 ] },
												"up": { "texture": "#steel", "uv": [ 12.0, 3.0, 13.4175, 4.701 ] },
												"down": { "texture": "#steel", "uv": [ 9.0, 7.0, 10.4175, 8.701 ] }
											},
											"children": [
												{
													"name": "segment 5",
													"from": [ 0.9072, 0.0113, 0.1134 ],
													"to": [ 2.3247, 0.1021, 1.5309 ],
													"rotationOrigin": [ 0.9072, 0.0, 0.1134 ],
													"rotationY": 15.0,
													"faces": {
														"north": { "texture": "#steel", "uv": [ 8.0, 0.5, 9.4175, 0.7835 ] },
														"east": { "texture": "#steel", "uv": [ 11.0, 14.5, 12.4175, 14.7835 ] },
														"south": { "texture": "#steel", "uv": [ 12.0, 6.0, 13.4175, 6.2835 ] },
														"west": { "texture": "#steel", "uv": [ 9.0, 11.5, 10.4175, 11.7835 ] },
														"up": { "texture": "#steel", "uv": [ 12.5, 9.0, 13.9175, 10.4175 ] },
														"down": { "texture": "#steel", "uv": [ 12.5, 10.5, 13.9175, 11.9175 ] }
													},
													"children": [
														{
															"name": "segment 6",
															"from": [ 1.0773, 0.0113, 0.0 ],
															"to": [ 1.8711, 0.068, 1.134 ],
															"rotationOrigin": [ 1.0773, 0.0, 0.0 ],
															"rotationY": 15.0,
															"faces": {
																"north": { "texture": "#steel", "uv": [ 11.5, 15.0, 12.067, 15.2835 ] },
																"east": { "texture": "#steel", "uv": [ 3.5, 9.0, 4.634, 9.2835 ] },
																"south": { "texture": "#steel", "uv": [ 7.0, 2.5, 7.567, 2.7835 ] },
																"west": { "texture": "#steel", "uv": [ 8.5, 2.0, 9.634, 2.2835 ] },
																"up": { "texture": "#steel", "uv": [ 8.5, 0.0, 9.067, 1.134 ] },
																"down": { "texture": "#steel", "uv": [ 3.5, 0.5, 4.067, 1.634 ] }
															},
															"children": [
																{
																	"name": "segment 7taper",
																	"from": [ 0.4252, 0.0113, 0.567 ],
																	"to": [ 2.1262, 0.0454, 1.134 ],
																	"rotationOrigin": [ 0.4536, -0.0057, 0.567 ],
																	"rotationY": 34.5,
																	"faces": {
																		"north": { "texture": "#steel", "uv": [ 12.5, 10.5, 14.201, 10.7835 ] },
																		"east": { "texture": "#steel", "uv": [ 0.5, 10.5, 1.067, 10.7835 ] },
																		"south": { "texture": "#steel", "uv": [ 12.5, 5.5, 14.201, 5.7835 ] },
																		"west": { "texture": "#steel", "uv": [ 10.0, 14.0, 10.567, 14.2835 ] },
																		"up": { "texture": "#steel", "uv": [ 4.0, 15.0, 5.701, 15.567 ] },
																		"down": { "texture": "#steel", "uv": [ 4.5, 15.0, 6.201, 15.567 ] }
																	}
																},
																{
																	"name": "segment 8taper",
																	"from": [ 0.652, 0.017, 0.0567 ],
																	"to": [ 2.0695, 0.0397, 0.6237 ],
																	"rotationOrigin": [ 0.6804, 0.0, 0.0567 ],
																	"rotationY": 23.0,
																	"faces": {
																		"north": { "texture": "#steel", "uv": [ 4.5, 10.0, 5.9175, 10.2835 ] },
																		"east": { "texture": "#steel", "uv": [ 4.5, 14.5, 5.067, 14.7835 ] },
																		"south": { "texture": "#steel", "uv": [ 8.0, 7.5, 9.4175, 7.7835 ] },
																		"west": { "texture": "#steel", "uv": [ 12.0, 0.5, 12.567, 0.7835 ] },
																		"up": { "texture": "#steel", "uv": [ 4.5, 15.0, 5.9175, 15.567 ] },
																		"down": { "texture": "#steel", "uv": [ 5.0, 14.5, 6.4175, 15.067 ] }
																	}
																},
																{
																	"name": "segment 7taper32",
																	"from": [ 1.8427, 0.0113, -0.3402 ],
																	"to": [ 2.4097, 0.0454, 0.0567 ],
																	"rotationOrigin": [ 1.8711, -0.0057, -0.3402 ],
																	"rotationY": 42.5,
																	"faces": {
																		"north": { "texture": "#steel", "uv": [ 14.5, 11.5, 15.067, 11.7835 ] },
																		"east": { "texture": "#steel", "uv": [ 5.0, 4.0, 5.2835, 4.2835 ] },
																		"south": { "texture": "#steel", "uv": [ 11.0, 15.0, 11.567, 15.2835 ] },
																		"west": { "texture": "#steel", "uv": [ 5.0, 13.5, 5.2835, 13.7835 ] },
																		"up": { "texture": "#steel", "uv": [ 5.5, 15.5, 6.067, 15.7835 ] },
																		"down": { "texture": "#steel", "uv": [ 6.0, 15.0, 6.567, 15.2835 ] }
																	}
																}
															]
														}
													]
												}
											]
										}
									]
								}
							]
						},
						{
							"name": "razor",
							"from": [ 0.2268, 0.085, -0.5103 ],
							"to": [ 0.7938, 0.1417, 0.3402 ],
							"rotationOrigin": [ 0.5103, 0.0567, -0.2268 ],
							"rotationY": -45.0,
							"rotationZ": -0.2,
							"faces": {
								"north": { "texture": "#steel", "uv": [ 10.5, 8.5, 11.067, 8.7835 ] },
								"west": { "texture": "#steel", "uv": [ 3.5, 2.5, 4.3505, 2.7835 ] },
								"up": { "texture": "#steel", "uv": [ 10.0, 0.5, 10.567, 1.3505 ] },
								"down": { "texture": "#steel", "uv": [ 4.0, 0.5, 4.567, 1.3505 ] }
							}
						},
						{
							"name": "razor24",
							"from": [ 0.8505, 0.085, -0.7371 ],
							"to": [ 1.701, 0.1417, 0.6804 ],
							"rotationOrigin": [ 1.134, 0.0567, -0.4536 ],
							"rotationY": -45.0,
							"faces": {
								"north": { "texture": "#steel", "uv": [ 13.5, 3.0, 14.3505, 3.2835 ] },
								"west": { "texture": "#steel", "uv": [ 6.0, 13.0, 7.4175, 13.2835 ] },
								"up": { "texture": "#steel", "uv": [ 8.5, 0.0, 9.715, 0.81 ], "rotation": 90 },
								"down": { "texture": "#steel", "uv": [ 3.5, 0.0, 4.3505, 1.4175 ] }
							}
						},
						{
							"name": "razor25",
							"from": [ 1.5309, 0.085, -0.4536 ],
							"to": [ 2.0979, 0.1417, 0.3969 ],
							"rotationOrigin": [ 1.8144, 0.0567, -0.1701 ],
							"rotationY": -45.0,
							"rotationZ": -0.2,
							"faces": {
								"north": { "texture": "#steel", "uv": [ 1.0, 0.0, 1.567, 0.2835 ] },
								"west": { "texture": "#steel", "uv": [ 10.5, 10.5, 11.3505, 10.7835 ] },
								"up": { "texture": "#steel", "uv": [ 7.0, 14.0, 7.567, 14.8505 ] },
								"down": { "texture": "#steel", "uv": [ 4.0, 0.5, 4.567, 1.3505 ] }
							}
						},
						{
							"name": "razor26",
							"from": [ 2.1546, 0.085, -0.567 ],
							"to": [ 3.0051, 0.1417, 0.567 ],
							"rotationOrigin": [ 2.4381, 0.0567, -0.2835 ],
							"rotationY": -45.0,
							"faces": {
								"north": { "texture": "#steel", "uv": [ 1.0, 3.5, 1.8505, 3.7835 ] },
								"west": { "texture": "#steel", "uv": [ 12.0, 7.0, 13.134, 7.2835 ] },
								"up": { "texture": "#steel", "uv": [ 4.0, 3.0, 4.8505, 4.134 ] },
								"down": { "texture": "#steel", "uv": [ 3.0, 0.5, 3.8505, 1.634 ] }
							}
						},
						{
							"name": "razor27",
							"from": [ 2.7783, 0.085, -0.3402 ],
							"to": [ 3.6288, 0.1417, 0.2268 ],
							"rotationOrigin": [ 3.0618, 0.0567, -0.0567 ],
							"rotationY": -45.0,
							"rotationZ": -0.2,
							"faces": {
								"north": { "texture": "#steel", "uv": [ 0.5, 8.5, 1.3505, 8.7835 ] },
								"west": { "texture": "#steel", "uv": [ 2.5, 11.5, 3.067, 11.7835 ] },
								"up": { "texture": "#steel", "uv": [ 8.0, 14.0, 8.8505, 14.567 ] },
								"down": { "texture": "#steel", "uv": [ 0.0, 9.5, 0.8505, 10.067 ] }
							}
						},
						{
							"name": "razor28",
							"from": [ 3.402, 0.0567, -0.5103 ],
							"to": [ 3.969, 0.1417, 0.0567 ],
							"rotationOrigin": [ 3.6855, 0.1134, -0.2268 ],
							"rotationY": -45.0,
							"faces": {
								"north": { "texture": "#steel", "uv": [ 11.5, 4.0, 12.067, 4.2835 ] },
								"west": { "texture": "#steel", "uv": [ 7.0, 9.0, 7.567, 9.2835 ] },
								"up": { "texture": "#steel", "uv": [ 12.5, 12.5, 13.067, 13.067 ] },
								"down": { "texture": "#steel", "uv": [ 7.0, 0.5, 7.567, 1.067 ] }
							}
						},
						{
							"name": "razor29",
							"from": [ 3.969, 0.085, -0.3402 ],
							"to": [ 4.536, 0.1417, 0.5103 ],
							"rotationOrigin": [ 4.2525, 0.1134, -0.0567 ],
							"rotationY": -45.0,
							"rotationZ": -0.2,
							"faces": {
								"north": { "texture": "#steel", "uv": [ 11.0, 8.0, 11.567, 8.2835 ] },
								"west": { "texture": "#steel", "uv": [ 8.5, 1.5, 9.3505, 1.7835 ] },
								"up": { "texture": "#steel", "uv": [ 10.0, 7.5, 10.567, 8.3505 ] },
								"down": { "texture": "#steel", "uv": [ 12.5, 2.5, 13.067, 3.3505 ] }
							}
						},
						{
							"name": "razor30",
							"from": [ 4.536, 0.085, -0.5103 ],
							"to": [ 5.103, 0.1417, 0.0567 ],
							"rotationOrigin": [ 4.8195, 0.0567, -0.2268 ],
							"rotationY": -45.0,
							"faces": {
								"north": { "texture": "#steel", "uv": [ 9.0, 6.0, 9.567, 6.2835 ] },
								"west": { "texture": "#steel", "uv": [ 14.0, 14.5, 14.567, 14.7835 ] },
								"up": { "texture": "#steel", "uv": [ 10.0, 3.0, 10.567, 3.567 ] },
								"down": { "texture": "#steel", "uv": [ 11.0, 6.0, 11.567, 6.567 ] }
							}
						},
						{
							"name": "razor31",
							"from": [ 5.2164, 0.085, -0.4536 ],
							"to": [ 5.7834, 0.1417, 0.1134 ],
							"rotationOrigin": [ 5.4999, 0.0567, -0.1701 ],
							"rotationY": -35.0,
							"rotationZ": -0.2,
							"faces": {
								"north": { "texture": "#steel", "uv": [ 2.5, 3.0, 3.067, 3.2835 ] },
								"west": { "texture": "#steel", "uv": [ 8.0, 5.0, 8.567, 5.2835 ] },
								"up": { "texture": "#steel", "uv": [ 0.5, 5.0, 1.067, 5.567 ] },
								"down": { "texture": "#steel", "uv": [ 12.5, 12.0, 13.067, 12.567 ] }
							}
						},
						{
							"name": "razor32",
							"from": [ 5.8401, 0.085, -0.5103 ],
							"to": [ 6.4071, 0.1417, 0.0567 ],
							"rotationOrigin": [ 6.1236, 0.0567, -0.2268 ],
							"rotationY": -22.5,
							"faces": {
								"north": { "texture": "#steel", "uv": [ 10.5, 15.0, 11.067, 15.2835 ] },
								"west": { "texture": "#steel", "uv": [ 9.0, 4.5, 9.567, 4.7835 ] },
								"up": { "texture": "#steel", "uv": [ 12.5, 2.0, 13.067, 2.567 ] },
								"down": { "texture": "#steel", "uv": [ 5.5, 7.5, 6.067, 8.067 ] }
							}
						},
						{
							"name": "razor33",
							"from": [ 6.3504, 0.085, -0.9072 ],
							"to": [ 6.9174, 0.1417, -0.3402 ],
							"rotationOrigin": [ 6.6339, 0.1701, -0.6237 ],
							"rotationY": -22.5,
							"faces": {
								"north": { "texture": "#steel", "uv": [ 14.5, 0.5, 15.067, 0.7835 ] },
								"west": { "texture": "#steel", "uv": [ 5.5, 0.5, 6.067, 0.7835 ] },
								"up": { "texture": "#steel", "uv": [ 4.5, 2.5, 5.067, 3.067 ] },
								"down": { "texture": "#steel", "uv": [ 11.0, 7.5, 11.567, 8.067 ] }
							}
						},
						{
							"name": "razor34",
							"from": [ 6.9741, 0.085, -1.0206 ],
							"to": [ 7.5411, 0.1417, -0.4536 ],
							"rotationOrigin": [ 7.2576, 0.1701, -0.7371 ],
							"rotationY": -22.5,
							"faces": {
								"north": { "texture": "#steel", "uv": [ 13.0, 2.0, 13.567, 2.2835 ] },
								"west": { "texture": "#steel", "uv": [ 9.0, 11.0, 9.567, 11.2835 ] },
								"up": { "texture": "#steel", "uv": [ 10.5, 7.5, 11.067, 8.067 ] },
								"down": { "texture": "#steel", "uv": [ 6.0, 13.5, 6.567, 14.067 ] }
							}
						}
					]
				}
			]
		},
		{
			"name": "temporal",
			"from": [ 4.75, -0.55, 13.65 ],
			"to": [ 5.05, 1.25, 14.01 ],
			"rotationOrigin": [ 5.2, 0.35, 13.8 ],
			"rotationX": -90.0,
			"rotationZ": -45.0,
			"faces": {
				"north": { "texture": "#temporal", "uv": [ 0.0, 0.0, 0.5, 1.5 ] },
				"east": { "texture": "#temporal", "uv": [ 0.0, 0.0, 0.5, 1.5 ] },
				"south": { "texture": "#temporal", "uv": [ 9.0, 9.0, 9.5, 10.5 ], "glow": 75 },
				"west": { "texture": "#temporal", "uv": [ 0.0, 0.0, 0.5, 1.5 ] },
				"up": { "texture": "#temporal", "uv": [ 7.0, 6.0, 7.5, 6.5 ] },
				"down": { "texture": "#temporal", "uv": [ 5.0, 5.0, 5.5, 5.5 ] }
			},
			"children": [
				{
					"name": "vertical",
					"from": [ 0.6, 0.0, 0.0 ],
					"to": [ 0.9, 1.8, 0.36 ],
					"faces": {
						"north": { "texture": "#temporal", "uv": [ 6.0, 5.0, 6.3, 6.8 ] },
						"east": { "texture": "#temporal", "uv": [ 5.0, 6.0, 5.3, 7.8 ] },
						"south": { "texture": "#temporal", "uv": [ 13.0, 10.0, 13.3, 11.8 ], "glow": 75 },
						"west": { "texture": "#temporal", "uv": [ 0.0, 0.0, 0.3, 1.8 ] },
						"up": { "texture": "#temporal", "uv": [ 3.0, 4.0, 3.3, 4.3 ] },
						"down": { "texture": "#temporal", "uv": [ 0.0, 0.0, 0.3, 0.3 ] }
					}
				},
				{
					"name": "horizontal 1",
					"from": [ -0.45, 1.05, -0.03 ],
					"to": [ 1.35, 1.35, 0.39 ],
					"faces": {
						"north": { "texture": "#temporal", "uv": [ 0.0, 1.0, 1.5, 1.5 ] },
						"east": { "texture": "#temporal", "uv": [ 4.0, 0.0, 4.5, 0.5 ] },
						"south": { "texture": "#temporal", "uv": [ 3.0, 7.0, 4.5, 7.5 ], "glow": 75 },
						"west": { "texture": "#temporal", "uv": [ 6.0, 7.0, 6.5, 7.5 ] },
						"up": { "texture": "#temporal", "uv": [ 0.0, 1.0, 1.5, 1.5 ] },
						"down": { "texture": "#temporal", "uv": [ 0.0, 0.0, 1.5, 0.5 ] }
					}
				},
				{
					"name": "horizontal 2",
					"from": [ -0.45, 0.45, -0.03 ],
					"to": [ 1.35, 0.75, 0.39 ],
					"faces": {
						"north": { "texture": "#temporal", "uv": [ 0.0, 0.0, 1.5, 0.5 ] },
						"east": { "texture": "#temporal", "uv": [ 2.0, 11.0, 2.5, 11.5 ] },
						"south": { "texture": "#temporal", "uv": [ 8.0, 6.0, 9.5, 6.5 ], "glow": 75 },
						"west": { "texture": "#temporal", "uv": [ 13.0, 12.0, 13.5, 12.5 ] },
						"up": { "texture": "#temporal", "uv": [ 0.0, 0.0, 1.5, 0.5 ] },
						"down": { "texture": "#temporal", "uv": [ 0.0, 0.0, 1.5, 0.5 ] }
					}
				},
				{
					"name": "secondary vertical 1",
					"from": [ -0.3, 0.15, 0.03 ],
					"to": [ 0.0, 1.65, 0.33 ],
					"faces": {
						"north": { "texture": "#temporal", "uv": [ 0.0, 0.0, 0.5, 1.5 ] },
						"east": { "texture": "#temporal", "uv": [ 0.0, 0.0, 0.5, 1.5 ] },
						"south": { "texture": "#temporal", "uv": [ 3.0, 3.0, 3.5, 4.5 ], "glow": 75 },
						"west": { "texture": "#temporal", "uv": [ 0.0, 0.0, 0.5, 1.5 ] },
						"up": { "texture": "#temporal", "uv": [ 11.0, 4.0, 11.5, 4.5 ] },
						"down": { "texture": "#temporal", "uv": [ 3.0, 9.0, 3.5, 9.5 ] }
					}
				},
				{
					"name": "secondary vertical 2",
					"from": [ 0.9, 0.15, 0.03 ],
					"to": [ 1.2, 1.65, 0.33 ],
					"faces": {
						"north": { "texture": "#temporal", "uv": [ 0.0, 0.0, 0.5, 1.5 ] },
						"east": { "texture": "#temporal", "uv": [ 0.0, 0.0, 0.5, 1.5 ] },
						"south": { "texture": "#temporal", "uv": [ 6.0, 1.0, 6.5, 2.5 ], "glow": 75 },
						"west": { "texture": "#temporal", "uv": [ 5.0, 6.0, 5.5, 7.5 ] },
						"up": { "texture": "#temporal", "uv": [ 5.0, 3.0, 5.5, 3.5 ] },
						"down": { "texture": "#temporal", "uv": [ 1.0, 10.0, 1.5, 10.5 ] }
					}
				},
				{
					"name": "cube up",
					"from": [ 0.3, 1.35, 0.03 ],
					"to": [ 0.6, 1.65, 0.33 ],
					"faces": {
						"north": { "texture": "#temporal", "uv": [ 5.0, 13.0, 5.5, 13.5 ] },
						"east": { "texture": "#temporal", "uv": [ 4.0, 6.0, 4.5, 6.5 ] },
						"south": { "texture": "#temporal", "uv": [ 8.0, 6.0, 8.5, 6.5 ], "glow": 75 },
						"west": { "texture": "#temporal", "uv": [ 4.0, 11.0, 4.5, 11.5 ] },
						"up": { "texture": "#temporal", "uv": [ 3.0, 4.0, 3.5, 4.5 ] },
						"down": { "texture": "#temporal", "uv": [ 0.0, 0.0, 0.5, 0.5 ] }
					}
				},
				{
					"name": "Cube16",
					"from": [ 0.3, 0.15, 0.03 ],
					"to": [ 0.6, 0.45, 0.33 ],
					"faces": {
						"north": { "texture": "#temporal", "uv": [ 0.0, 0.0, 0.5, 0.5 ] },
						"east": { "texture": "#temporal", "uv": [ 0.0, 0.0, 0.5, 0.5 ] },
						"south": { "texture": "#temporal", "uv": [ 13.0, 15.0, 13.5, 15.5 ], "glow": 75 },
						"west": { "texture": "#temporal", "uv": [ 0.0, 0.0, 0.5, 0.5 ] },
						"up": { "texture": "#temporal", "uv": [ 2.0, 3.0, 2.5, 3.5 ] },
						"down": { "texture": "#temporal", "uv": [ 2.0, 1.0, 2.5, 1.5 ] }
					}
				}
			]
		}
	]}