{
	"editor": {
		"collapsedPaths": "Root/Stick,Root/Bow/BowGrip/BowLimbDown2/BowMiddleDown2/BowTipDown2,Root/shema/sheet/scroll-smaller,Root/origin,Root/Bow/BowGrip/FrontBowArm,Root/Bow,Root/bow,Root/base ,Root/Bow/BowGrip/BowLimbDown2/BowMiddleDown2,Root/Bow/BowGrip/BowLimbDown2/BowMiddleDown2/hornpart2.6,Root/strila,Root/she,Root/bow/BowGrip/BowLimbDown,Root/Bow/BowGrip/BowLimbDown/BowMiddleDown/hornpart2.1,Root/shema",
		"allAngles": false,
		"entityTextureMode": false
	},
	"textureWidth": 16,
	"textureHeight": 16,
	"textureSizes": {
		"string": [16,16],
		"aged": [16,16],
		"bone": [16,16],
		"leather": [16,16]
	},
	"textures": {
		"bone": "game:block/creature/bone",
		"leather": "game:block/leather/plain",
		"iron": "game:block/metal/ingot/iron",
		"gold1": "game:block/metal/sheet/gold1",
		"aged": "game:block/wood/debarked/aged",
		"ebony": "game:block/wood/debarked/ebony",
		"feather1": "game:item/tool/material/feather1",
		"linen": "game:item/tool/material/linen",
		"string": "game:item/tool/material/string",
		"temporal": "game:item/resource/temporalgear",
		"map-blank": "game:item/utility/map-blank",
		"schematic-glider": "game:item/utility/schematic-glider"
	},
	"elements": [
		{
			"name": "shema",
			"from": [ 8.0, 0.0, 8.0 ],
			"to": [ 8.0, 0.0, 8.0 ],
			"rotationOrigin": [ 8.0, 0.0, 8.0 ],
			"faces": {
			},
			"children": [
				{
					"name": "sheet",
					"from": [ -4.0, 0.0, -7.0 ],
					"to": [ 4.0, 0.5, 7.0 ],
					"faces": {
						"north": { "texture": "#schematic-glider", "uv": [ 0.0, 0.0, 0.5, 8.0 ], "rotation": 90 },
						"south": { "texture": "#schematic-glider", "uv": [ 0.0, 7.0, 0.5, 15.0 ], "rotation": 90 },
						"up": { "texture": "#schematic-glider", "uv": [ 3.0, 0.0, 11.0, 14.0 ] },
						"down": { "texture": "#map-blank", "uv": [ 3.0, 1.0, 11.0, 15.0 ] }
					},
					"children": [
						{
							"name": "scroll-bigger",
							"from": [ 8.0, 0.0, 0.0 ],
							"to": [ 11.0, 3.0, 14.0 ],
							"rotationOrigin": [ 8.0, 0.0, 7.0 ],
							"faces": {
								"north": { "texture": "#schematic-glider", "uv": [ 12.0, 13.5, 15.0, 16.5 ] },
								"east": { "texture": "#schematic-glider", "uv": [ 0.0, 0.0, 3.0, 14.0 ], "rotation": 90 },
								"south": { "texture": "#schematic-glider", "uv": [ 12.0, 13.5, 15.0, 16.5 ] },
								"west": { "texture": "#schematic-glider", "uv": [ 11.0, 0.0, 14.0, 14.0 ], "rotation": 90 },
								"up": { "texture": "#schematic-glider", "uv": [ 11.0, 0.0, 14.0, 14.0 ] },
								"down": { "texture": "#schematic-glider", "uv": [ 0.0, 0.0, 3.0, 14.0 ] }
							},
							"children": [
								{
									"name": "edge-biggerS1",
									"from": [ 0.0, 0.0, 14.0 ],
									"to": [ 2.5, 0.5, 14.5 ],
									"rotationOrigin": [ 0.0, 0.0, 14.0 ],
									"faces": {
										"south": { "texture": "#schematic-glider", "uv": [ 0.0, 5.0, 0.5, 7.5 ], "rotation": 90 },
										"west": { "texture": "#schematic-glider", "uv": [ 0.0, 0.0, 0.5, 0.5 ] },
										"up": { "texture": "#schematic-glider", "uv": [ 0.0, 0.0, 2.5, 0.5 ] },
										"down": { "texture": "#schematic-glider", "uv": [ 0.0, 0.0, 0.5, 2.5 ], "rotation": 90 }
									}
								},
								{
									"name": "edge-biggerS2",
									"from": [ 0.5, 2.5, 14.0 ],
									"to": [ 3.0, 3.0, 14.5 ],
									"rotationOrigin": [ 0.5, 2.5, 14.0 ],
									"faces": {
										"east": { "texture": "#schematic-glider", "uv": [ 0.0, 0.0, 0.5, 0.5 ] },
										"south": { "texture": "#schematic-glider", "uv": [ 0.0, 1.0, 0.5, 3.5 ], "rotation": 90 },
										"up": { "texture": "#schematic-glider", "uv": [ 0.0, 4.0, 0.5, 6.5 ], "rotation": 90 },
										"down": { "texture": "#schematic-glider", "uv": [ 0.0, 0.0, 2.5, 0.5 ] }
									}
								},
								{
									"name": "edge-biggerS3",
									"from": [ 0.0, 0.5, 14.0 ],
									"to": [ 0.5, 3.0, 14.5 ],
									"rotationOrigin": [ 0.0, 0.5, 14.0 ],
									"faces": {
										"east": { "texture": "#schematic-glider", "uv": [ 0.0, 0.0, 0.5, 2.5 ] },
										"south": { "texture": "#schematic-glider", "uv": [ 0.0, 0.0, 0.5, 2.5 ] },
										"west": { "texture": "#schematic-glider", "uv": [ 0.0, 0.0, 0.5, 2.5 ] },
										"up": { "texture": "#schematic-glider", "uv": [ 0.0, 0.0, 0.5, 0.5 ] }
									}
								},
								{
									"name": "edge-biggerS4",
									"from": [ 2.5, 0.0, 14.0 ],
									"to": [ 3.0, 2.5, 14.5 ],
									"rotationOrigin": [ 3.0, 0.5, 14.0 ],
									"faces": {
										"east": { "texture": "#schematic-glider", "uv": [ 0.0, 0.0, 0.5, 2.5 ] },
										"south": { "texture": "#schematic-glider", "uv": [ 0.0, 0.0, 0.5, 2.5 ] },
										"west": { "texture": "#schematic-glider", "uv": [ 0.0, 0.0, 0.5, 2.5 ] },
										"down": { "texture": "#schematic-glider", "uv": [ 0.0, 0.0, 0.5, 0.5 ] }
									}
								},
								{
									"name": "edge-biggerS5",
									"from": [ 1.0, 0.5, 14.0 ],
									"to": [ 1.5, 2.0, 14.5 ],
									"rotationOrigin": [ 1.0, 0.5, 14.0 ],
									"faces": {
										"east": { "texture": "#schematic-glider", "uv": [ 0.0, 0.0, 0.5, 1.5 ] },
										"south": { "texture": "#schematic-glider", "uv": [ 0.0, 0.0, 0.5, 1.5 ] },
										"west": { "texture": "#schematic-glider", "uv": [ 0.0, 0.0, 0.5, 1.5 ] },
										"up": { "texture": "#schematic-glider", "uv": [ 0.0, 0.0, 0.5, 0.5 ] }
									}
								},
								{
									"name": "edge-biggerS6",
									"from": [ 1.5, 1.5, 14.0 ],
									"to": [ 2.0, 2.0, 14.5 ],
									"rotationOrigin": [ 1.5, 1.5, 14.0 ],
									"faces": {
										"east": { "texture": "#schematic-glider", "uv": [ 0.0, 0.0, 0.5, 0.5 ] },
										"south": { "texture": "#schematic-glider", "uv": [ 0.0, 0.0, 0.5, 0.5 ] },
										"up": { "texture": "#schematic-glider", "uv": [ 0.0, 0.0, 0.5, 0.5 ] },
										"down": { "texture": "#schematic-glider", "uv": [ 0.0, 0.0, 0.5, 0.5 ] }
									}
								},
								{
									"name": "edge-biggerN1",
									"from": [ 0.0, 0.0, -0.5 ],
									"to": [ 2.5, 0.5, 0.0 ],
									"faces": {
										"north": { "texture": "#schematic-glider", "uv": [ 0.0, 5.0, 0.5, 7.5 ], "rotation": 90, "windMode": [-1,-1,-1,-1] },
										"west": { "texture": "#schematic-glider", "uv": [ 0.0, 0.0, 0.5, 0.5 ] },
										"up": { "texture": "#schematic-glider", "uv": [ 0.0, 4.0, 0.5, 6.5 ], "rotation": 90 },
										"down": { "texture": "#schematic-glider", "uv": [ 0.0, 5.0, 0.5, 7.5 ], "rotation": 90 }
									}
								},
								{
									"name": "edge-biggerN2",
									"from": [ 0.5, 2.5, -0.5 ],
									"to": [ 3.0, 3.0, 0.0 ],
									"rotationOrigin": [ 0.5, 2.5, 0.0 ],
									"faces": {
										"north": { "texture": "#schematic-glider", "uv": [ 0.0, 4.0, 0.5, 6.5 ], "rotation": 90 },
										"east": { "texture": "#schematic-glider", "uv": [ 0.0, 0.0, 0.5, 0.5 ], "windMode": [-1,-1,-1,-1] },
										"up": { "texture": "#schematic-glider", "uv": [ 0.0, 4.0, 0.5, 6.5 ], "rotation": 90 },
										"down": { "texture": "#schematic-glider", "uv": [ 0.0, 0.0, 2.5, 0.5 ] }
									}
								},
								{
									"name": "edge-biggerN3",
									"from": [ 2.5, 0.0, -0.5 ],
									"to": [ 3.0, 2.5, 0.0 ],
									"rotationOrigin": [ 3.0, 0.5, 0.0 ],
									"faces": {
										"north": { "texture": "#schematic-glider", "uv": [ 0.0, 0.0, 0.5, 2.5 ], "windMode": [-1,-1,-1,-1] },
										"east": { "texture": "#schematic-glider", "uv": [ 0.0, 0.0, 0.5, 2.5 ] },
										"west": { "texture": "#schematic-glider", "uv": [ 0.0, 0.0, 0.5, 2.5 ] },
										"down": { "texture": "#schematic-glider", "uv": [ 0.0, 0.0, 0.5, 0.5 ] }
									}
								},
								{
									"name": "edge-biggerN4",
									"from": [ 0.0, 0.5, -0.5 ],
									"to": [ 0.5, 3.0, 0.0 ],
									"rotationOrigin": [ 0.0, 1.0, 0.0 ],
									"faces": {
										"north": { "texture": "#schematic-glider", "uv": [ 0.0, 0.0, 0.5, 2.5 ] },
										"east": { "texture": "#schematic-glider", "uv": [ 0.0, 0.0, 0.5, 2.5 ] },
										"west": { "texture": "#schematic-glider", "uv": [ 0.0, 0.0, 0.5, 2.5 ] },
										"up": { "texture": "#schematic-glider", "uv": [ 0.0, 0.0, 0.5, 0.5 ], "windMode": [-1,-1,-1,-1] }
									}
								},
								{
									"name": "edge-biggerN5",
									"from": [ 1.0, 0.5, -0.5 ],
									"to": [ 1.5, 2.0, 0.0 ],
									"rotationOrigin": [ 1.0, 1.0, 0.0 ],
									"faces": {
										"north": { "texture": "#schematic-glider", "uv": [ 0.0, 0.0, 0.5, 1.5 ] },
										"east": { "texture": "#schematic-glider", "uv": [ 0.0, 0.0, 0.5, 1.5 ] },
										"west": { "texture": "#schematic-glider", "uv": [ 0.0, 0.0, 0.5, 1.5 ] },
										"up": { "texture": "#schematic-glider", "uv": [ 0.0, 0.0, 0.5, 0.5 ] }
									}
								},
								{
									"name": "edge-biggerN6",
									"from": [ 1.5, 1.5, -0.5 ],
									"to": [ 2.0, 2.0, 0.0 ],
									"rotationOrigin": [ 1.5, 1.5, 0.0 ],
									"faces": {
										"north": { "texture": "#schematic-glider", "uv": [ 0.0, 0.0, 0.5, 0.5 ] },
										"east": { "texture": "#schematic-glider", "uv": [ 0.0, 0.0, 0.5, 0.5 ] },
										"up": { "texture": "#schematic-glider", "uv": [ 0.0, 0.0, 0.5, 0.5 ] },
										"down": { "texture": "#schematic-glider", "uv": [ 0.0, 0.0, 0.5, 0.5 ] }
									}
								},
								{
									"name": "seal-main",
									"from": [ 0.5, 3.0, 3.0 ],
									"to": [ 2.5, 3.5, 5.0 ],
									"rotationOrigin": [ 1.5, 3.0, 4.0 ],
									"faces": {
										"north": { "texture": "#schematic-glider", "uv": [ 9.5, 14.5, 11.5, 15.0 ] },
										"east": { "texture": "#schematic-glider", "uv": [ 10.5, 15.0, 12.5, 15.5 ] },
										"south": { "texture": "#schematic-glider", "uv": [ 10.0, 14.5, 12.0, 15.0 ] },
										"west": { "texture": "#schematic-glider", "uv": [ 10.0, 14.0, 12.0, 14.5 ] },
										"up": { "texture": "#schematic-glider", "uv": [ 9.5, 14.0, 11.5, 16.0 ] }
									},
									"children": [
										{
											"name": "seal2",
											"from": [ 0.0, -0.1, 0.0 ],
											"to": [ 2.0, 0.4, 2.0 ],
											"rotationOrigin": [ 1.0, -0.1, 1.0 ],
											"rotationY": -45.0,
											"faces": {
												"north": { "texture": "#schematic-glider", "uv": [ 10.0, 15.0, 12.0, 15.5 ] },
												"east": { "texture": "#schematic-glider", "uv": [ 10.5, 14.5, 12.5, 15.0 ] },
												"south": { "texture": "#schematic-glider", "uv": [ 10.0, 14.5, 12.0, 15.0 ] },
												"west": { "texture": "#schematic-glider", "uv": [ 9.5, 14.5, 11.5, 15.0 ] },
												"up": { "texture": "#schematic-glider", "uv": [ 10.0, 14.0, 12.0, 16.0 ] }
											}
										},
										{
											"name": "seal-glow1",
											"from": [ 0.5, 0.5, 0.4 ],
											"to": [ 1.5, 0.6, 0.6 ],
											"rotationOrigin": [ 1.0, 0.5, 0.5 ],
											"faces": {
												"north": { "texture": "#gold1", "uv": [ 11.0, 15.5, 12.0, 16.0 ], "glow": 150 },
												"east": { "texture": "#gold1", "uv": [ 10.0, 15.0, 10.5, 15.5 ], "glow": 150 },
												"south": { "texture": "#gold1", "uv": [ 9.5, 14.5, 10.5, 15.0 ], "glow": 150 },
												"west": { "texture": "#gold1", "uv": [ 10.0, 14.5, 10.5, 15.0 ], "glow": 150 },
												"up": { "texture": "#gold1", "uv": [ 10.0, 14.0, 11.0, 14.5 ], "glow": 150 }
											}
										},
										{
											"name": "seal-glow2",
											"from": [ 0.5, 0.5, 1.4 ],
											"to": [ 1.5, 0.6, 1.6 ],
											"rotationOrigin": [ 1.0, 0.5, 1.5 ],
											"faces": {
												"north": { "texture": "#gold1", "uv": [ 10.5, 14.5, 11.5, 15.0 ], "glow": 150 },
												"east": { "texture": "#gold1", "uv": [ 9.0, 14.0, 9.5, 14.5 ], "glow": 150 },
												"south": { "texture": "#gold1", "uv": [ 9.5, 14.5, 10.5, 15.0 ], "glow": 150 },
												"west": { "texture": "#gold1", "uv": [ 10.5, 14.5, 11.0, 15.0 ], "glow": 150 },
												"up": { "texture": "#gold1", "uv": [ 9.5, 14.5, 10.5, 15.0 ], "glow": 150 }
											}
										},
										{
											"name": "seal-glow3",
											"from": [ 0.9, 0.5, 1.1 ],
											"to": [ 1.1, 0.6, 1.3 ],
											"rotationOrigin": [ 1.0, 0.5, 1.2 ],
											"faces": {
												"north": { "texture": "#gold1", "uv": [ 9.5, 14.0, 10.0, 14.5 ], "glow": 150 },
												"east": { "texture": "#gold1", "uv": [ 10.5, 14.5, 11.0, 15.0 ], "glow": 150 },
												"south": { "texture": "#gold1", "uv": [ 11.5, 14.0, 12.0, 14.5 ], "glow": 150 },
												"west": { "texture": "#gold1", "uv": [ 10.0, 15.5, 10.5, 16.0 ], "glow": 150 },
												"up": { "texture": "#gold1", "uv": [ 10.5, 15.0, 11.0, 15.5 ], "glow": 150 }
											}
										},
										{
											"name": "seal-glow4",
											"from": [ 0.9, 0.5, 0.7 ],
											"to": [ 1.1, 0.6, 0.9 ],
											"rotationOrigin": [ 1.0, 0.5, 0.8 ],
											"faces": {
												"north": { "texture": "#gold1", "uv": [ 10.5, 14.5, 11.0, 15.0 ], "glow": 150 },
												"east": { "texture": "#gold1", "uv": [ 9.0, 14.0, 9.5, 14.5 ], "glow": 150 },
												"south": { "texture": "#gold1", "uv": [ 9.5, 14.5, 10.0, 15.0 ], "glow": 150 },
												"west": { "texture": "#gold1", "uv": [ 10.5, 14.5, 11.0, 15.0 ], "glow": 150 },
												"up": { "texture": "#gold1", "uv": [ 9.5, 14.5, 10.0, 15.0 ], "glow": 150 }
											}
										},
										{
											"name": "seal-glow5",
											"from": [ 0.7, 0.5, 0.9 ],
											"to": [ 0.9, 0.6, 1.1 ],
											"rotationOrigin": [ 0.8, 0.5, 1.0 ],
											"faces": {
												"north": { "texture": "#gold1", "uv": [ 10.5, 14.5, 11.0, 15.0 ], "glow": 150 },
												"east": { "texture": "#gold1", "uv": [ 9.0, 14.0, 9.5, 14.5 ], "glow": 150 },
												"south": { "texture": "#gold1", "uv": [ 9.5, 14.5, 10.0, 15.0 ], "glow": 150 },
												"west": { "texture": "#gold1", "uv": [ 10.5, 14.5, 11.0, 15.0 ], "glow": 150 },
												"up": { "texture": "#gold1", "uv": [ 9.5, 14.5, 10.0, 15.0 ], "glow": 150 }
											}
										},
										{
											"name": "seal-glow6",
											"from": [ 1.1, 0.5, 0.9 ],
											"to": [ 1.3, 0.6, 1.1 ],
											"rotationOrigin": [ 1.2, 0.5, 1.0 ],
											"faces": {
												"north": { "texture": "#gold1", "uv": [ 9.5, 14.5, 10.0, 15.0 ], "glow": 150 },
												"east": { "texture": "#gold1", "uv": [ 11.0, 14.5, 11.5, 15.0 ], "glow": 150 },
												"south": { "texture": "#gold1", "uv": [ 11.0, 15.0, 11.5, 15.5 ], "glow": 150 },
												"west": { "texture": "#gold1", "uv": [ 9.5, 14.5, 10.0, 15.0 ], "glow": 150 },
												"up": { "texture": "#gold1", "uv": [ 10.5, 14.5, 11.0, 15.0 ], "glow": 150 }
											}
										},
										{
											"name": "seal-string1",
											"from": [ 0.4, -0.2, 2.0 ],
											"to": [ 0.8, 0.2, 10.0 ],
											"rotationOrigin": [ 0.6, 0.0, 2.0 ],
											"rotationY": -5.0,
											"rotationZ": -45.0,
											"faces": {
												"west": { "texture": "#schematic-glider", "uv": [ 15.5, 0.5, 16.0, 8.5 ], "rotation": 90 },
												"up": { "texture": "#schematic-glider", "uv": [ 15.0, 5.5, 15.5, 13.5 ] }
											},
											"children": [
												{
													"name": "seal-stringtie1",
													"from": [ -0.1, -0.1, 8.0 ],
													"to": [ 0.5, 0.5, 9.0 ],
													"rotationOrigin": [ 0.2, 0.1, 8.0 ],
													"faces": {
														"north": { "texture": "#schematic-glider", "uv": [ 15.0, 11.0, 15.5, 11.5 ] },
														"south": { "texture": "#schematic-glider", "uv": [ 15.0, 8.5, 15.5, 9.0 ] },
														"west": { "texture": "#schematic-glider", "uv": [ 15.0, 11.0, 16.0, 11.5 ] },
														"up": { "texture": "#schematic-glider", "uv": [ 15.0, 9.5, 15.5, 10.5 ] },
														"down": { "texture": "#schematic-glider", "uv": [ 15.0, 4.0, 15.5, 5.0 ] }
													}
												}
											]
										},
										{
											"name": "seal-string2",
											"from": [ 1.4, -0.2, 2.0 ],
											"to": [ 1.8, 0.2, 6.0 ],
											"rotationOrigin": [ 1.6, 0.0, 2.0 ],
											"rotationY": 5.0,
											"rotationZ": -45.0,
											"faces": {
												"west": { "texture": "#schematic-glider", "uv": [ 15.5, 0.5, 16.0, 4.5 ], "rotation": 90 },
												"up": { "texture": "#schematic-glider", "uv": [ 15.0, 5.5, 15.5, 9.5 ] }
											},
											"children": [
												{
													"name": "seal-stringtie2",
													"from": [ -0.1, -0.1, 4.0 ],
													"to": [ 0.5, 0.5, 5.0 ],
													"rotationOrigin": [ 0.2, 0.2, 4.0 ],
													"faces": {
														"north": { "texture": "#schematic-glider", "uv": [ 15.5, 10.0, 16.0, 10.5 ] },
														"south": { "texture": "#schematic-glider", "uv": [ 15.5, 8.0, 16.0, 8.5 ] },
														"west": { "texture": "#schematic-glider", "uv": [ 15.0, 9.0, 16.0, 9.5 ] },
														"up": { "texture": "#schematic-glider", "uv": [ 15.0, 10.5, 15.5, 11.5 ] }
													}
												}
											]
										}
									]
								}
							]
						},
						{
							"name": "scroll-smaller",
							"from": [ -2.0, 0.0, 0.0 ],
							"to": [ 0.0, 2.0, 14.0 ],
							"rotationOrigin": [ 0.0, 0.0, 7.0 ],
							"faces": {
								"north": { "texture": "#schematic-glider", "uv": [ 13.0, 14.0, 15.0, 16.0 ] },
								"east": { "texture": "#schematic-glider", "uv": [ 12.0, 0.0, 14.0, 14.0 ], "rotation": 270 },
								"south": { "texture": "#schematic-glider", "uv": [ 13.0, 14.0, 15.0, 16.0 ] },
								"west": { "texture": "#schematic-glider", "uv": [ 0.5, 0.0, 2.5, 14.0 ], "rotation": 90 },
								"up": { "texture": "#schematic-glider", "uv": [ 11.5, 0.0, 13.5, 14.0 ] },
								"down": { "texture": "#schematic-glider", "uv": [ 0.5, 0.0, 2.5, 14.0 ] }
							},
							"children": [
								{
									"name": "edge-smallerS1",
									"from": [ 0.0, 0.0, 14.0 ],
									"to": [ 1.5, 0.5, 14.5 ],
									"rotationOrigin": [ 0.0, 0.0, 14.0 ],
									"faces": {
										"south": { "texture": "#schematic-glider", "uv": [ 0.0, 6.0, 0.5, 7.5 ], "rotation": 90 },
										"west": { "texture": "#schematic-glider", "uv": [ 0.5, 2.5, 1.0, 3.0 ] },
										"up": { "texture": "#schematic-glider", "uv": [ 0.0, 2.0, 0.5, 3.5 ], "rotation": 90 },
										"down": { "texture": "#schematic-glider", "uv": [ 0.0, 4.0, 0.5, 5.5 ], "rotation": 90 }
									}
								},
								{
									"name": "edge-smallerS2",
									"from": [ 0.5, 1.5, 14.0 ],
									"to": [ 2.0, 2.0, 14.5 ],
									"rotationOrigin": [ 0.5, 1.5, 14.0 ],
									"faces": {
										"east": { "texture": "#schematic-glider", "uv": [ 0.0, 2.0, 0.5, 2.5 ] },
										"south": { "texture": "#schematic-glider", "uv": [ 0.0, 0.0, 0.5, 1.5 ], "rotation": 90 },
										"up": { "texture": "#schematic-glider", "uv": [ 0.0, 0.5, 0.5, 2.0 ], "rotation": 90 },
										"down": { "texture": "#schematic-glider", "uv": [ 0.0, 0.0, 1.5, 0.5 ] }
									}
								},
								{
									"name": "edge-smallerS3",
									"from": [ 0.0, 0.5, 14.0 ],
									"to": [ 0.5, 2.0, 14.5 ],
									"rotationOrigin": [ 0.0, 0.5, 14.0 ],
									"faces": {
										"east": { "texture": "#schematic-glider", "uv": [ 0.0, 0.0, 0.5, 1.5 ] },
										"south": { "texture": "#schematic-glider", "uv": [ 0.0, 4.0, 0.5, 5.5 ] },
										"west": { "texture": "#schematic-glider", "uv": [ 0.0, 5.5, 0.5, 7.0 ] },
										"up": { "texture": "#schematic-glider", "uv": [ 0.0, 4.5, 0.5, 5.0 ] }
									}
								},
								{
									"name": "edge-smallerS4",
									"from": [ 1.5, 0.0, 14.0 ],
									"to": [ 2.0, 1.5, 14.5 ],
									"rotationOrigin": [ 1.5, 0.0, 14.0 ],
									"faces": {
										"east": { "texture": "#schematic-glider", "uv": [ 0.0, 3.0, 0.5, 4.5 ] },
										"south": { "texture": "#schematic-glider", "uv": [ 0.0, 3.0, 0.5, 4.5 ] },
										"west": { "texture": "#schematic-glider", "uv": [ 0.0, 0.0, 0.5, 1.5 ] },
										"down": { "texture": "#schematic-glider", "uv": [ 0.5, 1.5, 1.0, 2.0 ] }
									}
								},
								{
									"name": "edge-smallerN1",
									"from": [ 0.0, 0.0, -0.5 ],
									"to": [ 1.5, 0.5, 0.0 ],
									"rotationOrigin": [ 0.0, 0.0, -0.5 ],
									"faces": {
										"north": { "texture": "#schematic-glider", "uv": [ 0.0, 4.0, 0.5, 5.5 ], "rotation": 90, "windMode": [-1,-1,-1,-1] },
										"west": { "texture": "#schematic-glider", "uv": [ 0.0, 0.0, 0.5, 0.5 ] },
										"up": { "texture": "#schematic-glider", "uv": [ 0.0, 3.0, 0.5, 4.5 ], "rotation": 90 },
										"down": { "texture": "#schematic-glider", "uv": [ 0.0, 0.0, 1.5, 0.5 ] }
									}
								},
								{
									"name": "edge-smallerN2",
									"from": [ 0.5, 1.5, -0.5 ],
									"to": [ 2.0, 2.0, 0.0 ],
									"rotationOrigin": [ 0.5, 1.5, -0.5 ],
									"faces": {
										"north": { "texture": "#schematic-glider", "uv": [ 0.0, 3.0, 0.5, 4.5 ], "rotation": 90 },
										"east": { "texture": "#schematic-glider", "uv": [ 0.0, 0.0, 0.5, 0.5 ], "windMode": [-1,-1,-1,-1] },
										"up": { "texture": "#schematic-glider", "uv": [ 0.0, 2.0, 0.5, 3.5 ], "rotation": 90 },
										"down": { "texture": "#schematic-glider", "uv": [ 0.0, 0.0, 1.5, 0.5 ] }
									}
								},
								{
									"name": "edge-smallerN3",
									"from": [ 0.0, 0.5, -0.5 ],
									"to": [ 0.5, 2.0, 0.0 ],
									"rotationOrigin": [ 0.0, 0.5, -0.5 ],
									"faces": {
										"north": { "texture": "#schematic-glider", "uv": [ 0.0, 0.0, 0.5, 1.5 ] },
										"east": { "texture": "#schematic-glider", "uv": [ 0.0, 0.0, 0.5, 1.5 ] },
										"west": { "texture": "#schematic-glider", "uv": [ 0.0, 3.0, 0.5, 4.5 ], "windMode": [-1,-1,-1,-1] },
										"up": { "texture": "#schematic-glider", "uv": [ 0.0, 0.0, 0.5, 0.5 ] }
									}
								},
								{
									"name": "edge-smallerN4",
									"from": [ 1.5, 0.0, -0.5 ],
									"to": [ 2.0, 1.5, 0.0 ],
									"rotationOrigin": [ 1.5, 0.0, -0.5 ],
									"faces": {
										"north": { "texture": "#schematic-glider", "uv": [ 0.0, 0.0, 0.5, 1.5 ] },
										"east": { "texture": "#schematic-glider", "uv": [ 0.0, 0.0, 0.5, 1.5 ] },
										"west": { "texture": "#schematic-glider", "uv": [ 0.0, 0.0, 0.5, 1.5 ] },
										"down": { "texture": "#schematic-glider", "uv": [ 0.0, 0.0, 0.5, 0.5 ] }
									}
								}
							]
						}
					]
				}
			]
		},
		{
			"name": "bow",
			"from": [ 9.0, 0.6, 8.2 ],
			"to": [ 9.0, 0.6, 8.2 ],
			"rotationOrigin": [ 9.0, 0.6, 8.2 ],
			"rotationY": 105.0,
			"faces": {
			},
			"children": [
				{
					"name": "BowGrip",
					"from": [ -0.95, -0.25, -0.25 ],
					"to": [ 0.8, 0.25, 0.25 ],
					"rotationOrigin": [ 0.0, 0.0, -0.25 ],
					"faces": {
						"north": { "texture": "#leather", "uv": [ 2.25, 2.25, 4.0, 2.75 ] },
						"east": { "texture": "#leather", "uv": [ 3.5, 3.0, 4.0, 3.5 ] },
						"south": { "texture": "#leather", "uv": [ 3.75, 3.25, 5.5, 3.75 ] },
						"west": { "texture": "#leather", "uv": [ 5.25, 4.25, 5.75, 4.75 ] },
						"up": { "texture": "#leather", "uv": [ 4.0, 4.5, 5.75, 5.0 ] },
						"down": { "texture": "#leather", "uv": [ 3.75, 3.75, 5.5, 4.25 ] }
					},
					"children": [
						{
							"name": "BowLimbUp",
							"from": [ 1.7, 0.05, 0.05 ],
							"to": [ 4.7, 0.45, 0.45 ],
							"rotationOrigin": [ 1.7, 0.25, 0.25 ],
							"rotationY": 20.0,
							"faces": {
								"north": { "texture": "#aged", "uv": [ 1.75, 3.5, 4.75, 3.875 ] },
								"east": { "texture": "#aged", "uv": [ 2.25, 2.5, 2.625, 2.875 ] },
								"south": { "texture": "#aged", "uv": [ 2.0, 3.0, 5.0, 3.375 ] },
								"up": { "texture": "#aged", "uv": [ 0.25, 4.0, 3.25, 4.375 ] },
								"down": { "texture": "#aged", "uv": [ 0.25, 3.75, 3.25, 4.125 ] }
							},
							"children": [
								{
									"name": "BowTipUp",
									"from": [ 2.75, 0.05, 0.05 ],
									"to": [ 6.45, 0.35, 0.35 ],
									"rotationOrigin": [ 2.75, 0.2, 0.2 ],
									"rotationY": -45.0,
									"faces": {
										"north": { "texture": "#aged", "uv": [ 0.0, 3.0, 3.625, 3.25 ] },
										"east": { "texture": "#aged", "uv": [ 2.0, 0.25, 2.25, 0.5 ] },
										"south": { "texture": "#aged", "uv": [ 0.0, 3.0, 3.625, 3.25 ] },
										"up": { "texture": "#aged", "uv": [ 0.0, 3.25, 3.625, 3.5 ] },
										"down": { "texture": "#aged", "uv": [ 0.25, 2.75, 3.875, 3.0 ] }
									},
									"children": [
										{
											"name": "BowStringUp1",
											"from": [ -0.7, 0.1, 0.25 ],
											"to": [ 3.4, 0.2, 0.35 ],
											"rotationOrigin": [ 3.4, 0.15, 0.3 ],
											"rotationY": 26.0,
											"faces": {
												"north": { "texture": "#gold1", "uv": [ 0.0, 0.0, 4.0, 0.125 ] },
												"east": { "texture": "#gold1", "uv": [ 2.75, 0.0, 2.875, 0.125 ] },
												"south": { "texture": "#gold1", "uv": [ 0.0, 0.0, 4.0, 0.125 ] },
												"west": { "texture": "#gold1", "uv": [ 2.25, 0.0, 2.375, 0.125 ] },
												"up": { "texture": "#gold1", "uv": [ 0.0, 0.0, 4.0, 0.125 ] },
												"down": { "texture": "#gold1", "uv": [ 0.0, 0.0, 4.0, 0.125 ] }
											},
											"children": [
												{
													"name": "BowStringUp2",
													"from": [ -2.6, 0.0, 0.0 ],
													"to": [ 0.0, 0.1, 0.1 ],
													"rotationOrigin": [ -1.5, 0.05, 0.05 ],
													"faces": {
														"north": { "texture": "#gold1", "uv": [ 2.25, 0.0, 4.75, 0.125 ] },
														"east": { "texture": "#gold1", "uv": [ 3.25, 0.0, 3.375, 0.125 ] },
														"south": { "texture": "#gold1", "uv": [ 2.0, 0.0, 4.5, 0.125 ] },
														"west": { "texture": "#gold1", "uv": [ 4.25, 0.0, 4.375, 0.125 ] },
														"up": { "texture": "#gold1", "uv": [ 1.75, 0.0, 4.25, 0.125 ] },
														"down": { "texture": "#gold1", "uv": [ 2.75, 0.0, 5.25, 0.125 ] }
													},
													"children": [
														{
															"name": "BowNock",
															"from": [ -0.2, -0.05, -0.05 ],
															"to": [ 0.8, 0.15, 0.15 ],
															"rotationOrigin": [ 0.3, 0.05, 0.05 ],
															"faces": {
																"north": { "texture": "#leather", "uv": [ 2.25, 1.75, 3.25, 1.875 ] },
																"east": { "texture": "#leather", "uv": [ 4.0, 0.75, 4.125, 0.875 ] },
																"south": { "texture": "#leather", "uv": [ 1.75, 0.75, 2.75, 0.875 ] },
																"west": { "texture": "#leather", "uv": [ 1.5, 1.0, 1.625, 1.125 ] },
																"up": { "texture": "#leather", "uv": [ 4.5, 0.5, 5.5, 0.625 ] },
																"down": { "texture": "#leather", "uv": [ 4.0, 1.0, 5.0, 1.125 ] }
															},
															"children": [
																{
																	"name": "BowNockStripe",
																	"from": [ 0.05, -0.005, -0.005 ],
																	"to": [ 0.1, 0.205, 0.205 ],
																	"rotationOrigin": [ 0.05, 0.0, 0.0 ],
																	"faces": {
																		"north": { "texture": "#gold1", "uv": [ 0.0, 0.0, 0.25, 0.25 ] },
																		"east": { "texture": "#gold1", "uv": [ 0.0, 0.0, 0.25, 0.25 ] },
																		"south": { "texture": "#gold1", "uv": [ 0.0, 0.0, 0.25, 0.25 ] },
																		"west": { "texture": "#gold1", "uv": [ 0.0, 0.0, 0.25, 0.25 ] },
																		"up": { "texture": "#gold1", "uv": [ 0.0, 0.0, 0.25, 0.25 ] },
																		"down": { "texture": "#gold1", "uv": [ 0.0, 0.0, 0.25, 0.25 ] }
																	}
																},
																{
																	"name": "BowNockStripe2",
																	"from": [ 0.9, -0.005, -0.005 ],
																	"to": [ 0.95, 0.205, 0.205 ],
																	"rotationOrigin": [ 0.9, 0.0, 0.0 ],
																	"faces": {
																		"north": { "texture": "#gold1", "uv": [ 0.0, 0.0, 0.25, 0.25 ] },
																		"east": { "texture": "#gold1", "uv": [ 0.0, 0.0, 0.25, 0.25 ] },
																		"south": { "texture": "#gold1", "uv": [ 0.0, 0.0, 0.25, 0.25 ] },
																		"west": { "texture": "#gold1", "uv": [ 0.0, 0.0, 0.25, 0.25 ] },
																		"up": { "texture": "#gold1", "uv": [ 0.0, 0.0, 0.25, 0.25 ] },
																		"down": { "texture": "#gold1", "uv": [ 0.0, 0.0, 0.25, 0.25 ] }
																	}
																},
																{
																	"name": "BowNockStripe3",
																	"from": [ 0.475, -0.005, -0.005 ],
																	"to": [ 0.525, 0.205, 0.205 ],
																	"rotationOrigin": [ 0.5, 0.0, 0.0 ],
																	"faces": {
																		"north": { "texture": "#gold1", "uv": [ 0.0, 0.0, 0.25, 0.25 ] },
																		"east": { "texture": "#gold1", "uv": [ 0.0, 0.0, 0.25, 0.25 ] },
																		"south": { "texture": "#gold1", "uv": [ 0.0, 0.0, 0.25, 0.25 ] },
																		"west": { "texture": "#gold1", "uv": [ 0.0, 0.0, 0.25, 0.25 ] },
																		"up": { "texture": "#gold1", "uv": [ 0.0, 0.0, 0.25, 0.25 ] },
																		"down": { "texture": "#gold1", "uv": [ 0.0, 0.0, 0.25, 0.25 ] }
																	}
																},
																{
																	"name": "Arrow",
																	"from": [ 0.5, 0.2, 0.0 ],
																	"to": [ 0.5, 0.2, 0.0 ],
																	"rotationOrigin": [ 0.5, 0.2, 0.0 ],
																	"rotationY": 90.0,
																	"faces": {
																		"north": { "texture": "#null", "uv": [ 0.0, 0.0, 0.25, 0.25 ] },
																		"east": { "texture": "#null", "uv": [ 0.0, 0.0, 0.25, 0.25 ] },
																		"south": { "texture": "#null", "uv": [ 0.0, 0.0, 0.25, 0.25 ] },
																		"west": { "texture": "#null", "uv": [ 0.0, 0.0, 0.25, 0.25 ] },
																		"up": { "texture": "#null", "uv": [ 0.0, 0.0, 0.25, 0.25 ] },
																		"down": { "texture": "#null", "uv": [ 0.0, 0.0, 0.25, 0.25 ] }
																	},
																	"children": [
																		{
																			"name": "arrow_origin",
																			"from": [ 0.0, 0.0, 0.0 ],
																			"to": [ 0.0, 0.0, 0.0 ],
																			"faces": {
																				"north": { "texture": "#null", "uv": [ 0.0, 0.0, 0.25, 0.25 ] },
																				"east": { "texture": "#null", "uv": [ 0.0, 0.0, 0.25, 0.25 ] },
																				"south": { "texture": "#null", "uv": [ 0.0, 0.0, 0.25, 0.25 ] },
																				"west": { "texture": "#null", "uv": [ 0.0, 0.0, 0.25, 0.25 ] },
																				"up": { "texture": "#null", "uv": [ 0.0, 0.0, 0.25, 0.25 ] },
																				"down": { "texture": "#null", "uv": [ 0.0, 0.0, 0.25, 0.25 ] }
																			}
																		}
																	]
																}
															]
														}
													]
												}
											]
										},
										{
											"name": "BowNotchUp",
											"from": [ 3.15, -0.1, -0.05 ],
											"to": [ 3.45, 0.4, 0.35 ],
											"rotationOrigin": [ 3.3, 0.15, 0.15 ],
											"faces": {
												"north": { "texture": "#gold1", "uv": [ 3.75, 0.0, 4.0, 0.5 ] },
												"east": { "texture": "#gold1", "uv": [ 2.5, 0.0, 2.875, 0.5 ] },
												"south": { "texture": "#gold1", "uv": [ 1.5, 0.75, 1.75, 1.25 ] },
												"west": { "texture": "#gold1", "uv": [ 2.25, 0.5, 2.625, 1.0 ] },
												"up": { "texture": "#gold1", "uv": [ 2.5, 1.25, 2.75, 1.625 ] },
												"down": { "texture": "#gold1", "uv": [ 4.25, 1.0, 4.5, 1.375 ] }
											}
										},
										{
											"name": "BowCompositeUp2",
											"from": [ 0.0, -0.055, 0.05 ],
											"to": [ 3.65, 0.345, 0.2 ],
											"rotationOrigin": [ 0.0, 0.15, 0.15 ],
											"faces": {
												"north": { "texture": "#bone", "uv": [ 0.0, 0.0, 3.625, 0.375 ] },
												"east": { "texture": "#bone", "uv": [ 0.0, 0.0, 0.125, 0.375 ] },
												"south": { "texture": "#bone", "uv": [ 0.0, 0.0, 3.625, 0.375 ] },
												"west": { "texture": "#bone", "uv": [ 0.0, 0.0, 0.125, 0.375 ] },
												"up": { "texture": "#bone", "uv": [ 0.0, 0.0, 3.625, 0.125 ] },
												"down": { "texture": "#bone", "uv": [ 0.0, 0.0, 3.625, 0.125 ] }
											}
										}
									]
								},
								{
									"name": "BowCompositeUp1",
									"from": [ 0.05, -0.055, 0.05 ],
									"to": [ 3.05, 0.445, 0.25 ],
									"rotationOrigin": [ 0.05, 0.25, 0.2 ],
									"faces": {
										"north": { "texture": "#bone", "uv": [ 0.0, 0.0, 3.0, 0.5 ] },
										"east": { "texture": "#bone", "uv": [ 0.0, 0.0, 0.125, 0.5 ] },
										"south": { "texture": "#bone", "uv": [ 0.0, 0.0, 3.0, 0.5 ] },
										"west": { "texture": "#bone", "uv": [ 0.0, 0.0, 0.125, 0.5 ] },
										"up": { "texture": "#bone", "uv": [ 0.0, 0.0, 3.0, 0.125 ] },
										"down": { "texture": "#bone", "uv": [ 0.0, 0.0, 3.0, 0.125 ] }
									}
								}
							]
						},
						{
							"name": "BowLimbDown",
							"from": [ -2.95, 0.05, 0.05 ],
							"to": [ 0.05, 0.45, 0.45 ],
							"rotationOrigin": [ 0.05, 0.2, 0.2 ],
							"rotationY": -20.0,
							"faces": {
								"north": { "texture": "#aged", "uv": [ 0.75, 1.25, 3.75, 1.625 ] },
								"south": { "texture": "#aged", "uv": [ 0.0, 2.25, 3.0, 2.625 ] },
								"west": { "texture": "#aged", "uv": [ 1.0, 1.0, 1.375, 1.375 ] },
								"up": { "texture": "#aged", "uv": [ 1.0, 1.0, 4.0, 1.375 ] },
								"down": { "texture": "#aged", "uv": [ 1.5, 2.0, 4.5, 2.375 ] }
							},
							"children": [
								{
									"name": "BowTipDown",
									"from": [ -3.45, 0.05, 0.05 ],
									"to": [ 0.25, 0.35, 0.35 ],
									"rotationOrigin": [ 0.25, 0.2, 0.2 ],
									"rotationY": 45.0,
									"faces": {
										"north": { "texture": "#aged", "uv": [ 0.75, 2.75, 4.375, 3.0 ] },
										"east": { "texture": "#aged", "uv": [ 1.25, 2.0, 1.5, 2.25 ] },
										"south": { "texture": "#aged", "uv": [ 0.25, 2.25, 3.875, 2.5 ] },
										"west": { "texture": "#aged", "uv": [ 0.75, 1.0, 1.0, 1.25 ] },
										"up": { "texture": "#aged", "uv": [ 0.5, 3.75, 4.125, 4.0 ] },
										"down": { "texture": "#aged", "uv": [ 0.5, 3.25, 4.125, 3.5 ] }
									},
									"children": [
										{
											"name": "BowStringDown1",
											"from": [ 0.3, 0.1, 0.25 ],
											"to": [ 4.4, 0.2, 0.35 ],
											"rotationOrigin": [ 0.3, 0.15, 0.3 ],
											"rotationY": -26.0,
											"faces": {
												"north": { "texture": "#gold1", "uv": [ 0.0, 0.0, 4.0, 0.125 ] },
												"east": { "texture": "#gold1", "uv": [ 2.75, 0.0, 2.875, 0.125 ] },
												"south": { "texture": "#gold1", "uv": [ 0.0, 0.0, 4.0, 0.125 ] },
												"west": { "texture": "#gold1", "uv": [ 3.25, 0.0, 3.375, 0.125 ] },
												"up": { "texture": "#gold1", "uv": [ 0.0, 0.0, 4.0, 0.125 ] },
												"down": { "texture": "#gold1", "uv": [ 0.0, 0.0, 4.0, 0.125 ] }
											},
											"children": [
												{
													"name": "BowStringDown2",
													"from": [ 4.1, 0.0, 0.0 ],
													"to": [ 6.7, 0.1, 0.1 ],
													"rotationOrigin": [ 4.1, 0.0, 0.0 ],
													"faces": {
														"north": { "texture": "#gold1", "uv": [ 2.0, 0.0, 4.5, 0.125 ] },
														"east": { "texture": "#gold1", "uv": [ 2.75, 0.0, 2.875, 0.125 ] },
														"south": { "texture": "#gold1", "uv": [ 2.75, 0.0, 5.25, 0.125 ] },
														"west": { "texture": "#gold1", "uv": [ 3.5, 0.0, 3.625, 0.125 ] },
														"up": { "texture": "#gold1", "uv": [ 1.75, 0.0, 4.25, 0.125 ] },
														"down": { "texture": "#gold1", "uv": [ 1.0, 0.0, 3.5, 0.125 ] }
													}
												}
											]
										},
										{
											"name": "BowNotchDown",
											"from": [ 0.25, -0.1, -0.05 ],
											"to": [ 0.55, 0.4, 0.35 ],
											"rotationOrigin": [ 0.25, 0.15, 0.15 ],
											"faces": {
												"north": { "texture": "#gold1", "uv": [ 2.0, 0.75, 2.25, 1.25 ] },
												"east": { "texture": "#gold1", "uv": [ 2.5, 0.5, 2.875, 1.0 ] },
												"south": { "texture": "#gold1", "uv": [ 2.0, 0.25, 2.25, 0.75 ] },
												"west": { "texture": "#gold1", "uv": [ 1.5, 0.5, 1.875, 1.0 ] },
												"up": { "texture": "#gold1", "uv": [ 1.5, 0.25, 1.75, 0.625 ] },
												"down": { "texture": "#gold1", "uv": [ 1.0, 0.75, 1.25, 1.125 ] }
											}
										},
										{
											"name": "BowCompositeDown2",
											"from": [ 0.05, -0.055, 0.05 ],
											"to": [ 3.65, 0.345, 0.2 ],
											"rotationOrigin": [ 3.75, 0.15, 0.15 ],
											"faces": {
												"north": { "texture": "#bone", "uv": [ 0.0, 0.0, 3.5, 0.375 ] },
												"east": { "texture": "#bone", "uv": [ 0.0, 0.0, 0.125, 0.375 ] },
												"south": { "texture": "#bone", "uv": [ 0.0, 0.0, 3.5, 0.375 ] },
												"west": { "texture": "#bone", "uv": [ 0.0, 0.0, 0.125, 0.375 ] },
												"up": { "texture": "#bone", "uv": [ 0.0, 0.0, 3.5, 0.125 ] },
												"down": { "texture": "#bone", "uv": [ 0.0, 0.0, 3.5, 0.125 ] }
											}
										}
									]
								},
								{
									"name": "BowCompositeDown1",
									"from": [ -0.05, -0.055, 0.05 ],
									"to": [ 2.95, 0.445, 0.25 ],
									"rotationOrigin": [ 2.95, 0.25, 0.2 ],
									"faces": {
										"north": { "texture": "#bone", "uv": [ 0.0, 0.0, 3.0, 0.5 ] },
										"east": { "texture": "#bone", "uv": [ 0.0, 0.0, 0.125, 0.5 ] },
										"south": { "texture": "#bone", "uv": [ 0.0, 0.0, 3.0, 0.5 ] },
										"west": { "texture": "#bone", "uv": [ 0.0, 0.0, 0.125, 0.5 ] },
										"up": { "texture": "#bone", "uv": [ 0.0, 0.0, 3.0, 0.125 ] },
										"down": { "texture": "#bone", "uv": [ 0.0, 0.0, 3.0, 0.125 ] }
									}
								}
							]
						},
						{
							"name": "FrontBowArm",
							"from": [ 0.05, 0.05, -0.3 ],
							"to": [ 1.7, 0.45, 0.05 ],
							"rotationOrigin": [ 0.05, 0.05, -0.3 ],
							"faces": {
								"north": { "texture": "#leather", "uv": [ 0.0, 0.0, 1.5, 0.25 ] },
								"east": { "texture": "#leather", "uv": [ 0.0, 0.0, 0.25, 0.25 ] },
								"south": { "texture": "#leather", "uv": [ 0.0, 0.0, 1.5, 0.25 ] },
								"west": { "texture": "#leather", "uv": [ 0.0, 0.0, 0.25, 0.25 ] },
								"up": { "texture": "#leather", "uv": [ 0.0, 0.0, 1.5, 0.25 ] },
								"down": { "texture": "#leather", "uv": [ 0.0, 0.0, 1.5, 0.25 ] }
							},
							"children": [
								{
									"name": "LowerFrontBowArm1",
									"from": [ -0.05, 0.05, 0.3 ],
									"to": [ 1.95, 0.35, 0.65 ],
									"rotationOrigin": [ 0.0, 0.05, 0.3 ],
									"rotationY": 157.5,
									"faces": {
										"north": { "texture": "#aged", "uv": [ 0.0, 0.0, 2.0, 0.25 ] },
										"east": { "texture": "#aged", "uv": [ 0.0, 0.0, 0.25, 0.25 ] },
										"south": { "texture": "#aged", "uv": [ 0.0, 0.0, 2.0, 0.25 ] },
										"west": { "texture": "#aged", "uv": [ 0.0, 0.0, 0.25, 0.25 ] },
										"up": { "texture": "#aged", "uv": [ 0.0, 0.0, 2.0, 0.25 ] },
										"down": { "texture": "#aged", "uv": [ 0.0, 0.0, 2.0, 0.25 ] }
									},
									"children": [
										{
											"name": "FrontBowCompositeLowerArm1",
											"from": [ 0.0, -0.045, 0.1 ],
											"to": [ 2.05, 0.34, 0.25 ],
											"rotationOrigin": [ 0.0, -0.05, 0.1 ],
											"faces": {
												"north": { "texture": "#bone", "uv": [ 0.0, 0.0, 2.0, 0.25 ] },
												"east": { "texture": "#bone", "uv": [ 0.0, 0.0, 0.25, 0.25 ] },
												"south": { "texture": "#bone", "uv": [ 0.0, 0.0, 2.0, 0.25 ] },
												"west": { "texture": "#bone", "uv": [ 0.0, 0.0, 0.25, 0.25 ] },
												"up": { "texture": "#bone", "uv": [ 0.0, 0.0, 2.0, 0.25 ] },
												"down": { "texture": "#bone", "uv": [ 0.0, 0.0, 2.0, 0.25 ] }
											}
										},
										{
											"name": "FrontBowCompositeLowerArm2",
											"from": [ 2.0, 0.005, 0.1 ],
											"to": [ 3.85, 0.29, 0.25 ],
											"rotationOrigin": [ 2.0, 0.0, 0.1 ],
											"rotationY": -22.0,
											"faces": {
												"north": { "texture": "#bone", "uv": [ 0.0, 0.0, 1.75, 0.25 ] },
												"east": { "texture": "#bone", "uv": [ 0.0, 0.0, 0.25, 0.25 ] },
												"south": { "texture": "#bone", "uv": [ 0.0, 0.0, 1.75, 0.25 ] },
												"west": { "texture": "#bone", "uv": [ 0.0, 0.0, 0.25, 0.25 ] },
												"up": { "texture": "#bone", "uv": [ 0.0, 0.0, 1.75, 0.25 ] },
												"down": { "texture": "#bone", "uv": [ 0.0, 0.0, 1.75, 0.25 ] }
											},
											"children": [
												{
													"name": "LowerFrontBowArm2",
													"from": [ -0.1837, 0.045, -0.0582 ],
													"to": [ 1.8163, 0.245, 0.2418 ],
													"rotationOrigin": [ -0.1837, 0.045, -0.4582 ],
													"faces": {
														"north": { "texture": "#aged", "uv": [ 0.0, 0.0, 2.0, 0.25 ] },
														"east": { "texture": "#aged", "uv": [ 0.0, 0.0, 0.25, 0.25 ] },
														"south": { "texture": "#aged", "uv": [ 0.0, 0.0, 2.0, 0.25 ] },
														"west": { "texture": "#aged", "uv": [ 0.0, 0.0, 0.25, 0.25 ] },
														"up": { "texture": "#aged", "uv": [ 0.0, 0.0, 2.0, 0.25 ] },
														"down": { "texture": "#aged", "uv": [ 0.0, 0.0, 2.0, 0.25 ] }
													},
													"children": [
														{
															"name": "LowerFrontBowArm3",
															"from": [ 1.9451, 0.025, 0.0016 ],
															"to": [ 2.9451, 0.175, 0.3016 ],
															"rotationOrigin": [ 1.9951, 0.0, -0.3971 ],
															"rotationY": -15.0,
															"faces": {
																"north": { "texture": "#aged", "uv": [ 0.0, 0.0, 1.0, 0.25 ] },
																"east": { "texture": "#aged", "uv": [ 0.0, 0.0, 0.25, 0.25 ] },
																"south": { "texture": "#aged", "uv": [ 0.0, 0.0, 1.0, 0.25 ] },
																"west": { "texture": "#aged", "uv": [ 0.0, 0.0, 0.25, 0.25 ] },
																"up": { "texture": "#aged", "uv": [ 0.0, 0.0, 1.0, 0.25 ] },
																"down": { "texture": "#aged", "uv": [ 0.0, 0.0, 1.0, 0.25 ] }
															},
															"children": [
																{
																	"name": "LowerFrontBowArm4",
																	"from": [ 1.2183, 0.025, 0.2932 ],
																	"to": [ 1.9183, 0.125, 0.4432 ],
																	"rotationOrigin": [ 1.2684, -0.025, -0.1018 ],
																	"rotationY": -52.5,
																	"faces": {
																		"north": { "texture": "#aged", "uv": [ 0.0, 0.0, 0.5, 0.25 ] },
																		"east": { "texture": "#aged", "uv": [ 0.0, 0.0, 0.25, 0.25 ] },
																		"south": { "texture": "#aged", "uv": [ 0.0, 0.0, 0.5, 0.25 ] },
																		"west": { "texture": "#aged", "uv": [ 0.0, 0.0, 0.25, 0.25 ] },
																		"up": { "texture": "#aged", "uv": [ 0.0, 0.0, 0.5, 0.25 ] },
																		"down": { "texture": "#aged", "uv": [ 0.0, 0.0, 0.5, 0.25 ] }
																	}
																},
																{
																	"name": "FrontBowNothchDown",
																	"from": [ 0.65, -0.025, -0.05 ],
																	"to": [ 0.85, 0.175, 0.35 ],
																	"rotationOrigin": [ 0.65, 0.0, -0.05 ],
																	"faces": {
																		"north": { "texture": "#string", "uv": [ 0.0, 0.0, 0.25, 0.25 ] },
																		"east": { "texture": "#string", "uv": [ 0.0, 0.0, 0.25, 0.25 ] },
																		"south": { "texture": "#string", "uv": [ 0.0, 0.0, 0.25, 0.25 ] },
																		"west": { "texture": "#string", "uv": [ 0.0, 0.0, 0.25, 0.25 ] },
																		"up": { "texture": "#string", "uv": [ 0.0, 0.0, 0.25, 0.25 ] },
																		"down": { "texture": "#string", "uv": [ 0.0, 0.0, 0.25, 0.25 ] }
																	},
																	"children": [
																		{
																			"name": "FrontBowLoverString",
																			"from": [ 0.05, 0.05, 0.05 ],
																			"to": [ 4.05, 0.15, 0.15 ],
																			"rotationOrigin": [ 0.05, 0.05, 0.05 ],
																			"rotationY": 112.5,
																			"faces": {
																				"north": { "texture": "#gold1", "uv": [ 0.0, 0.0, 4.0, 0.25 ] },
																				"east": { "texture": "#gold1", "uv": [ 0.0, 0.0, 0.25, 0.25 ] },
																				"south": { "texture": "#gold1", "uv": [ 0.0, 0.0, 4.0, 0.25 ] },
																				"west": { "texture": "#gold1", "uv": [ 0.0, 0.0, 0.25, 0.25 ] },
																				"up": { "texture": "#gold1", "uv": [ 0.0, 0.0, 4.0, 0.25 ] },
																				"down": { "texture": "#gold1", "uv": [ 0.0, 0.0, 4.0, 0.25 ] }
																			}
																		}
																	]
																},
																{
																	"name": "FrontBowLowerCompositeArm3",
																	"from": [ 0.1, -0.01, 0.075 ],
																	"to": [ 1.05, 0.165, 0.225 ],
																	"rotationOrigin": [ 0.1, 0.0, 0.05 ],
																	"faces": {
																		"north": { "texture": "#bone", "uv": [ 0.0, 0.0, 0.75, 0.25 ] },
																		"east": { "texture": "#bone", "uv": [ 0.0, 0.0, 0.25, 0.25 ] },
																		"south": { "texture": "#bone", "uv": [ 0.0, 0.0, 0.75, 0.25 ] },
																		"west": { "texture": "#bone", "uv": [ 0.0, 0.0, 0.25, 0.25 ] },
																		"up": { "texture": "#bone", "uv": [ 0.0, 0.0, 0.75, 0.25 ] },
																		"down": { "texture": "#bone", "uv": [ 0.0, 0.0, 0.75, 0.25 ] }
																	}
																}
															]
														}
													]
												}
											]
										}
									]
								},
								{
									"name": "UpperFrontBowArm1",
									"from": [ 1.6, 0.05, 0.3 ],
									"to": [ 3.6, 0.35, 0.65 ],
									"rotationOrigin": [ 1.65, 0.2, 0.3 ],
									"rotationX": -180.0,
									"rotationY": -22.5,
									"faces": {
										"north": { "texture": "#aged", "uv": [ 0.0, 0.0, 2.0, 0.25 ] },
										"east": { "texture": "#aged", "uv": [ 0.0, 0.0, 0.25, 0.25 ] },
										"south": { "texture": "#aged", "uv": [ 0.0, 0.0, 2.0, 0.25 ] },
										"west": { "texture": "#aged", "uv": [ 0.0, 0.0, 0.25, 0.25 ] },
										"up": { "texture": "#aged", "uv": [ 0.0, 0.0, 2.0, 0.25 ] },
										"down": { "texture": "#aged", "uv": [ 0.0, 0.0, 2.0, 0.25 ] }
									},
									"children": [
										{
											"name": "UpperdFrontBowArm2",
											"from": [ 2.0013, 0.05, 0.0063 ],
											"to": [ 4.0013, 0.25, 0.3063 ],
											"rotationOrigin": [ 2.0013, 0.05, -0.3937 ],
											"rotationY": -22.0,
											"faces": {
												"north": { "texture": "#aged", "uv": [ 0.0, 0.0, 2.0, 0.25 ] },
												"east": { "texture": "#aged", "uv": [ 0.0, 0.0, 0.25, 0.25 ] },
												"south": { "texture": "#aged", "uv": [ 0.0, 0.0, 2.0, 0.25 ] },
												"west": { "texture": "#aged", "uv": [ 0.0, 0.0, 0.25, 0.25 ] },
												"up": { "texture": "#aged", "uv": [ 0.0, 0.0, 2.0, 0.25 ] },
												"down": { "texture": "#aged", "uv": [ 0.0, 0.0, 2.0, 0.25 ] }
											},
											"children": [
												{
													"name": "UpperdFrontBowArm3",
													"from": [ 2.0, 0.025, 0.0 ],
													"to": [ 3.0, 0.175, 0.3 ],
													"rotationOrigin": [ 2.0, 0.0, -0.4 ],
													"rotationY": -15.0,
													"faces": {
														"north": { "texture": "#aged", "uv": [ 0.0, 0.0, 1.0, 0.25 ] },
														"east": { "texture": "#aged", "uv": [ 0.0, 0.0, 0.25, 0.25 ] },
														"south": { "texture": "#aged", "uv": [ 0.0, 0.0, 1.0, 0.25 ] },
														"west": { "texture": "#aged", "uv": [ 0.0, 0.0, 0.25, 0.25 ] },
														"up": { "texture": "#aged", "uv": [ 0.0, 0.0, 1.0, 0.25 ] },
														"down": { "texture": "#aged", "uv": [ 0.0, 0.0, 1.0, 0.25 ] }
													},
													"children": [
														{
															"name": "UpperdFrontBowArm4",
															"from": [ 1.192, 0.025, 0.1983 ],
															"to": [ 1.892, 0.125, 0.3483 ],
															"rotationOrigin": [ 1.192, -0.025, -0.2018 ],
															"rotationY": -37.5,
															"faces": {
																"north": { "texture": "#aged", "uv": [ 0.0, 0.0, 0.5, 0.25 ] },
																"east": { "texture": "#aged", "uv": [ 0.0, 0.0, 0.25, 0.25 ] },
																"south": { "texture": "#aged", "uv": [ 0.0, 0.0, 0.5, 0.25 ] },
																"west": { "texture": "#aged", "uv": [ 0.0, 0.0, 0.25, 0.25 ] },
																"up": { "texture": "#aged", "uv": [ 0.0, 0.0, 0.5, 0.25 ] },
																"down": { "texture": "#aged", "uv": [ 0.0, 0.0, 0.5, 0.25 ] }
															}
														},
														{
															"name": "FrontBowNothcUp",
															"from": [ 0.7, -0.025, -0.05 ],
															"to": [ 0.9, 0.175, 0.35 ],
															"rotationOrigin": [ 0.7, -0.05, -0.05 ],
															"faces": {
																"north": { "texture": "#gold1", "uv": [ 0.0, 0.0, 0.25, 0.25 ] },
																"east": { "texture": "#gold1", "uv": [ 0.0, 0.0, 0.25, 0.25 ] },
																"south": { "texture": "#gold1", "uv": [ 0.0, 0.0, 0.25, 0.25 ] },
																"west": { "texture": "#gold1", "uv": [ 0.0, 0.0, 0.25, 0.25 ] },
																"up": { "texture": "#gold1", "uv": [ 0.0, 0.0, 0.25, 0.25 ] },
																"down": { "texture": "#gold1", "uv": [ 0.0, 0.0, 0.25, 0.25 ] }
															},
															"children": [
																{
																	"name": "FrontBowUpperString",
																	"from": [ 0.05, 0.05, 0.05 ],
																	"to": [ 4.05, 0.15, 0.15 ],
																	"rotationOrigin": [ 0.05, 0.05, 0.05 ],
																	"rotationY": 115.0,
																	"faces": {
																		"north": { "texture": "#gold1", "uv": [ 0.0, 0.0, 4.0, 0.25 ] },
																		"east": { "texture": "#gold1", "uv": [ 0.0, 0.0, 0.25, 0.25 ] },
																		"south": { "texture": "#gold1", "uv": [ 0.0, 0.0, 4.0, 0.25 ] },
																		"west": { "texture": "#gold1", "uv": [ 0.0, 0.0, 0.25, 0.25 ] },
																		"up": { "texture": "#gold1", "uv": [ 0.0, 0.0, 4.0, 0.25 ] },
																		"down": { "texture": "#gold1", "uv": [ 0.0, 0.0, 4.0, 0.25 ] }
																	}
																}
															]
														},
														{
															"name": "FrontBowUpperComposireArm3",
															"from": [ 0.1, -0.01, 0.075 ],
															"to": [ 1.05, 0.165, 0.225 ],
															"rotationOrigin": [ 0.0, -0.05, 0.0 ],
															"faces": {
																"north": { "texture": "#bone", "uv": [ 0.0, 0.0, 0.75, 0.25 ] },
																"east": { "texture": "#bone", "uv": [ 0.0, 0.0, 0.25, 0.25 ] },
																"south": { "texture": "#bone", "uv": [ 0.0, 0.0, 0.75, 0.25 ] },
																"west": { "texture": "#bone", "uv": [ 0.0, 0.0, 0.25, 0.25 ] },
																"up": { "texture": "#bone", "uv": [ 0.0, 0.0, 0.75, 0.25 ] },
																"down": { "texture": "#bone", "uv": [ 0.0, 0.0, 0.75, 0.25 ] }
															}
														}
													]
												},
												{
													"name": "FrontBowUpperCompositeArm2",
													"from": [ 0.1838, -0.055, 0.0833 ],
													"to": [ 2.0338, 0.23, 0.2333 ],
													"rotationOrigin": [ 0.1838, -0.1, 0.0583 ],
													"faces": {
														"north": { "texture": "#bone", "uv": [ 0.0, 0.0, 1.75, 0.25 ] },
														"east": { "texture": "#bone", "uv": [ 0.0, 0.0, 0.25, 0.25 ] },
														"south": { "texture": "#bone", "uv": [ 0.0, 0.0, 1.75, 0.25 ] },
														"west": { "texture": "#bone", "uv": [ 0.0, 0.0, 0.25, 0.25 ] },
														"up": { "texture": "#bone", "uv": [ 0.0, 0.0, 1.75, 0.25 ] },
														"down": { "texture": "#bone", "uv": [ 0.0, 0.0, 1.75, 0.25 ] }
													}
												}
											]
										},
										{
											"name": "FrontBowUpperCompositeArm1",
											"from": [ 0.0, -0.045, 0.1 ],
											"to": [ 2.05, 0.34, 0.25 ],
											"rotationOrigin": [ 0.0, -0.05, 0.1 ],
											"faces": {
												"north": { "texture": "#bone", "uv": [ 0.0, 0.0, 2.0, 0.25 ] },
												"east": { "texture": "#bone", "uv": [ 0.0, 0.0, 0.25, 0.25 ] },
												"south": { "texture": "#bone", "uv": [ 0.0, 0.0, 2.0, 0.25 ] },
												"west": { "texture": "#bone", "uv": [ 0.0, 0.0, 0.25, 0.25 ] },
												"up": { "texture": "#bone", "uv": [ 0.0, 0.0, 2.0, 0.25 ] },
												"down": { "texture": "#bone", "uv": [ 0.0, 0.0, 2.0, 0.25 ] }
											}
										}
									]
								},
								{
									"name": "FrontBowHandleStripe1",
									"from": [ 0.2, -0.025, -0.025 ],
									"to": [ 0.3, 0.425, 0.325 ],
									"rotationOrigin": [ 0.2, -0.05, 0.0 ],
									"faces": {
										"north": { "texture": "#string", "uv": [ 0.0, 0.0, 0.25, 0.25 ] },
										"east": { "texture": "#string", "uv": [ 0.0, 0.0, 0.25, 0.25 ] },
										"south": { "texture": "#string", "uv": [ 0.0, 0.0, 0.25, 0.25 ] },
										"west": { "texture": "#string", "uv": [ 0.0, 0.0, 0.25, 0.25 ] },
										"up": { "texture": "#string", "uv": [ 0.0, 0.0, 0.25, 0.25 ] },
										"down": { "texture": "#string", "uv": [ 0.0, 0.0, 0.25, 0.25 ] }
									}
								},
								{
									"name": "FrontBowHandleStripe2",
									"from": [ 1.35, -0.025, -0.025 ],
									"to": [ 1.45, 0.425, 0.325 ],
									"rotationOrigin": [ 1.35, -0.05, 0.0 ],
									"faces": {
										"north": { "texture": "#string", "uv": [ 0.0, 0.0, 0.25, 0.25 ] },
										"east": { "texture": "#string", "uv": [ 0.0, 0.0, 0.25, 0.25 ] },
										"south": { "texture": "#string", "uv": [ 0.0, 0.0, 0.25, 0.25 ] },
										"west": { "texture": "#string", "uv": [ 0.0, 0.0, 0.25, 0.25 ] },
										"up": { "texture": "#string", "uv": [ 0.0, 0.0, 0.25, 0.25 ] },
										"down": { "texture": "#string", "uv": [ 0.0, 0.0, 0.25, 0.25 ] }
									}
								}
							]
						},
						{
							"name": "Padding1",
							"from": [ -0.1, 0.4, 0.2 ],
							"to": [ 0.05, 0.55, 0.35 ],
							"rotationOrigin": [ -0.1, 0.4, 0.2 ],
							"faces": {
								"north": { "texture": "#linen", "uv": [ 0.0, 0.0, 0.125, 0.125 ] },
								"east": { "texture": "#linen", "uv": [ 0.0, 0.0, 0.125, 0.125 ] },
								"south": { "texture": "#linen", "uv": [ 0.0, 0.0, 0.125, 0.125 ] },
								"west": { "texture": "#linen", "uv": [ 0.0, 0.0, 0.125, 0.125 ] },
								"up": { "texture": "#linen", "uv": [ 0.0, 0.0, 0.125, 0.125 ] },
								"down": { "texture": "#linen", "uv": [ 0.0, 0.0, 0.25, 0.25 ] }
							}
						},
						{
							"name": "Padding2",
							"from": [ -0.15, 0.35, 0.3 ],
							"to": [ 0.0, 0.5, 0.45 ],
							"rotationOrigin": [ -0.15, 0.35, 0.3 ],
							"faces": {
								"north": { "texture": "#linen", "uv": [ 0.0, 0.0, 0.125, 0.125 ] },
								"east": { "texture": "#linen", "uv": [ 0.0, 0.0, 0.125, 0.125 ] },
								"south": { "texture": "#linen", "uv": [ 0.0, 0.0, 0.125, 0.125 ] },
								"west": { "texture": "#linen", "uv": [ 0.0, 0.0, 0.125, 0.125 ] },
								"up": { "texture": "#linen", "uv": [ 0.0, 0.0, 0.125, 0.125 ] },
								"down": { "texture": "#linen", "uv": [ 0.0, 0.0, 0.125, 0.125 ] }
							}
						},
						{
							"name": "Padding3",
							"from": [ -0.1, 0.25, 0.4 ],
							"to": [ 0.05, 0.4, 0.55 ],
							"rotationOrigin": [ -0.1, 0.25, 0.4 ],
							"faces": {
								"north": { "texture": "#linen", "uv": [ 0.0, 0.0, 0.125, 0.125 ] },
								"east": { "texture": "#linen", "uv": [ 0.0, 0.0, 0.125, 0.125 ] },
								"south": { "texture": "#linen", "uv": [ 0.0, 0.0, 0.125, 0.125 ] },
								"west": { "texture": "#linen", "uv": [ 0.0, 0.0, 0.125, 0.125 ] },
								"up": { "texture": "#linen", "uv": [ 0.0, 0.0, 0.125, 0.125 ] },
								"down": { "texture": "#linen", "uv": [ 0.0, 0.0, 0.125, 0.125 ] }
							}
						},
						{
							"name": "Padding4",
							"from": [ -0.05, 0.1, 0.4 ],
							"to": [ 0.1, 0.25, 0.55 ],
							"rotationOrigin": [ -0.05, 0.1, 0.4 ],
							"faces": {
								"north": { "texture": "#linen", "uv": [ 0.0, 0.0, 0.125, 0.125 ] },
								"east": { "texture": "#linen", "uv": [ 0.0, 0.0, 0.125, 0.125 ] },
								"south": { "texture": "#linen", "uv": [ 0.0, 0.0, 0.125, 0.125 ] },
								"west": { "texture": "#linen", "uv": [ 0.0, 0.0, 0.125, 0.125 ] },
								"up": { "texture": "#linen", "uv": [ 0.0, 0.0, 0.125, 0.125 ] },
								"down": { "texture": "#linen", "uv": [ 0.0, 0.0, 0.125, 0.125 ] }
							}
						},
						{
							"name": "Padding5",
							"from": [ -0.05, 0.425, 0.05 ],
							"to": [ 0.1, 0.575, 0.2 ],
							"rotationOrigin": [ -0.05, 0.4, 0.05 ],
							"faces": {
								"north": { "texture": "#linen", "uv": [ 0.0, 0.0, 0.125, 0.125 ] },
								"east": { "texture": "#linen", "uv": [ 0.0, 0.0, 0.125, 0.125 ] },
								"south": { "texture": "#linen", "uv": [ 0.0, 0.0, 0.125, 0.125 ] },
								"west": { "texture": "#linen", "uv": [ 0.0, 0.0, 0.125, 0.125 ] },
								"up": { "texture": "#linen", "uv": [ 0.0, 0.0, 0.125, 0.125 ] },
								"down": { "texture": "#linen", "uv": [ 0.0, 0.0, 0.125, 0.125 ] }
							}
						},
						{
							"name": "Padding6",
							"from": [ -0.05, 0.375, -0.05 ],
							"to": [ 0.1, 0.525, 0.1 ],
							"rotationOrigin": [ -0.05, 0.35, -0.05 ],
							"faces": {
								"north": { "texture": "#linen", "uv": [ 0.0, 0.0, 0.125, 0.125 ] },
								"east": { "texture": "#linen", "uv": [ 0.0, 0.0, 0.125, 0.125 ] },
								"south": { "texture": "#linen", "uv": [ 0.0, 0.0, 0.125, 0.125 ] },
								"west": { "texture": "#linen", "uv": [ 0.0, 0.0, 0.125, 0.125 ] },
								"up": { "texture": "#linen", "uv": [ 0.0, 0.0, 0.125, 0.125 ] },
								"down": { "texture": "#linen", "uv": [ 0.0, 0.0, 0.125, 0.125 ] }
							}
						},
						{
							"name": "Padding7",
							"from": [ -0.05, -0.05, 0.355 ],
							"to": [ 0.1, 0.1, 0.505 ],
							"rotationOrigin": [ -0.05, -0.05, 0.35 ],
							"faces": {
								"north": { "texture": "#linen", "uv": [ 0.0, 0.0, 0.125, 0.125 ] },
								"east": { "texture": "#linen", "uv": [ 0.0, 0.0, 0.125, 0.125 ] },
								"south": { "texture": "#linen", "uv": [ 0.0, 0.0, 0.125, 0.125 ] },
								"west": { "texture": "#linen", "uv": [ 0.0, 0.0, 0.125, 0.125 ] },
								"up": { "texture": "#linen", "uv": [ 0.0, 0.0, 0.125, 0.125 ] },
								"down": { "texture": "#linen", "uv": [ 0.0, 0.0, 0.125, 0.125 ] }
							}
						},
						{
							"name": "Padding8",
							"from": [ -0.005, -0.1, 0.205 ],
							"to": [ 0.145, 0.05, 0.355 ],
							"rotationOrigin": [ 0.0, -0.1, 0.2 ],
							"faces": {
								"north": { "texture": "#linen", "uv": [ 0.0, 0.0, 0.125, 0.125 ] },
								"east": { "texture": "#linen", "uv": [ 0.0, 0.0, 0.125, 0.125 ] },
								"south": { "texture": "#linen", "uv": [ 0.0, 0.0, 0.125, 0.125 ] },
								"west": { "texture": "#linen", "uv": [ 0.0, 0.0, 0.125, 0.125 ] },
								"up": { "texture": "#linen", "uv": [ 0.0, 0.0, 0.125, 0.125 ] },
								"down": { "texture": "#linen", "uv": [ 0.0, 0.0, 0.125, 0.125 ] }
							}
						},
						{
							"name": "Padding9",
							"from": [ -0.055, -0.05, 0.105 ],
							"to": [ 0.095, 0.1, 0.255 ],
							"rotationOrigin": [ -0.05, -0.05, 0.1 ],
							"faces": {
								"north": { "texture": "#linen", "uv": [ 0.0, 0.0, 0.125, 0.125 ] },
								"east": { "texture": "#linen", "uv": [ 0.0, 0.0, 0.125, 0.125 ] },
								"south": { "texture": "#linen", "uv": [ 0.0, 0.0, 0.125, 0.125 ] },
								"west": { "texture": "#linen", "uv": [ 0.0, 0.0, 0.125, 0.125 ] },
								"up": { "texture": "#linen", "uv": [ 0.0, 0.0, 0.125, 0.125 ] },
								"down": { "texture": "#linen", "uv": [ 0.0, 0.0, 0.125, 0.125 ] }
							}
						},
						{
							"name": "Padding10",
							"from": [ -0.105, -0.05, -0.045 ],
							"to": [ 0.045, 0.1, 0.105 ],
							"rotationOrigin": [ -0.1, -0.05, -0.05 ],
							"faces": {
								"north": { "texture": "#linen", "uv": [ 0.0, 0.0, 0.125, 0.125 ] },
								"east": { "texture": "#linen", "uv": [ 0.0, 0.0, 0.125, 0.125 ] },
								"south": { "texture": "#linen", "uv": [ 0.0, 0.0, 0.125, 0.125 ] },
								"west": { "texture": "#linen", "uv": [ 0.0, 0.0, 0.125, 0.125 ] },
								"up": { "texture": "#linen", "uv": [ 0.0, 0.0, 0.125, 0.125 ] },
								"down": { "texture": "#linen", "uv": [ 0.0, 0.0, 0.125, 0.125 ] }
							}
						},
						{
							"name": "Padding11",
							"from": [ -0.05, 0.275, -0.05 ],
							"to": [ 0.1, 0.425, 0.1 ],
							"rotationOrigin": [ -0.05, 0.25, -0.05 ],
							"faces": {
								"north": { "texture": "#linen", "uv": [ 0.0, 0.0, 0.125, 0.125 ] },
								"east": { "texture": "#linen", "uv": [ 0.0, 0.0, 0.125, 0.125 ] },
								"south": { "texture": "#linen", "uv": [ 0.0, 0.0, 0.125, 0.125 ] },
								"west": { "texture": "#linen", "uv": [ 0.0, 0.0, 0.125, 0.125 ] },
								"up": { "texture": "#linen", "uv": [ 0.0, 0.0, 0.125, 0.125 ] },
								"down": { "texture": "#linen", "uv": [ 0.0, 0.0, 0.125, 0.125 ] }
							}
						},
						{
							"name": "Padding12",
							"from": [ -0.1, 0.125, -0.05 ],
							"to": [ 0.05, 0.275, 0.1 ],
							"rotationOrigin": [ -0.1, 0.1, -0.05 ],
							"faces": {
								"north": { "texture": "#linen", "uv": [ 0.0, 0.0, 0.125, 0.125 ] },
								"east": { "texture": "#linen", "uv": [ 0.0, 0.0, 0.125, 0.125 ] },
								"south": { "texture": "#linen", "uv": [ 0.0, 0.0, 0.125, 0.125 ] },
								"west": { "texture": "#linen", "uv": [ 0.0, 0.0, 0.125, 0.125 ] },
								"up": { "texture": "#linen", "uv": [ 0.0, 0.0, 0.125, 0.125 ] },
								"down": { "texture": "#linen", "uv": [ 0.0, 0.0, 0.125, 0.125 ] }
							}
						},
						{
							"name": "Padding13",
							"from": [ -0.15, 0.025, -0.05 ],
							"to": [ 0.0, 0.175, 0.1 ],
							"rotationOrigin": [ -0.15, 0.0, -0.05 ],
							"faces": {
								"north": { "texture": "#linen", "uv": [ 0.0, 0.0, 0.125, 0.125 ] },
								"east": { "texture": "#linen", "uv": [ 0.0, 0.0, 0.125, 0.125 ] },
								"south": { "texture": "#linen", "uv": [ 0.0, 0.0, 0.125, 0.125 ] },
								"west": { "texture": "#linen", "uv": [ 0.0, 0.0, 0.125, 0.125 ] },
								"up": { "texture": "#linen", "uv": [ 0.0, 0.0, 0.125, 0.125 ] },
								"down": { "texture": "#linen", "uv": [ 0.0, 0.0, 0.125, 0.125 ] }
							}
						},
						{
							"name": "Padding14",
							"from": [ 1.65, 0.475, 0.05 ],
							"to": [ 1.8, 0.625, 0.2 ],
							"rotationOrigin": [ 1.65, 0.45, 0.05 ],
							"faces": {
								"north": { "texture": "#linen", "uv": [ 0.0, 0.0, 0.125, 0.125 ] },
								"east": { "texture": "#linen", "uv": [ 0.0, 0.0, 0.125, 0.125 ] },
								"south": { "texture": "#linen", "uv": [ 0.0, 0.0, 0.125, 0.125 ] },
								"west": { "texture": "#linen", "uv": [ 0.0, 0.0, 0.125, 0.125 ] },
								"up": { "texture": "#linen", "uv": [ 0.0, 0.0, 0.125, 0.125 ] },
								"down": { "texture": "#linen", "uv": [ 0.0, 0.0, 0.125, 0.125 ] }
							}
						},
						{
							"name": "Padding15",
							"from": [ 1.7, 0.375, -0.05 ],
							"to": [ 1.85, 0.525, 0.1 ],
							"rotationOrigin": [ 1.7, 0.35, -0.05 ],
							"faces": {
								"north": { "texture": "#linen", "uv": [ 0.0, 0.0, 0.125, 0.125 ] },
								"east": { "texture": "#linen", "uv": [ 0.0, 0.0, 0.125, 0.125 ] },
								"south": { "texture": "#linen", "uv": [ 0.0, 0.0, 0.125, 0.125 ] },
								"west": { "texture": "#linen", "uv": [ 0.0, 0.0, 0.125, 0.125 ] },
								"up": { "texture": "#linen", "uv": [ 0.0, 0.0, 0.125, 0.125 ] },
								"down": { "texture": "#linen", "uv": [ 0.0, 0.0, 0.125, 0.125 ] }
							}
						},
						{
							"name": "Padding16",
							"from": [ 1.7, 0.425, 0.2 ],
							"to": [ 1.85, 0.575, 0.35 ],
							"rotationOrigin": [ 1.7, 0.4, 0.2 ],
							"faces": {
								"north": { "texture": "#linen", "uv": [ 0.0, 0.0, 0.125, 0.125 ] },
								"east": { "texture": "#linen", "uv": [ 0.0, 0.0, 0.125, 0.125 ] },
								"south": { "texture": "#linen", "uv": [ 0.0, 0.0, 0.125, 0.125 ] },
								"west": { "texture": "#linen", "uv": [ 0.0, 0.0, 0.125, 0.125 ] },
								"up": { "texture": "#linen", "uv": [ 0.0, 0.0, 0.125, 0.125 ] },
								"down": { "texture": "#linen", "uv": [ 0.0, 0.0, 0.125, 0.125 ] }
							}
						},
						{
							"name": "Padding17",
							"from": [ 1.65, 0.475, 0.35 ],
							"to": [ 1.8, 0.625, 0.5 ],
							"rotationOrigin": [ 1.65, 0.45, 0.35 ],
							"faces": {
								"north": { "texture": "#linen", "uv": [ 0.0, 0.0, 0.125, 0.125 ] },
								"east": { "texture": "#linen", "uv": [ 0.0, 0.0, 0.125, 0.125 ] },
								"south": { "texture": "#linen", "uv": [ 0.0, 0.0, 0.125, 0.125 ] },
								"west": { "texture": "#linen", "uv": [ 0.0, 0.0, 0.125, 0.125 ] },
								"up": { "texture": "#linen", "uv": [ 0.0, 0.0, 0.125, 0.125 ] },
								"down": { "texture": "#linen", "uv": [ 0.0, 0.0, 0.125, 0.125 ] }
							}
						},
						{
							"name": "Padding18",
							"from": [ 1.65, 0.375, 0.4 ],
							"to": [ 1.8, 0.525, 0.55 ],
							"rotationOrigin": [ 1.65, 0.35, 0.4 ],
							"faces": {
								"north": { "texture": "#linen", "uv": [ 0.0, 0.0, 0.125, 0.125 ] },
								"east": { "texture": "#linen", "uv": [ 0.0, 0.0, 0.125, 0.125 ] },
								"south": { "texture": "#linen", "uv": [ 0.0, 0.0, 0.125, 0.125 ] },
								"west": { "texture": "#linen", "uv": [ 0.0, 0.0, 0.125, 0.125 ] },
								"up": { "texture": "#linen", "uv": [ 0.0, 0.0, 0.125, 0.125 ] },
								"down": { "texture": "#linen", "uv": [ 0.0, 0.0, 0.125, 0.125 ] }
							}
						},
						{
							"name": "Padding19",
							"from": [ 1.75, 0.275, 0.4 ],
							"to": [ 1.9, 0.425, 0.55 ],
							"rotationOrigin": [ 1.75, 0.25, 0.4 ],
							"faces": {
								"north": { "texture": "#linen", "uv": [ 0.0, 0.0, 0.125, 0.125 ] },
								"east": { "texture": "#linen", "uv": [ 0.0, 0.0, 0.125, 0.125 ] },
								"south": { "texture": "#linen", "uv": [ 0.0, 0.0, 0.125, 0.125 ] },
								"west": { "texture": "#linen", "uv": [ 0.0, 0.0, 0.125, 0.125 ] },
								"up": { "texture": "#linen", "uv": [ 0.0, 0.0, 0.125, 0.125 ] },
								"down": { "texture": "#linen", "uv": [ 0.0, 0.0, 0.125, 0.125 ] }
							}
						},
						{
							"name": "Padding20",
							"from": [ 1.7, 0.125, 0.355 ],
							"to": [ 1.85, 0.275, 0.505 ],
							"rotationOrigin": [ 1.7, 0.1, 0.35 ],
							"faces": {
								"north": { "texture": "#linen", "uv": [ 0.0, 0.0, 0.125, 0.125 ] },
								"east": { "texture": "#linen", "uv": [ 0.0, 0.0, 0.125, 0.125 ] },
								"south": { "texture": "#linen", "uv": [ 0.0, 0.0, 0.125, 0.125 ] },
								"west": { "texture": "#linen", "uv": [ 0.0, 0.0, 0.125, 0.125 ] },
								"up": { "texture": "#linen", "uv": [ 0.0, 0.0, 0.125, 0.125 ] },
								"down": { "texture": "#linen", "uv": [ 0.0, 0.0, 0.125, 0.125 ] }
							}
						},
						{
							"name": "Padding21",
							"from": [ 1.75, -0.025, 0.405 ],
							"to": [ 1.9, 0.125, 0.555 ],
							"rotationOrigin": [ 1.75, -0.05, 0.4 ],
							"faces": {
								"north": { "texture": "#linen", "uv": [ 0.0, 0.0, 0.125, 0.125 ] },
								"east": { "texture": "#linen", "uv": [ 0.0, 0.0, 0.125, 0.125 ] },
								"south": { "texture": "#linen", "uv": [ 0.0, 0.0, 0.125, 0.125 ] },
								"west": { "texture": "#linen", "uv": [ 0.0, 0.0, 0.125, 0.125 ] },
								"up": { "texture": "#linen", "uv": [ 0.0, 0.0, 0.125, 0.125 ] },
								"down": { "texture": "#linen", "uv": [ 0.0, 0.0, 0.125, 0.125 ] }
							}
						},
						{
							"name": "Padding22",
							"from": [ 1.75, 0.025, 0.255 ],
							"to": [ 1.9, 0.175, 0.405 ],
							"rotationOrigin": [ 1.75, 0.0, 0.25 ],
							"faces": {
								"north": { "texture": "#linen", "uv": [ 0.0, 0.0, 0.125, 0.125 ] },
								"east": { "texture": "#linen", "uv": [ 0.0, 0.0, 0.125, 0.125 ] },
								"south": { "texture": "#linen", "uv": [ 0.0, 0.0, 0.125, 0.125 ] },
								"west": { "texture": "#linen", "uv": [ 0.0, 0.0, 0.125, 0.125 ] },
								"up": { "texture": "#linen", "uv": [ 0.0, 0.0, 0.125, 0.125 ] },
								"down": { "texture": "#linen", "uv": [ 0.0, 0.0, 0.125, 0.125 ] }
							}
						},
						{
							"name": "Padding23",
							"from": [ 1.7, -0.025, 0.105 ],
							"to": [ 1.85, 0.125, 0.255 ],
							"rotationOrigin": [ 1.7, -0.05, 0.1 ],
							"faces": {
								"north": { "texture": "#linen", "uv": [ 0.0, 0.0, 0.125, 0.125 ] },
								"east": { "texture": "#linen", "uv": [ 0.0, 0.0, 0.125, 0.125 ] },
								"south": { "texture": "#linen", "uv": [ 0.0, 0.0, 0.125, 0.125 ] },
								"west": { "texture": "#linen", "uv": [ 0.0, 0.0, 0.125, 0.125 ] },
								"up": { "texture": "#linen", "uv": [ 0.0, 0.0, 0.125, 0.125 ] },
								"down": { "texture": "#linen", "uv": [ 0.0, 0.0, 0.125, 0.125 ] }
							}
						},
						{
							"name": "Padding24",
							"from": [ 1.65, -0.075, -0.045 ],
							"to": [ 1.8, 0.075, 0.105 ],
							"rotationOrigin": [ 1.65, -0.1, -0.05 ],
							"faces": {
								"north": { "texture": "#linen", "uv": [ 0.0, 0.0, 0.125, 0.125 ] },
								"east": { "texture": "#linen", "uv": [ 0.0, 0.0, 0.125, 0.125 ] },
								"south": { "texture": "#linen", "uv": [ 0.0, 0.0, 0.125, 0.125 ] },
								"west": { "texture": "#linen", "uv": [ 0.0, 0.0, 0.125, 0.125 ] },
								"up": { "texture": "#linen", "uv": [ 0.0, 0.0, 0.125, 0.125 ] },
								"down": { "texture": "#linen", "uv": [ 0.0, 0.0, 0.125, 0.125 ] }
							}
						},
						{
							"name": "Padding25",
							"from": [ 1.7, 0.075, -0.045 ],
							"to": [ 1.85, 0.225, 0.105 ],
							"rotationOrigin": [ 1.7, 0.05, -0.05 ],
							"faces": {
								"north": { "texture": "#linen", "uv": [ 0.0, 0.0, 0.125, 0.125 ] },
								"east": { "texture": "#linen", "uv": [ 0.0, 0.0, 0.125, 0.125 ] },
								"south": { "texture": "#linen", "uv": [ 0.0, 0.0, 0.125, 0.125 ] },
								"west": { "texture": "#linen", "uv": [ 0.0, 0.0, 0.125, 0.125 ] },
								"up": { "texture": "#linen", "uv": [ 0.0, 0.0, 0.125, 0.125 ] },
								"down": { "texture": "#linen", "uv": [ 0.0, 0.0, 0.125, 0.125 ] }
							}
						},
						{
							"name": "Padding26",
							"from": [ 1.75, 0.225, -0.05 ],
							"to": [ 1.9, 0.375, 0.1 ],
							"rotationOrigin": [ 1.75, 0.2, -0.05 ],
							"faces": {
								"north": { "texture": "#linen", "uv": [ 0.0, 0.0, 0.125, 0.125 ] },
								"east": { "texture": "#linen", "uv": [ 0.0, 0.0, 0.125, 0.125 ] },
								"south": { "texture": "#linen", "uv": [ 0.0, 0.0, 0.125, 0.125 ] },
								"west": { "texture": "#linen", "uv": [ 0.0, 0.0, 0.125, 0.125 ] },
								"up": { "texture": "#linen", "uv": [ 0.0, 0.0, 0.125, 0.125 ] },
								"down": { "texture": "#linen", "uv": [ 0.0, 0.0, 0.125, 0.125 ] }
							}
						},
						{
							"name": "BowGripStripe1",
							"from": [ 0.1, -0.025, -0.05 ],
							"to": [ 0.2, 0.525, 0.525 ],
							"rotationOrigin": [ 0.1, 0.0, -0.05 ],
							"faces": {
								"north": { "texture": "#string", "uv": [ 0.0, 0.0, 0.25, 0.5 ] },
								"east": { "texture": "#string", "uv": [ 0.0, 0.0, 0.5, 0.5 ] },
								"south": { "texture": "#string", "uv": [ 0.0, 0.0, 0.25, 0.5 ] },
								"west": { "texture": "#string", "uv": [ 0.0, 0.0, 0.5, 0.5 ] },
								"up": { "texture": "#string", "uv": [ 0.0, 0.0, 0.25, 0.5 ] },
								"down": { "texture": "#string", "uv": [ 0.0, 0.0, 0.25, 0.5 ] }
							}
						},
						{
							"name": "BowGripStripe2",
							"from": [ 1.55, -0.025, -0.05 ],
							"to": [ 1.65, 0.525, 0.525 ],
							"rotationOrigin": [ 1.55, 0.0, -0.05 ],
							"faces": {
								"north": { "texture": "#string", "uv": [ 0.0, 0.0, 0.25, 0.5 ] },
								"east": { "texture": "#string", "uv": [ 0.0, 0.0, 0.5, 0.5 ] },
								"south": { "texture": "#string", "uv": [ 0.0, 0.0, 0.25, 0.5 ] },
								"west": { "texture": "#string", "uv": [ 0.0, 0.0, 0.5, 0.5 ] },
								"up": { "texture": "#string", "uv": [ 0.0, 0.0, 0.25, 0.5 ] },
								"down": { "texture": "#string", "uv": [ 0.0, 0.0, 0.25, 0.5 ] }
							}
						}
					]
				}
			]
		},
		{
			"name": "strila",
			"from": [ 5.56, 0.5, 6.48 ],
			"to": [ 10.744, 0.824, 6.804 ],
			"rotationOrigin": [ 7.832, 0.667, 6.642 ],
			"rotationY": 59.0,
			"faces": {
				"north": { "texture": "#ebony", "uv": [ 0.0, 14.5, 5.0, 15.0 ] },
				"east": { "texture": "#ebony", "uv": [ 8.0, 7.0, 8.5, 7.5 ] },
				"south": { "texture": "#ebony", "uv": [ 0.0, 7.5, 5.0, 8.0 ] },
				"up": { "texture": "#ebony", "uv": [ 0.0, 6.5, 5.0, 7.0 ] },
				"down": { "texture": "#ebony", "uv": [ 0.0, 0.5, 5.0, 1.0 ] }
			},
			"children": [
				{
					"name": "Cube1",
					"from": [ 5.184, 0.1296, 0.0 ],
					"to": [ 5.67, 0.1944, 0.324 ],
					"rotationOrigin": [ 5.184, 0.1296, 0.0 ],
					"faces": {
						"north": { "texture": "#iron", "uv": [ 4.0, 14.0, 4.486, 14.162 ] },
						"east": { "texture": "#iron", "uv": [ 11.0, 12.5, 11.324, 12.662 ] },
						"south": { "texture": "#iron", "uv": [ 7.5, 13.5, 7.986, 13.662 ] },
						"west": { "texture": "#iron", "uv": [ 9.5, 12.0, 9.824, 12.162 ] },
						"up": { "texture": "#iron", "uv": [ 12.0, 9.5, 12.486, 9.824 ] },
						"down": { "texture": "#iron", "uv": [ 10.0, 12.0, 10.486, 12.324 ] }
					}
				},
				{
					"name": "Cube5",
					"from": [ 4.698, 0.1296, -0.0648 ],
					"to": [ 5.508, 0.1944, 0.0972 ],
					"rotationOrigin": [ 5.508, 0.1296, 0.0972 ],
					"rotationX": -1.0,
					"rotationY": -7.0,
					"faces": {
						"north": { "texture": "#iron", "uv": [ 4.0, 14.0, 4.81, 14.162 ] },
						"east": { "texture": "#iron", "uv": [ 11.0, 12.5, 11.162, 12.662 ] },
						"south": { "texture": "#iron", "uv": [ 7.5, 13.5, 8.31, 13.662 ] },
						"west": { "texture": "#iron", "uv": [ 9.5, 12.0, 9.662, 12.162 ] },
						"up": { "texture": "#iron", "uv": [ 6.0, 10.5, 6.81, 10.662 ] },
						"down": { "texture": "#iron", "uv": [ 10.0, 12.0, 10.81, 12.162 ] }
					}
				},
				{
					"name": "Cube6",
					"from": [ 4.698, 0.1296, 0.2268 ],
					"to": [ 5.508, 0.1944, 0.3888 ],
					"rotationOrigin": [ 5.508, 0.1296, 0.2268 ],
					"rotationY": 7.0,
					"rotationZ": 1.0,
					"faces": {
						"north": { "texture": "#iron", "uv": [ 4.0, 14.0, 4.81, 14.162 ] },
						"east": { "texture": "#iron", "uv": [ 11.0, 12.5, 11.162, 12.662 ] },
						"south": { "texture": "#iron", "uv": [ 7.5, 13.5, 8.31, 13.662 ] },
						"west": { "texture": "#iron", "uv": [ 9.5, 12.0, 9.662, 12.162 ] },
						"up": { "texture": "#iron", "uv": [ 8.0, 10.0, 8.81, 10.162 ] },
						"down": { "texture": "#iron", "uv": [ 10.0, 12.0, 10.81, 12.162 ] }
					}
				},
				{
					"name": "Cube7",
					"from": [ 4.5684, 0.1134, 0.2916 ],
					"to": [ 5.2164, 0.1782, 0.4536 ],
					"rotationOrigin": [ 5.2164, 0.1296, 0.2916 ],
					"rotationY": 18.0,
					"faces": {
						"north": { "texture": "#iron", "uv": [ 4.0, 14.0, 4.648, 14.162 ] },
						"east": { "texture": "#iron", "uv": [ 11.0, 12.5, 11.162, 12.662 ] },
						"south": { "texture": "#iron", "uv": [ 7.5, 13.5, 8.148, 13.662 ] },
						"west": { "texture": "#iron", "uv": [ 9.5, 12.0, 9.662, 12.162 ] },
						"up": { "texture": "#iron", "uv": [ 6.0, 7.0, 6.648, 7.162 ] },
						"down": { "texture": "#iron", "uv": [ 10.0, 12.0, 10.648, 12.162 ] }
					}
				},
				{
					"name": "Cube8",
					"from": [ 4.5684, 0.1134, -0.1296 ],
					"to": [ 5.2164, 0.1782, 0.0324 ],
					"rotationOrigin": [ 5.2164, 0.0972, 0.0324 ],
					"rotationY": -18.0,
					"faces": {
						"north": { "texture": "#iron", "uv": [ 4.0, 14.0, 4.648, 14.162 ] },
						"east": { "texture": "#iron", "uv": [ 11.0, 12.5, 11.162, 12.662 ] },
						"south": { "texture": "#iron", "uv": [ 7.5, 13.5, 8.148, 13.662 ] },
						"west": { "texture": "#iron", "uv": [ 9.5, 12.0, 9.662, 12.162 ] },
						"up": { "texture": "#iron", "uv": [ 8.5, 0.0, 9.148, 0.162 ] },
						"down": { "texture": "#iron", "uv": [ 10.0, 12.0, 10.648, 12.162 ] }
					}
				},
				{
					"name": "Cube9",
					"from": [ 5.67, 0.1296, 0.0972 ],
					"to": [ 5.832, 0.1944, 0.2268 ],
					"rotationOrigin": [ 5.67, 0.1296, 0.0972 ],
					"faces": {
						"north": { "texture": "#iron", "uv": [ 4.0, 14.0, 4.162, 14.162 ] },
						"east": { "texture": "#iron", "uv": [ 11.0, 12.5, 11.162, 12.662 ] },
						"south": { "texture": "#iron", "uv": [ 7.5, 13.5, 7.662, 13.662 ] },
						"west": { "texture": "#iron", "uv": [ 9.5, 12.0, 9.662, 12.162 ] },
						"up": { "texture": "#iron", "uv": [ 3.5, 5.0, 3.662, 5.162 ] },
						"down": { "texture": "#iron", "uv": [ 10.0, 12.0, 10.162, 12.162 ] }
					}
				},
				{
					"name": "Cube13",
					"from": [ 4.4388, 0.1296, -0.1296 ],
					"to": [ 4.6008, 0.1944, 0.4536 ],
					"rotationOrigin": [ 4.4388, 0.1296, -0.1296 ],
					"faces": {
						"north": { "texture": "#iron", "uv": [ 4.0, 14.0, 4.162, 14.162 ] },
						"east": { "texture": "#iron", "uv": [ 11.0, 12.5, 11.486, 12.662 ] },
						"south": { "texture": "#iron", "uv": [ 7.5, 13.5, 7.662, 13.662 ] },
						"west": { "texture": "#iron", "uv": [ 9.5, 12.0, 9.986, 12.162 ] },
						"up": { "texture": "#iron", "uv": [ 6.0, 10.5, 6.162, 10.986 ] },
						"down": { "texture": "#iron", "uv": [ 10.0, 12.0, 10.162, 12.486 ] }
					}
				},
				{
					"name": "Cube14",
					"from": [ -0.486, -0.0324, -0.0324 ],
					"to": [ -0.324, 0.3564, 0.3564 ],
					"rotationOrigin": [ -0.486, -0.0324, -0.0324 ],
					"faces": {
						"north": { "texture": "#gold1", "uv": [ 4.0, 14.0, 4.162, 14.324 ] },
						"east": { "texture": "#gold1", "uv": [ 10.5, 10.0, 10.824, 10.324 ] },
						"south": { "texture": "#gold1", "uv": [ 3.5, 10.0, 3.662, 10.324 ] },
						"west": { "texture": "#gold1", "uv": [ 10.5, 8.0, 10.824, 8.324 ] },
						"up": { "texture": "#gold1", "uv": [ 9.0, 9.0, 9.162, 9.324 ] },
						"down": { "texture": "#gold1", "uv": [ 8.5, 8.0, 8.662, 8.324 ] }
					}
				},
				{
					"name": "Cube15",
					"from": [ -0.162, -0.0324, -0.0324 ],
					"to": [ 0.0, 0.3564, 0.3564 ],
					"rotationOrigin": [ -0.162, -0.0324, -0.0324 ],
					"faces": {
						"north": { "texture": "#gold1", "uv": [ 1.0, 14.0, 1.162, 14.324 ] },
						"east": { "texture": "#gold1", "uv": [ 10.5, 10.0, 10.824, 10.324 ] },
						"south": { "texture": "#gold1", "uv": [ 5.5, 6.5, 5.662, 6.824 ] },
						"west": { "texture": "#gold1", "uv": [ 14.5, 12.0, 14.824, 12.324 ] },
						"up": { "texture": "#gold1", "uv": [ 5.5, 14.5, 5.662, 14.824 ] },
						"down": { "texture": "#gold1", "uv": [ 6.0, 7.0, 6.162, 7.324 ] }
					}
				},
				{
					"name": "FeatherHorizontal19",
					"from": [ -1.62, -0.4212, 0.162 ],
					"to": [ 0.162, 0.8748, 0.162 ],
					"shade": false,
					"rotationOrigin": [ 0.162, 0.1944, 0.1944 ],
					"rotationX": -45.0,
					"rotationY": -1.0,
					"faces": {
						"south": { "texture": "#feather1", "uv": [ 6.0, 10.0, 7.0, 11.5 ], "rotation": 270 }
					}
				},
				{
					"name": "FeatherHorizontal20",
					"from": [ -1.62, -0.486, 0.162 ],
					"to": [ 0.162, 0.81, 0.162 ],
					"shade": false,
					"rotationOrigin": [ 0.162, 0.1296, 0.1944 ],
					"rotationX": 45.0,
					"rotationY": -1.0,
					"faces": {
						"south": { "texture": "#feather1", "uv": [ 6.0, 10.0, 7.0, 11.5 ], "rotation": 270 }
					}
				},
				{
					"name": "stick 2",
					"from": [ -0.972, 0.0, 0.0 ],
					"to": [ 0.0, 0.324, 0.324 ],
					"rotationOrigin": [ -0.972, 0.0, 0.0 ],
					"faces": {
						"north": { "texture": "#ebony", "uv": [ 1.5, 2.5, 2.472, 2.824 ] },
						"south": { "texture": "#ebony", "uv": [ 3.0, 2.5, 3.972, 2.824 ] },
						"west": { "texture": "#ebony", "uv": [ 0.0, 0.0, 0.324, 0.324 ] },
						"up": { "texture": "#ebony", "uv": [ 9.5, 1.5, 10.472, 1.824 ] },
						"down": { "texture": "#ebony", "uv": [ 2.5, 0.5, 3.472, 0.824 ] }
					}
				},
				{
					"name": "Cube18",
					"from": [ 3.9204, 0.1944, -0.0324 ],
					"to": [ 4.0824, 0.3564, 0.1296 ],
					"rotationOrigin": [ 3.9204, 0.1944, -0.0324 ],
					"faces": {
						"north": { "texture": "#gold1", "uv": [ 4.0, 14.0, 4.162, 14.162 ] },
						"east": { "texture": "#gold1", "uv": [ 10.5, 10.0, 10.662, 10.162 ] },
						"south": { "texture": "#gold1", "uv": [ 3.5, 10.0, 3.662, 10.162 ] },
						"west": { "texture": "#gold1", "uv": [ 10.5, 8.0, 10.662, 8.162 ] },
						"up": { "texture": "#gold1", "uv": [ 9.0, 9.0, 9.162, 9.162 ] },
						"down": { "texture": "#gold1", "uv": [ 8.5, 8.0, 8.662, 8.162 ] }
					}
				},
				{
					"name": "Cube19",
					"from": [ 3.5964, 0.1944, -0.0324 ],
					"to": [ 3.7584, 0.3564, 0.1296 ],
					"rotationOrigin": [ 3.5964, 0.1944, -0.0324 ],
					"faces": {
						"north": { "texture": "#gold1", "uv": [ 4.0, 14.0, 4.162, 14.162 ] },
						"east": { "texture": "#gold1", "uv": [ 10.5, 10.0, 10.662, 10.162 ] },
						"south": { "texture": "#gold1", "uv": [ 3.5, 10.0, 3.662, 10.162 ] },
						"west": { "texture": "#gold1", "uv": [ 10.5, 8.0, 10.662, 8.162 ] },
						"up": { "texture": "#gold1", "uv": [ 5.5, 1.0, 5.662, 1.162 ] },
						"down": { "texture": "#gold1", "uv": [ 8.5, 8.0, 8.662, 8.162 ] }
					}
				},
				{
					"name": "Cube20",
					"from": [ 3.3048, 0.1944, -0.0324 ],
					"to": [ 3.4668, 0.3564, 0.1296 ],
					"rotationOrigin": [ 3.3048, 0.1944, -0.0324 ],
					"rotationY": -20.0,
					"faces": {
						"north": { "texture": "#gold1", "uv": [ 4.0, 14.0, 4.162, 14.162 ] },
						"east": { "texture": "#gold1", "uv": [ 10.5, 10.0, 10.662, 10.162 ] },
						"south": { "texture": "#gold1", "uv": [ 3.5, 10.0, 3.662, 10.162 ] },
						"west": { "texture": "#gold1", "uv": [ 10.5, 8.0, 10.662, 8.162 ] },
						"up": { "texture": "#gold1", "uv": [ 6.0, 0.0, 6.162, 0.162 ] },
						"down": { "texture": "#gold1", "uv": [ 8.5, 8.0, 8.662, 8.162 ] }
					}
				},
				{
					"name": "Cube21",
					"from": [ 1.9764, 0.1944, 0.1944 ],
					"to": [ 2.1384, 0.3564, 0.3564 ],
					"rotationOrigin": [ 1.9764, 0.1944, 0.1944 ],
					"faces": {
						"north": { "texture": "#gold1", "uv": [ 1.0, 14.0, 1.162, 14.162 ] },
						"east": { "texture": "#gold1", "uv": [ 14.5, 1.0, 14.662, 1.162 ] },
						"south": { "texture": "#gold1", "uv": [ 1.0, 14.0, 1.162, 14.162 ] },
						"west": { "texture": "#gold1", "uv": [ 5.5, 1.0, 5.662, 1.162 ] },
						"up": { "texture": "#gold1", "uv": [ 1.0, 5.5, 1.162, 5.662 ] },
						"down": { "texture": "#gold1", "uv": [ 5.5, 1.0, 5.662, 1.162 ] }
					}
				},
				{
					"name": "Cube22",
					"from": [ 2.3004, 0.1944, 0.1944 ],
					"to": [ 2.4624, 0.3564, 0.3564 ],
					"rotationOrigin": [ 2.3004, 0.1944, 0.1944 ],
					"faces": {
						"north": { "texture": "#gold1", "uv": [ 4.0, 14.0, 4.162, 14.162 ] },
						"east": { "texture": "#gold1", "uv": [ 10.5, 10.0, 10.662, 10.162 ] },
						"south": { "texture": "#gold1", "uv": [ 3.5, 10.0, 3.662, 10.162 ] },
						"west": { "texture": "#gold1", "uv": [ 10.5, 8.0, 10.662, 8.162 ] },
						"up": { "texture": "#gold1", "uv": [ 6.0, 14.0, 6.162, 14.162 ] },
						"down": { "texture": "#gold1", "uv": [ 8.5, 8.0, 8.662, 8.162 ] }
					}
				},
				{
					"name": "Cube23",
					"from": [ 2.592, 0.1944, 0.1944 ],
					"to": [ 2.754, 0.3564, 0.3564 ],
					"rotationOrigin": [ 2.754, 0.1944, 0.3564 ],
					"rotationY": -20.0,
					"faces": {
						"north": { "texture": "#gold1", "uv": [ 4.0, 14.0, 4.162, 14.162 ] },
						"east": { "texture": "#gold1", "uv": [ 10.5, 10.0, 10.662, 10.162 ] },
						"south": { "texture": "#gold1", "uv": [ 3.5, 10.0, 3.662, 10.162 ] },
						"west": { "texture": "#gold1", "uv": [ 9.5, 2.5, 9.662, 2.662 ] },
						"up": { "texture": "#gold1", "uv": [ 10.0, 1.5, 10.162, 1.662 ] },
						"down": { "texture": "#gold1", "uv": [ 8.5, 8.0, 8.662, 8.162 ] }
					}
				},
				{
					"name": "Cube24",
					"from": [ 2.916, 0.1944, 0.162 ],
					"to": [ 3.078, 0.3564, 0.324 ],
					"rotationOrigin": [ 2.916, 0.1944, 0.162 ],
					"rotationY": 45.0,
					"faces": {
						"north": { "texture": "#gold1", "uv": [ 4.0, 14.0, 4.162, 14.162 ] },
						"east": { "texture": "#gold1", "uv": [ 10.5, 10.0, 10.662, 10.162 ] },
						"south": { "texture": "#gold1", "uv": [ 3.5, 10.0, 3.662, 10.162 ] },
						"west": { "texture": "#gold1", "uv": [ 10.5, 8.0, 10.662, 8.162 ] },
						"up": { "texture": "#gold1", "uv": [ 9.0, 9.0, 9.162, 9.162 ] },
						"down": { "texture": "#gold1", "uv": [ 8.5, 8.0, 8.662, 8.162 ] }
					}
				}
			]
		},
		{
			"name": "temporal",
			"from": [ 4.75, -0.55, 13.65 ],
			"to": [ 5.05, 1.25, 14.01 ],
			"rotationOrigin": [ 5.2, 0.35, 13.8 ],
			"rotationX": -90.0,
			"rotationZ": -45.0,
			"faces": {
				"north": { "texture": "#temporal", "uv": [ 0.0, 0.0, 0.5, 1.5 ] },
				"east": { "texture": "#temporal", "uv": [ 0.0, 0.0, 0.5, 1.5 ] },
				"south": { "texture": "#temporal", "uv": [ 9.0, 9.0, 9.5, 10.5 ], "glow": 75 },
				"west": { "texture": "#temporal", "uv": [ 0.0, 0.0, 0.5, 1.5 ] },
				"up": { "texture": "#temporal", "uv": [ 7.0, 6.0, 7.5, 6.5 ] },
				"down": { "texture": "#temporal", "uv": [ 5.0, 5.0, 5.5, 5.5 ] }
			},
			"children": [
				{
					"name": "vertical",
					"from": [ 0.6, 0.0, 0.0 ],
					"to": [ 0.9, 1.8, 0.36 ],
					"faces": {
						"north": { "texture": "#temporal", "uv": [ 6.0, 5.0, 6.3, 6.8 ] },
						"east": { "texture": "#temporal", "uv": [ 5.0, 6.0, 5.3, 7.8 ] },
						"south": { "texture": "#temporal", "uv": [ 13.0, 10.0, 13.3, 11.8 ], "glow": 75 },
						"west": { "texture": "#temporal", "uv": [ 0.0, 0.0, 0.3, 1.8 ] },
						"up": { "texture": "#temporal", "uv": [ 3.0, 4.0, 3.3, 4.3 ] },
						"down": { "texture": "#temporal", "uv": [ 0.0, 0.0, 0.3, 0.3 ] }
					}
				},
				{
					"name": "horizontal 1",
					"from": [ -0.45, 1.05, -0.03 ],
					"to": [ 1.35, 1.35, 0.39 ],
					"faces": {
						"north": { "texture": "#temporal", "uv": [ 0.0, 1.0, 1.5, 1.5 ] },
						"east": { "texture": "#temporal", "uv": [ 4.0, 0.0, 4.5, 0.5 ] },
						"south": { "texture": "#temporal", "uv": [ 3.0, 7.0, 4.5, 7.5 ], "glow": 75 },
						"west": { "texture": "#temporal", "uv": [ 6.0, 7.0, 6.5, 7.5 ] },
						"up": { "texture": "#temporal", "uv": [ 0.0, 1.0, 1.5, 1.5 ] },
						"down": { "texture": "#temporal", "uv": [ 0.0, 0.0, 1.5, 0.5 ] }
					}
				},
				{
					"name": "horizontal 2",
					"from": [ -0.45, 0.45, -0.03 ],
					"to": [ 1.35, 0.75, 0.39 ],
					"faces": {
						"north": { "texture": "#temporal", "uv": [ 0.0, 0.0, 1.5, 0.5 ] },
						"east": { "texture": "#temporal", "uv": [ 2.0, 11.0, 2.5, 11.5 ] },
						"south": { "texture": "#temporal", "uv": [ 8.0, 6.0, 9.5, 6.5 ], "glow": 75 },
						"west": { "texture": "#temporal", "uv": [ 13.0, 12.0, 13.5, 12.5 ] },
						"up": { "texture": "#temporal", "uv": [ 0.0, 0.0, 1.5, 0.5 ] },
						"down": { "texture": "#temporal", "uv": [ 0.0, 0.0, 1.5, 0.5 ] }
					}
				},
				{
					"name": "secondary vertical 1",
					"from": [ -0.3, 0.15, 0.03 ],
					"to": [ 0.0, 1.65, 0.33 ],
					"faces": {
						"north": { "texture": "#temporal", "uv": [ 0.0, 0.0, 0.5, 1.5 ] },
						"east": { "texture": "#temporal", "uv": [ 0.0, 0.0, 0.5, 1.5 ] },
						"south": { "texture": "#temporal", "uv": [ 3.0, 3.0, 3.5, 4.5 ], "glow": 75 },
						"west": { "texture": "#temporal", "uv": [ 0.0, 0.0, 0.5, 1.5 ] },
						"up": { "texture": "#temporal", "uv": [ 11.0, 4.0, 11.5, 4.5 ] },
						"down": { "texture": "#temporal", "uv": [ 3.0, 9.0, 3.5, 9.5 ] }
					}
				},
				{
					"name": "secondary vertical 2",
					"from": [ 0.9, 0.15, 0.03 ],
					"to": [ 1.2, 1.65, 0.33 ],
					"faces": {
						"north": { "texture": "#temporal", "uv": [ 0.0, 0.0, 0.5, 1.5 ] },
						"east": { "texture": "#temporal", "uv": [ 0.0, 0.0, 0.5, 1.5 ] },
						"south": { "texture": "#temporal", "uv": [ 6.0, 1.0, 6.5, 2.5 ], "glow": 75 },
						"west": { "texture": "#temporal", "uv": [ 5.0, 6.0, 5.5, 7.5 ] },
						"up": { "texture": "#temporal", "uv": [ 5.0, 3.0, 5.5, 3.5 ] },
						"down": { "texture": "#temporal", "uv": [ 1.0, 10.0, 1.5, 10.5 ] }
					}
				},
				{
					"name": "cube up",
					"from": [ 0.3, 1.35, 0.03 ],
					"to": [ 0.6, 1.65, 0.33 ],
					"faces": {
						"north": { "texture": "#temporal", "uv": [ 5.0, 13.0, 5.5, 13.5 ] },
						"east": { "texture": "#temporal", "uv": [ 4.0, 6.0, 4.5, 6.5 ] },
						"south": { "texture": "#temporal", "uv": [ 8.0, 6.0, 8.5, 6.5 ], "glow": 75 },
						"west": { "texture": "#temporal", "uv": [ 4.0, 11.0, 4.5, 11.5 ] },
						"up": { "texture": "#temporal", "uv": [ 3.0, 4.0, 3.5, 4.5 ] },
						"down": { "texture": "#temporal", "uv": [ 0.0, 0.0, 0.5, 0.5 ] }
					}
				},
				{
					"name": "Cube16",
					"from": [ 0.3, 0.15, 0.03 ],
					"to": [ 0.6, 0.45, 0.33 ],
					"faces": {
						"north": { "texture": "#temporal", "uv": [ 0.0, 0.0, 0.5, 0.5 ] },
						"east": { "texture": "#temporal", "uv": [ 0.0, 0.0, 0.5, 0.5 ] },
						"south": { "texture": "#temporal", "uv": [ 13.0, 15.0, 13.5, 15.5 ], "glow": 75 },
						"west": { "texture": "#temporal", "uv": [ 0.0, 0.0, 0.5, 0.5 ] },
						"up": { "texture": "#temporal", "uv": [ 2.0, 3.0, 2.5, 3.5 ] },
						"down": { "texture": "#temporal", "uv": [ 2.0, 1.0, 2.5, 1.5 ] }
					}
				}
			]
		}
	]}