{
	"editor": {
		"allAngles": true,
		"entityTextureMode": true
	},
	"textureWidth": 16,
	"textureHeight": 16,
	"textureSizes": {
	},
	"textures": {
		
	},
	"elements": [
		{
			"name": "M_motor",
			"from": [ 9.3, 1.4, 8.5 ],
			"to": [ 10.7, 2.8, 9.9 ],
			"autoUnwrap": false,
			"uv": [ 13.0, 15.0 ],
			"rotationOrigin": [ 9.2, 1.4, 7.2 ],
			"rotationY": -90.0,
			"faces": {
			},
			"children": [
				{
					"name": "Body",
					"from": [ -1.4, -0.7, -2.8 ],
					"to": [ 2.8, 2.73, 2.8 ],
					"unwrapMode": 5,
					"autoUnwrap": false,
					"uv": [ 0.75, 4.75 ],
					"rotationOrigin": [ 0.7, -1.26, 0.0 ],
					"faces": {
						"north": { "texture": "#hedgehog01", "uv": [ 3.0, 5.25, 6.0, 7.5 ], "rotation": 180, "autoUv": false },
						"east": { "texture": "#hedgehog01", "uv": [ 6.25, 7.25, 8.5, 10.75 ], "rotation": 90, "autoUv": false },
						"south": { "texture": "#hedgehog01", "uv": [ 3.0, 10.5, 6.0, 13.75 ], "autoUv": false },
						"west": { "texture": "#hedgehog01", "uv": [ 0.5, 7.25, 2.75, 10.75 ], "rotation": 270, "autoUv": false },
						"up": { "texture": "#hedgehog01", "uv": [ 3.0, 7.25, 6.0, 10.75 ], "autoUv": false },
						"down": { "texture": "#hedgehog01", "uv": [ 8.5, 7.0, 11.5, 10.5 ], "autoUv": false }
					},
					"children": [
						{
							"name": "Face",
							"from": [ 0.7, 0.42, 3.85 ],
							"to": [ 3.5, 3.22, 6.65 ],
							"autoUnwrap": false,
							"uv": [ 7.5, 1.0 ],
							"rotationOrigin": [ 2.8, 0.0, 4.2 ],
							"faces": {
								"north": { "texture": "#hedgehog01", "uv": [ 6.0, 0.0, 7.0, 2.0 ], "autoUv": false },
								"east": { "texture": "#hedgehog01", "uv": [ 12.5, 2.0, 13.5, 4.0 ], "autoUv": false },
								"south": { "texture": "#hedgehog01", "uv": [ 10.5, 2.0, 12.5, 4.0 ], "autoUv": false },
								"west": { "texture": "#hedgehog01", "uv": [ 9.5, 2.0, 10.5, 4.0 ], "autoUv": false },
								"up": { "texture": "#hedgehog01", "uv": [ 12.5, 8.5, 14.5, 11.0 ], "rotation": 180, "autoUv": false },
								"down": { "texture": "#hedgehog01", "uv": [ 10.5, 2.0, 12.5, 3.0 ], "autoUv": false }
							},
							"children": [
								{
									"name": "Nose",
									"from": [ 0.91, 0.28, 1.4 ],
									"to": [ 1.96, 1.33, 3.5 ],
									"autoUnwrap": false,
									"uv": [ 0.0, 1.0 ],
									"rotationOrigin": [ 1.4, 0.0, 1.4 ],
									"rotationX": 10.0,
									"faces": {
										"north": { "texture": "#hedgehog01", "uv": [ 0.0, 3.0, 1.0, 4.0 ] },
										"east": { "texture": "#hedgehog01", "uv": [ 1.0, 3.0, 3.0, 4.0 ] },
										"south": { "texture": "#hedgehog01", "uv": [ 3.0, 3.0, 4.0, 4.0 ] },
										"west": { "texture": "#hedgehog01", "uv": [ 4.0, 3.0, 6.0, 4.0 ], "autoUv": false },
										"up": { "texture": "#hedgehog01", "uv": [ 0.0, 1.0, 2.0, 2.0 ], "rotation": 90, "autoUv": false },
										"down": { "texture": "#hedgehog01", "uv": [ 0.0, 1.0, 2.0, 2.0 ], "rotation": 90 }
									}
								},
								{
									"name": "right_ear",
									"from": [ 0.0, 1.54, 1.68 ],
									"to": [ 0.7, 2.94, 2.38 ],
									"unwrapMode": 3,
									"uv": [ 13.5, 0.0 ],
									"rotationOrigin": [ 0.0, 1.4, 1.4 ],
									"rotationZ": 15.0,
									"faces": {
										"north": { "texture": "#hedgehog01", "uv": [ 15.0, 0.5, 15.5, 1.5 ] },
										"east": { "texture": "#hedgehog01", "uv": [ 14.5, 0.5, 15.0, 1.5 ] },
										"south": { "texture": "#hedgehog01", "uv": [ 14.0, 0.5, 14.5, 1.5 ] },
										"west": { "texture": "#hedgehog01", "uv": [ 13.5, 0.5, 14.0, 1.5 ] },
										"up": { "texture": "#hedgehog01", "uv": [ 14.0, 0.0, 14.5, 0.5 ] },
										"down": { "texture": "#hedgehog01", "uv": [ 14.0, 1.5, 14.5, 2.0 ], "rotation": 180 }
									}
								},
								{
									"name": "left_ear",
									"from": [ 2.1, 1.54, 1.68 ],
									"to": [ 2.8, 2.94, 2.38 ],
									"unwrapMode": 3,
									"uv": [ 13.5, 0.0 ],
									"rotationOrigin": [ 2.8, 1.4, 1.4 ],
									"rotationZ": -15.0,
									"faces": {
										"north": { "texture": "#hedgehog01", "uv": [ 15.0, 0.5, 15.5, 1.5 ] },
										"east": { "texture": "#hedgehog01", "uv": [ 14.5, 0.5, 15.0, 1.5 ] },
										"south": { "texture": "#hedgehog01", "uv": [ 14.0, 0.5, 14.5, 1.5 ] },
										"west": { "texture": "#hedgehog01", "uv": [ 13.5, 0.5, 14.0, 1.5 ] },
										"up": { "texture": "#hedgehog01", "uv": [ 14.0, 0.0, 14.5, 0.5 ] },
										"down": { "texture": "#hedgehog01", "uv": [ 14.0, 1.5, 14.5, 2.0 ], "rotation": 180 }
									}
								},
								{
									"name": "eyelid_right",
									"from": [ 0.0, 0.7, 2.814 ],
									"to": [ 0.7, 1.4, 2.814 ],
									"uv": [ 9.25, 5.25 ],
									"rotationOrigin": [ 1.4, 1.4, 2.8 ],
									"faces": {
										"south": { "texture": "#hedgehog01", "uv": [ 9.25, 5.5, 9.75, 6.0 ] }
									},
									"children": [
										{
											"name": "eyelid_left",
											"from": [ 2.1, 0.0, 0.0 ],
											"to": [ 2.8, 0.7, 0.0 ],
											"uv": [ 9.25, 5.25 ],
											"rotationOrigin": [ 1.4, 0.7, 0.0 ],
											"faces": {
												"south": { "texture": "#hedgehog01", "uv": [ 9.25, 5.5, 9.75, 6.0 ] }
											}
										}
									]
								}
							]
						},
						{
							"name": "back_right",
							"from": [ 0.35, -0.7, 0.21 ],
							"to": [ 1.4, 0.35, 1.26 ],
							"uv": [ 6.0, 4.0 ],
							"rotationOrigin": [ 1.4, 0.0, 0.0 ],
							"rotationZ": -6.0,
							"faces": {
								"north": { "texture": "#hedgehog01", "uv": [ 6.0, 4.75, 6.75, 5.5 ] },
								"east": { "texture": "#hedgehog01", "uv": [ 6.75, 4.75, 7.5, 5.5 ] },
								"south": { "texture": "#hedgehog01", "uv": [ 7.5, 4.75, 8.25, 5.5 ] },
								"west": { "texture": "#hedgehog01", "uv": [ 8.25, 4.75, 9.0, 5.5 ] },
								"up": { "texture": "#hedgehog01", "uv": [ 6.0, 4.0, 6.75, 4.75 ] },
								"down": { "texture": "#hedgehog01", "uv": [ 6.75, 4.0, 7.5, 4.75 ] }
							}
						},
						{
							"name": "back_left",
							"from": [ 2.8, -0.7, 0.21 ],
							"to": [ 3.85, 0.35, 1.26 ],
							"uv": [ 6.0, 4.0 ],
							"rotationOrigin": [ 2.8, 0.0, 0.0 ],
							"rotationZ": 6.0,
							"faces": {
								"north": { "texture": "#hedgehog01", "uv": [ 6.0, 4.75, 6.75, 5.5 ] },
								"east": { "texture": "#hedgehog01", "uv": [ 6.75, 4.75, 7.5, 5.5 ] },
								"south": { "texture": "#hedgehog01", "uv": [ 7.5, 4.75, 8.25, 5.5 ] },
								"west": { "texture": "#hedgehog01", "uv": [ 8.25, 4.75, 9.0, 5.5 ] },
								"up": { "texture": "#hedgehog01", "uv": [ 6.0, 4.0, 6.75, 4.75 ] },
								"down": { "texture": "#hedgehog01", "uv": [ 6.75, 4.0, 7.5, 4.75 ] }
							}
						},
						{
							"name": "front_left",
							"from": [ 2.8, -0.7, 4.2 ],
							"to": [ 3.85, 0.35, 5.25 ],
							"uv": [ 6.0, 4.0 ],
							"rotationOrigin": [ 2.8, 0.0, 4.2 ],
							"rotationZ": 6.0,
							"faces": {
								"north": { "texture": "#hedgehog01", "uv": [ 6.0, 4.75, 6.75, 5.5 ] },
								"east": { "texture": "#hedgehog01", "uv": [ 6.75, 4.75, 7.5, 5.5 ] },
								"south": { "texture": "#hedgehog01", "uv": [ 7.5, 4.75, 8.25, 5.5 ] },
								"west": { "texture": "#hedgehog01", "uv": [ 8.25, 4.75, 9.0, 5.5 ] },
								"up": { "texture": "#hedgehog01", "uv": [ 6.0, 4.0, 6.75, 4.75 ] },
								"down": { "texture": "#hedgehog01", "uv": [ 6.75, 4.0, 7.5, 4.75 ] }
							}
						},
						{
							"name": "front_right",
							"from": [ 0.308, -0.7, 4.34 ],
							"to": [ 1.358, 0.35, 5.39 ],
							"uv": [ 6.0, 4.0 ],
							"rotationOrigin": [ 1.4, 0.0, 4.55 ],
							"rotationZ": -6.0,
							"faces": {
								"north": { "texture": "#hedgehog01", "uv": [ 6.0, 4.75, 6.75, 5.5 ] },
								"east": { "texture": "#hedgehog01", "uv": [ 6.75, 4.75, 7.5, 5.5 ] },
								"south": { "texture": "#hedgehog01", "uv": [ 7.5, 4.75, 8.25, 5.5 ] },
								"west": { "texture": "#hedgehog01", "uv": [ 8.25, 4.75, 9.0, 5.5 ] },
								"up": { "texture": "#hedgehog01", "uv": [ 6.0, 4.0, 6.75, 4.75 ] },
								"down": { "texture": "#hedgehog01", "uv": [ 6.75, 4.0, 7.5, 4.75 ] }
							}
						},
						{
							"name": "bodyR",
							"from": [ -0.49, 0.35, 0.7 ],
							"to": [ 0.0, 3.15, 4.9 ],
							"unwrapMode": 7,
							"autoUnwrap": false,
							"uv": [ 12.5, 4.5 ],
							"rotationOrigin": [ -1.4, 0.0, 0.0 ],
							"rotationZ": -6.0,
							"faces": {
								"north": { "texture": "#hedgehog01", "uv": [ 13.0, 7.5, 13.25, 9.5 ], "autoUv": false },
								"east": { "texture": "#hedgehog01", "uv": [ 12.25, 4.5, 14.75, 8.5 ], "rotation": 270, "autoUv": false },
								"south": { "texture": "#hedgehog01", "uv": [ 12.5, 7.5, 13.0, 10.0 ], "rotation": 180, "autoUv": false },
								"west": { "texture": "#hedgehog01", "uv": [ 12.25, 4.5, 14.75, 8.5 ], "rotation": 90, "autoUv": false, "windMode": [-1,-1,-1,-1] },
								"up": { "texture": "#hedgehog01", "uv": [ 13.0, 7.5, 13.5, 11.5 ], "rotation": 180, "autoUv": false },
								"down": { "texture": "#hedgehog01", "uv": [ 13.25, 7.5, 13.5, 10.5 ], "autoUv": false }
							}
						},
						{
							"name": "bodyL",
							"from": [ 4.2, 0.35, 0.7 ],
							"to": [ 4.69, 3.15, 4.9 ],
							"unwrapMode": 7,
							"autoUnwrap": false,
							"uv": [ 12.25, 4.5 ],
							"rotationOrigin": [ 4.2, 0.0, 0.0 ],
							"rotationZ": 6.0,
							"faces": {
								"north": { "texture": "#hedgehog01", "uv": [ 12.75, 7.5, 13.0, 9.5 ], "autoUv": false },
								"east": { "texture": "#hedgehog01", "uv": [ 12.25, 4.5, 14.75, 8.5 ], "rotation": 270, "autoUv": false, "windMode": [-1,-1,-1,-1] },
								"south": { "texture": "#hedgehog01", "uv": [ 12.5, 7.5, 13.0, 10.0 ], "rotation": 180, "autoUv": false },
								"west": { "texture": "#hedgehog01", "uv": [ 12.25, 4.5, 14.75, 8.5 ], "rotation": 90, "autoUv": false },
								"up": { "texture": "#hedgehog01", "uv": [ 12.5, 7.5, 13.0, 11.5 ], "rotation": 180, "autoUv": false },
								"down": { "texture": "#hedgehog01", "uv": [ 13.0, 7.5, 13.25, 10.5 ], "autoUv": false }
							}
						},
						{
							"name": "tail",
							"from": [ 1.75, -0.35, -0.49 ],
							"to": [ 2.45, 0.35, 0.91 ],
							"unwrapMode": 1,
							"autoUnwrap": false,
							"uv": [ 6.0, 4.75 ],
							"rotationOrigin": [ 2.1, 0.0, 1.4 ],
							"rotationX": 8.0,
							"faces": {
								"north": { "texture": "#hedgehog01", "uv": [ 8.5, 10.5, 9.0, 11.0 ] },
								"east": { "texture": "#hedgehog01", "uv": [ 8.5, 10.5, 9.75, 11.0 ] },
								"south": { "texture": "#hedgehog01", "uv": [ 8.5, 10.5, 9.0, 11.0 ] },
								"west": { "texture": "#hedgehog01", "uv": [ 8.5, 10.5, 9.75, 11.0 ] },
								"up": { "texture": "#hedgehog01", "uv": [ 8.5, 10.5, 9.5, 11.0 ], "rotation": 90 },
								"down": { "texture": "#hedgehog01", "uv": [ 8.5, 10.5, 9.5, 11.0 ], "rotation": 90 }
							}
						},
						{
							"name": "spike3",
							"from": [ 2.12, 0.75, -0.75 ],
							"to": [ 2.12, 3.75, 6.0 ],
							"autoUnwrap": false,
							"uv": [ 6.25, 11.75 ],
							"rotationOrigin": [ 2.0, 0.0, -1.0 ],
							"rotationX": -3.0,
							"faces": {
								"east": { "texture": "#hedgehog01", "uv": [ 6.0, 12.75, 11.75, 15.75 ], "rotation": 180, "autoUv": false, "windMode": [1,-1,-1,-1] }
							}
						},
						{
							"name": "spike4",
							"from": [ 3.25, 1.0, -1.0 ],
							"to": [ 3.25, 4.0, 5.75 ],
							"autoUnwrap": false,
							"uv": [ 6.25, 11.75 ],
							"rotationOrigin": [ 2.0, 1.0, 2.0 ],
							"rotationX": -3.0,
							"rotationZ": -6.0,
							"faces": {
								"east": { "texture": "#hedgehog01", "uv": [ 6.0, 12.75, 11.75, 15.75 ], "rotation": 180, "autoUv": false, "windMode": [1,-1,-1,-1] }
							}
						},
						{
							"name": "spike5",
							"from": [ 0.95, 1.0, -1.0 ],
							"to": [ 0.95, 4.0, 5.75 ],
							"autoUnwrap": false,
							"uv": [ 6.25, 11.75 ],
							"rotationOrigin": [ 2.0, 1.0, 2.0 ],
							"rotationX": -3.0,
							"rotationZ": 6.0,
							"faces": {
								"east": { "texture": "#hedgehog01", "uv": [ 6.0, 12.75, 11.75, 15.75 ], "rotation": 180, "autoUv": false }
							}
						}
					]
				}
			]
		}
	],
	"animations": [
		{
			"name": "Idle",
			"code": "idle",
			"quantityframes": 180,
			"onActivityStopped": "Rewind",
			"onAnimationEnd": "Repeat",
			"keyframes": [
				{
					"frame": 0,
					"elements": {
						"Face": { "offsetX": 0.0, "offsetY": 0.0, "offsetZ": 0.0, "rotationX": 0.0, "rotationY": 0.0, "rotationZ": 0.0 },
						"Nose": { "offsetX": 0.0, "offsetY": 0.0, "offsetZ": 0.0, "rotationX": 0.0, "rotationY": 0.0, "rotationZ": 0.0 },
						"eyelid_right": { "offsetX": 0.0, "offsetY": 0.0, "offsetZ": 0.0 },
						"bodyR": { "rotationX": 0.0, "rotationY": 0.0, "rotationZ": 3.0 },
						"bodyL": { "rotationX": 0.0, "rotationY": 0.0, "rotationZ": -3.0 }
					}
				},
				{
					"frame": 10,
					"elements": {
						"Body": { "rotationX": 0.0, "rotationY": 0.0, "rotationZ": 0.0 },
						"Nose": { "offsetX": 0.0, "offsetY": 0.0, "offsetZ": 0.4199999928474426, "rotationX": -8.0, "rotationY": 0.0, "rotationZ": 0.0 }
					}
				},
				{
					"frame": 25,
					"elements": {
						"Face": { "offsetX": 0.0, "offsetY": 0.0, "offsetZ": 0.0, "rotationX": -3.0, "rotationY": 0.0, "rotationZ": 0.0 },
						"eyelid_right": { "rotationX": 39.0, "rotationY": 0.0, "rotationZ": 0.0 },
						"bodyL": { "rotationX": 0.0, "rotationY": 0.0, "rotationZ": 0.0 },
						"bodyR": { "rotationX": 0.0, "rotationY": 0.0, "rotationZ": 0.0 }
					}
				},
				{
					"frame": 40,
					"elements": {
						"Body": { "offsetX": 0.0, "offsetY": -0.2099999964237213, "offsetZ": 0.0, "rotationX": 3.0, "rotationY": 0.0, "rotationZ": 0.0 },
						"eyelid_right": { "rotationX": 0.0, "rotationY": 0.0, "rotationZ": 0.0 }
					}
				}
			]
		},

		{
			"name": "Walk",
			"code": "walk",
			"quantityframes": 36,
			"onActivityStopped": "Rewind",
			"onAnimationEnd": "Repeat",
			"keyframes": [
				{
					"frame": 0,
					"elements": {
						"Body": { "offsetX": 0.0, "offsetY": 0.0, "offsetZ": 0.0, "rotationX": 0.0, "rotationY": 0.0, "rotationZ": 0.0 },
						"Face": { "offsetX": 0.0, "offsetY": 0.0, "offsetZ": 0.0, "rotationX": 0.0, "rotationY": 0.0, "rotationZ": 0.0 },
						"Nose": { "offsetX": 0.0, "offsetY": 0.0, "offsetZ": 0.0 },
						"eyelid_right": { "rotationX": 3.0, "rotationY": 0.0, "rotationZ": 0.0 },
						"front_right": { "offsetX": 0.0, "offsetY": 0.0, "offsetZ": 0.0, "rotationX": 0.0, "rotationY": 0.0, "rotationZ": 0.0 },
						"back_right": { "rotationX": 0.0, "rotationY": 0.0, "rotationZ": 0.0 },
						"back_left": { "rotationX": 0.0, "rotationY": 0.0, "rotationZ": 0.0 },
						"front_left": { "rotationX": 0.0, "rotationY": 0.0, "rotationZ": 0.0 },
						"bodyR": { "rotationX": 0.0, "rotationY": 0.0, "rotationZ": 3.0 },
						"bodyL": { "rotationX": 0.0, "rotationY": 0.0, "rotationZ": -3.0 },
						"tail": { "rotationX": 0.0, "rotationY": 0.0, "rotationZ": 8.0 }
					}
				},
				{
					"frame": 6,
					"elements": {
						"Body": { "offsetX": 0.0, "offsetY": 0.0, "offsetZ": 0.0, "rotationX": 0.0, "rotationY": -3.0, "rotationZ": -3.0 },
						"Face": { "rotationX": 10.0, "rotationY": 0.0, "rotationZ": 0.0 },
						"eyelid_right": { "rotationX": 36.0, "rotationY": 0.0, "rotationZ": 0.0 },
						"front_right": { "rotationX": -10.0, "rotationY": 0.0, "rotationZ": 0.0 },
						"front_left": { "rotationX": 10.0, "rotationY": 0.0, "rotationZ": 0.0 },
						"back_left": { "rotationX": -10.0, "rotationY": 0.0, "rotationZ": 0.0 },
						"back_right": { "rotationX": 10.0, "rotationY": 0.0, "rotationZ": 0.0 }
					}
				},
				{
					"frame": 12,
					"elements": {
						"Body": { "offsetX": 0.0, "offsetY": 0.0, "offsetZ": 0.0, "rotationX": 3.0, "rotationY": 0.0, "rotationZ": 0.0 },
						"Nose": { "offsetX": 0.0, "offsetY": -0.27999999523162844, "offsetZ": 0.0 },
						"back_right": { "rotationX": 0.0, "rotationY": 0.0, "rotationZ": 0.0 },
						"back_left": { "rotationX": 0.0, "rotationY": 0.0, "rotationZ": 0.0 },
						"front_left": { "rotationX": 0.0, "rotationY": 0.0, "rotationZ": 0.0 },
						"front_right": { "rotationX": 0.0, "rotationY": 0.0, "rotationZ": 0.0 },
						"tail": { "rotationX": 0.0, "rotationY": 0.0, "rotationZ": -8.0 }
					}
				},
				{
					"frame": 24,
					"elements": {
						"Body": { "offsetX": 0.0, "offsetY": 0.0, "offsetZ": 0.0, "rotationX": 0.0, "rotationY": 3.0, "rotationZ": 3.0 },
						"Face": { "offsetX": 0.0, "offsetY": 0.0, "offsetZ": 0.0 },
						"Nose": { "offsetX": 0.0, "offsetY": 0.0, "offsetZ": 0.0 },
						"eyelid_right": { "offsetX": 0.0, "offsetY": 0.0, "offsetZ": 0.0, "rotationX": 6.0, "rotationY": 0.0, "rotationZ": 0.0 },
						"back_right": { "rotationX": -10.0, "rotationY": 0.0, "rotationZ": 0.0 },
						"back_left": { "rotationX": 10.0, "rotationY": 0.0, "rotationZ": 0.0 },
						"front_left": { "rotationX": -10.0, "rotationY": 0.0, "rotationZ": 0.0 },
						"front_right": { "rotationX": 10.0, "rotationY": 0.0, "rotationZ": 0.0 },
						"bodyR": { "rotationX": 0.0, "rotationY": 0.0, "rotationZ": 0.0 },
						"bodyL": { "rotationX": 0.0, "rotationY": 0.0, "rotationZ": 0.0 }
					}
				},
				{
					"frame": 32,
					"elements": {
						"Body": { "offsetX": 0.0, "offsetY": 0.0, "offsetZ": 0.0, "rotationX": -2.0, "rotationY": 0.0, "rotationZ": 0.0 },
						"Face": { "offsetX": 0.0, "offsetY": 0.0, "offsetZ": 0.0, "rotationX": 1.786, "rotationY": 0.0, "rotationZ": 0.0 },
						"Nose": { "offsetX": 0.0, "offsetY": 0.0, "offsetZ": 0.0 },
						"eyelid_right": { "rotationX": 0.0, "rotationY": 0.0, "rotationZ": 0.0 },
						"back_right": { "rotationX": -10.0, "rotationY": 0.0, "rotationZ": 0.0 },
						"back_left": { "rotationX": 10.0, "rotationY": 0.0, "rotationZ": 0.0 },
						"front_left": { "rotationX": -10.0, "rotationY": 0.0, "rotationZ": 0.0 },
						"front_right": { "offsetX": 0.0, "offsetY": 0.0, "offsetZ": 0.0, "rotationX": 10.0, "rotationY": 0.0, "rotationZ": 0.0 }
					}
				}
			]
		},

		{
			"name": "Sleep",
			"code": "sleep",
			"quantityframes": 180,
			"onActivityStopped": "EaseOut",
			"onAnimationEnd": "Repeat",
			"keyframes": [
				{
					"frame": 0,
					"elements": {
						"Body": { "offsetX": 0.0, "offsetY": -1.0499999821186066, "offsetZ": 0.0, "rotationX": -3.0, "rotationY": -6.0, "rotationZ": 6.0 },
						"back_right": { "stretchX": 1.0499999821186066, "stretchY": 1.0499999821186066, "stretchZ": 1.0499999821186066 },
						"back_left": { "stretchX": 1.0499999821186066, "stretchY": 1.0499999821186066, "stretchZ": 1.0499999821186066 },
						"front_left": { "stretchX": 1.0499999821186066, "stretchY": 1.0499999821186066, "stretchZ": 1.0499999821186066 },
						"front_right": { "stretchX": 1.0499999821186066, "stretchY": 1.0499999821186066, "stretchZ": 1.0499999821186066 },
						"Face": { "offsetX": 0.0, "offsetY": 0.0, "offsetZ": 0.0, "rotationX": 3.0, "rotationY": 19.0, "rotationZ": 0.0 },
						"eyelid_right": { "offsetX": 0.0, "offsetY": 0.2099999964237213, "offsetZ": 0.0, "rotationX": -3.0, "rotationY": 0.0, "rotationZ": 0.0 },
						"bodyR": { "rotationX": 0.0, "rotationY": 0.0, "rotationZ": 0.0 },
						"bodyL": { "rotationX": 0.0, "rotationY": 0.0, "rotationZ": 0.0 }
					}
				},
				{
					"frame": 20,
					"elements": {
						"Face": { "offsetX": 0.0, "offsetY": 0.13999999761581422, "offsetZ": 0.0, "rotationX": 6.0, "rotationY": 17.0, "rotationZ": 0.0 }
					}
				},
				{
					"frame": 50,
					"elements": {
						"bodyL": { "rotationX": 0.0, "rotationY": 0.0, "rotationZ": -3.0 },
						"bodyR": { "rotationX": 0.0, "rotationY": 0.0, "rotationZ": 3.0 },
						"eyelid_right": { "offsetX": 0.0, "offsetY": 0.0, "offsetZ": 0.0, "rotationX": 0.0, "rotationY": 0.0, "rotationZ": 0.0 }
					}
				}
			]
		},

		{
			"name": "Roll",
			"code": "roll",
			"quantityframes": 90,
			"onActivityStopped": "Rewind",
			"onAnimationEnd": "Repeat",
			"keyframes": [
				{
					"frame": 8,
					"elements": {
						"Body": { "offsetX": 0.0, "offsetY": -1.1199999809265138, "offsetZ": 0.0 },
						"back_right": { "offsetX": 0.0, "offsetY": 0.0, "offsetZ": 1.0499999821186066 },
						"back_left": { "offsetX": 0.0, "offsetY": 0.0, "offsetZ": 1.0499999821186066, "rotationX": 0.0, "rotationY": 0.0, "rotationZ": 0.0 },
						"tail": { "stretchX": 1.399999976158142, "stretchY": 1.399999976158142, "stretchZ": 1.399999976158142 }
					}
				},
				{
					"frame": 21,
					"elements": {
						"front_left": { "offsetX": 0.0, "offsetY": 0.0, "offsetZ": -2.099999964237213 },
						"front_right": { "offsetX": 0.0, "offsetY": 0.0, "offsetZ": -2.099999964237213 }
					}
				},
				{
					"frame": 52,
					"elements": {
						"Body": { "offsetX": 0.0, "offsetY": -1.0499999821186066, "offsetZ": 0.0 },
						"Face": { "offsetX": 0.0, "offsetY": -1.399999976158142, "offsetZ": -1.399999976158142 },
						"Nose": { "offsetX": 0.0, "offsetY": 0.0, "offsetZ": 0.0, "rotationX": 0.0, "rotationY": 0.0, "rotationZ": 0.0 },
						"front_left": { "offsetX": 0.0, "offsetY": 0.0, "offsetZ": -2.099999964237213, "rotationX": -8.105, "rotationY": 0.0, "rotationZ": 0.0 },
						"front_right": { "offsetX": 0.0, "offsetY": 0.0, "offsetZ": -2.099999964237213, "rotationX": -10.316, "rotationY": 0.0, "rotationZ": 0.0 }
					}
				},
				{
					"frame": 89,
					"elements": {
						"Body": { "rotationX": 6.0, "rotationY": 39.0, "rotationZ": 0.0 },
						"Face": { "offsetX": 0.0, "offsetY": -1.399999976158142, "offsetZ": -1.399999976158142, "rotationX": 89.0, "rotationY": 0.0, "rotationZ": 0.0 },
						"Nose": { "offsetX": 0.0, "offsetY": 0.0, "offsetZ": 0.0, "rotationX": 0.0, "rotationY": 0.0, "rotationZ": 0.0 },
						"back_right": { "offsetX": 0.0, "offsetY": 0.0, "offsetZ": 1.0499999821186066 },
						"back_left": { "offsetX": 0.0, "offsetY": 0.0, "offsetZ": 1.0499999821186066, "rotationX": 0.0, "rotationY": 0.0, "rotationZ": 0.0 },
						"front_left": { "offsetX": 0.0, "offsetY": 0.0, "offsetZ": -2.099999964237213, "rotationX": -8.105, "rotationY": 0.0, "rotationZ": 0.0 },
						"front_right": { "offsetX": 0.0, "offsetY": 0.0, "offsetZ": -2.099999964237213, "rotationX": -10.316, "rotationY": 0.0, "rotationZ": 0.0 }
					}
				}
			]
		},

		{
			"name": "Death",
			"code": "death",
			"quantityframes": 50,
			"onActivityStopped": "PlayTillEnd",
			"onAnimationEnd": "Hold",
			"keyframes": [
				{
					"frame": 0,
					"elements": {
						"Body": { "offsetX": 0.0, "offsetY": 0.0, "offsetZ": 0.0, "rotationX": 0.0, "rotationY": 0.0, "rotationZ": 0.0 },
						"Face": { "rotationX": 0.0, "rotationY": 0.0, "rotationZ": 0.0 },
						"eyelid_right": { "rotationX": 3.0, "rotationY": 0.0, "rotationZ": 0.0 },
						"back_right": { "rotationX": 0.0, "rotationY": 0.0, "rotationZ": 0.0 },
						"back_left": { "rotationX": 0.0, "rotationY": 0.0, "rotationZ": 0.0 },
						"front_left": { "rotationX": 0.0, "rotationY": 0.0, "rotationZ": 0.0 },
						"front_right": { "rotationX": 0.0, "rotationY": 0.0, "rotationZ": 0.0 }
					}
				},
				{
					"frame": 10,
					"elements": {
						"Body": { "offsetX": 1.399999976158142, "offsetY": 0.0, "offsetZ": 0.0, "rotationX": -14.0, "rotationY": -14.0, "rotationZ": 89.0 },
						"Face": { "offsetX": 0.0, "offsetY": 0.0, "offsetZ": 0.0 }
					}
				},
				{
					"frame": 25,
					"elements": {
						"Body": { "offsetX": 0.699999988079071, "offsetY": -2.799999952316284, "offsetZ": 0.0, "rotationX": 0.0, "rotationY": -14.0, "rotationZ": 152.0 },
						"back_right": { "rotationX": 0.0, "rotationY": 0.0, "rotationZ": -25.0 },
						"back_left": { "rotationX": 0.0, "rotationY": 0.0, "rotationZ": 22.0 },
						"front_left": { "rotationX": 0.0, "rotationY": 0.0, "rotationZ": 22.0 },
						"front_right": { "rotationX": 0.0, "rotationY": 0.0, "rotationZ": -22.0 }
					}
				},
				{
					"frame": 30,
					"elements": {
						"Body": { "offsetX": 0.699999988079071, "offsetY": -2.799999952316284, "offsetZ": 0.0, "rotationX": 0.0, "rotationY": -14.0, "rotationZ": 166.0 },
						"Face": { "offsetX": 0.0, "offsetY": 0.0, "offsetZ": 0.0, "rotationX": 0.0, "rotationY": -17.0, "rotationZ": 0.0 },
						"Nose": { "offsetX": 0.0, "offsetY": 0.0, "offsetZ": 0.699999988079071, "rotationX": -11.0, "rotationY": 3.0, "rotationZ": -3.0 },
						"eyelid_right": { "rotationX": 102.0, "rotationY": 0.0, "rotationZ": 0.0 },
						"back_right": { "rotationX": 0.0, "rotationY": 0.0, "rotationZ": -25.0 },
						"back_left": { "rotationX": 0.0, "rotationY": 0.0, "rotationZ": 22.0 },
						"front_left": { "rotationX": 0.0, "rotationY": 0.0, "rotationZ": 22.0 },
						"front_right": { "rotationX": 0.0, "rotationY": 0.0, "rotationZ": -22.0 }
					}
				},
				{
					"frame": 49,
					"elements": {
						"Body": { "offsetX": 0.699999988079071, "offsetY": -2.799999952316284, "offsetZ": 0.0, "rotationX": 0.0, "rotationY": -14.0, "rotationZ": 166.0 },
						"Face": { "offsetX": 0.0, "offsetY": 0.0, "offsetZ": 0.0, "rotationX": 0.0, "rotationY": -17.0, "rotationZ": 0.0 },
						"Nose": { "offsetX": 0.0, "offsetY": 0.0, "offsetZ": 0.699999988079071, "rotationX": -11.0, "rotationY": 3.0, "rotationZ": -3.0 },
						"eyelid_right": { "rotationX": 102.0, "rotationY": 0.0, "rotationZ": 0.0 },
						"back_right": { "rotationX": 0.0, "rotationY": 0.0, "rotationZ": -25.0 },
						"back_left": { "rotationX": 0.0, "rotationY": 0.0, "rotationZ": 22.0 },
						"front_left": { "rotationX": 0.0, "rotationY": 0.0, "rotationZ": 22.0 },
						"front_right": { "rotationX": 0.0, "rotationY": 0.0, "rotationZ": -22.0 }
					}
				}
			]
		},

		{
			"name": "Hurt",
			"code": "hurt",
			"quantityframes": 30,
			"onActivityStopped": "PlayTillEnd",
			"onAnimationEnd": "Stop",
			"keyframes": [
				{
					"frame": 0,
					"elements": {
						"Body": { "offsetX": 0.0, "offsetY": 0.0, "offsetZ": 0.0, "rotationX": 0.0, "rotationY": 0.0, "rotationZ": 0.0 },
						"Face": { "rotationX": 11.0, "rotationY": 19.0, "rotationZ": -6.0 },
						"eyelid_right": { "rotationX": 6.0, "rotationY": 0.0, "rotationZ": 0.0 }
					}
				},
				{
					"frame": 8,
					"elements": {
						"Body": { "offsetX": 0.0, "offsetY": 0.13999999761581422, "offsetZ": -1.399999976158142, "rotationX": 3.0, "rotationY": 0.0, "rotationZ": 0.0 },
						"Face": { "offsetX": 0.0, "offsetY": 0.0, "offsetZ": 0.0, "rotationX": 0.0, "rotationY": 0.0, "rotationZ": -8.0 },
						"eyelid_right": { "rotationX": 0.0, "rotationY": 0.0, "rotationZ": 0.0 }
					}
				},
				{
					"frame": 21,
					"elements": {
						"Body": { "rotationX": -3.0, "rotationY": 0.0, "rotationZ": 0.0 },
						"Face": { "offsetX": 0.0, "offsetY": 0.0, "offsetZ": 0.0, "rotationX": 0.0, "rotationY": 3.0, "rotationZ": 0.0 }
					}
				}
			]
		},

		{
			"name": "Attack",
			"code": "attack",
			"quantityframes": 30,
			"onActivityStopped": "PlayTillEnd",
			"onAnimationEnd": "Stop",
			"keyframes": [
				{
					"frame": 0,
					"elements": {
						"Body": { "offsetX": 0.0, "offsetY": 0.0, "offsetZ": 0.0, "rotationX": 0.0, "rotationY": 0.0, "rotationZ": 0.0 },
						"Face": { "offsetX": 0.0, "offsetY": 0.0, "offsetZ": 0.0, "rotationX": 0.0, "rotationY": 0.0, "rotationZ": 0.0 },
						"Nose": { "rotationX": -11.0, "rotationY": 0.0, "rotationZ": 0.0 },
						"eyelid_right": { "offsetX": 0.0, "offsetY": 0.0, "offsetZ": 0.0, "rotationX": 64.0, "rotationY": 0.0, "rotationZ": 0.0 },
						"front_right": { "offsetX": 0.0, "offsetY": 0.0, "offsetZ": 0.0, "rotationX": 0.0, "rotationY": 0.0, "rotationZ": 0.0 },
						"front_left": { "offsetX": 0.0, "offsetY": 0.0, "offsetZ": 0.0, "rotationX": 0.0, "rotationY": 0.0, "rotationZ": 0.0 }
					}
				},
				{
					"frame": 2,
					"elements": {
						"Body": { "rotationX": 0.0, "rotationY": 0.0, "rotationZ": 0.0 },
						"front_left": { "offsetX": 0.0, "offsetY": 0.0, "offsetZ": 0.0, "rotationX": -22.0, "rotationY": 0.0, "rotationZ": 0.0 },
						"front_right": { "offsetX": 0.0, "offsetY": 0.0, "offsetZ": 0.0, "rotationX": -22.0, "rotationY": 0.0, "rotationZ": 0.0 }
					}
				},
				{
					"frame": 4,
					"elements": {
						"Face": { "rotationX": 6.0, "rotationY": 0.0, "rotationZ": 0.0 },
						"Nose": { "rotationX": 0.0, "rotationY": 0.0, "rotationZ": 0.0 },
						"eyelid_right": { "offsetX": 0.0, "offsetY": 0.2099999964237213, "offsetZ": 0.0, "rotationX": -6.0, "rotationY": 0.0, "rotationZ": 0.0 }
					}
				},
				{
					"frame": 26,
					"elements": {
						"Body": { "offsetX": 0.0, "offsetY": 0.27999999523162844, "offsetZ": 0.0, "rotationX": 0.0, "rotationY": 0.0, "rotationZ": 0.0 }
					}
				}
			]
		}
	]
}