{
	code: "woodlouse",
	class: "EntityAgent",
	
	canClimb: true,
	canClimbAnywhere: false,
	climbTouchDistance: 0.61,
	rotateModelOnClimb: false,
	fallDamageMultiplier: 0.15,		
	
	
	hitboxSize: { x: 0.6, y: 0.6 },
	eyeHeight: 0.3,
	client: {
		renderer: "Shape",
		shape: { base: "entity/land/woodlouse/woodlouse_idea1" },
		texture: { "base": "entity/woodlouse/woodlouse1" }, 		
		size: 0.78,		
		behaviors: [
			{ code: "controlledphysics", stepHeight: 1.1055 }, 
			{ code: "floatupwhenstuck", onlyWhenDead: true },
			{ code: "interpolateposition" },
			{ code: "harvestable" }			
		],
		animations: [
			{
				code: "hurt",
				animation: "hurt", 
				animationSpeed: 1.8,
				weight: 10,
				blendMode: "AddAverage" 
			},
			{
				code: "die",
				animation: "death", 
				animationSpeed: 1.25,
				weight: 10,
				blendMode: "Average",
				triggeredBy: { onControls: ["dead"] }
			},
			{ 
				code: "idle", 
				animation: "idle",
				blendMode: "AddAverage",
				easeOutSpeed: 4,
				triggeredBy: { defaultAnim: true },
			},
			{
				code: "sleep", 
				animation: "sleep",
				easeInSpeed: 4,
				easeOutSpeed: 4,
				blendMode: "Average", 
			},
		]
	},
	server: {
		behaviors: [

			{ code: "controlledphysics", stepHeight: 1.1055 },
			{ code: "despawn", minPlayerDistance: 7, belowLightLevel: 8, minSeconds: 120 },
			{ code: "health", currenthealth: 0.4, maxhealth: 0.4 },
			{ code: "deaddecay", hoursToDecay: 0.1,},
			{ code: "floatupwhenstuck", onlyWhenDead: true },
			{ 
				code: "multiply",
				spawnEntityCode: "fendragonsmp:woodlouse",
				spawnQuantityMin: 0,
				spawnQuantityMax: 2,
				growthCapEntityCodes: ["fendragonsmp:woodlouse", "fendragonsmp:woodlouse", "fendragonsmp:woodlouse"],
				requiresNearbyEntityCode: "fendragonsmp:woodlouse",
				requiresNearbyEntityRange: 8,
				pregnancyDays: 1,
				multiplyCooldownDaysMin: 6,
				multiplyCooldownDaysMax: 11,
			},			
			{ 
				code: "emotionstates",
				states: [
					{ code: "fleeondamage", duration: 60, chance: 1, slot: 2, priority: 5, accumType: "max", whenHealthRelBelow: 1.65 },
					{ code: "saturated", duration: 1200, chance: 1, slot: 0, priority: 1, accumType: "sum" },
					{ code: "aggressiveondamage", duration: 30, chance: 1, slot: 2, priority: 2, accumType: "noaccum" },
					{ code: "alarmherdondamage", chance: 1, slot: 1, priority: 1, accumType: "max" },
				],
			},	
			{ code: "harvestable", 
				drops: [
					{
						type: "item", 
						code: "game:rot",
						quantity: { avg: 0.25, var: 0.5 } 
					},
				],
			},			
			{ 
				code: "taskai",
				aitasks: [					
					{
						code: "getoutofwater",
						priority: 4.1,
						movespeed: 0.0256	,
						animation: "animation1",
						animationSpeed: 2.1,					
					},
										{
						code: "idle",
						priority: 1.88,
						minduration: 10000,
						maxduration: 1200000,
						mincooldown: 10000,
						maxcooldown: 80000,
						priorityForCancel: 1.98,
						animation: "animation2",
						animationSpeed: 3.3,						
						whenNotInEmotionState: "aggressiveondamage",				
						duringDayTimeFrames: [ { fromHour: 10, toHour: 16 }, { fromHour: 12, toHour: 15 } ],
						stopOnHurt: true
					},
					{
						code: "idle",
						priority: 1.1,
						minduration: 1000,
						maxduration: 3000,
						mincooldown: 2000,
						maxcooldown: 30000,
						animation: "animation2",
						stopOnNearbyEntityCodes: [ "wolf-*", "fox-*", "hyena-*", "bear-*", "fendragonsmp:hedgehog-*", "raccoon-*", "chicken-*" ],
						stopRange: 1,						
					},
					{
						code: "wander", 
						priority: 1.0, 
						priorityForCancel: 1.35,
						movespeed: 0.0030,
						animationSpeed: 2.5,
						animation: "animation1",						
					},
				]
			}
		],
		spawnconditions: {
			worldgen: {
				"TriesPerChunk": {
				  "offset": 0.0,
				  "avg": 0.01,
				  "var": 0.0,
				  "dist": 0
				},
				"Group": null,
				"MinLightLevel": 7,
				"MaxLightLevel": 32,
				"LightLevelType": 2,
				"HerdSize": {
				  "offset": 0.0,
				  "avg": 1.0,
				  "var": 1.0,
				  "dist": 0
				},
				"Companions": [
				  "fendragonsmp:woodlouse"
				],
				"InsideBlockCodes": [
				  "game:air",
				  "game:tallgrass-*"
				],
				"RequireSolidGround": true,
				"TryOnlySurface": true,
				"ClimateValueMode": 0,
				"MinTemp": 2.0,
				"MaxTemp": 18.0,
				"MinRain": 0.2,
				"MaxRain": 8.2,
				"MinForest": 0.0,
				"MaxForest": 5.0,
				"MinShrubs": 0.0,
				"MaxShrubs": 1.8,
				"MinY": 0.0,
				"MaxY": 2.0,
				"MinForestOrShrubs": 0.2,
				"GroupSize": {
				  "offset": 0.0,
				  "avg": 1.0,
				  "var": 1.0,
				  "dist": 0
				}
			},
			runtime: {
				"Chance": 0.005,
				"MaxQuantity": 1,
				"MaxQuantityByGroup": null,
				"SpawnCapPlayerScaling": 1.0,
				"MinDistanceToPlayer": 18,
				"Group": "neutral",
				"MinLightLevel": 3,
				"MaxLightLevel": 8,
				"LightLevelType": 0,
				"HerdSize": {
				  "offset": 0.0,
				  "avg": 1.0,
				  "var": 1.0,
				  "dist": 0
				},
				"Companions": [
				  "fendragonsmp:woodlouse"
				],
				"InsideBlockCodes": [
				  "game:air",
				  "game:tallgrass-*"
				],
				"RequireSolidGround": true,
				"TryOnlySurface": true,
				"ClimateValueMode": 0,
				"MinTemp": 2.0,
				"MaxTemp": 18.0,
				"MinRain": 0.2,
				"MaxRain": 8.2,
				"MinForest": 0.0,
				"MaxForest": 5.0,
				"MinShrubs": 0.0,
				"MaxShrubs": 1.8,
				"MinY": 0.0,
				"MaxY": 2.0,
				"MinForestOrShrubs": 0.2,
				"GroupSize": {
				  "offset": 0.0,
				  "avg": 1.0,
				  "var": 1.0,
				  "dist": 0
				}
			}
		}
	},
	sounds: {	
	},
}