{
	code: "snail",
	class: "EntityAgent",	
	canClimb: true,
	canClimbAnywhere: true,
	climbTouchDistance: 0.15,
	rotateModelOnClimb: true,
	fallDamageMultiplier: 0.10,		
	hitboxSize: { x: 0.3, y: 0.3 },
	attributes: {
		creatureDiet: {
			foodCategories: [ "Vegetable", "Grain" ],
			foodTags: [ "carrot", "cabbage", "turnip", "redapple", "yellowapple", "pinkapple", "sweetBerryBush", "nibbleCrop" ],
		},
		handbook: {
			groupcode: "fendragonsmp:creaturegroup-snail"
		}
	},
	eyeHeight: 0.3,
	client: {
		renderer: "Shape",
		shape: { base: "entity/land/snail/snail" },
		texture: { base: "entity/snail/snail1" },
		size: 1.05,			
		behaviors: [
			{ code: "controlledphysics", stepHeight: 1.1251 }, 
			{ code: "floatupwhenstuck", onlyWhenDead: true },
			{ code: "interpolateposition" },
			{ code: "harvestable" },
			{ code: "despawn", minPlayerDistance: 8, belowLightLevel: 8, minSeconds: 300 },
		],
		animations: [
			{
				code: "hurt",
				animation: "hurt", 
				animationSpeed: 2.2,
				weight: 10,
				blendMode: "AddAverage" 
			},
			{
				code: "swim",
				animation: "swim", 
				triggeredBy: { onControls: ["Swim"]},
				blendMode: "AddAverage" 
			},
			{
				code: "swimidle",
				animation: "swim",
				triggeredBy: { onControls: ["Swim"]},
				blendMode: "AddAverage" 
			},			
			
			{
				code: "die",
				animation: "death", 
				animationSpeed: 1.25,
				weight: 10,
				blendMode: "Average",
				triggeredBy: { onControls: ["dead"] }
			},
			{ 
				code: "idle", 
				animation: "idle2",
				blendMode: "AddAverage",
				easeOutSpeed: 4,
				triggeredBy: { defaultAnim: true },
			},
			{
				code: "sleep", 
				animation: "sleep",
				easeInSpeed: 4,
				easeOutSpeed: 4,
				blendMode: "Average", 
			},
			{
				code: "sit", 
				animation: "sit",
				easeInSpeed: 4,
				easeOutSpeed: 4,
				blendMode: "Average", 
			}
		]
	},
	server: {
		attributes: {
			pathfinder: {
				minTurnAnglePerSec: 440,
				maxTurnAnglePerSec: 2880
			}
		},
		behaviors: [
			{ code: "repulseagents" }, 
			{ code: "controlledphysics", stepHeight: 1.1251 },
			{ code: "despawn", minPlayerDistance: 8, belowLightLevel: 8, minSeconds: 300 },
			{ code: "health", currenthealth: 0.5, maxhealth: 0.5, },
			{ code: "deaddecay", hoursToDecay: 1 },
			{ code: "floatupwhenstuck", onlyWhenDead: true },
			{ code: "grow",
				hoursToGrow: 168,
				adultEntityCodes: ["fendragonsmp:snail", "fendragonsmp:snail"],
			},

			{ code: "emotionstates",
				states: [
					{ code: "alarmherdondamage", chance: 1, slot: 1, priority: 1, accumType: "max" }
				],
			},
			{ code: "harvestable", 
				drops: [
					{
						type: "item", 
						code: "game:rot",
						quantity: { avg: 0.25, var: 0.5 } 
					},
				],
			},
			{ code: "taskai",
				aitasks: [
					{
						code: "fleeentity",
						entityCodes: [ "fendragonsmp:hedgehog-*", "raccoon-*", "chicken-*" ],
						priority: 1.5,
						movespeed: 0.025,
						animationSpeed: 1.4,
						seekingRange: 7,
						animation: "Run"
					},
					{
						code: "idle",
						priority: 1.2,
						minduration: 2500,
						maxduration: 2500,
						mincooldown: 1000,
						maxcooldown: 10000,
						priorityForCancel: 1.28,
						animation: "Eat"
					},
					{
						code: "idle",
						priority: 1.1,
						minduration: 1000,
						maxduration: 3000,
						mincooldown: 2000,
						maxcooldown: 30000,
						animation: "Idle"
					},
					{
						code: "wander", 
						priority: 1.2, 
						movespeed: 0.0013,
						animationSpeed: 1.2,
						animation: "Walk",
						wanderChance: 0.2,
					},
					{
						code: "idle",
						priority: 0.95,
						minduration: 5000000,
						maxduration: 5000000,
						mincooldown: 5000,
						maxcooldown: 15000,
						priorityForCancel: 1.33,
						animation: "Sleep",
						whenNotInEmotionState: "aggressiveondamage",
						duringDayTimeFrames: [ { fromHour: 20, toHour: 24 }, { fromHour: 0, toHour: 6 } ],
						stopOnNearbyEntityCodes: [ "fendragonsmp:hedgehog-*", "raccoon-*", "chicken-*" ],
						stopRange: 8,
						stopOnHurt: true
					},
					{
						code: "idle",
						priority: 0.9,
						minduration: 6000,
						maxduration: 40000,
						mincooldown: 2000,
						maxcooldown: 120000,
						priorityForCancel: 1.28,
						animation: "Sit"
					},
					{
						code: "getoutofwater",
						priority: 1.8,
						movespeed: 0.014,
						animation: "walk"
					},					
					{ 
						code: "lookaround", 
						priority: 0.5
					}
				]
			}
		],
		spawnconditions: {
			worldgen: {
				"TriesPerChunk": {
				  "offset": 0.0,
				  "avg": 0.01,
				  "var": 1.0,
				  "dist": 0
				},
				"Group": null,
				"MinLightLevel": 10,
				"MaxLightLevel": 32,
				"LightLevelType": 2,
				"HerdSize": {
				  "offset": 0.0,
				  "avg": 1.0,
				  "var": 1.0,
				  "dist": 10
				},
				"Companions": [
				  "fendragonsmp:snail"
				],
				"InsideBlockCodes": [
				  "game:air",
				  "game:tallgrass-*"
				],
				"RequireSolidGround": true,
				"TryOnlySurface": true,
				"ClimateValueMode": 0,
				"MinTemp": 3.0,
				"MaxTemp": 20.0,
				"MinRain": 0.2,
				"MaxRain": 3.2,
				"MinForest": 0.0,
				"MaxForest": 2.0,
				"MinShrubs": 0.0,
				"MaxShrubs": 0.9,
				"MinY": 0.0,
				"MaxY": 2.0,
				"MinForestOrShrubs": 0.5,
				"GroupSize": {
				  "offset": 0.0,
				  "avg": 1.0,
				  "var": 1.0,
				  "dist": 10
				}
			},
			runtime: {
				"Chance": 0.004,
				"MaxQuantity": 1,
				"MaxQuantityByGroup": null,
				"SpawnCapPlayerScaling": 1.0,
				"MinDistanceToPlayer": 18,
				"Group": "neutral",
				"MinLightLevel": 3,
				"MaxLightLevel": 8,
				"LightLevelType": 0,
				"HerdSize": {
				  "offset": 0.0,
				  "avg": 2.0,
				  "var": 1.0,
				  "dist": 10
				},
				"Companions": [
				  "fendragonsmp:snail"
				],
				"InsideBlockCodes": [
				  "game:air",
				  "game:tallgrass-*"
				],
				"RequireSolidGround": true,
				"TryOnlySurface": true,
				"ClimateValueMode": 0,
				"MinTemp": 3.0,
				"MaxTemp": 20.0,
				"MinRain": 0.4,
				"MaxRain": 3.2,
				"MinForest": 0.0,
				"MaxForest": 2.0,
				"MinShrubs": 0.0,
				"MaxShrubs": 0.9,
				"MinY": 0.0,
				"MaxY": 2.0,
				"MinForestOrShrubs": 0.3,
				"GroupSize": {
				  "offset": 0.0,
				  "avg": 2.0,
				  "var": 1.0,
				  "dist": 10
				}
			}
		}
	}		
}