{
	"code": "elementalsentinel",
	"classByType": {
		"*": "EntitySentinelRM"
	},
	"habitat": "Land",
	"enabled": true,

	"variantgroups": [
		{
			"code": "element",
			"states": [ "blood", "ghost" ],
			"loadFromProperties": "rustboundmagic:abstract/elements"
		},
		{
			"code": "variant",
			"states": [ "common", "scarlet", "russet", "ashen" ]
		}
	],
	"skipVariants": [ "*-rust-*", "*-none-*", "*-blood-*", "*-ghost-*", "*-scarlet", "*-russet", "*-ashen" ],

	"canClimb": true,
	"canClimbAnywhere": false,
	"climbTouchDistance": 0.1,
	"rotateModelOnClimb": false,
	"fallDamage": false,

	"hitboxSizeByType": {
		"*": {
			"x": 1.50,
			"y": 2.8
		}
	},
	"deadHitboxSizeByType": {
		"*": {
			"x": 1.50,
			"y": 1.0
		}
	},

	"eyeHeight": 1.0,

	"knockbackResistanceByType": {
		"*": 1
	},

	"attributes": {
		"frostable": false,
		"glitchAffected": true,
		"glitchFlicker": true,
		"spawnDamageParticles": true,
		"killedByInfoText": "game:deadcreature-vile",
		"spawnCloserDuringLowStability": true,
		"onDeathStabilityRecoveryByType": {
			"*": 0.01
		}
	},

	"client": {
		"sizeByType": {
			"*": 1.0
		},
		"renderer": "ShapeEntityRendererElementalCreatureRM",
		"shapeByType": {
			"*": { "base": "entities/creatures/elementals/elementalsentinel" }
		},
		"texturesByType": {
			"*": {
				"default": { "base": "default" },
				"solidrock": { "base": "entities/creatures/elementals/general/{element}/solidrock*" },
				"cobblestone": { "base": "entities/creatures/elementals/general/{element}/cobblestone*" },
				"elementalsolid": { "base": "entities/creatures/elementals/general/{element}/elementalsolid" },
				"elementalcrystal": { "base": "entities/creatures/elementals/general/{element}/elementalsolid" }
				//"elementalcrystal": { "base": "entities/creatures/elementals/{element}/elementalcrystal" }
			}
		},
		"behaviors": [
			{
				"code": "repulseagents",
				"movable": false
			},
			{
				"code": "controlledphysics",
				"stepHeight": 1.1251
			},
			{
				"code": "floatupwhenstuck",
				"onlyWhenDead": true
			},
			{
				"code": "interpolateposition"
			},
			{
				"code": "harvestable",
				"duration": 2
			}
		],
		"animations": [
			{
				"code": "hurt",
				"animation": "hurt",
				"animationSpeed": 2.2,
				"weight": 5,
				"blendMode": "AddAverage"
			},
			{
				"code": "dead",
				"animation": "dead",
				"animationSpeed": 1.0,
				"weight": 10,
				"blendMode": "Average",
				"triggeredBy": { "onControls": [ "dead" ] }
			},
			{
				"code": "idle",
				"animation": "idle",
				"blendMode": "AddAverage",
				"triggeredBy": { "defaultAnim": true }
			}
		]
	},
	"server": {
		"attributes": {
			"pathfinder": {
				"minTurnAnglePerSec": 720,
				"maxTurnAnglePerSec": 1440
			}
		},
		"behaviors": [
			{
				"code": "repulseagents",
				"movable": false
			},
			{
				"code": "controlledphysics",
				"stepHeight": 1.1251
			},
			{
				"code": "health",
				"currenthealthByType": {
					"*-common": 100,
					"*-scarlet": 20,
					"*-russet": 20,
					"*-ashen": 20
				},
				"maxhealthByType": {
					"*-common": 100,
					"*-scarlet": 20,
					"*-russet": 20,
					"*-ashen": 20
				}
			},
			{
				"code": "deaddecay",
				"hoursToDecay": 3
			},
			{
				"code": "floatupwhenstuck",
				"onlyWhenDead": true
			},
			{
				"code": "despawn",
				"minPlayerDistance": 64,
				"minSeconds": 30
			},
			{
				"code": "despawn",
				"minPlayerDistance": 32,
				"minSeconds": 60
			},
			{
				"code": "emotionstates",
				"states": [
					{
						"code": "aggressiveondamage",
						"duration": 30,
						"chance": 1,
						"slot": 2,
						"priority": 2,
						"accumType": "noaccum"
					}
				]
			},
			{
				"code": "taskai",
				"aitasks": [
					//{
					//	"__comment-aitasks": "Daytime sleep emote.",
					//	"code": "idle_em",
					//	"priority": 6.5,
					//	"minduration": 5000000,
					//	"maxduration": 5000000,
					//	"mincooldown": 5000,
					//	"maxcooldown": 10000,
					//	"animation": "standdie",
					//	"animationSpeed": 2.8,
					//	"duringDayTimeFrames": [
					//		{
					//			"fromHour": 7,
					//			"toHour": 19
					//		}
					//	],
					//	"stopOnNearbyEntityCodes": [ "player" ],
					//	"stopRange": 10,
					//	"stopOnHurt": true,
					//	"whenNotInEmotionState": "aggressiveondamage"
					//},

					//{
					//	"__comment-aitasks": "Ability: Door Breaker",
					//	"code": "hollowbreakdoor_em",
					//	"priority": 6.4,
					//	"priorityForCancel": 5.7,
					//	"minduration": 16000,
					//	"maxduration": 18000,
					//	"mincooldown": 20000,
					//	"maxcooldown": 30000,
					//	"sitDays": 0.001,
					//	"sitAnimation": "standhitleftrightmiddle",
					//	"movespeed": 0.030,
					//	"animation": "standwalk",
					//	"animationSpeed": 3.75
					//},

					//{
					//	"__comment-aitasks": "Ability: Dual Attack (left) (Primary melee attack)",
					//	"code": "meleeattack_em",
					//	"priority": 6,
					//	"slot": 1,
					//	"entityCodesByType": {
					//		"*": [ "player" ]
					//	},
					//	"damage": 0.75,
					//	"damageTier": 0,
					//	"damageType": "BluntAttack",
					//	"mincooldown": 2000,
					//	"maxcooldown": 2500,
					//	"stabilityDamageInflicted": true,
					//	"stabilityDamageInflictedAmount": 5,
					//	"damagePlayerAtMs": 800,
					//	"attackDurationMs": 500,
					//	"animation": "standhitleft",
					//	"animationSpeed": 0.85,
					//	"sound": "eldritchmonsters:monsters/hollows/hollow-attack1"
					//},
					//{
					//	"__comment-aitasks": "Ability: Dual Attack (right) (Primary melee attack)",
					//	"code": "meleeattack_em",
					//	"priority": 5.9,
					//	"slot": 1,
					//	"entityCodesByType": {
					//		"*": [ "player" ]
					//	},
					//	"damage": 0.75,
					//	"damageTier": 0,
					//	"damageType": "BluntAttack",
					//	"mincooldown": 2000,
					//	"maxcooldown": 2500,
					//	"stabilityDamageInflicted": true,
					//	"stabilityDamageInflictedAmount": 5,
					//	"damagePlayerAtMs": 800,
					//	"attackDurationMs": 500,
					//	"animation": "standhitright",
					//	"animationSpeed": 0.85,
					//	"sound": "eldritchmonsters:monsters/hollows/hollow-attack1"
					//},
					//{
					//	"__comment-aitasks": "Ability: Crushing Blow",
					//	"code": "meleeattack_em",
					//	"priority": 5.7,
					//	"entityCodesByType": {
					//		"*": [ "player" ]
					//	},
					//	"damageByType": {
					//		"*-common-normal": 2,
					//		"*-common-tainted": 12,
					//		"*-common-corrupt": 21,
					//		"*-common-abomination": 30,
					//		"*-scarlet-normal": 3,
					//		"*-scarlet-tainted": 15,
					//		"*-scarlet-corrupt": 24,
					//		"*-scarlet-abomination": 33,
					//		"*-russet-normal": 3,
					//		"*-russet-tainted": 15,
					//		"*-russet-corrupt": 24,
					//		"*-russet-abomination": 33,
					//		"*-ashen-normal": 3,
					//		"*-ashen-tainted": 15,
					//		"*-ashen-corrupt": 24,
					//		"*-ashen-abomination": 33,
					//		"*": 1
					//	},
					//	"damageTierByType": {
					//		"*-normal": 0,
					//		"*-tainted": 2,
					//		"*-corrupt": 3,
					//		"*-abomination": 4,
					//		"*": 0
					//	},
					//	"mincooldown": 6000,
					//	"maxcooldown": 12000,
					//	"damageTypeByType": {
					//		"*-normal": "Crushing",
					//		"*-tainted": "Crushing",
					//		"*-corrupt": "Crushing",
					//		"*-abomination": "Crushing",
					//		"*": "Crushing"
					//	},
					//	"stabilityDamageInflicted": true,
					//	"stabilityDamageInflictedAmount": 20,
					//	"damagePlayerAtMs": 800,
					//	"attackDurationMs": 600,
					//	"knockbackStrength": 4,
					//	"minDist": 2.5,
					//	"cancelOnHurt": false,
					//	"animation": "standattack",
					//	"animationSpeed": 0.8,
					//	"sound": "eldritchmonsters:monsters/hollows/hollow-aggro"
					//},


					//{
					//	"code": "seekentity_em",
					//	"entityCodes": [ "player" ],
					//	"priority": 5.51,
					//	"movespeed": 0.035,
					//	"seekingRange": 15,
					//	"mincooldown": 750,
					//	"maxcooldown": 1000,
					//
					//	"animation": "standwalk",
					//	"leapAtTarget": true,
					//	"leapAnimation": "standjump",
					//	"animationSpeed": 2.5,
					//	"leapChance": 0.01,
					//	"sound": "eldritchmonsters:monsters/hollows/hollow-idle1"
					//},
					//{
					//	"code": "seekentity_em",
					//	"entityCodes": [ "player" ],
					//	"priority": 5.5,
					//	"movespeed": 0.035,
					//	"seekingRange": 25,
					//	"mincooldown": 1000,
					//	"maxcooldown": 1000,
					//
					//	"animation": "standwalk",
					//	"leapAtTarget": true,
					//	"leapAnimation": "standjump",
					//	"animationSpeed": 2.5,
					//	"leapChance": 0.01,
					//	"sound": "eldritchmonsters:monsters/hollows/hollow-idle2"
					//},
					//{
					//	"code": "seekentity_em",
					//	"entityCodes": [ "player" ],
					//	"priority": 5.49,
					//	"movespeed": 0.035,
					//	"seekingRange": 25,
					//	"mincooldown": 500,
					//	"maxcooldown": 500,
					//	"animation": "standwalk",
					//	"leapAtTarget": true,
					//	"leapAnimation": "standjump",
					//	"animationSpeed": 2.5,
					//	"leapChance": 0.01,
					//	"sound": "eldritchmonsters:monsters/hollows/hollow-idle1",
					//	"whenInEmotionState": "aggressiveondamage"
					//},



					{
						"__comment-aitasks": "Seek getting out of water.",
						"code": "getoutofwater",
						"priority": 2.4,
						"priorityForCancel": 5.3,
						"movespeed": 0.025,
						"animation": "walk",
						"animationSpeed": 4.25
					},

					//{
					//	"__comment-aitasks": "Despair emote.",
					//	"code": "idle",
					//	"priority": 1.2,
					//	"priorityForCancel": 1.25,
					//	"minduration": 8000,
					//	"maxduration": 9000,
					//	"chance": 0.005,
					//	"mincooldown": 30000,
					//	"maxcooldown": 90000,
					//	"animation": "standdespair",
					//	"animationSpeed": 1.00,
					//	"sound": "eldritchmonsters:monsters/hollows/hollow-idle1"
					//},

					{
						"__comment-aitasks": "Slow speed random wander movement.",
						"code": "wander",
						"priority": 1.1,
						"priorityForCancel": 1.2,
						"movespeedByType": {
							"*": 0.01
							//"*-tainted": 0.0015,
							//"*-corrupt": 0.00175,
							//"*-abomination": 0.00225
						},
						"animationSpeedByType": {
							"*": 0.85
							//"*-tainted": 2.25,
							//"*-corrupt": 2.625,
							//"*-abomination": 3.375
						},
						"animation": "walk" //,
						//"preferredLightLevel": 7
					},
					{
						"__comment-aitasks": "Idle emote.",
						"code": "lookaround",
						"priority": 0.5
					}
				]
			},
			{
				"code": "harvestable",
				"duration": 2,
				"dropsByType": {
					"*": [
						{
							"type": "item",
							"code": "game:bone",
							"quantity": {
								"avg": 0.3,
								"var": 1
							}
						},
						//{
						//	"type": "item",
						//	"code": "eldritchmonsters:vial-fattyoil",
						//	"quantity": {
						//		"avg": 0.25,
						//		"var": 2
						//	}
						//},
						{
							"type": "item",
							"code": "game:gear-rusty",
							"quantity": {
								"avg": 0.05,
								"var": 0
							}
						},
						{
							"type": "item",
							"code": "game:gear-temporal",
							"quantity": {
								"avg": 0.01,
								"var": 0
							}
						}
					]
				}
			}
		] //,
		//"spawnconditionsByType": {
		//	"*": {
		//		"runtime": {
		//			"group": "hostile",
		//			"tryOnlySurface": true,
		//			"chanceByType": {
		//				"*-common": 0.05,
		//				"*-scarlet": 0.001,
		//				"*-russet": 0.001,
		//				"*-ashen": 0.001
		//			},
		//			"maxQuantityByType": {
		//				"*-common": 3,
		//				"*-scarlet": 1,
		//				"*-russet": 1,
		//				"*-ashen": 1
		//			},
		//
		//			"maxLightLevel": 7,
		//			"lightLevelType": "MaxTimeOfDayLight",
		//
		//			"groupSizeByType": {
		//				"*-common": {
		//					"dist": "invexp",
		//					"avg": 1,
		//					"var": 0
		//				},
		//				"*-scarlet": {
		//					"dist": "verynarrowgaussian",
		//					"avg": 1,
		//					"var": 0
		//				},
		//				"*-russet": {
		//					"dist": "verynarrowgaussian",
		//					"avg": 1,
		//					"var": 0
		//				},
		//				"*-ashen": {
		//					"dist": "verynarrowgaussian",
		//					"avg": 1,
		//					"var": 0
		//				}
		//			},
		//			"insideBlockCodes": [ "game:tallgrass-*", "game:snowlayer-1", "game:loosestones-*" ]
		//		}
		//	}
		//}
	},
	"sounds": {
		//"hurt": "eldritchmonsters:monsters/hollows/hollow-hurt",
		//"death": "eldritchmonsters:monsters/hollows/hollow-death",
		//"idle": "eldritchmonsters:monsters/hollows/hollow-idle1"
	},
	"idleSoundChance": 0.15,
	"idleSoundRange": 10
}
