{
	"editor": {
		"allAngles": false,
		"entityTextureMode": false
	},
	"textureWidth": 16,
	"textureHeight": 16,
	"textureSizes": {
	},
	"textures": {
		"rusty-iron": "game:block/metal/ingot/gold"
	},
	"elements": [
		{
			"name": "W long",
			"from": [ 4.0, 0.1, 4.0 ],
			"to": [ 5.0, 1.3, 10.0 ],
			"rotationOrigin": [ 5.5, 0.6, 7.0 ],
			"rotationY": -22.5,
			"faces": {
				"north": { "texture": "#rusty-iron", "uv": [ 2.0, 3.0, 3.0, 4.0 ], "glow": 50 },
				"east": { "texture": "#rusty-iron", "uv": [ 10.0, 1.0, 16.0, 2.0 ], "glow": 50 },
				"south": { "texture": "#rusty-iron", "uv": [ 6.0, 6.0, 7.0, 7.0 ], "glow": 50 },
				"west": { "texture": "#rusty-iron", "uv": [ 0.0, 0.0, 6.0, 1.0 ], "glow": 50 },
				"up": { "texture": "#rusty-iron", "uv": [ 3.0, 3.0, 4.0, 9.0 ], "glow": 50 },
				"down": { "texture": "#rusty-iron", "uv": [ 0.0, 0.0, 1.0, 6.0 ], "glow": 50 }
			},
			"children": [
				{
					"name": "E long",
					"from": [ 2.0, 0.0, 0.0 ],
					"to": [ 3.0, 1.2, 6.0 ],
					"faces": {
						"north": { "texture": "#rusty-iron", "uv": [ 0.0, 6.0, 1.0, 7.0 ], "glow": 50 },
						"east": { "texture": "#rusty-iron", "uv": [ 10.0, 2.0, 16.0, 3.0 ], "glow": 50 },
						"south": { "texture": "#rusty-iron", "uv": [ 6.0, 3.0, 7.0, 4.0 ], "glow": 50 },
						"west": { "texture": "#rusty-iron", "uv": [ 0.0, 0.0, 6.0, 1.0 ], "glow": 50 },
						"up": { "texture": "#rusty-iron", "uv": [ 3.0, 6.0, 4.0, 12.0 ], "glow": 50 },
						"down": { "texture": "#rusty-iron", "uv": [ 0.0, 0.0, 1.0, 6.0 ], "glow": 50 }
					}
				},
				{
					"name": "W short",
					"from": [ -1.0, 0.1, 0.5 ],
					"to": [ 0.0, 1.1, 5.5 ],
					"faces": {
						"north": { "texture": "#rusty-iron", "uv": [ 2.0, 0.0, 3.0, 1.0 ], "glow": 50 },
						"south": { "texture": "#rusty-iron", "uv": [ 4.0, 5.0, 5.0, 6.0 ], "glow": 50 },
						"west": { "texture": "#rusty-iron", "uv": [ 0.0, 0.0, 5.0, 1.0 ], "glow": 50 },
						"up": { "texture": "#rusty-iron", "uv": [ 2.0, 3.0, 3.0, 8.0 ], "glow": 50 },
						"down": { "texture": "#rusty-iron", "uv": [ 0.0, 0.0, 1.0, 5.0 ], "glow": 50 }
					}
				},
				{
					"name": "E short",
					"from": [ 3.0, 0.1, 0.5 ],
					"to": [ 4.0, 1.1, 5.5 ],
					"faces": {
						"north": { "texture": "#rusty-iron", "uv": [ 0.0, 7.0, 1.0, 8.0 ], "glow": 50 },
						"east": { "texture": "#rusty-iron", "uv": [ 10.0, 6.0, 15.0, 7.0 ], "glow": 50 },
						"south": { "texture": "#rusty-iron", "uv": [ 8.0, 1.0, 9.0, 2.0 ], "glow": 50 },
						"up": { "texture": "#rusty-iron", "uv": [ 5.0, 6.0, 6.0, 11.0 ], "glow": 50 },
						"down": { "texture": "#rusty-iron", "uv": [ 0.0, 0.0, 1.0, 5.0 ], "glow": 50 }
					}
				},
				{
					"name": "N long",
					"from": [ -1.5, -0.1, 1.5 ],
					"to": [ 4.5, 1.3, 2.5 ],
					"faces": {
						"north": { "texture": "#rusty-iron", "uv": [ 10.0, 3.0, 16.0, 4.0 ], "glow": 50 },
						"east": { "texture": "#rusty-iron", "uv": [ 5.0, 0.0, 6.0, 1.0 ], "glow": 50 },
						"south": { "texture": "#rusty-iron", "uv": [ 0.0, 0.0, 6.0, 1.0 ], "glow": 50 },
						"west": { "texture": "#rusty-iron", "uv": [ 2.0, 3.0, 3.0, 4.0 ], "glow": 50 },
						"up": { "texture": "#rusty-iron", "uv": [ 3.0, 1.0, 9.0, 2.0 ], "glow": 50 },
						"down": { "texture": "#rusty-iron", "uv": [ 2.0, 3.0, 8.0, 4.0 ], "glow": 50 }
					}
				},
				{
					"name": "S long",
					"from": [ -1.5, -0.1, 3.5 ],
					"to": [ 4.5, 1.3, 4.5 ],
					"faces": {
						"north": { "texture": "#rusty-iron", "uv": [ 10.0, 1.0, 16.0, 2.0 ], "glow": 50 },
						"east": { "texture": "#rusty-iron", "uv": [ 7.0, 6.0, 8.0, 7.0 ], "glow": 50 },
						"south": { "texture": "#rusty-iron", "uv": [ 0.0, 0.0, 6.0, 1.0 ], "glow": 50 },
						"west": { "texture": "#rusty-iron", "uv": [ 0.0, 3.0, 1.0, 4.0 ], "glow": 50 },
						"up": { "texture": "#rusty-iron", "uv": [ 1.0, 6.0, 7.0, 7.0 ], "glow": 50 },
						"down": { "texture": "#rusty-iron", "uv": [ 1.0, 5.0, 7.0, 6.0 ], "glow": 50 }
					}
				},
				{
					"name": "S short",
					"from": [ 1.0, 0.1, 4.5 ],
					"to": [ 2.0, 1.1, 5.5 ],
					"faces": {
						"south": { "texture": "#rusty-iron", "uv": [ 4.0, 8.0, 5.0, 9.0 ], "glow": 50 },
						"up": { "texture": "#rusty-iron", "uv": [ 7.0, 3.0, 8.0, 4.0 ], "glow": 50 },
						"down": { "texture": "#rusty-iron", "uv": [ 6.0, 7.0, 7.0, 8.0 ], "glow": 50 }
					}
				},
				{
					"name": "N short",
					"from": [ 1.0, 0.1, 0.5 ],
					"to": [ 2.0, 1.1, 1.5 ],
					"faces": {
						"north": { "texture": "#rusty-iron", "uv": [ 0.0, 0.0, 1.0, 1.0 ], "glow": 50 },
						"up": { "texture": "#rusty-iron", "uv": [ 0.0, 0.0, 1.0, 1.0 ], "glow": 50 },
						"down": { "texture": "#rusty-iron", "uv": [ 0.0, 0.0, 1.0, 1.0 ], "glow": 50 }
					}
				},
				{
					"name": "metal 1",
					"from": [ 1.0, 0.3, 1.7 ],
					"to": [ 1.2, 2.3, 1.9 ],
					"faces": {
						"north": { "texture": "#rusty-iron", "uv": [ 4.0, 7.0, 4.0, 9.0 ], "glow": 50 },
						"east": { "texture": "#rusty-iron", "uv": [ 2.0, 7.0, 2.0, 9.0 ], "glow": 50 },
						"south": { "texture": "#rusty-iron", "uv": [ 4.0, 8.0, 4.0, 10.0 ], "glow": 50 },
						"west": { "texture": "#rusty-iron", "uv": [ 5.0, 7.0, 5.0, 9.0 ], "glow": 50 },
						"up": { "texture": "#rusty-iron", "uv": [ 7.0, 6.0, 7.0, 6.0 ], "glow": 50 },
						"down": { "texture": "#rusty-iron", "uv": [ 1.0, 0.0, 1.0, 0.0 ], "glow": 50 }
					}
				},
				{
					"name": "metal 2",
					"from": [ 2.6, -0.2, 2.2 ],
					"to": [ 2.8, 1.8, 2.4 ],
					"faces": {
						"north": { "texture": "#rusty-iron", "uv": [ 0.0, 3.0, 0.0, 5.0 ], "glow": 50 },
						"east": { "texture": "#rusty-iron", "uv": [ 2.0, 1.0, 2.0, 3.0 ], "glow": 50 },
						"south": { "texture": "#rusty-iron", "uv": [ 1.0, 2.0, 1.0, 4.0 ], "glow": 50 },
						"west": { "texture": "#rusty-iron", "uv": [ 1.0, 3.0, 1.0, 5.0 ], "glow": 50 },
						"up": { "texture": "#rusty-iron", "uv": [ 2.0, 3.0, 2.0, 3.0 ], "glow": 50 },
						"down": { "texture": "#rusty-iron", "uv": [ 1.0, 0.0, 1.0, 0.0 ], "glow": 50 }
					}
				},
				{
					"name": "metal 3",
					"from": [ 1.6, -0.6, 3.6 ],
					"to": [ 1.8, 1.4, 3.8 ],
					"faces": {
						"north": { "texture": "#rusty-iron", "uv": [ 2.0, 1.0, 2.0, 3.0 ], "glow": 50 },
						"east": { "texture": "#rusty-iron", "uv": [ 2.0, 0.0, 2.0, 2.0 ], "glow": 50 },
						"south": { "texture": "#rusty-iron", "uv": [ 1.0, 2.0, 1.0, 4.0 ], "glow": 50 },
						"west": { "texture": "#rusty-iron", "uv": [ 3.0, 2.0, 3.0, 4.0 ], "glow": 50 },
						"up": { "texture": "#rusty-iron", "uv": [ 3.0, 4.0, 3.0, 4.0 ], "glow": 50 },
						"down": { "texture": "#rusty-iron", "uv": [ 1.0, 0.0, 1.0, 0.0 ], "glow": 50 }
					}
				},
				{
					"name": "metal 4",
					"from": [ 0.6, -0.3, 3.2 ],
					"to": [ 0.8, 1.7, 3.4 ],
					"faces": {
						"north": { "texture": "#rusty-iron", "uv": [ 0.0, 3.0, 0.0, 5.0 ], "glow": 50 },
						"east": { "texture": "#rusty-iron", "uv": [ 1.0, 3.0, 1.0, 5.0 ], "glow": 50 },
						"south": { "texture": "#rusty-iron", "uv": [ 1.0, 3.0, 1.0, 5.0 ], "glow": 50 },
						"west": { "texture": "#rusty-iron", "uv": [ 1.0, 3.0, 1.0, 5.0 ], "glow": 50 },
						"up": { "texture": "#rusty-iron", "uv": [ 2.0, 5.0, 2.0, 5.0 ], "glow": 50 },
						"down": { "texture": "#rusty-iron", "uv": [ 1.0, 0.0, 1.0, 0.0 ], "glow": 50 }
					}
				}
			]
		}
	]}