{
	"editor": {
		"allAngles": false,
		"entityTextureMode": false
	},
	"textureWidth": 16,
	"textureHeight": 16,
	"textureSizes": {
	},
	"textures": {
		"copper": "game:block/metal/anvil/copper",
		"uranium2": "game:block/metal/sheet/copper2",
		"inside": "game:block/wood/barrel/inside"
	},
	"elements": [
		{
			"name": "Cube7",
			"from": [ 4.0, 8.0, 4.0 ],
			"to": [ 14.0, 13.0, 9.0 ],
			"rotationOrigin": [ 4.0, 8.0, 4.0 ],
			"faces": {
				"north": { "texture": "#uranium2", "uv": [ 0.0, 10.5, 8.0, 15.5 ], "autoUv": false },
				"east": { "texture": "#uranium2", "uv": [ 7.0, 11.0, 12.0, 16.0 ] },
				"south": { "texture": "#uranium2", "uv": [ 0.0, 11.0, 8.0, 16.0 ], "autoUv": false },
				"west": { "texture": "#uranium2", "uv": [ 7.5, 11.0, 12.5, 16.0 ] },
				"up": { "texture": "#uranium2", "uv": [ 0.0, 0.0, 10.0, 5.0 ] },
				"down": { "texture": "#uranium2", "uv": [ 0.0, 0.0, 10.0, 5.0 ] }
			},
			"children": [
				{
					"name": "Cube8",
					"from": [ 1.5, 5.0, 2.2 ],
					"to": [ 2.0, 6.0, 2.7 ],
					"rotationOrigin": [ 1.5, 5.0, 2.2 ],
					"faces": {
						"north": { "texture": "#inside", "uv": [ 2.0, 13.5, 2.5, 15.0 ], "autoUv": false },
						"east": { "texture": "#inside", "uv": [ 2.0, 14.0, 2.5, 15.0 ] },
						"south": { "texture": "#inside", "uv": [ 2.5, 14.0, 3.0, 15.0 ] },
						"west": { "texture": "#inside", "uv": [ 2.5, 14.5, 3.0, 15.5 ] },
						"up": { "texture": "#inside", "uv": [ 2.5, 14.0, 3.0, 14.5 ] },
						"down": { "texture": "#inside", "uv": [ 3.0, 14.0, 3.5, 14.5 ] }
					}
				},
				{
					"name": "Cube9",
					"from": [ 8.0, 5.0, 2.2 ],
					"to": [ 8.5, 6.0, 2.7 ],
					"rotationOrigin": [ 8.0, 5.0, 2.2 ],
					"faces": {
						"north": { "texture": "#inside", "uv": [ 2.5, 14.5, 3.0, 15.5 ] },
						"east": { "texture": "#inside", "uv": [ 2.5, 14.0, 3.0, 15.0 ] },
						"south": { "texture": "#inside", "uv": [ 2.0, 14.0, 2.5, 15.0 ] },
						"west": { "texture": "#inside", "uv": [ 1.5, 14.0, 2.0, 15.0 ] },
						"up": { "texture": "#inside", "uv": [ 2.5, 14.5, 3.0, 15.0 ] },
						"down": { "texture": "#inside", "uv": [ 2.5, 14.0, 3.0, 14.5 ] }
					}
				},
				{
					"name": "Cube10",
					"from": [ 1.5, 6.0, 2.2 ],
					"to": [ 8.5, 6.4, 2.7 ],
					"rotationOrigin": [ 1.5, 6.0, 2.2 ],
					"faces": {
						"north": { "texture": "#inside", "uv": [ 2.0, 15.0, 9.0, 15.5 ] },
						"east": { "texture": "#inside", "uv": [ 2.5, 14.5, 3.0, 15.0 ] },
						"south": { "texture": "#inside", "uv": [ 2.0, 15.0, 9.0, 15.5 ] },
						"west": { "texture": "#inside", "uv": [ 2.5, 14.5, 3.0, 15.0 ] },
						"up": { "texture": "#inside", "uv": [ 2.0, 15.0, 9.0, 15.5 ] },
						"down": { "texture": "#inside", "uv": [ 2.0, 15.0, 9.0, 15.5 ] }
					}
				}
			]
		},
		{
			"name": "handle-knife",
			"from": [ 11.25, 8.55, 11.35 ],
			"to": [ 13.75, 9.05, 11.85 ],
			"rotationOrigin": [ 10.5, 8.3, 11.6 ],
			"rotationX": -90.0,
			"rotationZ": 22.5,
			"faces": {
				"north": { "texture": "#inside", "uv": [ 0.0, 2.0, 2.5, 2.5 ] },
				"east": { "texture": "#inside", "uv": [ 3.0, 0.0, 3.5, 0.5 ] },
				"south": { "texture": "#inside", "uv": [ 0.0, 4.5, 2.5, 5.0 ] },
				"west": { "texture": "#inside", "uv": [ 3.0, 0.0, 3.5, 0.5 ] },
				"up": { "texture": "#inside", "uv": [ 0.0, 2.0, 2.5, 2.5 ] },
				"down": { "texture": "#inside", "uv": [ 0.0, 3.0, 2.5, 3.5 ] }
			},
			"children": [
				{
					"name": "metal",
					"from": [ -2.5, 0.05, 0.2 ],
					"to": [ 1.0, 0.55, 0.3 ],
					"faces": {
						"north": { "texture": "#copper", "uv": [ 1.0, 1.0, 4.5, 1.5 ] },
						"east": { "texture": "#copper", "uv": [ 0.0, 0.0, 0.5, 0.5 ] },
						"south": { "texture": "#copper", "uv": [ 0.0, 7.0, 3.5, 7.5 ] },
						"west": { "texture": "#copper", "uv": [ 0.0, 0.0, 0.5, 0.5 ] },
						"up": { "texture": "#copper", "uv": [ 1.0, 2.0, 4.5, 2.5 ] },
						"down": { "texture": "#copper", "uv": [ 0.0, 0.0, 3.5, 0.5 ] }
					}
				},
				{
					"name": "metal3",
					"from": [ -3.0, 0.3, 0.2 ],
					"to": [ -2.5, 0.55, 0.3 ],
					"faces": {
						"north": { "texture": "#copper", "uv": [ 4.0, 4.0, 4.5, 4.5 ] },
						"south": { "texture": "#copper", "uv": [ 4.0, 3.0, 4.5, 3.5 ] },
						"west": { "texture": "#copper", "uv": [ 2.0, 5.0, 2.5, 5.5 ] },
						"up": { "texture": "#copper", "uv": [ 3.0, 4.0, 3.5, 4.5 ] },
						"down": { "texture": "#copper", "uv": [ 1.0, 2.0, 1.5, 2.5 ] }
					}
				},
				{
					"name": "metal4",
					"from": [ -1.5, -0.2, 0.2 ],
					"to": [ 1.0, 0.05, 0.3 ],
					"faces": {
						"north": { "texture": "#copper", "uv": [ 3.0, 6.0, 5.5, 6.5 ] },
						"east": { "texture": "#copper", "uv": [ 1.0, 2.0, 1.5, 2.5 ] },
						"south": { "texture": "#copper", "uv": [ 1.0, 3.0, 3.5, 3.5 ] },
						"west": { "texture": "#copper", "uv": [ 0.0, 1.0, 0.5, 1.5 ] },
						"down": { "texture": "#copper", "uv": [ 1.0, 2.0, 3.5, 2.5 ] }
					}
				}
			]
		},
		{
			"name": "handle-hummer",
			"from": [ 4.0, 15.1, 17.7 ],
			"to": [ 15.0, 16.1, 18.7 ],
			"rotationOrigin": [ 0.5, 7.6, 18.2 ],
			"rotationX": -90.0,
			"rotationY": -15.0,
			"faces": {
				"north": { "texture": "#inside", "uv": [ 2.0, 3.0, 13.0, 4.0 ] },
				"east": { "texture": "#inside", "uv": [ 3.0, 0.0, 4.0, 1.0 ] },
				"south": { "texture": "#inside", "uv": [ 1.0, 5.5, 12.0, 6.5 ] },
				"west": { "texture": "#inside", "uv": [ 4.0, 0.0, 5.0, 1.0 ] },
				"up": { "texture": "#inside", "uv": [ 5.0, 2.0, 16.0, 3.0 ] },
				"down": { "texture": "#inside", "uv": [ 0.0, 5.0, 11.0, 6.0 ] }
			},
			"children": [
				{
					"name": "Cube1-hummer",
					"from": [ 8.5, -0.5, -1.5 ],
					"to": [ 10.5, 1.5, 2.5 ],
					"rotationOrigin": [ -3.5, -7.5, -7.5 ],
					"faces": {
						"north": { "texture": "#copper", "uv": [ 1.0, 5.0, 3.0, 7.0 ] },
						"east": { "texture": "#copper", "uv": [ 2.0, 1.0, 6.0, 3.0 ] },
						"south": { "texture": "#copper", "uv": [ 2.0, 3.0, 4.0, 5.0 ] },
						"west": { "texture": "#copper", "uv": [ 1.0, 5.0, 5.0, 7.0 ] },
						"up": { "texture": "#copper", "uv": [ 5.0, 2.0, 7.0, 6.0 ] },
						"down": { "texture": "#copper", "uv": [ 1.0, 3.0, 3.0, 7.0 ] }
					}
				}
			]
		},
		{
			"name": "Cube1-wrench",
			"from": [ 6.15, 12.95, 4.15 ],
			"to": [ 12.15, 13.7, 5.65 ],
			"rotationOrigin": [ 8.4, 12.95, 4.15 ],
			"rotationY": -20.0,
			"faces": {
				"north": { "texture": "#copper", "uv": [ 0.0, 0.0, 6.0, 0.5 ] },
				"east": { "texture": "#copper", "uv": [ 0.0, 0.0, 1.5, 0.5 ] },
				"south": { "texture": "#copper", "uv": [ 0.0, 0.0, 6.0, 0.5 ] },
				"west": { "texture": "#copper", "uv": [ 0.0, 0.0, 1.5, 0.5 ] },
				"up": { "texture": "#copper", "uv": [ 0.0, 0.0, 6.0, 1.5 ] },
				"down": { "texture": "#copper", "uv": [ 0.0, 0.0, 6.0, 1.5 ] }
			},
			"children": [
				{
					"name": "Cube2",
					"from": [ 5.25, -0.075, 0.0 ],
					"to": [ 6.75, 0.825, 0.75 ],
					"rotationOrigin": [ 5.25, -0.075, 0.0 ],
					"rotationY": 45.0,
					"faces": {
						"north": { "texture": "#copper", "uv": [ 0.0, 0.0, 1.5, 0.5 ] },
						"east": { "texture": "#copper", "uv": [ 0.0, 0.0, 0.5, 0.5 ] },
						"south": { "texture": "#copper", "uv": [ 0.0, 0.0, 1.5, 0.5 ] },
						"west": { "texture": "#copper", "uv": [ 0.0, 0.0, 0.5, 0.5 ] },
						"up": { "texture": "#copper", "uv": [ 0.0, 0.0, 1.5, 0.5 ] },
						"down": { "texture": "#copper", "uv": [ 0.0, 0.0, 1.5, 0.5 ] }
					},
					"children": [
						{
							"name": "Cube3",
							"from": [ 1.5, 0.075, 0.0 ],
							"to": [ 3.0, 0.825, 0.75 ],
							"rotationOrigin": [ 1.5, 0.075, 0.0 ],
							"rotationY": -45.0,
							"faces": {
								"north": { "texture": "#copper", "uv": [ 0.0, 0.0, 1.5, 0.5 ] },
								"east": { "texture": "#copper", "uv": [ 0.0, 0.0, 0.5, 0.5 ] },
								"south": { "texture": "#copper", "uv": [ 0.0, 0.0, 1.5, 0.5 ] },
								"west": { "texture": "#copper", "uv": [ 0.0, 0.0, 0.5, 0.5 ] },
								"up": { "texture": "#copper", "uv": [ 0.0, 0.0, 1.5, 0.5 ] },
								"down": { "texture": "#copper", "uv": [ 0.0, 0.0, 1.5, 0.5 ] }
							}
						}
					]
				},
				{
					"name": "Cube4",
					"from": [ 5.25, -0.075, 0.75 ],
					"to": [ 6.75, 0.825, 1.5 ],
					"rotationOrigin": [ 5.25, -0.075, 1.5 ],
					"rotationY": -45.0,
					"faces": {
						"north": { "texture": "#copper", "uv": [ 0.0, 0.0, 1.5, 0.5 ] },
						"east": { "texture": "#copper", "uv": [ 0.0, 0.0, 0.5, 0.5 ] },
						"south": { "texture": "#copper", "uv": [ 0.0, 0.0, 1.5, 0.5 ] },
						"west": { "texture": "#copper", "uv": [ 0.0, 0.0, 0.5, 0.5 ] },
						"up": { "texture": "#copper", "uv": [ 0.0, 0.0, 1.5, 0.5 ] },
						"down": { "texture": "#copper", "uv": [ 0.0, 0.0, 1.5, 0.5 ] }
					},
					"children": [
						{
							"name": "Cube5",
							"from": [ 1.5, 0.075, 0.0 ],
							"to": [ 3.0, 0.825, 0.75 ],
							"rotationOrigin": [ 1.5, 0.075, 0.75 ],
							"rotationY": 45.0,
							"faces": {
								"north": { "texture": "#copper", "uv": [ 0.0, 0.0, 1.5, 0.5 ] },
								"east": { "texture": "#copper", "uv": [ 0.0, 0.0, 0.5, 0.5 ] },
								"south": { "texture": "#copper", "uv": [ 0.0, 0.0, 1.5, 0.5 ] },
								"west": { "texture": "#copper", "uv": [ 0.0, 0.0, 0.5, 0.5 ] },
								"up": { "texture": "#copper", "uv": [ 0.0, 0.0, 1.5, 0.5 ] },
								"down": { "texture": "#copper", "uv": [ 0.0, 0.0, 1.5, 0.5 ] }
							}
						}
					]
				}
			]
		}
	]}