{
	"code": "tarmorplate",
	"class": "ItemWearable",
	"heldTpIdleAnimation": "holdunderarm",
	"variantgroups": [
		{ "code": "bodypart",  "states": ["head", "body", "legs"] },
		{ "code": "construction",  "states": [
			"tarmorplate",
		]},
		{ "code": "material", "states": [
			"titanium",
		]},
	],
	"shapeByType": {
	    "tarmorplate-body-tarmorplate-titanium": { "base": "tarmor:entity/humanoid/seraph/armor/plate/body-titanium" },
		"tarmorplate-head-tarmorplate-titanium": { "base": "tarmor:entity/humanoid/seraph/armor/plate/head-titanium" },
		"tarmorplate-legs-tarmorplate-titanium": { "base": "tarmor:entity/humanoid/seraph/armor/plate/legs-titanium" },
	},
	"texturesByType": {
	"*": {
			"seraph": { "base": "game:block/transparent" },
		}
	},
	"storageFlags": 128,
	"attributes": {
		"visibleDamageEffect": true,
		"wearableAttachment": true,
		"clothescategoryByType": {
			"tarmorplate-head-tarmorplate-titanium": "armorhead",
			"tarmorplate-body-tarmorplate-titanium": "armorbody",
			"tarmorplate-legs-tarmorplate-titanium": "armorlegs",
	},
		"disableElementsByType": {
			"tarmorplate-head-tarmorplate-titanium": ["hidehat", "Hair tile upper part", "ponytailhigh", "ponytaillow", "Hair", "hideme", "hidefacialhair", "sidehigh", "sidelow", "bangs"],
			"tarmorplate-body-tarmorplate-titanium": ["Waist", "hideupperarm", "hidelowerarm"],
			"tarmorplate-legs-tarmorplate-titanium": ["hideshoeL", "hideshoeR"]
		},
		"defaultProtLoss": {
			"perTierRelativeProtectionLoss": [0.03, 0.15],
			"perTierFlatDamageReductionLoss": [0.1, 0.2],
		},
		"footStepSound": "game:wearable/plate4.ogg",
		"protectionModifiers": {
				"relativeProtection": 0.99,
				"flatDamageReduction": 2.2,
				"protectionTier": 5,
				"highDamageTierResistant": true,
			},
		"statModifiers": {
				"rangedWeaponsAcc": -0.14,
				"rangedWeaponsSpeed": -0.17,
				"walkSpeed": -0.07,
				"healingeffectivness": -0.13,
				"hungerrate": 0.11
	}},
	"creativeinventory": { "general": ["*"], "items": ["*"], "tarmor": ["*"] },
	"renderAlphaTest": 0.25,
	"durabilityByType": {
		"tarmorplate-head-tarmorplate-titanium": 5000,
		"tarmorplate-body-tarmorplate-titanium": 6000,
		"tarmorplate-legs-tarmorplate-titanium": 5000
	},
	"fpHandTransformByType": {
		"tarmorplate-head-tarmorplate-titanium": {
			translation: { x: 0.4, y: -1.9, z: -0.5 },
			rotation: { x: 163, y: -111, z: -180 },
			origin: { x: 0.5, y: 1.7, z: 0.5 },
			scale: 2.15
		},
		"tarmorplate-body-tarmorplate-titanium": {
			translation: { x: 0.4, y: -1.2, z: -0.5 },
			rotation: { x: 163, y: -111, z: -180 },
			origin: { x: 0.5, y: 1.6, z: 0.5 },
			scale: 2.15
		},
		"tarmorplate-legs-tarmorplate-titanium": {
			translation: { x: 0.4, y: -1.2, z: -0.5 },
			rotation: { x: 163, y: -111, z: -180 },
			origin: { x: 0.5, y: 1.6, z: 0.5 },
			scale: 2.15
		},
	},
	"tpHandTransformByType": {
		"tarmorplate-head-tarmorplate-titanium": {
			translation: { x: -0, y: -1.1, z: -0.8 },
		rotation: { x: 6, y: -180, z: 60 },
		scale: 0.62
	},
		"tarmorplate-body-tarmorplate-titanium": {
		translation: { x: -0.1, y: -0.85, z: -0.6 },
		rotation: { x: 177, y: -19, z: -91 },
		origin: { x: 0.5, y: 0.7, z: 0.5 },
		scale: 0.71
		},
		"tarmorplate-legs-tarmorplate-titanium": {
		translation: { x: -0.4, y: -0.5, z: -0.3 },
		rotation: { x: 0, y: -180, z: 81 },
		scale: 0.89
	}},
	"guiTransformByType": {
		"tarmorplate-head-tarmorplate-titanium": {
			translation: { x: 0, y: 0, z: 0 },
			rotation: { x: -26, y: -46, z: -180 },
			origin: { x: 0.6, y: 1.72, z: 0.5 },
			scale: 2
		},
		"tarmorplate-body-tarmorplate-titanium": {
		translation: { x: 3, y: 6, z: 0 },
		rotation: { x: 0, y: 0, z: -180 },
		origin: { x: 0.6, y: 1.25, z: 0 },
		scale: 2.2
		},
		"tarmorplate-legs-tarmorplate-titanium": {
		translation: { x: 7, y: -6, z: 0 },
		origin: { x: 0.6, y: 0.6, z: 0.6 },
		scale: 2.75
	    },
	},
	"groundTransformByType": {
		"*-head-*": {
		translation: { x: 0, y: 0.1, z: 0 },
		rotation: { x: 90, y: 0, z: 0 },
		origin: { x: 0.5, y: 0.5, z: 0.5299 },
		scale: 2.67
		},
		"tarmorplate-body-tarmorplate-titanium": {
		translation: { x: 0, y: 0, z: 0 },
		rotation: { x: 90, y: 0, z: 0 },
		origin: { x: 0.5, y: 0.5, z: 0.5299 },
		scale: 4.72
		},
		"tarmorplate-legs-tarmorplate-titanium": {
			translation: { x: 0, y: 0, z: 0 },
			rotation: { x: 0, y: 0, z: 90 },
			origin: { x: 0.34, y: 1.12, z: 0.5 },
			scale: 3.1
		}
	}
}