[
    {
        "code": "weaktannin",
        "sealHours": 24,
        "ingredients": [
            {
                "type": "block",
                "code": "game:log-placed-walnut-ud",
                "quantity": 1
            },
            {
                "type": "item",
                "code": "hydrateordiedrate:wellwaterportion-fresh",
                "litres": 10
            }
        ],
        "output": {
            "type": "item",
            "code": "game:weaktanninportion",
            "litres": 10
        }
    },
    {
        "code": "weaktannin",
        "sealHours": 24,
        "ingredients": [
            {
                "type": "block",
                "code": "wildcrafttree:log-placed-willow-ud",
                "quantity": 1
            },
            {
                "type": "item",
                "code": "hydrateordiedrate:wellwaterportion-fresh",
                "litres": 10
            }
        ],
        "output": {
            "type": "item",
            "code": "game:weaktanninportion",
            "litres": 10
        }
    },
    {
        "code": "weaktannin",
        "sealHours": 24,
        "ingredients": [
            {
                "type": "block",
                "code": "wildcrafttree:log-placed-beech-ud",
                "quantity": 1
            },
            {
                "type": "item",
                "code": "hydrateordiedrate:wellwaterportion-fresh",
                "litres": 10
            }
        ],
        "output": {
            "type": "item",
            "code": "game:weaktanninportion",
            "litres": 10
        }
    },
    {
        "code": "weaktannin",
        "sealHours": 24,
        "ingredients": [
            {
                "type": "item",
                "code": "wildcrafttree:leaves-oak",
                "quantity": 6
            },
            {
                "type": "item",
                "code": "hydrateordiedrate:wellwaterportion-fresh",
                "litres": 1
            }
        ],
        "output": {
            "type": "item",
            "code": "game:weaktanninportion",
            "litres": 1
        }
    }
]