{
	"code": "cloth",
	"behaviors": [
                { "name": "GroundStorable", "properties": { "layout": "Quadrants", "collisionBox": { "x1": 0, "y1": 0, "z1": 0, "x2": 1, "y2": 0.16, "z2": 1 } } }
	],
	"attributes": {
		"clothingRepairStrength": 0.4,
		"handbook": { "groupBy": [ "cloth-wool-*" ], "extraSections": [ { "title": "game:handbook-item-usage", "text": "wool:handbook-block-wool" } ] },
		"scrollrackable": true,
		"onscrollrackTransform": {
			"translation": { "x": -0.61, "y": -0.218, "z": 0.48 },
			"rotation": { "x": -45, "y": 0, "z": 0 },
			"origin": { "x": 0.5, "y": 0.2, "z": 0.5 },
			"scale": 0.89
		},
		"displaycaseable": true,
		"shelvable": true,
		"displaycaseable": true,
		"onDisplayTransform": {
			"translation": { "x": 0.05, "y": 0, "z": 0 },
			"rotation": { "x": 0, "y": -45, "z": 0 },
			"origin": { "x": 0.5, "y": 0, "z": 0.5 },
			"scale": 0.8
		},
		"groundStorageTransform": {
			"translation": { "x": 0, "y": -0.04, "z": 0 },
			"rotation": { "x": 0, "y": -40, "z": 0 },
			"scale": 0.92
		}
	},
	"variantgroups": [
		{ "code": "material", "states": [ "wool" ] },
		{ "code": "color", "states": [ "mordant", "plain", "black", "blue", "brown", "gray", "green", "orange", "pink", "purple", "red", "white", "yellow", "darkblue", "darkbrown", "darkgreen", "darkred" ] }
	],
	"creativeinventory": { "general": ["*"], "items": ["*"] },
	"maxstacksize": 32,
	"materialDensity": 210,
	"shape": { "base": "game:item/resource/cloth" },
	"texturesByType": {
		"*-mordant": { "color": { "base": "game:block/cloth/linen/mordant", "blendedOverlays": [ { "base": "wool:overlays/darken", "blendMode": "Darken" } ] } },
		"*": { "color": { "base": "wool:block/cloth/wool/{color}" } }
	},
	"guiTransform": {
		"rotation": { "x": -166, "y": 78, "z": -45 },
		"origin": { "x": 0.5, "y": 0.1, "z": 0.58 },
		"scale": 2.5
	},
	"tpHandTransform": {
		"translation": { "x": -1, "y": -0.9, "z": -1.35 },
		"rotation": { "x": 99, "y": -180, "z": 180 },
		"scale": 0.49
	},
	"groundTransform": {
		"translation": { "x": 0, "y": 0.25, "z": 0 },
		"rotation": { "x": 0, "y": 0, "z": 0 },
		"origin": { "x": 0.5, "y": 0.31, "z": 0.5299 },
		"scale": 4
	}
}
