{
  "code": "holidayhead",
  "class": "ItemWearableSoulboundRM", //"ItemWearable",
  "enabled": true,

  "storageFlags": 131457,

  //NOTE make sure when adding a new model to add a repair recipe for it. type: st patrick, easter, 4th, thanksgiving, newyears!
  "variantgroups": [
    {
      "code": "model",
      "states": [ "halloween1", "halloween2", "christmas1", "christmas2" ]
    }
  ],
  //"skipVariants": [ "*-arcane-head-tier1" ],

  "behaviorsByType": {
    "*": [ { "name": "CollectibleBehaviorMagicEquipStatsDisplayRM" } ]
  },

  "attributesByType": {
    "*-halloween1": {
      "handbookByType": {
        "*": {
          "groupBy": [ "*" ] //,
          //"extraSections": [
          //  {
          //    "title": "rustboundmagic:handbook-changablewith-title",
          //    "text": "rustboundmagic:handbook-transmogstone-text"
          //  }
          //]
        }
      },
      "wearableAttachment": true,
      "clothescategory": "armorhead",
      "disableElements": [ "Hair tile upper part", "ponytailhigh", "ponytaillow", "hideme", "hidefacialhair", "sidehigh", "sidelow", "bangs" ],
      "defaultProtLoss": {
        //"perTierRelativeProtectionLoss": [ 0.03, 0.15 ],
        //"perTierFlatDamageReductionLoss": [ 0.1, 0.2 ]
      },
      "protectionModifiersByType": {
        "*": {
          //"relativeProtection": 0.7,
          //"flatDamageReduction": 0.7,
          //"protectionTier": 2
        }
      },
      "statModifiersByType": {
        "*": {
          //"walkSpeed": -0.02,
          //"healingeffectivness": -0.17,
          //"hungerrate": 0.03
        }
      },
      "magicStatModifiers": {
        //"maxmana": 2,
        //"manacost": -0.01
      }
    },
    "*-halloween2": {
      "handbookByType": {
        "*": {
          "groupBy": [ "*" ] //,
          //"extraSections": [
          //  {
          //    "title": "rustboundmagic:handbook-changablewith-title",
          //    "text": "rustboundmagic:handbook-transmogstone-text"
          //  }
          //]
        }
      },
      "wearableAttachment": true,
      "clothescategory": "armorhead",
      "disableElements": [ "Hair tile upper part", "ponytailhigh", "ponytaillow", "hideme", "hidefacialhair", "sidehigh", "sidelow", "bangs" ],
      "defaultProtLoss": {
        //"perTierRelativeProtectionLoss": [ 0.03, 0.15 ],
        //"perTierFlatDamageReductionLoss": [ 0.1, 0.2 ]
      },
      "protectionModifiersByType": {
        "*": {
          //"relativeProtection": 0.7,
          //"flatDamageReduction": 0.7,
          //"protectionTier": 2
        }
      },
      "statModifiersByType": {
        "*": {
          //"walkSpeed": -0.02,
          //"healingeffectivness": -0.17,
          //"hungerrate": 0.03
        }
      },
      "magicStatModifiers": {
        //"maxmana": 2,
        //"manacost": -0.01
      }
    },
    "*-christmas1": {
      "handbookByType": {
        "*": {
          "groupBy": [ "*" ] //,
          //"extraSections": [
          //  {
          //    "title": "rustboundmagic:handbook-changablewith-title",
          //    "text": "rustboundmagic:handbook-transmogstone-text"
          //  }
          //]
        }
      },
      "wearableAttachment": true,
      "clothescategory": "armorhead",
      "disableElements": [ "Hair tile upper part", "ponytailhigh", "ponytaillow", "hideme", "sidehigh", "bangs" ],
      "defaultProtLoss": {
        //"perTierRelativeProtectionLoss": [ 0.03, 0.15 ],
        //"perTierFlatDamageReductionLoss": [ 0.1, 0.2 ]
      },
      "protectionModifiersByType": {
        "*": {
          //"relativeProtection": 0.7,
          //"flatDamageReduction": 0.7,
          //"protectionTier": 2
        }
      },
      "statModifiersByType": {
        "*": {
          //"walkSpeed": -0.02,
          //"healingeffectivness": -0.17,
          //"hungerrate": 0.03
        }
      },
      "magicStatModifiers": {
        //"maxmana": 2,
        //"manacost": -0.01
      }
    },
    "*-christmas2": {
      "handbookByType": {
        "*": {
          "groupBy": [ "*" ] //,
          //"extraSections": [
          //  {
          //    "title": "rustboundmagic:handbook-changablewith-title",
          //    "text": "rustboundmagic:handbook-transmogstone-text"
          //  }
          //]
        }
      },
      "wearableAttachment": true,
      "clothescategory": "armorhead",
      "disableElements": [ "Hair tile upper part", "ponytailhigh", "ponytaillow", "hideme", "sidehigh", "bangs" ],
      "defaultProtLoss": {
        //"perTierRelativeProtectionLoss": [ 0.03, 0.15 ],
        //"perTierFlatDamageReductionLoss": [ 0.1, 0.2 ]
      },
      "protectionModifiersByType": {
        "*": {
          //"relativeProtection": 0.7,
          //"flatDamageReduction": 0.7,
          //"protectionTier": 2
        }
      },
      "statModifiersByType": {
        "*": {
          //"walkSpeed": -0.02,
          //"healingeffectivness": -0.17,
          //"hungerrate": 0.03
        }
      },
      "magicStatModifiers": {
        //"maxmana": 2,
        //"manacost": -0.01
      }
    },
    "*": {
      "handbookByType": {
        "*": {
          "groupBy": [ "*" ] //,
          //"extraSections": [
          //  {
          //    "title": "rustboundmagic:handbook-changablewith-title",
          //    "text": "rustboundmagic:handbook-transmogstone-text"
          //  }
          //]
        }
      },
      "wearableAttachment": true,
      "clothescategory": "armorhead",
      "disableElements": [ "Hair tile upper part", "ponytailhigh", "ponytaillow", "hideme", "hidefacialhair", "sidehigh", "sidelow", "bangs" ],
      "defaultProtLoss": {
        //"perTierRelativeProtectionLoss": [ 0.03, 0.15 ],
        //"perTierFlatDamageReductionLoss": [ 0.1, 0.2 ]
      },
      "protectionModifiersByType": {
        "*": {
          //"relativeProtection": 0.7,
          //"flatDamageReduction": 0.7,
          //"protectionTier": 2
        }
      },
      "statModifiersByType": {
        "*": {
          //"walkSpeed": -0.02,
          //"healingeffectivness": -0.17,
          //"hungerrate": 0.03
        }
      },
      "magicStatModifiers": {
        //"maxmana": 2,
        //"manacost": -0.01
      }
    }
  },

  "creativeinventory": {
    "general": [ "*" ],
    "items": [ "*" ],
    "clothing": [ "*" ],
    "rustboundmagicequipment": [ "*" ]
  },

  "shapeByType": {
    "*-halloween1": {
      "base": "entities/humanoids/armor/holidayhead-halloween"
    },
    "*-halloween2": {
      "base": "entities/humanoids/armor/holidayhead-halloween"
    },
    "*-christmas1": {
      "base": "entities/humanoids/armor/holidayhead-christmas"
    },
    "*-christmas2": {
      "base": "entities/humanoids/armor/holidayhead-christmas"
    }
  },
  //"shapeinventorybytype": {
  //  "*-halloween1": {
  //    "base": "entities/humanoids/armor/holidayhead-christmas"
  //  },
  //  "*-halloween2": {
  //    "base": "block/bed/standard-bed-inventory"
  //  }
  //},

  "texturesByType": {
    "*-halloween1": {
      "seraph": { "base": "game:block/transparent" },
      "default": { "base": "default" },
      "colorblack": { "base": "color-black" },
      "stage4-bottom": { "base": "game:block/plant/pumpkin/fruit/stage4-bottom" },
      "stage4-side": { "base": "game:block/plant/pumpkin/fruit/stage4-side" },
      "stage4-top": { "base": "game:block/plant/pumpkin/fruit/stage4-top" },
      "face": { "base": "entities/humanoids/armor/holiday/halloween-face-1" }
    },
    "*-halloween2": {
      "seraph": { "base": "game:block/transparent" },
      "default": { "base": "default" },
      "colorblack": { "base": "color-black" },
      "stage4-bottom": { "base": "game:block/plant/pumpkin/fruit/stage4-bottom" },
      "stage4-side": { "base": "game:block/plant/pumpkin/fruit/stage4-side" },
      "stage4-top": { "base": "game:block/plant/pumpkin/fruit/stage4-top" },
      "face": { "base": "entities/humanoids/armor/holiday/halloween-face-2" }
    },
    "*-christmas1": {
      "seraph": { "base": "game:block/transparent" },
      "default": { "base": "default" },
      "colorblack": { "base": "color-black" },
      "material1": { "base": "entities/humanoids/armor/holiday/christmas-cloth-red" },
      "cotton": { "base": "entities/humanoids/armor/holiday/christmas-cloth-white" }
    },
    "*-christmas2": {
      "seraph": { "base": "game:block/transparent" },
      "default": { "base": "default" },
      "colorblack": { "base": "color-black" },
      "material1": { "base": "entities/humanoids/armor/holiday/christmas-cloth-green" },
      "cotton": { "base": "entities/humanoids/armor/holiday/christmas-cloth-red" }
    },

    "*": {
      "seraph": { "base": "game:block/transparent" }
    }
  },

  "heldTpUseAnimation": "interactstatic",

  "renderAlphaTest": 0.25,
  "durabilityByType": {
    "*": 1200
  },

  "fpHandTransformByType": {
    "*": {
      "translation": {
        "x": 0.4,
        "y": -1.9,
        "z": -0.5
      },
      "rotation": {
        "x": 163,
        "y": -111,
        "z": -180
      },
      "origin": {
        "x": 0.5,
        "y": 1.7,
        "z": 0.5
      },
      "scale": 2.15
    }
  },
  "tpHandTransformByType": {
    "*": {
      "translation": {
        "x": -0.82,
        "y": -2.85,
        "z": -0.7
      },
      "rotation": {
        "x": 15,
        "y": 86,
        "z": 88
      },
      "origin": {
        "x": 0.5,
        "y": 1.7,
        "z": 0.5
      },
      "scale": 0.64
    }
  },
  "guiTransformByType": {
    "*": {
      "translation": {
        "x": 0,
        "y": 0,
        "z": 0
      },
      "rotation": {
        "x": -26,
        "y": -46,
        "z": -180
      },
      "origin": {
        "x": 0.7,
        "y": 1.72,
        "z": 0.5
      },
      "scale": 1.5
    }
  },
  "groundTransformByType": {
    "*-halloween1": {
      "translation": {
        "x": 0,
        "y": 0,
        "z": 0
      },
      "rotation": {
        "x": 0,
        "y": 0,
        "z": 0
      },
      "origin": {
        "x": 0.34,
        "y": 1.55,
        "z": 0.5
      },
      "scale": 3.1
    },
    "*-halloween2": {
      "translation": {
        "x": 0,
        "y": 0,
        "z": 0
      },
      "rotation": {
        "x": 0,
        "y": 0,
        "z": 0
      },
      "origin": {
        "x": 0.34,
        "y": 1.55,
        "z": 0.5
      },
      "scale": 3.1
    },
    "*-christmas1": {
      "translation": {
        "x": 0,
        "y": 0,
        "z": 0
      },
      "rotation": {
        "x": 0,
        "y": 0,
        "z": 0
      },
      "origin": {
        "x": 0.34,
        "y": 1.71,
        "z": 0.5
      },
      "scale": 3.1
    },
    "*-christmas2": {
      "translation": {
        "x": 0,
        "y": 0,
        "z": 0
      },
      "rotation": {
        "x": 0,
        "y": 0,
        "z": 0
      },
      "origin": {
        "x": 0.34,
        "y": 1.71,
        "z": 0.5
      },
      "scale": 3.1
    }
  }
}
