{
  "code": "inventorybag",
  "classByType": {
    "*-mageweavebag": "ItemMageweaveBagRM",
    "*-bagofholding": "ItemBagOfHoldingRM"
  },

  "enabled": true,

  "variantgroups": [
    {
      "code": "type",
      "states": [ "mageweavebag", "bagofholding" ]
    }
  ],

  //"transitionablePropsByType": {
  //  "*": [
  //    {
  //      "type": "Harden",
  //      "freshHours": { "avg": 0 },
  //      "transitionHours": { "avg": 4 },
  //      "transitionedStack": {
  //        "type": "item",
  //        "code": "game:rot"
  //      },
  //      "transitionRatio": 0
  //    }
  //  ]
  //},

  "behaviors": [
    {
      "name": "GroundStorable",
      "properties": {
        "layout": "SingleCenter",
        "collisionBox": {
          "x1": 0.25,
          "y1": 0,
          "z1": 0.25,
          "x2": 0.75,
          "y2": 0.375,
          "z2": 0.75
        }
      }
    },
    { "name": "HeldBag" }
  ],

  "attributesByType": {
    "*-mageweavebag": {
      //"wearableAttachment": true,
      //"attachShape": { "base": "game:item/bag/backpack-attached" },
      "backpack": {
        "quantitySlots": 10,
        "storageFlags": 131072,
        "slotBgColor": "#d6a7cc"
      },
      "handbook": {
        "extraSections": [
          {
            "title": "game:Created by",
            "text": "rustboundmagic:handbook-thaumicworkbenchonlytier2-text"
          }
        ]
      }
    },
    "*-bagofholding": {
      //"wearableAttachment": true,
      //"attachShape": { "base": "game:item/bag/backpack-attached" },
      "backpack": {
        "quantitySlots": 16,
        "slotBgColor": "#a7aed6"
      },
      "handbook": {
        "extraSections": [
          {
            "title": "game:Created by",
            "text": "rustboundmagic:handbook-thaumicworkbenchonlytier3-text"
          }
        ]
      }
    }
  },

  "creativeinventory": {
    "general": [ "*" ],
    "items": [ "*" ],
    "rustboundmagicequipment": [ "*" ]
  },

  "maxstacksize": 1,
  "storageFlags": 2,

  "shapebytype": {
    "*-mageweavebag": {
      "base": "entities/humanoids/mageweavebag"
    },
    "*-bagofholding": {
      "base": "entities/humanoids/bagofholding"
    }
  },
  "texturesByType": {
    "*-mageweavebag": {
      "default": { "base": "default" },
      "linen": { "base": "entities/humanoids/bags/mageweavebaglinen" },
      "top": { "base": "entities/humanoids/bags/mageweavebagtop" }
    },
    "*-bagofholding": {
      "default": { "base": "default" },
      "linen": { "base": "entities/humanoids/bags/bagofholdinglinen" },
      "top": { "base": "entities/humanoids/bags/bagofholdingtop" }
    }
  },

  "guiTransform": {
    "translation": {
      "x": 0,
      "y": 0,
      "z": 0
    },
    "rotation": {
      "x": -25,
      "y": 23,
      "z": 180
    },
    "origin": {
      "x": 0.5299,
      "y": 0.23,
      "z": 0.5
    },
    "scale": 2.7 //,
    //"rotate": true
  },
  "fpHandTransform": {
    "translation": {
      "x": 0,
      "y": 0,
      "z": 0.2
    },
    "rotation": {
      "x": 47,
      "y": -80,
      "z": 33
    },
    "scale": 1.61
  },
  "tpHandTransform": {
    "translation": {
      "x": -0.7,
      "y": -0.5,
      "z": -0.6
    },
    "rotation": {
      "x": -4,
      "y": 47,
      "z": -17
    },
    "scale": 0.81
  },
  "groundTransform": {
    "translation": {
      "x": 0,
      "y": 0,
      "z": 0
    },
    "rotation": {
      "x": 180,
      "y": 33,
      "z": -180
    },
    "origin": {
      "x": 0.5,
      "y": 0,
      "z": 0.5
    },
    "scale": 2.5
  }
}
