{
    "code": "vegetable-puerariamontana",
    "sealHours": 24,
    "ingredients": [
        {
            "type": "item",
            "code": "hydrateordiedrate:rainwaterportion",
            "litres": 1,
            "consumeLitres": 1
        },
        {
            "type": "item",
            "code": "floralzoneseastasiaticregion:vegetable-puerariamontana",
            "name": "vegetable-puerariamontana",
            "quantity": 1
        }
    ],
    "output": {
        "type": "item",
        "code": "floralzoneseastasiaticregion:soakedkudzu-soaked",
        "stackSize": 1
    }
}