[
    {
        "ingredientPattern": "SSSAPBGLG",
        "ingredients": {
            "S": { "type": "item", "code": "game:stick", "quantity": 2 },
            "A": { "type": "item", "code": "game:cloth-*", "name": "color", "allowedVariants": ["blue", "red", "yellow", "green", "purple", "pink", "orange", "brown", "black", "white"] },
            "B": { "type": "item", "code": "game:cloth-gray" },
            "G": { "type": "item", "code": "game:gear-rusty" },
            "L": { "type": "item", "code": "game:leather-normal-plain" },
            "P": { "type": "item", "code": "game:schematic-glider" }
        },
        "width": 3,
        "height": 3,
        "name": "glider",
        "output": { "type": "item", "code": "glidervar:glider-dragon-{color}" }
    },
    {
        "ingredientPattern": "SSSAPBGLG",
        "ingredients": {
            "S": { "type": "item", "code": "game:stick", "quantity": 2 },
            "A": { "type": "item", "code": "game:cloth-gray" },
            "B": { "type": "item", "code": "game:cloth-black" },
            "G": { "type": "item", "code": "game:gear-rusty" },
            "L": { "type": "item", "code": "game:leather-normal-plain" },
            "P": { "type": "item", "code": "game:schematic-glider" }
        },
        "width": 3,
        "height": 3,
        "name": "glider",
        "output": { "type": "item", "code": "glidervar:glider-dragon-gray" }
    }
]
