[
	{
	"ingredientPattern": "_TS,TSL,SL_",
	"ingredients": {
		"S": { "type": "item", "code": "game:stick", "quantity": 2 },
		"T": { "type": "item", "code": "game:flaxtwine", "quantity": 2 },
		"L": { "type": "block", "code": "wool:wool-plain", "quantity": 2 }
	},
	"recipeGroup": 2,
	"width": 3,
	"height": 3,
	"output": { "type": "item", "code": "game:sail", "quantity": 4 }
	},

	{
	"ingredientPattern": "_TS,TSL,SL_",
	"requiresTrait": "clothier",
	"ingredients": {
		"S": { "type": "item", "code": "game:stick", "quantity": 2 },
		"T": { "type": "item", "code": "game:flaxtwine", "quantity": 1 },
		"L": { "type": "block", "code": "wool:wool-plain", "quantity": 2 }
	},
	"recipeGroup": 6,
	"width": 3,
	"height": 3,
	"output": { "type": "item", "code": "game:sail", "quantity": 4 }
	}
]
