[	
		{
		ingredientPattern: "H_,P_,SL",
		ingredients: {
			"P": { type: "item", code: "pernachhead-lead"},
			"H": { type: "item", code: "game:hammer-*", isTool: true,"toolDurabilityCost": 10 },
			"S": { type: "item", code: "haft-*",name:"haft",allowedVariants:["copper","tinbronze","bismuthbronze","blackbronze","iron","meteoriciron","steel"]},
			"L": { type: "item", code: "game:leather-normal-*"}
		},
		width: 2,
		height: 3,
		output: { type: "item", code: "pernach-lead-{haft}", quantity: 1  }
	},
		{
		ingredientPattern: "H_,P_,SL",
		ingredients: {
			"P": { type: "item", code: "pernachhead-copper"},
			"H": { type: "item", code: "game:hammer-*", isTool: true,"toolDurabilityCost": 10 },
			"S": { type: "item", code: "haft-*",name:"haft",allowedVariants:["copper","tinbronze","bismuthbronze","blackbronze","iron","meteoriciron","steel"]},
			"L": { type: "item", code: "game:leather-normal-*"}
		},
		width: 2,
		height: 3,
		output: { type: "item", code: "pernach-copper-{haft}", quantity: 1  }
	},
	{
		ingredientPattern: "H_,P_,SL",
		ingredients: {
			"P": { type: "item", code: "pernachhead-bismuthbronze"},
			"H": { type: "item", code: "game:hammer-*", isTool: true,"toolDurabilityCost": 10 },
			"S": { type: "item", code: "haft-*",name:"haft",allowedVariants:["tinbronze","bismuthbronze","blackbronze","iron","meteoriciron","steel"]},
			"L": { type: "item", code: "game:leather-normal-*"}
		},
		width: 2,
		height: 3,
		output: { type: "item", code: "pernach-bismuthbronze-{haft}", quantity: 1  }
	},
	{
		ingredientPattern: "H_,P_,SL",
		ingredients: {
			"P": { type: "item", code: "pernachhead-tinbronze"},
			"H": { type: "item", code: "game:hammer-*", isTool: true,"toolDurabilityCost": 10 },
			"S": { type: "item", code: "haft-*",name:"haft",allowedVariants:["tinbronze","bismuthbronze","blackbronze","iron","meteoriciron","steel"]},
			"L": { type: "item", code: "game:leather-normal-*"}
		},
		width: 2,
		height: 3,
		output: { type: "item", code: "pernach-tinbronze-{haft}", quantity: 1  }
	},
	{
		ingredientPattern: "H_,P_,SL",
		ingredients: {
			"P": { type: "item", code: "pernachhead-blackbronze"},
			"H": { type: "item", code: "game:hammer-*", isTool: true,"toolDurabilityCost": 10 },
			"S": { type: "item", code: "haft-*",name:"haft",allowedVariants:["tinbronze","bismuthbronze","blackbronze","iron","meteoriciron","steel"]},
			"L": { type: "item", code: "game:leather-normal-*"}
		},
		width: 2,
		height: 3,
		output: { type: "item", code: "pernach-blackbronze-{haft}", quantity: 1  }
	},
	{
		ingredientPattern: "H_,P_,SL",
		ingredients: {
			"P": { type: "item", code: "pernachhead-iron"},
			"H": { type: "item", code: "game:hammer-*", isTool: true,"toolDurabilityCost": 10 },
			"S": { type: "item", code: "haft-*",name:"haft",allowedVariants:["iron","meteoriciron","steel"]},
			"L": { type: "item", code: "game:leather-normal-*"}
		},
		width: 2,
		height: 3,
		output: { type: "item", code: "pernach-iron-{haft}", quantity: 1  }
	},
	{
		ingredientPattern: "H_,P_,SL",
		ingredients: {
			"P": { type: "item", code: "pernachhead-meteoriciron"},
			"H": { type: "item", code: "game:hammer-*", isTool: true,"toolDurabilityCost": 10 },
			"S": { type: "item", code: "haft-*",name:"haft",allowedVariants:["iron","meteoriciron","steel"]},
			"L": { type: "item", code: "game:leather-normal-*"}
		},
		width: 2,
		height: 3,
		output: { type: "item", code: "pernach-meteoriciron-{haft}", quantity: 1  }
	},
	{
		ingredientPattern: "H_,P_,SL",
		ingredients: {
			"P": { type: "item", code: "pernachhead-steel"},
			"H": { type: "item", code: "game:hammer-*", isTool: true,"toolDurabilityCost": 10 },
			"S": { type: "item", code: "haft-steel"},
			"L": { type: "item", code: "game:leather-normal-*"}
		},
		width: 2,
		height: 3,
		output: { type: "item", code: "pernach-steel-steel", quantity: 1  }
	},













]