[
	{ 
		"side": "Server", 
		"op": "replace",
		"path": "/attributes/handbook/excludeByType/*-titanium",
		"value": false,
		"file": "itemtypes/resource/metalchain.json"
	},
	 {
        "side": "Server",
        "file": "game:itemtypes/resource/workitem.json",
        "op": "addmerge",
        "path": "/attributesByType/workitem-titanium",
        "value": { "requiresAnvilTier": 3 }
    },
	{
        "side": "Server",
        "op": "replace",
        "path": "/attributes/handbook/excludeByType/*-titanium",
        "value": false,
        "file": "game:itemtypes/resource/metalscale.json"
    },
	{ 
		"side": "Server", 
		"op": "replace",
		"path": "/attributes/handbook/excludeByType/*-ilmenite-*",
		"value": false,
		"file": "itemtypes/resource/nugget.json"
	},	
	{ 
		"side": "Server", 
		"op": "replace",
		"path": "/attributes/handbook/excludeByType/*-titanium",
		"value": false,
		"file": "itemtypes/resource/metalbit.json"
	},
	{ 
		"side": "Server", 
		"op": "replace",
		"path": "/attributes/handbook/excludeByType/*-titanium",
		"value": false,
		"file": "itemtypes/resource/ingot.json"
	},		
	{ 
		"side": "Server", 
		"op": "add",
		"path": "/attributes/reinforcementStrengthByType/*-titanium",
		"value": 1800,
		"file": "itemtypes/resource/ingot.json"
	},
	{ 
		"side": "Server", 
		"op": "add",
		"path": "/attributes/requiresAnvilTierByType/ingot-titanium",
		"value": 3,
		"file": "itemtypes/resource/ingot.json"
	},
	{ 
		"side": "Server", 
		"op": "replace",
		"path": "/attributes/handbook/excludeByType/*-titanium",
		"value": false,
		"file": "itemtypes/resource/metalplate.json"
	},
	 {
      "op": "addmerge",
	  "side": "Server",
	  "file": "game:itemtypes/resource/metalplate.json",
      "path": "/attributesByType",
      "value": {
        "metalplate-titanium": {
          "requiresAnvilTier": 3
        }
      }
    }
	]