[
	{
//Файл-патчінг потрібен для правильної роботи класів з модом CombatOverhaul, без цього патчу буде помилка й краш.
	//Також без нього буде фігня з класами, бо патч в моді CombatOverhaul перепише всі навички під себе.

//Авантюрист
	"file": "game:config/characterclasses",
	"enabled": true,
	"op": "replace",
	"path": "/1/traits",
	"value": [ "focus", "vezunchik", "shvidkonogi", "avanturist", "neobiznani", "klaustrofob" ]
	},
	{ 
//Коваль
	"file": "game:config/characterclasses",
	"enabled": true,
	"op": "replace",
	"path": "/2/traits",
	"value": [ "geolog", "palii", "maister", "micni", "koval", "korotkozori", "vagkaruka", "guchni" ]
	},
	{
//Ремісник
	"file": "game:config/characterclasses",
	"enabled": true,
	"op": "replace",
	"path": "/3/traits",
	"value": [  "ekspert", "pritaenii", "fermer", "remisnik", "klaustrofob", "kvolii" ]
	},
	{
//Винахідник
	"file": "game:config/characterclasses",
	"enabled": true,
	"op": "add",
	"path": "/4/traits",
	"value": [ "tehnik", "mehanik", "shvidkonogi", "vinaxidnik", "dobrjak", "vagkaruka", "kvolii" ]
	},
	{
//Чорна Варта
	"file": "game:config/characterclasses",
	"enabled": true,
	"op": "add",
	"path": "/5/traits",
	"value": [ "zahisnik", "vitrivali", "alhimik", "chornavarta", "korotkozori", "shumni", "vagkaruka" ]
	}
]