[
  {
//Файл-патчінг для додавання нових навичок потрібних для правильної роботи серверного моду
//Якщо раніше просто замінював файлом який прописує нові навички, то зараз ванільні навички зостаються а нові просто додаються до списку
    "file": "game:config/traits",
    "op": "addeach",
    "path": "/-",
    "value": [
		{
	//Риси для Авантюриста
			"code": "focus",
			"type": "positive", 
			"attributes": { 
				"crossbowsProficiency": 0.5,
				"bowsProficiency": 0.3,
				"axesProficiency": 0.3,
				"steadyAim": 1.0,
				
			}
		},
		{
			"code": "vezunchik",
			"type": "positive",
			"attributes": {
				"animalLootDropRate": 0.3,
				"animalHarvestingTime": -0.3,
				"forageDropRate": 0.2,
				"rustyGearDropRate": 0.5,
				"vesselContentsDropRate": 0.2,
				"wholeVesselLootChance": 0.2
			}
		},
		{
			"code": "shvidkonogi",
			"type": "positive",
			"attributes": {
				"walkspeed": 0.2,
				"animalSeekingRange": -0.5
			}
		},
		{
			"code": "avanturist",
			"type": "positive",
			"attributes": {
			}
		},
		{
			"code": "klaustrofob",
			"type": "negative",
			"attributes": {
				"oreDropRate": -0.3,
				"miningSpeedMul": -0.3,
			}
		},
		{
			"code": "neobiznani",
			"type": "negative",
			"attributes": {
				"oneHandedSwordsProficiency": -0.3,
				"twoHandedSwordsProficiency": -0.3,
				"macesProficiency": -0.3,
				"clubsProficiency": -0.3,
				"produceDropRate": -0.3
			}
		},		
		{
	//Риси для Коваля
			"code": "palii",
			"type": "positive",
			"attributes": {
				"charcoalPileDropRate": 0.5,
			}
		},	
		{
			"code": "geolog",
			"type": "positive",
			"attributes": {
				"oreDropRate": 0.25,
				"miningSpeedMul": 0.5,
			}
		},
		{
			"code": "maister",
			"type": "positive",
			"attributes": {
				"sp:toolRepairPenalty": 1,
				"sp:smithingQuality": 0.1
			}
		},
		{
			"code": "micni",
			"type": "positive",
			"attributes": {
				"axesProficiency": 0.5,
				"macesProficiency": 0.3,
				"clubsProficiency": 0.3,
				"halberdsProficiency": 0.3,
				"armorWalkSpeedAffectedness": -0.25
			}
		},	
		{
			"code": "koval",
			"type": "positive",
			"attributes": {
			}
		},
		{
			"code": "korotkozori",
			"type": "negative",
			"attributes": {
				"bowsProficiency": -0.3,
				"crossbowsProficiency": -0.3,
				"firearmsProficiency": -0.3
			}
		},
		{
			"code": "vagkaruka",
			"type": "negative",
			"attributes": {
				"vesselContentsDropRate": -0.3,
				"forageDropRate": -0.2,
				"wildCropDropRate": -0.3
			}
		},
		{
			"code": "guchni",
			"type": "negative",
			"attributes": {
				"animalSeekingRange": 0.3
			}
		},
		{
	//Риси для Ремісника
			"code": "ekspert",
			"type": "positive",
			"attributes": {
				"spearsProficiency": 0.3,
				"macesProficiency": 0.3,
				"clubsProficiency": 0.3,
				"armorDurabilityLoss": -0.20
			}
		},
		{
			"code": "pritaenii",
			"type": "positive",
			"attributes": {
				"animalSeekingRange": -0.5,
				"walkspeed": 0.10
			}
		}, 
		{
			"code": "fermer",
			"type": "positive",
			"attributes": {
				"produceDropRate": 0.5,
				"wildCropDropRate": 0.3
			}
		}, 
		{
			"code": "remisnik",
			"type": "positive",
			"attributes": {
			}
		},
		{
			"code": "dobrjak",
			"type": "negative",
			"attributes": {
				"animalLootDropRate": -0.2,
				"animalHarvestingTime": -0.3
			}
		},
		{
	//Риси для Винахідника
			"code": "tehnik",
			"type": "positive",
			"attributes": {
				"crossbowsProficiency": 0.5,
				"firearmsProficiency": 0.5,
				"mechanicalsDamage": 0.30,
				"quarterstaffProficiency": 0.30,
			}
		},
		{
			"code": "mehanik",
			"type": "positive",
			"attributes": {
				"temporalGearTLRepairCost": -1
			}
		},
		{
			"code": "vinaxidnik",
			"type": "positive",
			"attributes": {
			}
		},
		{
			"code": "kvolii",
			"type": "negative",
			"attributes": {
				"maxhealthExtraPoints": -5,
				"bowsProficiency": -0.3,
				"oneHandedSwordsProficiency": -0.3,
				"twoHandedSwordsProficiency": -0.3,
				"halberdsProficiency": -0.3,
			}
		},
		{
	//Риси для Чорної Варти
			"code": "zahisnik",
			"type": "positive",
			"attributes": {
				"oneHandedSwordsProficiency": 0.5,
				"twoHandedSwordsProficiency": 0.3,
				"halberdsProficiency": 0.3,
				"spearsProficiency": 0.3,
				"armorDurabilityLoss": -0.3,
				"rustyGearDropRate": 0.25
			}
		},
		{
			"code": "vitrivali",
			"type": "positive",
			"attributes": {
				"meleeWeaponsDamage": 0.5,
				"armorWalkSpeedAffectedness": -0.5,
				"maxhealthExtraPoints": 10
			}
		},
		{//
			"code": "alhimik",
			"type": "positive",
			"attributes": {
				"mushroomDropRate": 1.2,
				"hungerrate": -0.3,
				"healingeffectivness": 0.3
			}
		},
		{
			"code": "chornavarta",
			"type": "positive",
			"attributes": {
			}
		},
		{
			"code": "shumni",
			"type": "negative",
			"attributes": {
				"animalSeekingRange": 0.5
			}
		}		
    ]
  }
]