[
		 {
//Риса для крафту лука (Довгий лук)
			"file": "game:recipes/grid/tool/bow.json",
			"op": "addmerge",
			"path": "/2/requiresTrait",
			"value": "avanturist"
		 },
		 {
			"file": "game:recipes/grid/tool/bow.json",
			"op": "addmerge",
			"path": "/3/requiresTrait",
			"value": "avanturist"
		 },
		 {
			"file": "game:recipes/grid/tool/bow.json",
			"op": "addmerge",
			"path": "/4/requiresTrait",
			"value": "avanturist"
		 },
		 {
			"file": "game:recipes/grid/tool/bow.json",
			"op": "addmerge",
			"path": "/5/requiresTrait",
			"value": "avanturist"
		 },
		 {
			"file": "game:recipes/grid/tool/bow.json",
			"op": "addmerge",
			"path": "/6/requiresTrait",
			"value": "avanturist"
		 },
		 {
			"file": "game:recipes/grid/tool/bow.json",
			"op": "addmerge",
			"path": "/7/requiresTrait",
			"value": "avanturist"
		 },
		 {
//Риса для крафту лука (Вигнутий лук)
			"file": "game:recipes/grid/tool/bow.json",
			"op": "replace",
			"path": "/8/requiresTrait",
			"value": "avanturist"
		 },
 {
//Риса для крафту шкіряних рюкзаків з моду FendragonBCS
    "file": "fendragonbcs:recipes/grid/fbcs-crafts.json",
	"op": "add",
    "path": "/3/requiresTrait",
    "value": "avanturist"
 },
	{
		"file": "fendragonbcs:recipes/grid/fbcs-crafts.json",
		"op": "add",
		"path": "/4/requiresTrait",
		"value": "avanturist"
	},
 {
	"file": "fendragonbcs:recipes/grid/fbcs-crafts.json",
	"op": "add",
	"path": "/5/requiresTrait",
	"value": "avanturist"
 },
	{
		"file": "fendragonbcs:recipes/grid/fbcs-crafts.json",
		"op": "add",
		"path": "/6/requiresTrait",
		"value": "avanturist"
	},
 {
	"file": "fendragonbcs:recipes/grid/fbcs-crafts.json",
	"op": "add",
	"path": "/7/requiresTrait",
	"value": "avanturist"
 },
 	{
		"file": "fendragonbcs:recipes/grid/fbcs-crafts.json",
		"op": "add",
		"path": "/8/requiresTrait",
		"value": "avanturist"
	},
 {
	"file": "fendragonbcs:recipes/grid/fbcs-crafts.json",
	"op": "add",
	"path": "/9/requiresTrait",
	"value": "avanturist"
 },
  	{
		"file": "fendragonbcs:recipes/grid/fbcs-crafts.json",
		"op": "add",
		"path": "/10/requiresTrait",
		"value": "avanturist"
	},
 {
	"file": "fendragonbcs:recipes/grid/fbcs-crafts.json",
	"op": "add",
	"path": "/11/requiresTrait",
	"value": "avanturist"
 },
   	{
		"file": "fendragonbcs:recipes/grid/fbcs-crafts.json",
		"op": "add",
		"path": "/21/requiresTrait",
		"value": "avanturist"
	},
 {
	"file": "fendragonbcs:recipes/grid/fbcs-crafts.json",
	"op": "add",
	"path": "/23/requiresTrait",
	"value": "avanturist"
 },
    {
		"file": "fendragonbcs:recipes/grid/fbcs-crafts.json",
		"op": "add",
		"path": "/25/requiresTrait",
		"value": "avanturist"
	},
 {
	"file": "fendragonbcs:recipes/grid/fbcs-crafts.json",
	"op": "add",
	"path": "/27/requiresTrait",
	"value": "avanturist"
 },
    {
		"file": "fendragonbcs:recipes/grid/fbcs-crafts.json",
		"op": "add",
		"path": "/29/requiresTrait",
		"value": "avanturist"
	},
 {
	"file": "fendragonbcs:recipes/grid/fbcs-crafts.json",
	"op": "add",
	"path": "/30/requiresTrait",
	"value": "avanturist"
 },
    {
		"file": "fendragonbcs:recipes/grid/fbcs-crafts.json",
		"op": "add",
		"path": "/31/requiresTrait",
		"value": "avanturist"
	},
 {
	"file": "fendragonbcs:recipes/grid/fbcs-crafts.json",
	"op": "add",
	"path": "/32/requiresTrait",
	"value": "avanturist"
 },
    {
		"file": "fendragonbcs:recipes/grid/fbcs-crafts.json",
		"op": "add",
		"path": "/33/requiresTrait",
		"value": "avanturist"
	},
 {
	"file": "fendragonbcs:recipes/grid/fbcs-crafts.json",
	"op": "add",
	"path": "/34/requiresTrait",
	"value": "avanturist"
 },
    {
		"file": "fendragonbcs:recipes/grid/fbcs-crafts.json",
		"op": "add",
		"path": "/35/requiresTrait",
		"value": "avanturist"
	},
 {
	"file": "fendragonbcs:recipes/grid/fbcs-crafts.json",
	"op": "add",
	"path": "/36/requiresTrait",
	"value": "avanturist"
 },
    {
		"file": "fendragonbcs:recipes/grid/fbcs-crafts.json",
		"op": "add",
		"path": "/37/requiresTrait",
		"value": "avanturist"
	},
	{
//Навичка для крафтів броні з шкіри й камзолової броні - ЕКОНОМ
		"file": "game:recipes/grid/armor/leather.json",
		"op": "add",
		"path": "/0/requiresTrait",
		"value": "avanturist"
	},
	{
		"file": "game:recipes/grid/armor/leather.json",
		"op": "add",
		"path": "/1/requiresTrait",
		"value": "avanturist"
	},
	{
		"file": "game:recipes/grid/armor/leather.json",
		"op": "add",
		"path": "/2/requiresTrait",
		"value": "avanturist"
	},
	{
		"file": "game:recipes/grid/armor/jerkin.json",
		"op": "add",
		"path": "/0/requiresTrait",
		"value": "avanturist"
	},
	{
		"file": "game:recipes/grid/armor/jerkin.json",
		"op": "add",
		"path": "/1/requiresTrait",
		"value": "avanturist"
	},
	{
//Риса для крафту Фартуха коваля - ЕКОНОМ
		"file": "game:recipes/grid/clothes/leather.json",
		"op": "add",
		"path": "/0/requiresTrait",
		"value": "avanturist"
	},
	{
//Риса для крафту Зношених шкіряних чобіт - ЕКОНОМ
		"file": "game:recipes/grid/clothes/leather.json",
		"op": "add",
		"path": "/1/requiresTrait",
		"value": "avanturist"
	},
	{
//Риса для крафту Високих шкіряних чобіт - ЕКОНОМ
		"file": "game:recipes/grid/clothes/leather.json",
		"op": "add",
		"path": "/2/requiresTrait",
		"value": "avanturist"
	},
	{
//Риса для крафту Шкіряних наручів - ЕКОНОМ
		"file": "game:recipes/grid/clothes/leather.json",
		"op": "add",
		"path": "/3/requiresTrait",
		"value": "avanturist"
	},
	{
//Риса для крафту Важких шкіряних рукавиць - ЕКОНОМ
		"file": "game:recipes/grid/clothes/leather.json",
		"op": "add",
		"path": "/4/requiresTrait",
		"value": "avanturist"
	},
	{
//Риса для крафту Шкіряної посиленої маски (чорна) - ЕКОНОМ
		"file": "game:recipes/grid/clothes/leather.json",
		"op": "add",
		"path": "/5/requiresTrait",
		"value": "avanturist"
	},
	{
//Риса для крафту Забрудненого шкіряного пончо - ЕКОНОМ
		"file": "game:recipes/grid/clothes/leather.json",
		"op": "add",
		"path": "/6/requiresTrait",
		"value": "avanturist"
	},
	{
//Риса для крафту Високих шкіряних чобіт - ЕКОНОМ
		"file": "game:recipes/grid/clothes/leather.json",
		"op": "add",
		"path": "/7/requiresTrait",
		"value": "avanturist"
	},
	{
//Риса для ЕКОНОМ крафту Сиром'ятної мантії
		"file": "game:recipes/grid/clothes/hide.json",
		"op": "add",
		"path": "/0/requiresTrait",
		"value": "avanturist"
	},
	{
		"file": "game:recipes/grid/clothes/hide.json",
		"op": "add",
		"path": "/1/requiresTrait",
		"value": "avanturist"
	},
		{
		//Групування рецептів в одній комірці сітки
			"file": "game:recipes/grid/clothes/hide.json",
			"op": "replace",
			"path": "/1/recipeGroup",
			"value": 1
		},	
	{
		"file": "game:recipes/grid/clothes/hide.json",
		"op": "add",
		"path": "/2/requiresTrait",
		"value": "avanturist"
	},
		{
		//Групування рецептів в одній комірці сітки
			"file": "game:recipes/grid/clothes/hide.json",
			"op": "replace",
			"path": "/2/recipeGroup",
			"value": 1
		},	
	{
		"file": "game:recipes/grid/clothes/hide.json",
		"op": "add",
		"path": "/3/requiresTrait",
		"value": "avanturist"
	},	
		{
		//Групування рецептів в одній комірці сітки
			"file": "game:recipes/grid/clothes/hide.json",
			"op": "replace",
			"path": "/3/recipeGroup",
			"value": 1
		},
	{
		"file": "game:recipes/grid/clothes/hide.json",
		"op": "add",
		"path": "/4/requiresTrait",
		"value": "avanturist"
	},	
		{
		//Групування рецептів в одній комірці сітки
			"file": "game:recipes/grid/clothes/hide.json",
			"op": "replace",
			"path": "/4/recipeGroup",
			"value": 1
		},
	{
		"file": "game:recipes/grid/clothes/hide.json",
		"op": "add",
		"path": "/5/requiresTrait",
		"value": "avanturist"
	},	
		{
		//Групування рецептів в одній комірці сітки
			"file": "game:recipes/grid/clothes/hide.json",
			"op": "replace",
			"path": "/5/recipeGroup",
			"value": 1
		},
	{
		"file": "game:recipes/grid/clothes/hide.json",
		"op": "add",
		"path": "/6/requiresTrait",
		"value": "avanturist"
	},
		{
		//Групування рецептів в одній комірці сітки
			"file": "game:recipes/grid/clothes/hide.json",
			"op": "replace",
			"path": "/6/recipeGroup",
			"value": 1
		},	
	{
		"file": "game:recipes/grid/clothes/hide.json",
		"op": "add",
		"path": "/7/requiresTrait",
		"value": "avanturist"
	},
		{
		//Групування рецептів в одній комірці сітки
			"file": "game:recipes/grid/clothes/hide.json",
			"op": "replace",
			"path": "/7/recipeGroup",
			"value": 1
		},
	{
//Риса для крафту Сиром'ятних штанів - ЕКОНОМ
		"file": "game:recipes/grid/clothes/hide.json",
		"op": "add",
		"path": "/8/requiresTrait",
		"value": "avanturist"
	},	
	{
		"file": "game:recipes/grid/clothes/hide.json",
		"op": "add",
		"path": "/9/requiresTrait",
		"value": "avanturist"
	},
		{
		//Групування рецептів в одній комірці сітки
			"file": "game:recipes/grid/clothes/hide.json",
			"op": "replace",
			"path": "/9/recipeGroup",
			"value": 1
		},	
	{
		"file": "game:recipes/grid/clothes/hide.json",
		"op": "add",
		"path": "/10/requiresTrait",
		"value": "avanturist"
	},
		{
		//Групування рецептів в одній комірці сітки
			"file": "game:recipes/grid/clothes/hide.json",
			"op": "replace",
			"path": "/10/recipeGroup",
			"value": 1
		},	
	{
		"file": "game:recipes/grid/clothes/hide.json",
		"op": "add",
		"path": "/11/requiresTrait",
		"value": "avanturist"
	},	
	{
		"file": "game:recipes/grid/clothes/hide.json",
		"op": "add",
		"path": "/12/requiresTrait",
		"value": "avanturist"
	},
		{
		//Групування рецептів в одній комірці сітки
			"file": "game:recipes/grid/clothes/hide.json",
			"op": "replace",
			"path": "/12/recipeGroup",
			"value": 1
		},	
	{
		"file": "game:recipes/grid/clothes/hide.json",
		"op": "add",
		"path": "/13/requiresTrait",
		"value": "avanturist"
	},
		{
		//Групування рецептів в одній комірці сітки
			"file": "game:recipes/grid/clothes/hide.json",
			"op": "replace",
			"path": "/13/recipeGroup",
			"value": 1
		},	
	{
//Риса для крафту Хутряного пальто - ЕКОНОМ
		"file": "game:recipes/grid/clothes/hide.json",
		"op": "add",
		"path": "/14/requiresTrait",
		"value": "avanturist"
	},	
	{
		"file": "game:recipes/grid/clothes/hide.json",
		"op": "add",
		"path": "/15/requiresTrait",
		"value": "avanturist"
	},
		{
		//Групування рецептів в одній комірці сітки
			"file": "game:recipes/grid/clothes/hide.json",
			"op": "replace",
			"path": "/15/recipeGroup",
			"value": 1
		},		
	{
		"file": "game:recipes/grid/clothes/hide.json",
		"op": "add",
		"path": "/16/requiresTrait",
		"value": "avanturist"
	},
		{
		//Групування рецептів в одній комірці сітки
			"file": "game:recipes/grid/clothes/hide.json",
			"op": "replace",
			"path": "/16/recipeGroup",
			"value": 1
		},		
	{
		"file": "game:recipes/grid/clothes/hide.json",
		"op": "add",
		"path": "/17/requiresTrait",
		"value": "avanturist"
	},
		{
		//Групування рецептів в одній комірці сітки
			"file": "game:recipes/grid/clothes/hide.json",
			"op": "replace",
			"path": "/17/recipeGroup",
			"value": 1
		},		
	{
		"file": "game:recipes/grid/clothes/hide.json",
		"op": "add",
		"path": "/18/requiresTrait",
		"value": "avanturist"
	},	
	{
		"file": "game:recipes/grid/clothes/hide.json",
		"op": "add",
		"path": "/19/requiresTrait",
		"value": "avanturist"
	},
		{
		//Групування рецептів в одній комірці сітки
			"file": "game:recipes/grid/clothes/hide.json",
			"op": "replace",
			"path": "/19/recipeGroup",
			"value": 1
		},		
	{
		"file": "game:recipes/grid/clothes/hide.json",
		"op": "add",
		"path": "/20/requiresTrait",
		"value": "avanturist"
	},
		{
		//Групування рецептів в одній комірці сітки
			"file": "game:recipes/grid/clothes/hide.json",
			"op": "replace",
			"path": "/20/recipeGroup",
			"value": 1
		},		
	{
		"file": "game:recipes/grid/clothes/hide.json",
		"op": "add",
		"path": "/21/requiresTrait",
		"value": "avanturist"
	},
		{
		//Групування рецептів в одній комірці сітки
			"file": "game:recipes/grid/clothes/hide.json",
			"op": "replace",
			"path": "/21/recipeGroup",
			"value": 1
		},		
	{
//Риса для крафту Хутряних чобіт - ЕКОНОМ
		"file": "game:recipes/grid/clothes/hide.json",
		"op": "add",
		"path": "/22/requiresTrait",
		"value": "avanturist"
	},	
	{
		"file": "game:recipes/grid/clothes/hide.json",
		"op": "add",
		"path": "/23/requiresTrait",
		"value": "avanturist"
	},
		{
		//Групування рецептів в одній комірці сітки
			"file": "game:recipes/grid/clothes/hide.json",
			"op": "replace",
			"path": "/23/recipeGroup",
			"value": 1
		},	
	{
		"file": "game:recipes/grid/clothes/hide.json",
		"op": "add",
		"path": "/24/requiresTrait",
		"value": "avanturist"
	},	
		{
		//Групування рецептів в одній комірці сітки
			"file": "game:recipes/grid/clothes/hide.json",
			"op": "replace",
			"path": "/24/recipeGroup",
			"value": 1
		},
	{
		"file": "game:recipes/grid/clothes/hide.json",
		"op": "add",
		"path": "/25/requiresTrait",
		"value": "avanturist"
	},	
	{
		"file": "game:recipes/grid/clothes/hide.json",
		"op": "add",
		"path": "/26/requiresTrait",
		"value": "avanturist"
	},
		{
		//Групування рецептів в одній комірці сітки
			"file": "game:recipes/grid/clothes/hide.json",
			"op": "replace",
			"path": "/26/recipeGroup",
			"value": 1
		},
	{
		"file": "game:recipes/grid/clothes/hide.json",
		"op": "add",
		"path": "/27/requiresTrait",
		"value": "avanturist"
	},
		{
		//Групування рецептів в одній комірці сітки
			"file": "game:recipes/grid/clothes/hide.json",
			"op": "replace",
			"path": "/27/recipeGroup",
			"value": 1
		},
	{
//Риса для крафту Хутряних рукавичок - ЕКОНОМ
		"file": "game:recipes/grid/clothes/hide.json",
		"op": "add",
		"path": "/28/requiresTrait",
		"value": "avanturist"
	},	
	{
		"file": "game:recipes/grid/clothes/hide.json",
		"op": "add",
		"path": "/29/requiresTrait",
		"value": "avanturist"
	},
		{
		//Групування рецептів в одній комірці сітки
			"file": "game:recipes/grid/clothes/hide.json",
			"op": "replace",
			"path": "/29/recipeGroup",
			"value": 1
		},	
	{
		"file": "game:recipes/grid/clothes/hide.json",
		"op": "add",
		"path": "/30/requiresTrait",
		"value": "avanturist"
	},
		{
		//Групування рецептів в одній комірці сітки
			"file": "game:recipes/grid/clothes/hide.json",
			"op": "replace",
			"path": "/30/recipeGroup",
			"value": 1
		},	
	{
		"file": "game:recipes/grid/clothes/hide.json",
		"op": "add",
		"path": "/31/requiresTrait",
		"value": "avanturist"
	},
		{
		//Групування рецептів в одній комірці сітки
			"file": "game:recipes/grid/clothes/hide.json",
			"op": "replace",
			"path": "/31/recipeGroup",
			"value": 1
		},	
	{
		"file": "game:recipes/grid/clothes/hide.json",
		"op": "add",
		"path": "/32/requiresTrait",
		"value": "avanturist"
	},	
	{
		"file": "game:recipes/grid/clothes/hide.json",
		"op": "add",
		"path": "/33/requiresTrait",
		"value": "avanturist"
	},
		{
		//Групування рецептів в одній комірці сітки
			"file": "game:recipes/grid/clothes/hide.json",
			"op": "replace",
			"path": "/33/recipeGroup",
			"value": 1
		},	
	{
		"file": "game:recipes/grid/clothes/hide.json",
		"op": "add",
		"path": "/34/requiresTrait",
		"value": "avanturist"
	},
		{
		//Групування рецептів в одній комірці сітки
			"file": "game:recipes/grid/clothes/hide.json",
			"op": "replace",
			"path": "/34/recipeGroup",
			"value": 1
		},	
	{
		"file": "game:recipes/grid/clothes/hide.json",
		"op": "add",
		"path": "/35/requiresTrait",
		"value": "avanturist"
	},
		{
		//Групування рецептів в одній комірці сітки
			"file": "game:recipes/grid/clothes/hide.json",
			"op": "replace",
			"path": "/35/recipeGroup",
			"value": 1
		},
	{
//Риса для крафту Сиром'ятної сидільної пелини -ЕКОНОМ
		"file": "game:recipes/grid/clothes/hide.json",
		"op": "add",
		"path": "/36/requiresTrait",
		"value": "avanturist"
	},		
 {
//Риса для крафту клітки -ЕКОНОМ
	"file": "animalcages:recipes/grid/smallanimalcage.json",
	"op": "add",
	"path": "/requiresTrait",
	"value": "avanturist",
	"dependsOn": [ { "modid": "animalcages" } ]
 },
 	{
		"file": "animalcages:recipes/grid/mediumanimalcage.json",
		"op": "add",
		"path": "/requiresTrait",
		"value": "avanturist",
		"dependsOn": [ { "modid": "animalcages" } ]
	},
	{
//Риса для крафту Альпіністської кирки з моду UsefulStuff
		"file": "usefulstuff:recipes/grid/climbingpick.json",
		"op": "add",
		"path": "/requiresTrait",
		"value": "avanturist",
		"dependsOn": [ { "modid": "usefulstuff" } ]
	},	
	{
//Риса для крафту луки мод Kanahaku	
		"file": "spearexpantion:recipes/grid/bow/yagerbow.json",
		"op": "add",
		"path": "/requiresTrait",
		"value": "avanturist"
	},
	{
		"file": "spearexpantion:recipes/grid/bow/yagermasterbow.json",
		"op": "add",
		"path": "/requiresTrait",
		"value": "avanturist"
	},
	{
		"file": "spearexpantion:recipes/grid/bow/yagermasterbowcaribou.json",
		"op": "add",
		"path": "/requiresTrait",
		"value": "avanturist"
	},
	{
		"file": "spearexpantion:recipes/grid/bow/yagermasterbowelk.json",
		"op": "add",
		"path": "/requiresTrait",
		"value": "avanturist"
	},
	{
		"file": "spearexpantion:recipes/grid/bow/yagermasterbowfallow.json",
		"op": "add",
		"path": "/requiresTrait",
		"value": "avanturist"
	},
	{
		"file": "spearexpantion:recipes/grid/bow/nomadbow.json",
		"op": "add",
		"path": "/requiresTrait",
		"value": "avanturist"
	},
	{
		"file": "spearexpantion:recipes/grid/bow/nomadbowibexalp.json",
		"op": "add",
		"path": "/requiresTrait",
		"value": "avanturist"
	},
	{
		"file": "spearexpantion:recipes/grid/bow/nomadbowibexnub.json",
		"op": "add",
		"path": "/requiresTrait",
		"value": "avanturist"
	},
	{
		"file": "spearexpantion:recipes/grid/bow/nomadbowturdag.json",
		"op": "add",
		"path": "/requiresTrait",
		"value": "avanturist"
	},
	{
		"file": "spearexpantion:recipes/grid/bow/rangerbow.json",
		"op": "add",
		"path": "/requiresTrait",
		"value": "avanturist"
	},
	{
//Риса для крафту луків мод Kanahaku з Butchering		
		"file": "spearexpantion:recipes/grid/bowbutchering/yagerbow.json",
		"op": "add",
		"path": "/requiresTrait",
		"value": "avanturist"
	},
	{
		"file": "spearexpantion:recipes/grid/bowbutchering/yagermasterbow.json",
		"op": "add",
		"path": "/requiresTrait",
		"value": "avanturist"
	},
	{
		"file": "spearexpantion:recipes/grid/bowbutchering/yagermasterbowcaribou.json",
		"op": "add",
		"path": "/requiresTrait",
		"value": "avanturist"
	},
	{
		"file": "spearexpantion:recipes/grid/bowbutchering/yagermasterbowelk.json",
		"op": "add",
		"path": "/requiresTrait",
		"value": "avanturist"
	},
	{
		"file": "spearexpantion:recipes/grid/bowbutchering/yagermasterbowfallow.json",
		"op": "add",
		"path": "/requiresTrait",
		"value": "avanturist"
	},
	{
		"file": "spearexpantion:recipes/grid/bowbutchering/nomadbow.json",
		"op": "add",
		"path": "/requiresTrait",
		"value": "avanturist"
	},
	{
		"file": "spearexpantion:recipes/grid/bowbutchering/nomadbowibexalp.json",
		"op": "add",
		"path": "/requiresTrait",
		"value": "avanturist"
	},
	{
		"file": "spearexpantion:recipes/grid/bowbutchering/nomadbowibexnub.json",
		"op": "add",
		"path": "/requiresTrait",
		"value": "avanturist"
	},
	{
		"file": "spearexpantion:recipes/grid/bowbutchering/nomadbowturdag.json",
		"op": "add",
		"path": "/requiresTrait",
		"value": "avanturist"
	},
	{
		"file": "spearexpantion:recipes/grid/bowbutchering/rangerbow.json",
		"op": "add",
		"path": "/requiresTrait",
		"value": "avanturist"
	},
	
	{
//Риса для крафту луків мод Kanahaku з Butchering й Lichen
		"file": "spearexpantion:recipes/grid/bowbutcheringlichen/yagermasterbowalbino.json",
		"op": "add",
		"path": "/requiresTrait",
		"value": "avanturist"
	},
	
	{
//Риса для крафту луків мод Kanahaku з Lichen
		"file": "spearexpantion:recipes/grid/bowlichenn/yagermasterbowalbino.json",
		"op": "add",
		"path": "/requiresTrait",
		"value": "avanturist"
	},
	
	{
//Риса для крафту Швейного набору з моду Butchering
		"file": "butchering:recipes/grid/needlekit.json",
		"op": "add",
		"path": "/0/requiresTrait",
		"value": "avanturist"
	},
	{
		"file": "butchering:recipes/grid/needlekit.json",
		"op": "add",
		"path": "/1/requiresTrait",
		"value": "avanturist"
	},
	{
//Риса на крафт столу для розборки туші (120%) з моду Butchering
		"file": "butchering:recipes/grid/butchertables.json",
		"op": "add",
		"path": "/2/requiresTrait",
		"value": "avanturist"
	},
	{
//Риса для крафту лука з модом Butchering
		"file": "butchering:recipes/grid/sinewbows.json",
		"op": "replace",
		"path": "/7/requiresTrait",
		"value": "avanturist"
	},
	{
//Риса на крафт гачка арбалета з моду MaltiezCrossbows
		"file": "maltiezcrossbows:grid/bow.json",
		"op": "replace",
		"path": "/0/requiresTrait",
		"value": "avanturist"
	},
]