[
	{
//Риса на крафт Шамотних цеглин Тір 1 - СХЕМА
		"file": "game:recipes/grid/rawrefractorybrick.json",
		"enabled": true,
		"op": "add",
		"path": "/0/requiresTrait",
		"value": "koval"
	},
	{
//Риса на крафт Шамотних цеглин Тір 2 - СХЕМА
		"file": "game:recipes/grid/rawrefractorybrick.json",
		"enabled": true,
		"op": "add",
		"path": "/1/requiresTrait",
		"value": "koval"
	},
	{
//Риса на крафт Шамотних цеглин Тір 3 - СХЕМА
		"file": "game:recipes/grid/rawrefractorybrick.json",
		"enabled": true,
		"op": "add",
		"path": "/2/requiresTrait",
		"value": "koval"
	},
	{
//Риса на крафт Шамотна цегла (Тір 1-3) - СХЕМА
		"file": "game:recipes/grid/refractorybrickblock.json",
		"enabled": true,
		"op": "add",
		"path": "/requiresTrait",
		"value": "koval"
	},
	{
//Риса на крафт Решітка із шамотної цегли (Тір 1-3) - СХЕМА
		"file": "game:recipes/grid/refractorygratingblock.json",
		"enabled": true,
		"op": "add",
		"path": "/0/requiresTrait",
		"value": "koval"
	},
	{
//Риса на крафт Двері обпал. печі із шамотної цегли (Тір 1) - СХЕМА
		"file": "game:recipes/grid/doors.json",
		"enabled": true,
		"op": "add",
		"path": "/8/requiresTrait",
		"value": "koval"
	},
	{
//Риса на крафт Двері обпал. печі із шамотної цегли (Тір 2) - СХЕМА
		"file": "game:recipes/grid/doors.json",
		"enabled": true,
		"op": "add",
		"path": "/9/requiresTrait",
		"value": "koval"
	},
	{
//Риса на крафт Двері обпал. печі із шамотної цегли (Тір 3) - СХЕМА
		"file": "game:recipes/grid/doors.json",
		"enabled": true,
		"op": "add",
		"path": "/10/requiresTrait",
		"value": "koval"
	},

	{
//Риса на крафт металевого відра з PrimitiveSurvival - УНІКАЛЬНИЙ
		"file": "primitivesurvival:recipes/grid/metalbucket.json",
		"enabled": true,
		"op": "add",
		"path": "/0/requiresTrait",
		"value": "koval"
	},
	{
		"file": "primitivesurvival:recipes/grid/metalbucket.json",
		"enabled": true,
		"op": "add",
		"path": "/1/requiresTrait",
		"value": "koval"
	},
	{
		"file": "primitivesurvival:recipes/grid/metalbucket.json",
		"enabled": true,
		"op": "add",
		"path": "/2/requiresTrait",
		"value": "koval"
	},

	{
//Риса на крафт тримача для факелу з олов'яної бронзи - УНІКАЛЬНИЙ
		"file": "game:recipes/grid/torchholder.json",
		"enabled": true,
		"op": "add",
		"path": "/requiresTrait",
		"value": "koval"
	},
	{
//Риса на скрині з моду Extra Chests - СХЕМА
	// ********** Мідь
		"file": "extrachests:recipes/grid/copper-chest.json",
		"op": "add",
		"path": "/requiresTrait",
		"value": "koval"
	},
	{ 
		//з етикеткою
		"file": "extrachests:recipes/grid/copper-labeledchest.json",
		"op": "add",
		"path": "/0/requiresTrait",
		"value": "koval"
	},
	{
	// ********** Бронза Олов'яна		
		"file": "extrachests:recipes/grid/tinbronze-chest.json",
		"op": "add",
		"path": "/requiresTrait",
		"value": "koval"
	},
	{ 
		//з етикеткою
		"file": "extrachests:recipes/grid/tinbronze-labeledchest.json",
		"op": "add",
		"path": "/0/requiresTrait",
		"value": "koval"
	},
	{
	// ********** Бронза Вісмутова
		"file": "extrachests:recipes/grid/bismuthbronze-chest.json",
		"op": "add",
		"path": "/requiresTrait",
		"value": "koval"
	},
	{ 
		//з етикеткою
		"file": "extrachests:recipes/grid/bismuthbronze-labeledchest.json",
		"op": "add",
		"path": "/0/requiresTrait",
		"value": "koval"
	},
	{
	// ********** Бронза Чорна
		"file": "extrachests:recipes/grid/blackbronze-chest.json",
		"op": "add",
		"path": "/requiresTrait",
		"value": "koval"
	},
	{ 
		//з етикеткою
		"file": "extrachests:recipes/grid/blackbronze-labeledchest.json",
		"op": "add",
		"path": "/0/requiresTrait",
		"value": "koval"
	},
	{
	// ********** Залізо
		"file": "extrachests:recipes/grid/iron-chest.json",
		"op": "add",
		"path": "/0/requiresTrait",
		"value": "koval"
	},
	{ 
		"file": "extrachests:recipes/grid/iron-chest.json",
		"op": "add",
		"path": "/1/requiresTrait",
		"value": "koval"
	},
	{ 
		"file": "extrachests:recipes/grid/iron-chest.json",
		"op": "add",
		"path": "/2/requiresTrait",
		"value": "koval"
	},
	{ 
		//з етикеткою
		"file": "extrachests:recipes/grid/iron-labeledchest.json",
		"op": "add",
		"path": "/0/requiresTrait",
		"value": "koval"
	},
	{ 
		"file": "extrachests:recipes/grid/iron-labeledchest.json",
		"op": "add",
		"path": "/1/requiresTrait",
		"value": "koval"
	},
	{ 
		"file": "extrachests:recipes/grid/iron-labeledchest.json",
		"op": "add",
		"path": "/2/requiresTrait",
		"value": "koval"
	},
	{
	// ********** Сталь
		"file": "extrachests:recipes/grid/steel-chest.json",
		"op": "add",
		"path": "/requiresTrait",
		"value": "koval"
	},
	{ 
		//з етикеткою
		"file": "extrachests:recipes/grid/steel-labeledchest.json",
		"op": "add",
		"path": "/0/requiresTrait",
		"value": "koval"
	},
	{ 
		"file": "extrachests:recipes/grid/steel-labeledchest.json",
		"op": "add",
		"path": "/1/requiresTrait",
		"value": "koval"
	},
	{ 
//Риса на крафт ящиків з BetterCrate - СХЕМА
	"file": "bettercrates:recipes/grid/bettercrate.json",
	"op": "add",
	"path": "/requiresTrait",
	"value": "koval"
	},
	{
	"file": "bettercrates:recipes/grid/bettercrate2.json",
	"op": "add",
	"path": "/requiresTrait",
	"value": "koval"
	},		
	{
	"file": "bettercrates:recipes/grid/bettercrate2sided.json",
	"op": "add",
	"path": "/0/requiresTrait",
	"value": "koval"
	},
	{
	"file": "bettercrates:recipes/grid/bettercrate2sided.json",
	"op": "add",
	"path": "/1/requiresTrait",
	"value": "koval"
	},
	
	{
//Риса на мод SpearExpantion - УНІКАЛЬНИЙ
		"file": "spearexpantion:recipes/grid/halberd.json",
		"op": "add",
		"path": "/requiresTrait",
		"value": "koval"
	},
	{
		"file": "spearexpantion:recipes/grid/ironspear.json",
		"op": "add",
		"path": "/requiresTrait",
		"value": "koval"
	},
	{
		"file": "spearexpantion:recipes/grid/pike.json",
		"op": "add",
		"path": "/requiresTrait",
		"value": "koval"
	},
	{
		"file": "spearexpantion:recipes/grid/mace-common.json",
		"op": "add",
		"path": "/requiresTrait",
		"value": "koval"
	},
	{
		"file": "spearexpantion:recipes/grid/mace-flanged.json",
		"op": "add",
		"path": "/requiresTrait",
		"value": "koval"
	},
	{
		"file": "spearexpantion:recipes/grid/mace-warpick.json",
		"op": "add",
		"path": "/requiresTrait",
		"value": "koval"
	},
	{
		"file": "spearexpantion:recipes/grid/armor/kastenbrust.json",
		"op": "add",
		"path": "/0/requiresTrait",
		"value": "koval"
	},
	{
		"file": "spearexpantion:recipes/grid/armorrepair/kastenbrust.json",
		"op": "add",
		"path": "/0/requiresTrait",
		"value": "koval"
	},
	{
//Риса на крафт форми для 8 злитків з моду Molds - СХЕМА
		"file": "molds:recipes/grid/8_ingotmold.json",
		"op": "add",
		"path": "/0/requiresTrait",
		"value": "koval"
	},
	{
		"file": "molds:recipes/grid/8_ingotmold.json",
		"op": "add",
		"path": "/1/requiresTrait",
		"value": "koval"
	}
]