[
	{ 
//Додаємо можливість столу для обробки з моду Butchering братися як скрині з модом CarryON
		"file": "butchering:blocktypes/butchertable.json",
		"enabled": true,
		"side": "Server",
		"op": "add", 
		"path": "/behaviors/-", 
		"value": {
		  "name": "Carryable",
		  "properties": {
				"interactDelay": 0.4,
				"slots": {
					"Hands": { "animation": "carryon:holdlight", "walkSpeedModifier": -0.15 },
					"Back": { 
						"walkSpeedModifier": 0.0, 
						"translation": [ 0.09375, 0, 0.03125 ],
						"rotation": [ 0, 0, -90 ],
						"scale": 0.6
					}
				}
			}
		},
		"dependsOn": [ { "modid": "butchering", "invert": true } ]
	},

{
    "file": "game:blocktypes/reed/stationarybasket",
    "side": "Server",
    "op": "add",
    "path": "/behaviors/-",
    "value": {
      "name": "Carryable",
      "properties": {
        "interactDelay": 0.4,
        "slots": {
          "Hands": {
            "animation": "carryon:holdlight",
            "walkSpeedModifier": -0.15
          },
          "Back": {
            "walkSpeedModifier": 0.0,
            "translation": [
              0.09375,
              0,
              0.03125
            ],
            "rotation": [
              0,
              0,
              -90
            ],
            "scale": 0.6
          }
        }
      }
    },
    "condition": {
      "when": "carryon:StationaryBasketEnabled",
      "isValue": "true"
    }
  },
	{ 
//Додаємо рису Винахіднику при встановленому моді - Wear And Tear
	"file": "game:config/characterclasses",
	"enabled": true,
	"op": "addmerge",
	"path": "/4/traits",
	"value": [ "wearandtear-precisemeasurements" ],
	"dependsOn": [ { "modid": "wearandtear" } ]
	},
]