[
  {
//Видаляємо можливість розбирати казани з 'ACulinaryArtillery'
    "file": "aculinaryartillery:recipes/grid/destroycauldron.json",
	"enabled": true,
	"op": "add",
    "path": "/0/enabled",
    "value": false,
    "dependsOn": [ { "modid": "aculinaryartillery" } ]
  },
  {
    "file": "aculinaryartillery:recipes/grid/destroycauldron.json",
	"enabled": true,
	"op": "add",
    "path": "/1/enabled",
    "value": false,
    "dependsOn": [ { "modid": "aculinaryartillery" } ]
  },
  {
    "file": "aculinaryartillery:recipes/grid/destroycauldron.json",
	"enabled": true,
	"op": "add",
    "path": "/2/enabled",
    "value": false,
    "dependsOn": [ { "modid": "aculinaryartillery" } ]
  },
  {
    "file": "aculinaryartillery:recipes/grid/destroycauldron.json",
	"enabled": true,
	"op": "add",
    "path": "/3/enabled",
    "value": false,
    "dependsOn": [ { "modid": "aculinaryartillery" } ]
  },
  {
    "file": "aculinaryartillery:recipes/grid/destroycauldron.json",
	"enabled": true,
	"op": "add",
    "path": "/4/enabled",
    "value": false,
    "dependsOn": [ { "modid": "aculinaryartillery" } ]
  },
  {
    "file": "aculinaryartillery:recipes/grid/destroycauldron.json",
	"enabled": true,
	"op": "add",
    "path": "/5/enabled",
    "value": false,
    "dependsOn": [ { "modid": "aculinaryartillery" } ]
  },
]