[
	{
//Додавання насіння солодкого перцю в дупла з моду PrimitiveSurvival
	"file": "primitivesurvival:blocktypes/wood/treehollowgrown.json",
	"enabled": true,
	"path": "/attributes/primitivesurvival/treeHollowContentsByHollowType/all/-",
	"op": "add",
	"side": "Server",
    "value": {
            "code": "game:item-seeds-bellpepper",
            "amount": 1
		}
	},
	{
//Збільшення стаку на астральну й етернал шестерні з моду PrimitiveSurvival	
	"file": "primitivesurvival:itemtypes/resource/psgear.json",
	"op": "add", 
	"path": "/maxstacksizeByType", 
	"value": {
				"*-astral": 64,
				"*-ethereal": 64	
		}
	},
    {
//Видаляємо деякі рецепти з PrimitiveSurvival для крафту шнура
        "file": "primitivesurvival:recipes/grid/cordage.json",
		"enabled": true,
        "op": "addmerge",
        "path": "/1/enabled",
        "value": false,
        "side": "server"
    },
    {
        "file": "primitivesurvival:recipes/grid/cordage.json",
		"enabled": true,
        "op": "addmerge",
        "path": "/2/enabled",
        "value": false,
        "side": "server"
    },
    {
        "file": "primitivesurvival:recipes/grid/cordage.json",
		"enabled": true,
        "op": "addmerge",
        "path": "/3/enabled",
        "value": false,
        "side": "server"
    },
]