[
	{
//Видалення рецептів на набори для шиття з моду Butchering
		"file": "butchering:recipes/grid/sewingkitbone.json",
		"op": "add",
		"path": "/0/enabled",
		"value": false
	},
	{
		"file": "butchering:recipes/grid/sewingkitbone.json",
		"op": "add",
		"path": "/1/enabled",
		"value": false
	},
	{
//Видалення рецепту рюкзака на 5 слотів з моду Butchering
		"file": "butchering:recipes/grid/butcherybags/butcherybag.json",
		"op": "add",
		"path": "/0/enabled",
		"value": false
	},
	{
		"file": "butchering:recipes/grid/butcherybags/butcherybag.json",
		"op": "add",
		"path": "/1/enabled",
		"value": false
	},
	{
		"file": "butchering:recipes/grid/butcherybags/butcherybag.json",
		"op": "add",
		"path": "/2/enabled",
		"value": false
	},
	{
		"file": "butchering:recipes/grid/butcherybags/butcherybag.json",
		"op": "add",
		"path": "/3/enabled",
		"value": false
	},
	{
//Збільшення слотів рюкзака з моду Butchering
		"file": "butchering:itemtypes/tool/butcherybag.json",
		"op": "replace",
		"path": "/attributes/backpackByType/butcherybag-standard/quantitySlots",
		"value": 6
	},
	{
//Можливість класти столи з моду Butchering як звичайні предмети, а не замість слоту рюкзака
		"file": "butchering:blocktypes/butchertable.json",
		"enabled": true,
		"op": "add",
		"path": "/storageFlags",
		"value": 1
	},
	{
//Видалення рецепту холодильника з моду Butchering
		"file": "butchering:recipes/grid/temporalbutcherbox.json",
		"op": "add",
		"path": "/0/enabled",
		"value": false
	},
	{
//Патч на рюкзаки - його відображення
		"file": "butchering:itemtypes/tool/butcherybag.json",
		"op": "remove",
		"path": "/attributes/wearableAttachment",
		"value": null
	},
	{
//Патч на інші види їжі до холодильника з моду Butchering (Щоб довше зберігались коли ВВІМК)
        "file": "butchering:blocktypes/temporalbutcherbox.json",
        "enabled": true,
        "op": "replace",
        "path": "/attributes/spoilSpeedMulByFoodCatBytype",
        "value": {
			"*-on-*": {
				"protein": 0.2,
				"vegetable": 0.2,
				"fruit": 0.2,
				"grain": 0.2,
				"dairy": 0.2,
				"unknown": 0.2,
				"nonutrition": 0.2
			},
			"*-off-*": {
			}
		}
    },
	{
//Патч на крафт крючків (мідні (80%), бронзові (100%) - додавання матеріалів в крафт)
		"file": "butchering:recipes/grid/butcherhook.json",
		"op": "add",
		"path": "/0/ingredients/H/allowedVariants",
		"value":
			["copper", "tinbronze", "bismuthbronze", "blackbronze", "flint"]
	},
  {
//Включаємо конфіг для взаємодії Butchering з Гемсбоками
    "file": "butchering:itemtypes/butchercreatures/lichen/gemsbok.json",
	"enabled": true,
	"op": "replace",
    "path": "/enabled",
    "value": true,
    "dependsOn": [ { "modid": "butchering" } ]
  },
  {
//Додаємо в конфіг Гемсбока можливість вішати на крюки й додаємо варіації туш
    "file": "fendragonsmp:entities/land/gemsbok.json",
	"enabled": true,
	"op": "add",
    "path": "/server/behaviors/-",
    "value": {
      "code": "butcherable",
      "itemByType": {
        "gemsbok-female-adult": "butchering:deadgemsbok-female-dead",
        "gemsbok-male-adult": "butchering:deadgemsbok-male-dead",
        "gemsbok-*-baby": "butchering:deadgemsbok-baby-dead"
      }
    },
    "dependsOn": [ { "modid": "butchering" } ]
  },
  {
    "file": "fendragonsmp:entities/land/gemsbok.json",
	"enabled": true,
	"op": "add",
    "path": "/client/behaviors/-",
    "value": {
      "code": "butcherable",
      "itemByType": {
        "gemsbok-female-adult": "butchering:deadgemsbok-female-dead",
        "gemsbok-male-adult": "butchering:deadgemsbok-male-dead",
        "gemsbok-*-baby": "butchering:deadgemsbok-baby-dead"
      }
    },
    "dependsOn": [ { "modid": "butchering" } ]
  },
  {
//Змінюємо конфіг Butchering
    "file": "butchering:itemtypes/butchercreatures/lichen/gemsbok.json",
	"enabled": true,
	"op": "add",
    "path": "/behaviors",
    "value": [{ "name": "GroundStorable", "properties": { "layout": "SingleCenter", "collisionBox": { "x1": 0.2, "y1": 0, "z1": 0.2, "x2": 0.8, "y2": 0.5, "z2": 0.8 }}}],
    "dependsOn": [ { "modid": "butchering" } ]
  },
  {
//Прописуєм свої текстурки
    "file": "butchering:itemtypes/butchercreatures/lichen/gemsbok.json",
	"enabled": true,
	"op": "replace",
    "path": "/texturesByType",
    "value": {
		"deadgemsbok-*-dead": { "gemsbok": { "base": "fendragonsmp:entity/gemsbok" } },		
		"deadgemsbok-*-skinned": { "gemsbok": { "base": "fendragonsmp:entity/gemsbok-bloody" } },		
		"deadgemsbok-*-bledout": { "gemsbok": { "base": "fendragonsmp:entity/gemsbok-bledout" } },		
		"deadgemsbok-*-rotten": { "gemsbok": { "base": "game:block/creature/rot/rot" } },
	},
    "dependsOn": [ { "modid": "butchering" } ]
  },
  {
//Прописуєм свій шейп для 3 тварин
    "file": "butchering:itemtypes/butchercreatures/lichen/gemsbok.json",
	"enabled": true,
	"op": "replace",
    "path": "/attributesByType/deadgemsbok-male-*/hangingShape",
    "value": { "base": "fendragonsmp:entity/gemsbok-hanging" },
    "dependsOn": [ { "modid": "butchering" } ]
  },
  {
    "file": "butchering:itemtypes/butchercreatures/lichen/gemsbok.json",
	"enabled": true,
	"op": "replace",
    "path": "/attributesByType/deadgemsbok-female-*/hangingShape",
    "value": { "base": "fendragonsmp:entity/gemsbok-hanging" },
    "dependsOn": [ { "modid": "butchering" } ]
  },
  {
    "file": "butchering:itemtypes/butchercreatures/lichen/gemsbok.json",
	"enabled": true,
	"op": "replace",
    "path": "/attributesByType/deadgemsbok-baby-*/hangingShape",
    "value": { "base": "fendragonsmp:entity/gemsbokcalf-hanging" },
    "dependsOn": [ { "modid": "butchering" } ]
  },
  {
//Прописуєм шейп який лежить на землі
    "file": "butchering:itemtypes/butchercreatures/lichen/gemsbok.json",
	"enabled": true,
	"op": "add",
    "path": "/attributesByType/deadgemsbok-male-*/groundStorageTransform",
    "value": {
				"rotation": { "x": -85, "y": 0, "z": 0 },
				"origin": { "x": 0.4, "y": 0.22, "z": 0.6 },
				"scale": 0.89
			},
    "dependsOn": [ { "modid": "butchering" } ]
  },
  {
    "file": "butchering:itemtypes/butchercreatures/lichen/gemsbok.json",
	"enabled": true,
	"op": "add",
    "path": "/attributesByType/deadgemsbok-female-*/groundStorageTransform",
    "value": {
				"rotation": { "x": -85, "y": 0, "z": 0 },
				"origin": { "x": 0.4, "y": 0.22, "z": 0.6 },
				"scale": 0.89
			},
    "dependsOn": [ { "modid": "butchering" } ]
  },
  {
    "file": "butchering:itemtypes/butchercreatures/lichen/gemsbok.json",
	"enabled": true,
	"op": "add",
    "path": "/attributesByType/deadgemsbok-baby-*/groundStorageTransform",
    "value": {
				"rotation": { "x": -85, "y": 0, "z": 0 },
				"origin": { "x": 0.4, "y": 0.22, "z": 0.6 },
				"scale": 0.89
			},
    "dependsOn": [ { "modid": "butchering" } ]
  },
  {
//Прописуєм шейп який лежить на столі
    "file": "butchering:itemtypes/butchercreatures/lichen/gemsbok.json",
	"enabled": true,
	"op": "add",
    "path": "/attributesByType/deadgemsbok-male-*/onDisplayTransform",
    "value": {
			"translation": { "x": 0, "y": -0.3, "z": 0.4 },
			"rotation": { "x": -90, "y": 0, "z": 19 },
			"scale": 0.93
		},
    "dependsOn": [ { "modid": "butchering" } ]
  },
  {
    "file": "butchering:itemtypes/butchercreatures/lichen/gemsbok.json",
	"enabled": true,
	"op": "add",
    "path": "/attributesByType/deadgemsbok-female-*/onDisplayTransform",
    "value": {
			"translation": { "x": 0, "y": -0.3, "z": 0.4 },
			"rotation": { "x": -90, "y": 0, "z": 19 },
			"scale": 0.93
		},
    "dependsOn": [ { "modid": "butchering" } ]
  },
  {
    "file": "butchering:itemtypes/butchercreatures/lichen/gemsbok.json",
	"enabled": true,
	"op": "add",
    "path": "/attributesByType/deadgemsbok-baby-*/onDisplayTransform",
    "value": {
			"translation": { "x": -0.3, "y": -0.4, "z": -0.1 },
			"rotation": { "x": -92, "y": 4, "z": 34 }
		},
    "dependsOn": [ { "modid": "butchering" } ]
  },
  {
//Прописуєм шейп на основу
    "file": "butchering:itemtypes/butchercreatures/lichen/gemsbok.json",
	"enabled": true,
	"op": "replace",
    "path": "/shapeByType",
    "value": {
		"deadgemsbok-male-*": { "base": "fendragonsmp:entity/gemsbok" },
		"deadgemsbok-female-*": { "base": "fendragonsmp:entity/gemsbok" },
		"deadgemsbok-baby-*": { "base": "fendragonsmp:entity/gemsbokcalf" }
	},
    "dependsOn": [ { "modid": "butchering" } ]
  },
  {
//Прописуєм як лежить на землі тушка
    "file": "butchering:itemtypes/butchercreatures/lichen/gemsbok.json",
	"enabled": true,
	"op": "replace",
    "path": "/groundTransform",
    "value": {
		"translation": { "x": 0, "y": 0, "z": 0 },
		"rotation": { "x": 93, "y": -17, "z": -180 },
		"origin": { "x": 0.5, "y": 0, "z": 0.4 },
		"scale": 2.77
	},
    "dependsOn": [ { "modid": "butchering" } ]
  },
  {
//Прописуєм як лежить на землі тушка
    "file": "butchering:itemtypes/butchercreatures/lichen/gemsbok.json",
	"enabled": true,
	"op": "replace",
    "path": "/tpHandTransform",
    "value": {
		"translation": { "x": -1.2, "y": -0.7, "z": -1 },
		"rotation": { "x": 12, "y": 169, "z": 23 },
		"scale": 0.41
	},
    "dependsOn": [ { "modid": "butchering" } ]
  },
  {
//Прописуєм як лежить на землі тушка
    "file": "butchering:itemtypes/butchercreatures/lichen/gemsbok.json",
	"enabled": true,
	"op": "replace",
    "path": "/guiTransform",
    "value": {
		"translation": { "x": 0, "y": 2, "z": 0 },
		"rotation": { "x": -137, "y": 0, "z": -39 },
		"scale": 0.81
	},
    "dependsOn": [ { "modid": "butchering" } ]
  },
	{ 
//Додаємо можливість столу для обробки з моду Butchering братися як скрині з модом CarryON
		"file": "butchering:blocktypes/butchertable.json",
		"enabled": true,
		"side": "Server",
		"op": "add", 
		"path": "/behaviors/-", 
		"value": {
		  "name": "Carryable",
		  "properties": {
				"interactDelay": 0.8,
				"slots": {
					"Hands": { 
							"animation": "carryon:holdlight", 
							"walkSpeedModifier": -0.5, 
							"translation": [ -1.0, 0, 0.0 ],
							"rotation": [ 0, -90, 0 ],
							"scale": 0.2
						},
				}
			}
		},
		"dependsOn": [ { "modid": "butchering" }, { "modid": "carryon" } ]
	},
  {
//Залежність від моду Butchering для рекрафту гачка
    "file": "fendragonsmp:recipes/grid/all-recraft/all-recraft-other.json",
	"enabled": true,
	"op": "replace",
    "path": "/47/enabled",
    "value": true,
    "dependsOn": [ { "modid": "butchering" } ]
  },
]