[
  {
//Додаємо в рецепти кліток з моду 'Animal Сages' сортування на 1 групу (2 група віддана на рецепти ВСІМ)
    "file": "animalcages:recipes/grid/smallanimalcage.json",
	"enabled": true,
	"op": "add",
    "path": "/recipeGroup",
    "value": 1,
    "dependsOn": [ { "modid": "animalcages" } ]
  },
  {
    "file": "animalcages:recipes/grid/mediumanimalcage.json",
	"enabled": true,
	"op": "add",
    "path": "/recipeGroup",
    "value": 1,
    "dependsOn": [ { "modid": "animalcages" } ]
  },
  {
//Додаємо в рецепти кліток з моду 'Animal Сages' злитки міді на прути з міді
    "file": "animalcages:recipes/grid/mediumanimalcage.json",
	"enabled": true,
	"op": "replace",
    "path": "/ingredients/C/code",
    "value": "game:rod-copper",
    "dependsOn": [ { "modid": "animalcages" } ]
  },
  {
//Додаємо в рецепти кліток з моду 'Animal Сages' два злитки міді
    "file": "animalcages:recipes/grid/mediumanimalcage.json",
	"enabled": true,
	"op": "replace",
    "path": "/ingredients/C/quantity",
    "value": 2,
    "dependsOn": [ { "modid": "animalcages" } ]
  },
]