[
	{
//Пропис ВСІХ торговців на торгівельний коврик
	"enabled": true,
	"side": "Server",	
	"file": "usefulstuff:blocktypes/welcomemat.json",
	"op": "replace", 
	"path": "/attributes/merchants", 
	"value": [
				"humanoid-trader-kitchenware", 
				"humanoid-trader-foods", 
				"humanoid-trader-luxuries", 
				"humanoid-trader-survivalgoods", 
				"humanoid-trader-treasurehunter", 
				"humanoid-trader-clothing", 
				"humanoid-trader-artisan",					
				"humanoid-trader-commodities",
				"humanoid-trader-avanturist",
				"humanoid-trader-technolog",
				"humanoid-trader-fermer",
				"humanoid-trader-onuchar",
				"humanoid-trader-alhimik",
			]
	},
	{
//Пропис НАШИХ торговців на торгівельний коврик - ВИКЛЮЧЕНО
	"enabled": false,
	"side": "Server",	
	"file": "usefulstuff:blocktypes/welcomemat.json",
	"op": "add", 
	"path": "/attributes/merchants", 
	"value": [
			"humanoid-trader-avanturist",
			"humanoid-trader-technolog",
			"humanoid-trader-fermer",
			"humanoid-trader-onuchar",
			"humanoid-trader-alhimik",
			"humanoid-trader-decor-item",
			"humanoid-trader-decor-staff"
		]
	},
	{
//Пропис торговцям мінімальну кількість днів
	"enabled": true,
	"side": "Server",	
	"file": "usefulstuff:blocktypes/welcomemat.json",
	"op": "replace", 
	"path": "/attributes/minTravelDays", 
	"value": 2
	},
	{
//Пропис торговцям максимальну кількість днів
	"enabled": true,
	"side": "Server",	
	"file": "usefulstuff:blocktypes/welcomemat.json",
	"op": "replace", 
	"path": "/attributes/maxTravelDays", 
	"value": 5
	},
	{
//Пропис торговців на 3 дні стояння на одному місці
	"enabled": true,
	"side": "Server",	
	"file": "usefulstuff:blocktypes/welcomemat.json",
	"op": "replace", 
	"path": "/attributes/stayDays", 
	"value": 3
	},
	{
//Вимкнення рецептів крафту тенту з моду для переробки під себе
	"enabled": true,	
	"file": "usefulstuff:recipes/grid/tentbag.json",
	"op": "add", 
	"path": "/0/enabled", 
	"value": false
	},
	{
	"enabled": true,	
	"file": "usefulstuff:recipes/grid/tentbag.json",
	"op": "add", 
	"path": "/1/enabled", 
	"value": false
	},
	{
	"enabled": true,	
	"file": "usefulstuff:recipes/grid/tentbag.json",
	"op": "add", 
	"path": "/2/enabled", 
	"value": false
	},
	{
//Додавання в пічку для випалювання різної деревини
	"enabled": true,	
	"file": "usefulstuff:blocktypes/firebox.json",
	"op": "replace", 
	"path": "/attributes/fuelTypes", 
	"value": {
			"firewood": 32,
			"firewood-birch" : 32,
			"firewood-maple" : 32,
			"firewood-pine" : 32,
			"firewood-acacia" : 32,
			"firewood-kapok" : 32,
			"firewood-redwood" : 32,
			"firewood-baldcypress" : 32,
			"firewood-larch" : 32,
			"firewood-ebony" : 32,
			"firewood-walnut" : 32,
			"firewood-purpleheart" : 32,
			"agedfirewood": 32,
			"peatbrick" : 16,
			"charcoal" : 8,
			"ore-bituminouscoal" : 8,
			"ore-lignite" : 8
			
		}
	},
	{
//Додавання в заборону при пакуванні тенту блоків
	"file": "usefulstuff:itemtypes/tentbag.json",
	"enabled": true,
	"op": "add", 
	"path": "/attributes/bannedBlocks", 
	"value": [
			"butchering:butcherhook-*",
			"butchering:butchertableadvanced-*",
			"butchering:butchertable-*",
			"butchering:butchertableprimitive-*",
			"butchering:temporalbutcherbox-*"
		]
	},
	{
//Пропис торгівцям щоб не їли зерна, сирих овочей й ягід
	"enabled": true,
	"side": "Server",	
	"file": "usefulstuff:blocktypes/welcomemat.json",
	"op": "add", 
	"path": "/attributes/badFood", 
	"value": [
			"game:grain-spelt",
			"game:grain-rice",
			"game:grain-flax",
			"game:grain-rye",
			"game:grain-amaranth",
			"game:grain-sunflower",
			"game:vegetable-carrot",
			"game:vegetable-cabbage",
			"game:vegetable-onion",
			"game:vegetable-turnip",
			"game:vegetable-parsnip",
			"game:vegetable-cassava",
			"game:rawcassava-raw",
			"game:fruit-blueberry",
			"game:fruit-cranberry",
			"game:fruit-redcurrant",
			"game:fruit-whitecurrant",
			"game:fruit-blackcurrant",
		]
	},
	{
//Вимкнення рецептів крафту 'Килимка торгівця'
	"enabled": true,	
	"file": "usefulstuff:recipes/grid/mat.json",
	"side": "Server",
	"op": "replace", 
	"path": "/0/enabled", 
	"value": false
	},
	{
	"enabled": true,	
	"file": "usefulstuff:recipes/grid/mat.json",
	"side": "Server",
	"op": "replace", 
	"path": "/1/enabled", 
	"value": false
	},
]