[
  {
//Видаляємо крафт з моду WildFarmingRevival для отримання насіння з ягід - smallberrybush
    "file": "wildfarmingrevival:recipes/grid/fruitseeds.json",
	"enabled": true,
	"op": "replace",
    "path": "/0/enabled",
    "value": false,
    "dependsOn": [ { "modid": "wildfarmingrevival" } ]
  },  
  {
//Видаляємо крафт з моду WildFarmingRevival для отримання насіння з ягід - bigberrybush
    "file": "wildfarmingrevival:recipes/grid/fruitseeds.json",
	"enabled": true,
	"op": "replace",
    "path": "/1/enabled",
    "value": false,
    "dependsOn": [ { "modid": "wildfarmingrevival" } ]
  }, 
  {
//Видаляємо крафт з моду WildFarmingRevival для отримання насіння з ягід - seeds-pineapple
    "file": "wildfarmingrevival:recipes/grid/fruitseeds.json",
	"enabled": true,
	"op": "replace",
    "path": "/2/enabled",
    "value": false,
    "dependsOn": [ { "modid": "wildfarmingrevival" } ]
  },
	  {
	//Видаляємо крафт з моду WildFarmingRevival для отримання рогозу, щоб використовувалась вода з відра.
		"file": "wildfarmingrevival:recipes/grid/reedroots.json",
		"enabled": true,
		"op": "remove",
		"path": "/0/attributes/liquidContainerProps/requiresQuantity",
		"value": null,
		"dependsOn": [ { "modid": "wildfarmingrevival" } ]
	  },
	  {
	//Видаляємо крафт з моду WildFarmingRevival для отримання папірусу, щоб використовувалась вода з відра.
		"file": "wildfarmingrevival:recipes/grid/reedroots.json",
		"enabled": true,
		"op": "remove",
		"path": "/1/attributes/liquidContainerProps/requiresQuantity",
		"value": null,
		"dependsOn": [ { "modid": "wildfarmingrevival" } ]
	  },
	  {
	//Додаємо в крафт з моду WildFarmingRevival для отримання рогозу, щоб використовувалась вода з відра.
		"file": "wildfarmingrevival:recipes/grid/reedroots.json",
		"enabled": true,
		"op": "add",
		"path": "/0/attributes/liquidContainerProps/requiresLitres",
		"value": 5,
		"dependsOn": [ { "modid": "wildfarmingrevival" } ]
	  },
	  {
	//Додаємо в крафт з моду WildFarmingRevival для отримання папірусу, щоб використовувалась вода з відра.
		"file": "wildfarmingrevival:recipes/grid/reedroots.json",
		"enabled": true,
		"op": "add",
		"path": "/1/attributes/liquidContainerProps/requiresLitres",
		"value": 5,
		"dependsOn": [ { "modid": "wildfarmingrevival" } ]
	  },
]