[
  {
//прибираємо каркас/скелет який випадає з рибок моду 'Decaying Creatures'
    "file": "rottingenimals:entities/water/rustybass.json",
	"enabled": true,
	"op": "remove",
    "path": "/server/behaviors/4/decayedBlock",
    "value": null,
    "dependsOn": [ { "modid": "decayingcreatures" } ]
  },
  {
//Змінюємо дроп луту з рибок моду 'Decaying Creatures' - Ржава шестерня
    "file": "rottingenimals:entities/water/rustybass.json",
	"enabled": true,
	"op": "replace",
    "path": "/server/behaviors/6/drops/0/quantity/avg",
    "value": 0.25,
    "dependsOn": [ { "modid": "decayingcreatures" } ]
  },
  {
    "file": "rottingenimals:entities/water/rustybass.json",
	"enabled": true,
	"op": "replace",
    "path": "/server/behaviors/6/drops/0/quantity/var",
    "value": 0.15,
    "dependsOn": [ { "modid": "decayingcreatures" } ]
  },
  {
// - Металолом / Металобрухт / Чермет
    "file": "rottingenimals:entities/water/rustybass.json",
	"enabled": true,
	"op": "replace",
    "path": "/server/behaviors/6/drops/2/quantity/avg",
    "value": 0.25,
    "dependsOn": [ { "modid": "decayingcreatures" } ]
  },
  {
    "file": "rottingenimals:entities/water/rustybass.json",
	"enabled": true,
	"op": "replace",
    "path": "/server/behaviors/6/drops/2/quantity/var",
    "value": 0.15,
    "dependsOn": [ { "modid": "decayingcreatures" } ]
  },
  {
// - Металолом / Металобрухт / Чермет
    "file": "rottingenimals:entities/water/rustybass.json",
	"enabled": true,
	"op": "add",
    "path": "/server/behaviors/6/drops/-",
    "value": {
				"type": "item",
				"code": "fendragonsmp:pice-of-gear",
				"quantity": { "avg": 1.5, "var": 1.5 }
			},
    "dependsOn": [ { "modid": "decayingcreatures" } ]
  },
  
  {
//Патчимо файл конфігу на підземку від Канахаку 
    "file": "game:worldgen/schematics/underground/embryocave/thehardtofindone.json",
	"enabled": true,
	"op": "replace",
    "path": "/ItemCodes",
    "value": {
        "2055": "game:spear-boar-ruined",
        "1836": "game:axe-bardiche-ruined",
        "1866": "game:blade-arming-ruined",
        "2056": "game:spear-voulge-ruined",
        "1867": "game:blade-claymore-ruined",
        "1897": "game:club-warhammer-ruined",
        "1950": "game:knife-khanjar-ruined",
        "2516": "game:clothes-foot-prisoner-binds",
        "348": "game:stackrandomizer-mines",
        "347": "game:stackrandomizer-library"
    },
    "dependsOn": [ { "modid": "decayingcreatures" } ]
  },
  
  {
//Виключаємо структуру з яйцем ціляком
    "file": "game:worldgen/schematics/underground/embryocave/thehardtofindone.json",
	"enabled": true,
	"op": "add",
    "path": "/enabled",
    "value":false,
    "dependsOn": [ { "modid": "decayingcreatures" } ]
  },
  {
//Виключаємо структуру з генерації
    "file": "rottingenimals:patches/modconfig/underground.json",
	"enabled": true,
	"op": "add",
    "path": "/0/enabled",
    "value":false,
    "dependsOn": [ { "modid": "decayingcreatures" } ]
  },
]