[
	{
//Змінна на дроп вирощеного врожаю
		"op": "add",
		"path": "/dropsByType/*-8/1/dropModbyStat",
		"value": "produceDropRate",
		"file": "blocktypes/plant/crop/amaranth.json"
	  },
	  {
		"op": "add",
		"path": "/dropsByType/*-9/1/dropModbyStat",
		"value": "produceDropRate",
		"file": "blocktypes/plant/crop/amaranth.json"
	  },
	  /*{//Заблокований патч для перцю
		"op": "add",
		"path": "/dropsByType/*-18/1/dropModbyStat",
		"value": "produceDropRate",
		"file": "blocktypes/plant/crop/bellpepper.json"
	  },*/
	  {
		"op": "add",
		"path": "/dropsByType/*-11/1/dropModbyStat",
		"value": "produceDropRate",
		"file": "blocktypes/plant/crop/cabbage.json"
	  },
	  {
		"op": "add",
		"path": "/dropsByType/*-12/1/dropModbyStat",
		"value": "produceDropRate",
		"file": "blocktypes/plant/crop/cabbage.json"
	  },
	  {
		"op": "add",
		"path": "/dropsByType/*-6/1/dropModbyStat",
		"value": "produceDropRate",
		"file": "blocktypes/plant/crop/carrot.json"
	  },
	  {
		"op": "add",
		"path": "/dropsByType/*-7/1/dropModbyStat",
		"value": "produceDropRate",
		"file": "blocktypes/plant/crop/carrot.json"
	  },
	  {
		"op": "add",
		"path": "/dropsByType/*-8/1/dropModbyStat",
		"value": "produceDropRate",
		"file": "blocktypes/plant/crop/cassava.json"
	  },
	  {
		"op": "add",
		"path": "/dropsByType/*-9/1/dropModbyStat",
		"value": "produceDropRate",
		"file": "blocktypes/plant/crop/cassava.json"
	  },
	  {
		"op": "add",
		"path": "/dropsByType/*-9/1/dropModbyStat",
		"value": "produceDropRate",
		"file": "blocktypes/plant/crop/flax.json"
	  },
	  {
		"op": "add",
		"path": "/dropsByType/*-9/2/dropModbyStat",
		"value": "produceDropRate",
		"file": "blocktypes/plant/crop/flax.json"
	  },
	  {
		"op": "add",
		"path": "/dropsByType/*-6/1/dropModbyStat",
		"value": "produceDropRate",
		"file": "blocktypes/plant/crop/onion.json"
	  },
	  {
		"op": "add",
		"path": "/dropsByType/*-7/1/dropModbyStat",
		"value": "produceDropRate",
		"file": "blocktypes/plant/crop/onion.json"
	  },
	  {
		"op": "add",
		"path": "/dropsByType/*-7/1/dropModbyStat",
		"value": "produceDropRate",
		"file": "blocktypes/plant/crop/parsnip.json"
	  },
	  {
		"op": "add",
		"path": "/dropsByType/*-8/1/dropModbyStat",
		"value": "produceDropRate",
		"file": "blocktypes/plant/crop/parsnip.json"
	  },
	  {
		"op": "add",
		"path": "/dropsByType/*-8/1/dropModbyStat",
		"value": "produceDropRate",
		"file": "blocktypes/plant/crop/peanut.json"
	  },
	  {
		"op": "add",
		"path": "/dropsByType/*-9/1/dropModbyStat",
		"value": "produceDropRate",
		"file": "blocktypes/plant/crop/peanut.json"
	  },
	  {
		"op": "add",
		"path": "/dropsByType/*-16/1/dropModbyStat",
		"value": "produceDropRate",
		"file": "blocktypes/plant/crop/pineapple.json"
	  },
	  {
		"op": "add",
		"path": "/dropsByType/*-10/1/dropModbyStat",
		"value": "produceDropRate",
		"file": "blocktypes/plant/crop/rice.json"
	  },
	  {
		"op": "add",
		"path": "/dropsByType/*-9/1/dropModbyStat",
		"value": "produceDropRate",
		"file": "blocktypes/plant/crop/rye.json"
	  },
	  {
		"op": "add",
		"path": "/dropsByType/*-10/1/dropModbyStat",
		"value": "produceDropRate",
		"file": "blocktypes/plant/crop/soybean.json"
	  },
	  {
		"op": "add",
		"path": "/dropsByType/*-11/1/dropModbyStat",
		"value": "produceDropRate",
		"file": "blocktypes/plant/crop/soybean.json"
	  },
	  {
		"op": "add",
		"path": "/dropsByType/*-9/1/dropModbyStat",
		"value": "produceDropRate",
		"file": "blocktypes/plant/crop/spelt.json"
	  },
	  {
		"op": "add",
		"path": "/dropsByType/*-12/1/dropModbyStat",
		"value": "produceDropRate",
		"file": "blocktypes/plant/crop/sunflower.json"
	  },
	  {
		"op": "add",
		"path": "/dropsByType/*-4/1/dropModbyStat",
		"value": "produceDropRate",
		"file": "blocktypes/plant/crop/turnip.json"
	  },
	  {
		"op": "add",
		"path": "/dropsByType/*-5/1/dropModbyStat",
		"value": "produceDropRate",
		"file": "blocktypes/plant/crop/turnip.json"
	  },
 	{
//Риса на крафт Димника з моду PrimitiveSurvival
	 "file": "primitivesurvival:recipes/grid/smoker.json",
	 "op": "add",
	 "path": "/requiresTrait",
	 "value": "remisnik"
	},
 {
//Риса на крафт полотняних рюкзаків з моду FendragonBCS
	"file": "fendragonbcs:recipes/grid/fbcs-crafts.json",
	"op": "add",
	"path": "/12/requiresTrait",
	"value": "remisnik"
 },
  	{
		"file": "fendragonbcs:recipes/grid/fbcs-crafts.json",
		"op": "add",
		"path": "/13/requiresTrait",
		"value": "remisnik"
	},
 {
	"file": "fendragonbcs:recipes/grid/fbcs-crafts.json",
	"op": "add",
	"path": "/14/requiresTrait",
	"value": "remisnik"
 },
   	{
		"file": "fendragonbcs:recipes/grid/fbcs-crafts.json",
		"op": "add",
		"path": "/15/requiresTrait",
		"value": "remisnik"
	},
 {
	"file": "fendragonbcs:recipes/grid/fbcs-crafts.json",
	"op": "add",
	"path": "/16/requiresTrait",
	"value": "remisnik"
 },
    {
		"file": "fendragonbcs:recipes/grid/fbcs-crafts.json",
		"op": "add",
		"path": "/17/requiresTrait",
		"value": "remisnik"
	},
 {
	"file": "fendragonbcs:recipes/grid/fbcs-crafts.json",
	"op": "add",
	"path": "/18/requiresTrait",
	"value": "remisnik"
 },
    {
		"file": "fendragonbcs:recipes/grid/fbcs-crafts.json",
		"op": "add",
		"path": "/19/requiresTrait",
		"value": "remisnik"
	},
 {
	"file": "fendragonbcs:recipes/grid/fbcs-crafts.json",
	"op": "add",
	"path": "/20/requiresTrait",
	"value": "remisnik"
 },
    {
		"file": "fendragonbcs:recipes/grid/fbcs-crafts.json",
		"op": "add",
		"path": "/22/requiresTrait",
		"value": "remisnik"
	},
 {
	"file": "fendragonbcs:recipes/grid/fbcs-crafts.json",
	"op": "add",
	"path": "/24/requiresTrait",
	"value": "remisnik"
 },
   	{
		"file": "fendragonbcs:recipes/grid/fbcs-crafts.json",
		"op": "add",
		"path": "/26/requiresTrait",
		"value": "remisnik"
	},
 {
	"file": "fendragonbcs:recipes/grid/fbcs-crafts.json",
	"op": "add",
	"path": "/28/requiresTrait",
	"value": "remisnik"
 },
   	{
		"file": "fendragonbcs:recipes/grid/fbcs-crafts.json",
		"op": "add",
		"path": "/38/requiresTrait",
		"value": "remisnik"
	},
 {
	"file": "fendragonbcs:recipes/grid/fbcs-crafts.json",
	"op": "add",
	"path": "/39/requiresTrait",
	"value": "remisnik"
 },
   	{
		"file": "fendragonbcs:recipes/grid/fbcs-crafts.json",
		"op": "add",
		"path": "/40/requiresTrait",
		"value": "remisnik"
	},
 {
	"file": "fendragonbcs:recipes/grid/fbcs-crafts.json",
	"op": "add",
	"path": "/41/requiresTrait",
	"value": "remisnik"
 },
   	{
		"file": "fendragonbcs:recipes/grid/fbcs-crafts.json",
		"op": "add",
		"path": "/42/requiresTrait",
		"value": "remisnik"
	},
 {
	"file": "fendragonbcs:recipes/grid/fbcs-crafts.json",
	"op": "add",
	"path": "/43/requiresTrait",
	"value": "remisnik"
 },
   	{
		"file": "fendragonbcs:recipes/grid/fbcs-crafts.json",
		"op": "add",
		"path": "/44/requiresTrait",
		"value": "remisnik"
	},
 {
	"file": "fendragonbcs:recipes/grid/fbcs-crafts.json",
	"op": "add",
	"path": "/45/requiresTrait",
	"value": "remisnik"
 },
   	{
		"file": "fendragonbcs:recipes/grid/fbcs-crafts.json",
		"op": "add",
		"path": "/46/requiresTrait",
		"value": "remisnik"
	},
	
	{
//Риса для крафту броні з полотен (Припасовані)
	 "file": "game:recipes/grid/armor/tailoredgambeson.json", 
	 "op": "replace",
	 "path": "/0/requiresTrait",
	 "value": "remisnik" 
	},
	{
	 "file": "game:recipes/grid/armor/tailoredgambeson.json", 
	 "op": "replace",
	 "path": "/1/requiresTrait",
	 "value": "remisnik" 
	},
	{
	 "file": "game:recipes/grid/armor/tailoredgambeson.json", 
	 "op": "replace",
	 "path": "/2/requiresTrait",
	 "value": "remisnik" 
	},
	{
//Риса для крафту Набір для шиття
	 "file": "game:recipes/grid/sewingkit.json",
	 "op": "replace",
	 "path": "/requiresTrait",
	 "value": "remisnik" 
	},
	{
//Риса на крафт зброї з моду Kanahaku
		"file": "spearexpantion:recipes/grid/seax.json",
		"op": "add",
		"path": "/requiresTrait",
		"value": "remisnik"
	},
	{
		"file": "spearexpantion:recipes/grid/bartkahead.json",
		"op": "add",
		"path": "/requiresTrait",
		"value": "remisnik"
	},
	{
		"file": "spearexpantion:recipes/grid/villager/pitchforkk.json",
		"op": "add",
		"path": "/requiresTrait",
		"value": "remisnik"
	},
	{
		"file": "spearexpantion:recipes/grid/villager/scythespear.json",
		"op": "add",
		"path": "/requiresTrait",
		"value": "remisnik"
	},
	{
//Риса на крафт насіння з моду WildFarmingRevival
		"file": "wildfarmingrevival:recipes/grid/cactiseeds.json",
		"op": "add",
		"path": "/0/requiresTrait",
		"value": "remisnik"
	},
	{
		"file": "wildfarmingrevival:recipes/grid/cactiseeds.json",
		"op": "add",
		"path": "/1/requiresTrait",
		"value": "remisnik"
	},
	{
		"file": "wildfarmingrevival:recipes/grid/cactiseeds.json",
		"op": "add",
		"path": "/2/requiresTrait",
		"value": "remisnik"
	},
	{
//Зміна кількості насіння при розрізанні кактусів (мод WildFarming)
		"file": "wildfarmingrevival:recipes/grid/cactiseeds.json",
		"op": "replace",
		"path": "/0/output/quantity",
		"value": 2
	},
	{
		"file": "wildfarmingrevival:recipes/grid/cactiseeds.json",
		"op": "replace",
		"path": "/1/output/quantity",
		"value": 2
	},
	{
		"file": "wildfarmingrevival:recipes/grid/cactiseeds.json",
		"op": "replace",
		"path": "/2/output/quantity",
		"value": 2
	},
	{
//Риса на крафт різнокольорових речей з ванільної гри
	//Black
		"file": "game:recipes/grid/clothes/black.json",
		"op": "replace",
		"path": "/0/requiresTrait",
		"value": "remisnik"
	},
	{
		"file": "game:recipes/grid/clothes/black.json",
		"op": "replace",
		"path": "/1/requiresTrait",
		"value": "remisnik"
	},
	{
		"file": "game:recipes/grid/clothes/black.json",
		"op": "replace",
		"path": "/2/requiresTrait",
		"value": "remisnik"
	},
	{
//Риса на крафт різнокольорових речей з ванільної гри
	//Blue
		"file": "game:recipes/grid/clothes/blue.json",
		"op": "replace",
		"path": "/3/requiresTrait",
		"value": "remisnik"
	},
	{
		"file": "game:recipes/grid/clothes/blue.json",
		"op": "replace",
		"path": "/4/requiresTrait",
		"value": "remisnik"
	},
	{
		"file": "game:recipes/grid/clothes/blue.json",
		"op": "replace",
		"path": "/5/requiresTrait",
		"value": "remisnik"
	},
	{
		"file": "game:recipes/grid/clothes/blue.json",
		"op": "replace",
		"path": "/6/requiresTrait",
		"value": "remisnik"
	},
	{
		"file": "game:recipes/grid/clothes/blue.json",
		"op": "replace",
		"path": "/7/requiresTrait",
		"value": "remisnik"
	},
	{
		"file": "game:recipes/grid/clothes/blue.json",
		"op": "replace",
		"path": "/8/requiresTrait",
		"value": "remisnik"
	},
	{
		"file": "game:recipes/grid/clothes/blue.json",
		"op": "replace",
		"path": "/9/requiresTrait",
		"value": "remisnik"
	},
	{
		"file": "game:recipes/grid/clothes/blue.json",
		"op": "replace",
		"path": "/10/requiresTrait",
		"value": "remisnik"
	},
	{
		"file": "game:recipes/grid/clothes/blue.json",
		"op": "replace",
		"path": "/11/requiresTrait",
		"value": "remisnik"
	},
	{
//Риса на крафт різнокольорових речей з ванільної гри
	//Green
		"file": "game:recipes/grid/clothes/green.json",
		"op": "replace",
		"path": "/1/requiresTrait",
		"value": "remisnik"
	},
	{
		"file": "game:recipes/grid/clothes/green.json",
		"op": "replace",
		"path": "/2/requiresTrait",
		"value": "remisnik"
	},
	{
		"file": "game:recipes/grid/clothes/green.json",
		"op": "replace",
		"path": "/3/requiresTrait",
		"value": "remisnik"
	},
	{
		"file": "game:recipes/grid/clothes/green.json",
		"op": "replace",
		"path": "/4/requiresTrait",
		"value": "remisnik"
	},
	{
		"file": "game:recipes/grid/clothes/green.json",
		"op": "replace",
		"path": "/5/requiresTrait",
		"value": "remisnik"
	},
	{
//Риса на крафт різнокольорових речей з ванільної гри
	//Pink
		"file": "game:recipes/grid/clothes/pink.json",
		"op": "replace",
		"path": "/1/requiresTrait",
		"value": "remisnik"
	},
	{
		"file": "game:recipes/grid/clothes/pink.json",
		"op": "replace",
		"path": "/2/requiresTrait",
		"value": "remisnik"
	},
	{
//Риса на крафт різнокольорових речей з ванільної гри
	//Plain
		"file": "game:recipes/grid/clothes/plain.json",
		"op": "replace",
		"path": "/3/requiresTrait",
		"value": "remisnik"
	},
	{
		"file": "game:recipes/grid/clothes/plain.json",
		"op": "replace",
		"path": "/4/requiresTrait",
		"value": "remisnik"
	},
	{
		"file": "game:recipes/grid/clothes/plain.json",
		"op": "replace",
		"path": "/5/requiresTrait",
		"value": "remisnik"
	},
	{
		"file": "game:recipes/grid/clothes/plain.json",
		"op": "replace",
		"path": "/6/requiresTrait",
		"value": "remisnik"
	},
	{
		"file": "game:recipes/grid/clothes/plain.json",
		"op": "replace",
		"path": "/7/requiresTrait",
		"value": "remisnik"
	},
	{
		"file": "game:recipes/grid/clothes/plain.json",
		"op": "replace",
		"path": "/8/requiresTrait",
		"value": "remisnik"
	},
	{
		"file": "game:recipes/grid/clothes/plain.json",
		"op": "add",
		"path": "/9/requiresTrait",
		"value": "remisnik"
	},
	{
		"file": "game:recipes/grid/clothes/plain.json",
		"op": "replace",
		"path": "/10/requiresTrait",
		"value": "remisnik"
	},
	{
//Риса на крафт різнокольорових речей з ванільної гри
	//Purple
		"file": "game:recipes/grid/clothes/purple.json",
		"op": "replace",
		"path": "/0/requiresTrait",
		"value": "remisnik"
	},
	{
		"file": "game:recipes/grid/clothes/purple.json",
		"op": "replace",
		"path": "/1/requiresTrait",
		"value": "remisnik"
	},
	{
		"file": "game:recipes/grid/clothes/purple.json",
		"op": "replace",
		"path": "/2/requiresTrait",
		"value": "remisnik"
	},
	{
//Риса на крафт різнокольорових речей з ванільної гри
	//Red
		"file": "game:recipes/grid/clothes/red.json",
		"op": "replace",
		"path": "/1/requiresTrait",
		"value": "remisnik"
	},
	{
		"file": "game:recipes/grid/clothes/red.json",
		"op": "replace",
		"path": "/2/requiresTrait",
		"value": "remisnik"
	},
	{
		"file": "game:recipes/grid/clothes/red.json",
		"op": "replace",
		"path": "/3/requiresTrait",
		"value": "remisnik"
	},
	{
		"file": "game:recipes/grid/clothes/red.json",
		"op": "replace",
		"path": "/4/requiresTrait",
		"value": "remisnik"
	},
	{
		"file": "game:recipes/grid/clothes/red.json",
		"op": "replace",
		"path": "/5/requiresTrait",
		"value": "remisnik"
	},
	{
		"file": "game:recipes/grid/clothes/red.json",
		"op": "replace",
		"path": "/6/requiresTrait",
		"value": "remisnik"
	},
	{
		"file": "game:recipes/grid/clothes/red.json",
		"op": "replace",
		"path": "/7/requiresTrait",
		"value": "remisnik"
	},
	{
//Риса на крафт/рекрафт полотен зі швами/ромбами й т.д. з ванільної гри
		"file": "game:recipes/grid/linen.json",
		"op": "replace",
		"path": "/1/requiresTrait",
		"value": "remisnik"
	},
	{
		"file": "game:recipes/grid/linen.json",
		"op": "replace",
		"path": "/2/requiresTrait",
		"value": "remisnik"
	},
	{
		"file": "game:recipes/grid/linen.json",
		"op": "replace",
		"path": "/3/requiresTrait",
		"value": "remisnik"
	},
	{
//Риса на крафтщитів з ванільної гри
		"file": "game:recipes/grid/tool/shield.json",
		"op": "replace",
		"path": "/7/requiresTrait",
		"value": "remisnik"
	},
	{
		"file": "game:recipes/grid/tool/shield.json",
		"op": "replace",
		"path": "/8/requiresTrait",
		"value": "remisnik"
	},
	{
		"file": "game:recipes/grid/tool/shield.json",
		"op": "replace",
		"path": "/9/requiresTrait",
		"value": "remisnik"
	},
	{
		"file": "game:recipes/grid/tool/shield.json",
		"op": "replace",
		"path": "/10/requiresTrait",
		"value": "remisnik"
	},
	{
		"file": "game:recipes/grid/tool/shield.json",
		"op": "replace",
		"path": "/11/requiresTrait",
		"value": "remisnik"
	},
	{
		"file": "game:recipes/grid/tool/shield.json",
		"op": "replace",
		"path": "/12/requiresTrait",
		"value": "remisnik"
	},
	{
		"file": "game:recipes/grid/tool/shield.json",
		"op": "replace",
		"path": "/13/requiresTrait",
		"value": "remisnik"
	},
	{
		"file": "game:recipes/grid/tool/shield.json",
		"op": "replace",
		"path": "/14/requiresTrait",
		"value": "remisnik"
	},
	{
		"file": "game:recipes/grid/tool/shield.json",
		"op": "replace",
		"path": "/15/requiresTrait",
		"value": "remisnik"
	},
	{
		"file": "game:recipes/grid/tool/shield.json",
		"op": "replace",
		"path": "/16/requiresTrait",
		"value": "remisnik"
	},
	{
		"file": "game:recipes/grid/tool/shield.json",
		"op": "replace",
		"path": "/17/requiresTrait",
		"value": "remisnik"
	},	
	{
		"file": "game:recipes/grid/tool/shield.json",
		"op": "replace",
		"path": "/20/requiresTrait",
		"value": "remisnik"
	},
	{
		"file": "game:recipes/grid/tool/shield.json",
		"op": "replace",
		"path": "/21/requiresTrait",
		"value": "remisnik"
	},
	{
		"file": "game:recipes/grid/tool/shield.json",
		"op": "replace",
		"path": "/22/requiresTrait",
		"value": "remisnik"
	},
	{
		"file": "game:recipes/grid/tool/shield.json",
		"op": "replace",
		"path": "/23/requiresTrait",
		"value": "remisnik"
	},
	{
		"file": "game:recipes/grid/tool/shield.json",
		"op": "replace",
		"path": "/24/requiresTrait",
		"value": "remisnik"
	},
	{
		"file": "game:recipes/grid/tool/shield.json",
		"op": "replace",
		"path": "/25/requiresTrait",
		"value": "remisnik"
	},
	{
		"file": "game:recipes/grid/tool/shield.json",
		"op": "replace",
		"path": "/26/requiresTrait",
		"value": "remisnik"
	},
	{
		"file": "game:recipes/grid/tool/shield.json",
		"op": "replace",
		"path": "/27/requiresTrait",
		"value": "remisnik"
	},
	{
		"file": "game:recipes/grid/tool/shield.json",
		"op": "replace",
		"path": "/28/requiresTrait",
		"value": "remisnik"
	},
	{
		"file": "game:recipes/grid/tool/shield.json",
		"op": "replace",
		"path": "/29/requiresTrait",
		"value": "remisnik"
	},
	{
		"file": "game:recipes/grid/tool/shield.json",
		"op": "replace",
		"path": "/30/requiresTrait",
		"value": "remisnik"
	},
]