[
  {
//Прибираємо гниття шкіри яке додали в 1.19.8
	"file": "game:itemtypes/resource/hide.json",
	"enabled": true,
    "op": "remove",
    "path": "/transitionablePropsByType/hide-raw-*",
    "side": "Server"
  },
  {
//Прибираємо гниття соленої шкіри яку додали в 1.20
	"file": "game:itemtypes/resource/hide.json",
	"enabled": true,
    "op": "remove",
    "path": "/transitionablePropsByType/hide-salted-*",
    "side": "Server"
  },
]