[
	{
//Додаємо можливість перетирати руди в товкачі (sylvite,borax,sulfur перетира на товкачах 1 руду на 2 порошку, це пропорційно як на жорнах 1руда=2порошку)
	 "file": "game:itemtypes/resource/ore-ungraded.json",
	 "enabled": true,
	 "op": "replace",
	 "path": "/crushingPropsByType",
	 "value": {
			"*-quartz": {
				"crushedStack": { "type": "item", "code": "game:crushed-quartz", "stacksize": 1 },
				"hardnessTier": 2
			},
			"*-olivine": { 
				"crushedStack": { "type": "item", "code": "game:crushed-olivine", "stacksize": 1 },
				"hardnessTier": 3
			},
			"*-cinnabar": { 
				"crushedStack": { "type": "item", "code": "game:crushed-cinnabar", "stacksize": 1 },
				"hardnessTier": 1
			},
			"*-lapislazuli": { 
				"crushedStack": { "type": "item", "code": "game:crushed-lapislazuli", "stacksize": 1 },
				"hardnessTier": 2
			},
			"*-alum": {
				"crushedStack": { "type": "item", "code": "game:crushed-alum", "stacksize": 1 },
				"hardnessTier": 2
			},
			"*-sylvite": {
				"crushedStack": { "type": "item", "code": "game:potash", "stacksize": 2 },
				"hardnessTier": 2
			},
			"*-borax": {
				"crushedStack": { "type": "item", "code": "game:powder-borax", "stacksize": 2 },
				"hardnessTier": 2
			},
			"*-sulfur": {
				"crushedStack": { "type": "item", "code": "game:powder-sulfur", "stacksize": 2 },
				"hardnessTier": 2
			}
		}
	}
]