[
	{
//Збільшення стаків заготовок для сокир
		"file": "game:itemtypes/toolhead/axehead.json",
		"op": "replace", 
		"path": "/maxstacksize", 
		"value": 16
	},
	{
//Збільшення стаків заготовок для мечів
		"file": "game:itemtypes/toolhead/bladehead.json",
		"op": "replace", 
		"path": "/maxstacksize", 
		"value": 16
	},
	{ 
//Збільшення стаків заготовок для молотів
		"file": "game:itemtypes/toolhead/hammerhead.json",
		"op": "replace", 
		"path": "/maxstacksize", 
		"value": 16
	},
	{ 
//Збільшення стаків заготовок для мотик
		"file": "game:itemtypes/toolhead/hoehead.json",
		"op": "replace", 
		"path": "/maxstacksize", 
		"value": 16
	},
	{
//Збільшення стаків заготовок для ножа
		"file": "game:itemtypes/toolhead/knifeblade.json",
		"op": "replace", 
		"path": "/maxstacksize", 
		"value": 16
	},
	{ 
//Збільшення стаків заготовок для кайла
		"file": "game:itemtypes/toolhead/pickaxehead.json",
		"op": "replace", 
		"path": "/maxstacksize", 
		"value": 16
	},
	{
//Збільшення стаків заготовок для геологічного молоту
		"file": "game:itemtypes/toolhead/prospectingpickhead.json",
		"op": "replace", 
		"path": "/maxstacksize", 
		"value": 16
	},
	{
//Збільшення стаків заготовок для пилки
		"file": "game:itemtypes/toolhead/sawblade.json",
		"op": "replace", 
		"path": "/maxstacksize", 
		"value": 16
	},
	{
//Збільшення стаків заготовок для коси
		"file": "game:itemtypes/toolhead/scythehead.json",
		"op": "replace", 
		"path": "/maxstacksize", 
		"value": 16
	},
	{
//Збільшення стаків заготовок для лопати
		"file": "game:itemtypes/toolhead/shovelhead.json",
		"op": "replace", 
		"path": "/maxstacksize", 
		"value": 16
	},
	{
//Збільшення стаків заготовок для спису
		"file": "game:itemtypes/toolhead/spearhead.json",
		"op": "replace", 
		"path": "/maxstacksize", 
		"value": 16
	}
]