[
	{
	//bismuthinite - бісмут
	//cassiterite - олово
	//chromite - хром
	//galena - свинець
	//ilmenite - титан
	//iron - залізо
	//malachite - мідь (зелена)
	//nativecopper - мідь (червона)
	//pentlandite - нікель
	//rhodochrosite - родохрозит
	//sphalerite - цинк
	
//Зміна генерації лімоніту
	"file": "game:worldgen/deposits/metalore/iron.json",
	"enabled": true,
	"side": "Server",
	"op": "replace", 
	"path": "/0/triesPerChunk", 
	"value": 0.008
	},
		{	
		"file": "game:worldgen/deposits/metalore/iron.json",
		"enabled": true,
		"side": "Server",
		"op": "replace", 
		"path": "/0/attributes/radius/avg", 
		"value": 8
		},
			{	
			"file": "game:worldgen/deposits/metalore/iron.json",
			"enabled": true,
			"side": "Server",
			"op": "replace", 
			"path": "/0/attributes/radius/var", 
			"value": 2
			},
				{	
				"file": "game:worldgen/deposits/metalore/iron.json",
				"enabled": true,
				"side": "Server",
				"op": "remove", 
				"path": "/0/attributes/gradeDistribution", 
				"value": null
				},
	{
//Зміна генерації гематиту
	"file": "game:worldgen/deposits/metalore/iron.json",
	"enabled": true,
	"side": "Server",
	"op": "replace", 
	"path": "/1/triesPerChunk", 
	"value": 0.005
	},
		{	
		"file": "game:worldgen/deposits/metalore/iron.json",
		"enabled": true,
		"side": "Server",
		"op": "replace", 
		"path": "/1/attributes/radius/avg", 
		"value": 8
		},
			{	
			"file": "game:worldgen/deposits/metalore/iron.json",
			"enabled": true,
			"side": "Server",
			"op": "replace", 
			"path": "/1/attributes/radius/var", 
			"value": 2
			},
				{	
				"file": "game:worldgen/deposits/metalore/iron.json",
				"enabled": true,
				"side": "Server",
				"op": "remove", 
				"path": "/1/attributes/gradeDistribution", 
				"value": null
				},
	{
//Зміна генерації магнетиту
	"file": "game:worldgen/deposits/metalore/iron.json",
	"enabled": true,
	"side": "Server",
	"op": "replace", 
	"path": "/2/triesPerChunk", 
	"value": 0.003
	},
		{	
		"file": "game:worldgen/deposits/metalore/iron.json",
		"enabled": true,
		"side": "Server",
		"op": "replace", 
		"path": "/2/attributes/radius/avg", 
		"value": 8
		},
			{	
			"file": "game:worldgen/deposits/metalore/iron.json",
			"enabled": true,
			"side": "Server",
			"op": "replace", 
			"path": "/2/attributes/radius/var", 
			"value": 2
			},
				{	
				"file": "game:worldgen/deposits/metalore/iron.json",
				"enabled": true,
				"side": "Server",
				"op": "remove", 
				"path": "/2/attributes/gradeDistribution", 
				"value": null
				},
	{
//Зміна генерації метеор.заліза
	"file": "game:worldgen/blockpatches/other.json",
	"enabled": true,
	"side": "Server",
	"op": "replace", 
	"path": "/22/chance", 
	"value": 0.00015		//0.015 - ванільне значення
	},
	{
//Зміна генерації лігніту
	"file": "game:worldgen/deposits/coal.json",
	"enabled": true,
	"side": "Server",
	"op": "replace", 
	"path": "/0/triesPerChunk", 
	"value": 4				//8 - ванільне значення
	},
	{
//Зміна генерації бітум
	"file": "game:worldgen/deposits/coal.json",
	"enabled": true,
	"side": "Server",
	"op": "replace", 
	"path": "/1/triesPerChunk", 
	"value": 3.5			//7 - ванільне значення
	},
	{
//Зміна генерації антрацит
	"file": "game:worldgen/deposits/coal.json",
	"enabled": true,
	"side": "Server",
	"op": "replace", 
	"path": "/2/triesPerChunk", 
	"value": 3				//6 - ванільне значення
	},
	{
//Зменшення шансу на спавн кварцевих руд
		"file": "game:worldgen/deposits/mineralore/quartz.json",
		"enabled": true,
		"op": "replace",
		"path": "/0/triesPerChunk",
		"value": 0.25,
		"side": "Server"
	},
]