[
	
	{
//***********************Секції виключені, бо використовується мод - WildFarmingRevival - він замінює спосіб збору з кущів//***********************


//Додавання в квітучі кущі випадання цього ж куща з шансом 33% (малі кущі)
		"file": "game:blocktypes/plant/smallberrybush.json",
		"enabled": false,
		"op": "add", 
		"path": "/behaviorsByType/*-flowering", 
		"value": [ {
			"name": "Harvestable", 
			"properties": { 
			"harvestTime": 0.8, 
			"harvestedStack": { "type": "block", "code": "game:smallberrybush-{type}-empty", "quantity": { "avg": 0.3 } },
			"harvestedBlockCode": "game:smallberrybush-{type}-empty" 
			}
		} ]		
	},	
	{ 
//Додавання в квітучі кущі випадання цього ж куща з шансом 33% (великі кущі)
		"file": "game:blocktypes/plant/bigberrybush.json",
		"enabled": false,
		"op": "add", 
		"path": "/behaviorsByType/*-flowering", 
		"value": [ {
			"name": "Harvestable", 
			"properties": { 
			"harvestTime": 0.8, 
			"harvestedStack": { "type": "block", "code": "game:bigberrybush-{type}-empty", "quantity": { "avg": 0.3 } },
			"harvestedBlockCode": "game:bigberrybush-{type}-empty" 
			}
		} ] 		
	},
	{ 
//Додавання в великі кущі максимальної темеператури	
		"file": "game:blocktypes/plant/bigberrybush.json",
		"enabled": false,
		"op": "replace", 
		"path": "/attributes/resetAboveTemperature", 
		"value": 45
	},	
	{ 
//Додавання в великі кущі максимальної темеператури	
		"file": "game:blocktypes/plant/bigberrybush.json",
		"enabled": false,
		"op": "replace", 
		"path": "/attributes/stopAboveTemperature", 
		"value": 40
	},	
	{ 
//Додавання в великі кущі максимальної темеператури
		"file": "game:blocktypes/plant/bigberrybush.json",
		"enabled": false,
		"op": "replace", 
		"path": "/attributes/revertBlockAboveTemperature", 
		"value": 48
	},
	{ 
//Додавання в малі кущі максимальної темеператури
		"file": "game:blocktypes/plant/smallberrybush.json",
		"enabled": false,
		"op": "replace", 
		"path": "/attributes/resetAboveTemperature", 
		"value": 45
	},	
	{ 
//Додавання в малі кущі максимальної темеператури
		"file": "game:blocktypes/plant/smallberrybush.json",
		"enabled": false,
		"op": "replace", 
		"path": "/attributes/stopAboveTemperature", 
		"value": 40
	},	
	{ 
//Додавання в малі кущі максимальної темеператури
		"file": "game:blocktypes/plant/smallberrybush.json",
		"enabled": false,
		"op": "replace", 
		"path": "/attributes/revertBlockAboveTemperature", 
		"value": 48
	},

	{
//**********************Якщо мод WildfarmingRevival встановлений, то зі збором з кущів з шансом 10%-30% можна зібрати насіння куща**********************

//Додавання в квітучі кущі випадання насіння куща з шансом 10-20% (малі кущі)
		"file": "game:blocktypes/plant/smallberrybush.json",
		"enabled": true,
		"op": "add", 
		"path": "/behaviorsByType/*-flowering", 
		"value": [ 
			{
				"name": "Harvestable", 
				"properties": { 
					"harvestTime": 0.8, 
					"harvestedStack": { "type": "item", "code": "wildfarmingrevival:wildseeds-smallberrybush-{type}-empty", "quantity": { "avg": 0.28 } },
					"harvestedBlockCode": "game:smallberrybush-{type}-empty" 
				}
			} 
		]		
	},
	{
//Додавання в квітучі кущі випадання насіння куща з шансом 10-20% (великі кущі)
		"file": "game:blocktypes/plant/bigberrybush.json",
		"enabled": true,
		"op": "add", 
		"path": "/behaviorsByType/*-flowering", 
		"value": [ 
			{
				"name": "Harvestable", 
				"properties": { 
					"harvestTime": 0.8, 
					"harvestedStack": { "type": "item", "code": "wildfarmingrevival:wildseeds-bigberrybush-{type}-empty", "quantity": { "avg": 0.28 } },
					"harvestedBlockCode": "game:bigberrybush-{type}-empty" 
				}
			} 
		]		
	},
]