﻿[
  {
//Додавання трейдерів до гри
    "file": "game:itemtypes/creature.json",
    "op": "addmerge ",
	"side": "Server",
    "path": "/variantgroups/0/states",
    "value": [
		"humanoid-trader-avanturist",
		"humanoid-trader-technolog",
		"humanoid-trader-fermer",
		"humanoid-trader-onuchar",
		"humanoid-trader-alhimik",
	]
  },
/*  {
    "file": "game:itemtypes/creature.json",    
	"op": "add",
    "path": "/variantgroups/0/states/-",
    "value": "humanoid-trader-technolog",
    "side": "Server"
  },
  {
    "file": "game:itemtypes/creature.json",
    "op": "add",
    "path": "/variantgroups/0/states/-",
    "value": "humanoid-trader-fermer",
    "side": "Server"
  },
  {
    "file": "game:itemtypes/creature.json",
    "op": "add",
    "path": "/variantgroups/0/states/-",
    "value": "humanoid-trader-onuchar",
    "side": "Server"
  },*/
]