[
	{
//Зміна температури плавлення шматочків сталі
		"file": "game:itemtypes/resource/metalbit.json",
		"enabled": true,
		"side": "Server",
		"op": "replace",
		"path": "/combustiblePropsByType/*-steel/meltingPoint",
		"value": 1482
	},
	{
//Зміна температури плавлення шматочків цементованого заліза
		"file": "game:itemtypes/resource/metalbit.json",
		"enabled": true,
		"side": "Server",
		"op": "replace",
		"path": "/combustiblePropsByType/*-blistersteel/meltingPoint",
		"value": 1482
	},
	{
//Зміна температури плавлення шматочків заліза
		"file": "game:itemtypes/resource/metalbit.json",
		"enabled": true,
		"side": "Server",
		"op": "replace",
		"path": "/combustiblePropsByType/*-iron/meltingPoint",
		"value": 1325
	},
	{
//Зміна температури плавлення шматочків метеоритного заліза
		"file": "game:itemtypes/resource/metalbit.json",
		"enabled": true,
		"side": "Server",
		"op": "replace",
		"path": "/combustiblePropsByType/*-meteoriciron/meltingPoint",
		"value": 1325
	}
]