[
   	{
//Додаємо опцію підігріву від ліхтарів
		"file": "game:blocktypes/metal/lantern.json",
		"op": "add",
		"path": "/behaviors/-",
		"value": 
			{ "name": "HeatSource", "properties": { "heatStrength": 7.5 } }
	},
   	{
//Додаємо опцію підігріву від дерев'яних ліхтарів з моду PrimitiveSurvival
		"file": "primitivesurvival:blocktypes/wood/woodlantern.json",
		"op": "add",
		"path": "/behaviors/-",
		"value": 
			{ "name": "HeatSource", "properties": { "heatStrength": 15 } }
	},
   	{
//Додаємо опцію підігріву від тримача факела
		"file": "game:blocktypes/metal/torchholder.json",
		"op": "add",
		"path": "/behaviors/-",
		"value": 
			{ "name": "HeatSource", "properties": { "heatStrength": 5 } }
	},
   	{
//Додаємо опцію підігріву від люстри
		"file": "game:blocktypes/metal/chandelier.json",
		"op": "add",
		"path": "/behaviors/-",
		"value": 
			{ "name": "HeatSource", "properties": { "heatStrength": 5 } }
	},
]