[
	{
//Додавання українських імен торгівцям
		"file": "game:entities/humanoid/trader-agriculture.json",
		"enabled": true,
		"side": "Server",
		"op": "replace",
		"path": "/server/behaviors/0/selectFromRandomName",
		"value": [
			"Олександр", "Максим", "Артем", "Андрій", "Дмитро", "Іван", "Владислав", "Богдан", "Денис", "Роман", "Михайло", "Юрій", "Тарас", "Володимир", "Сергій",
			"Назар", "Ілля", "Ярослав", "Кирило", "Марко", "Антон", "Євген", "Тимофій", "Олег", "Вадим", "Степан", "Василь", "Микита", "Данило", "Олексій", "Валентин",
			"Валерій", "Григорій", "Любомир", "Мирослав", "Святослав", "Захар", "Анатолій", "Ростислав", "Орест", "Лев", "Петро", "Станіслав", "Юліан", "Едуард", "Арсен",
			"Мирон", "Анна", "Софія", "Олександра", "Анастасія", "Марія", "Вікторія", "Катерина", "Олена", "Дарина", "Христина", "Ірина", "Юлія", "Наталія", "Лілія",
			"Ольга", "Єлизавета", "Валентина", "Мирослава", "Надія", "Тамара", "Любов", "Уляна", "Зоряна", "Лідія", "Ілона", "Іванна", "Яна", "Віра", "Оксана",
			"Поліна", "Роксолана", "Стефанія", "Олеся", "Світлана", "Марина", "Вероніка", "Ангеліна", "Аліна", "Галина", "Діана", "Соломія", "Меланія", "Ярослава", "Емілія"		
		],
	},
	{
//Додавання українських імен торгівцям
		"file": "game:entities/humanoid/trader-artisan.json",
		"enabled": true,
		"side": "Server",
		"op": "replace",
		"path": "/server/behaviors/0/selectFromRandomName",
		"value": [
			"Олександр", "Максим", "Артем", "Андрій", "Дмитро", "Іван", "Владислав", "Богдан", "Денис", "Роман", "Михайло", "Юрій", "Тарас", "Володимир", "Сергій",
			"Назар", "Ілля", "Ярослав", "Кирило", "Марко", "Антон", "Євген", "Тимофій", "Олег", "Вадим", "Степан", "Василь", "Микита", "Данило", "Олексій", "Валентин",
			"Валерій", "Григорій", "Любомир", "Мирослав", "Святослав", "Захар", "Анатолій", "Ростислав", "Орест", "Лев", "Петро", "Станіслав", "Юліан", "Едуард", "Арсен",
			"Мирон", "Анна", "Софія", "Олександра", "Анастасія", "Марія", "Вікторія", "Катерина", "Олена", "Дарина", "Христина", "Ірина", "Юлія", "Наталія", "Лілія",
			"Ольга", "Єлизавета", "Валентина", "Мирослава", "Надія", "Тамара", "Любов", "Уляна", "Зоряна", "Лідія", "Ілона", "Іванна", "Яна", "Віра", "Оксана",
			"Поліна", "Роксолана", "Стефанія", "Олеся", "Світлана", "Марина", "Вероніка", "Ангеліна", "Аліна", "Галина", "Діана", "Соломія", "Меланія", "Ярослава", "Емілія"		
		],
	},
	{
//Додавання українських імен торгівцям
		"file": "game:entities/humanoid/trader-buildmaterials.json",
		"enabled": true,
		"side": "Server",
		"op": "replace",
		"path": "/server/behaviors/0/selectFromRandomName",
		"value": [
			"Олександр", "Максим", "Артем", "Андрій", "Дмитро", "Іван", "Владислав", "Богдан", "Денис", "Роман", "Михайло", "Юрій", "Тарас", "Володимир", "Сергій",
			"Назар", "Ілля", "Ярослав", "Кирило", "Марко", "Антон", "Євген", "Тимофій", "Олег", "Вадим", "Степан", "Василь", "Микита", "Данило", "Олексій", "Валентин",
			"Валерій", "Григорій", "Любомир", "Мирослав", "Святослав", "Захар", "Анатолій", "Ростислав", "Орест", "Лев", "Петро", "Станіслав", "Юліан", "Едуард", "Арсен",
			"Мирон", "Анна", "Софія", "Олександра", "Анастасія", "Марія", "Вікторія", "Катерина", "Олена", "Дарина", "Христина", "Ірина", "Юлія", "Наталія", "Лілія",
			"Ольга", "Єлизавета", "Валентина", "Мирослава", "Надія", "Тамара", "Любов", "Уляна", "Зоряна", "Лідія", "Ілона", "Іванна", "Яна", "Віра", "Оксана",
			"Поліна", "Роксолана", "Стефанія", "Олеся", "Світлана", "Марина", "Вероніка", "Ангеліна", "Аліна", "Галина", "Діана", "Соломія", "Меланія", "Ярослава", "Емілія"		
		],
	},
	{
//Додавання українських імен торгівцям
		"file": "game:entities/humanoid/trader-clothing.json",
		"enabled": true,
		"side": "Server",
		"op": "replace",
		"path": "/server/behaviors/0/selectFromRandomName",
		"value": [
			"Олександр", "Максим", "Артем", "Андрій", "Дмитро", "Іван", "Владислав", "Богдан", "Денис", "Роман", "Михайло", "Юрій", "Тарас", "Володимир", "Сергій",
			"Назар", "Ілля", "Ярослав", "Кирило", "Марко", "Антон", "Євген", "Тимофій", "Олег", "Вадим", "Степан", "Василь", "Микита", "Данило", "Олексій", "Валентин",
			"Валерій", "Григорій", "Любомир", "Мирослав", "Святослав", "Захар", "Анатолій", "Ростислав", "Орест", "Лев", "Петро", "Станіслав", "Юліан", "Едуард", "Арсен",
			"Мирон", "Анна", "Софія", "Олександра", "Анастасія", "Марія", "Вікторія", "Катерина", "Олена", "Дарина", "Христина", "Ірина", "Юлія", "Наталія", "Лілія",
			"Ольга", "Єлизавета", "Валентина", "Мирослава", "Надія", "Тамара", "Любов", "Уляна", "Зоряна", "Лідія", "Ілона", "Іванна", "Яна", "Віра", "Оксана",
			"Поліна", "Роксолана", "Стефанія", "Олеся", "Світлана", "Марина", "Вероніка", "Ангеліна", "Аліна", "Галина", "Діана", "Соломія", "Меланія", "Ярослава", "Емілія"		
		],
	},
	{
//Додавання українських імен торгівцям
		"file": "game:entities/humanoid/trader-commodities.json",
		"enabled": true,
		"side": "Server",
		"op": "replace",
		"path": "/server/behaviors/0/selectFromRandomName",
		"value": [
			"Олександр", "Максим", "Артем", "Андрій", "Дмитро", "Іван", "Владислав", "Богдан", "Денис", "Роман", "Михайло", "Юрій", "Тарас", "Володимир", "Сергій",
			"Назар", "Ілля", "Ярослав", "Кирило", "Марко", "Антон", "Євген", "Тимофій", "Олег", "Вадим", "Степан", "Василь", "Микита", "Данило", "Олексій", "Валентин",
			"Валерій", "Григорій", "Любомир", "Мирослав", "Святослав", "Захар", "Анатолій", "Ростислав", "Орест", "Лев", "Петро", "Станіслав", "Юліан", "Едуард", "Арсен",
			"Мирон", "Анна", "Софія", "Олександра", "Анастасія", "Марія", "Вікторія", "Катерина", "Олена", "Дарина", "Христина", "Ірина", "Юлія", "Наталія", "Лілія",
			"Ольга", "Єлизавета", "Валентина", "Мирослава", "Надія", "Тамара", "Любов", "Уляна", "Зоряна", "Лідія", "Ілона", "Іванна", "Яна", "Віра", "Оксана",
			"Поліна", "Роксолана", "Стефанія", "Олеся", "Світлана", "Марина", "Вероніка", "Ангеліна", "Аліна", "Галина", "Діана", "Соломія", "Меланія", "Ярослава", "Емілія"		
		],
	},
	{
//Додавання українських імен торгівцям
		"file": "game:entities/humanoid/trader-furniture.json",
		"enabled": true,
		"side": "Server",
		"op": "replace",
		"path": "/server/behaviors/0/selectFromRandomName",
		"value": [
			"Олександр", "Максим", "Артем", "Андрій", "Дмитро", "Іван", "Владислав", "Богдан", "Денис", "Роман", "Михайло", "Юрій", "Тарас", "Володимир", "Сергій",
			"Назар", "Ілля", "Ярослав", "Кирило", "Марко", "Антон", "Євген", "Тимофій", "Олег", "Вадим", "Степан", "Василь", "Микита", "Данило", "Олексій", "Валентин",
			"Валерій", "Григорій", "Любомир", "Мирослав", "Святослав", "Захар", "Анатолій", "Ростислав", "Орест", "Лев", "Петро", "Станіслав", "Юліан", "Едуард", "Арсен",
			"Мирон", "Анна", "Софія", "Олександра", "Анастасія", "Марія", "Вікторія", "Катерина", "Олена", "Дарина", "Христина", "Ірина", "Юлія", "Наталія", "Лілія",
			"Ольга", "Єлизавета", "Валентина", "Мирослава", "Надія", "Тамара", "Любов", "Уляна", "Зоряна", "Лідія", "Ілона", "Іванна", "Яна", "Віра", "Оксана",
			"Поліна", "Роксолана", "Стефанія", "Олеся", "Світлана", "Марина", "Вероніка", "Ангеліна", "Аліна", "Галина", "Діана", "Соломія", "Меланія", "Ярослава", "Емілія"		
		],
	},
	{
//Додавання українських імен торгівцям
		"file": "game:entities/humanoid/trader-luxuries.json",
		"enabled": true,
		"side": "Server",
		"op": "replace",
		"path": "/server/behaviors/0/selectFromRandomName",
		"value": [
			"Олександр", "Максим", "Артем", "Андрій", "Дмитро", "Іван", "Владислав", "Богдан", "Денис", "Роман", "Михайло", "Юрій", "Тарас", "Володимир", "Сергій",
			"Назар", "Ілля", "Ярослав", "Кирило", "Марко", "Антон", "Євген", "Тимофій", "Олег", "Вадим", "Степан", "Василь", "Микита", "Данило", "Олексій", "Валентин",
			"Валерій", "Григорій", "Любомир", "Мирослав", "Святослав", "Захар", "Анатолій", "Ростислав", "Орест", "Лев", "Петро", "Станіслав", "Юліан", "Едуард", "Арсен",
			"Мирон", "Анна", "Софія", "Олександра", "Анастасія", "Марія", "Вікторія", "Катерина", "Олена", "Дарина", "Христина", "Ірина", "Юлія", "Наталія", "Лілія",
			"Ольга", "Єлизавета", "Валентина", "Мирослава", "Надія", "Тамара", "Любов", "Уляна", "Зоряна", "Лідія", "Ілона", "Іванна", "Яна", "Віра", "Оксана",
			"Поліна", "Роксолана", "Стефанія", "Олеся", "Світлана", "Марина", "Вероніка", "Ангеліна", "Аліна", "Галина", "Діана", "Соломія", "Меланія", "Ярослава", "Емілія"		
		],
	},
	{
//Додавання українських імен торгівцям
		"file": "game:entities/humanoid/trader-survivalgoods.json",
		"enabled": true,
		"side": "Server",
		"op": "replace",
		"path": "/server/behaviors/0/selectFromRandomName",
		"value": [
			"Олександр", "Максим", "Артем", "Андрій", "Дмитро", "Іван", "Владислав", "Богдан", "Денис", "Роман", "Михайло", "Юрій", "Тарас", "Володимир", "Сергій",
			"Назар", "Ілля", "Ярослав", "Кирило", "Марко", "Антон", "Євген", "Тимофій", "Олег", "Вадим", "Степан", "Василь", "Микита", "Данило", "Олексій", "Валентин",
			"Валерій", "Григорій", "Любомир", "Мирослав", "Святослав", "Захар", "Анатолій", "Ростислав", "Орест", "Лев", "Петро", "Станіслав", "Юліан", "Едуард", "Арсен",
			"Мирон", "Анна", "Софія", "Олександра", "Анастасія", "Марія", "Вікторія", "Катерина", "Олена", "Дарина", "Христина", "Ірина", "Юлія", "Наталія", "Лілія",
			"Ольга", "Єлизавета", "Валентина", "Мирослава", "Надія", "Тамара", "Любов", "Уляна", "Зоряна", "Лідія", "Ілона", "Іванна", "Яна", "Віра", "Оксана",
			"Поліна", "Роксолана", "Стефанія", "Олеся", "Світлана", "Марина", "Вероніка", "Ангеліна", "Аліна", "Галина", "Діана", "Соломія", "Меланія", "Ярослава", "Емілія"		
		],
	},
	{
//Додавання українських імен торгівцям
		"file": "game:entities/humanoid/trader-treasurehunter.json",
		"enabled": true,
		"side": "Server",
		"op": "replace",
		"path": "/server/behaviors/0/selectFromRandomName",
		"value": [
			"Олександр", "Максим", "Артем", "Андрій", "Дмитро", "Іван", "Владислав", "Богдан", "Денис", "Роман", "Михайло", "Юрій", "Тарас", "Володимир", "Сергій",
			"Назар", "Ілля", "Ярослав", "Кирило", "Марко", "Антон", "Євген", "Тимофій", "Олег", "Вадим", "Степан", "Василь", "Микита", "Данило", "Олексій", "Валентин",
			"Валерій", "Григорій", "Любомир", "Мирослав", "Святослав", "Захар", "Анатолій", "Ростислав", "Орест", "Лев", "Петро", "Станіслав", "Юліан", "Едуард", "Арсен",
			"Мирон", "Анна", "Софія", "Олександра", "Анастасія", "Марія", "Вікторія", "Катерина", "Олена", "Дарина", "Христина", "Ірина", "Юлія", "Наталія", "Лілія",
			"Ольга", "Єлизавета", "Валентина", "Мирослава", "Надія", "Тамара", "Любов", "Уляна", "Зоряна", "Лідія", "Ілона", "Іванна", "Яна", "Віра", "Оксана",
			"Поліна", "Роксолана", "Стефанія", "Олеся", "Світлана", "Марина", "Вероніка", "Ангеліна", "Аліна", "Галина", "Діана", "Соломія", "Меланія", "Ярослава", "Емілія"		
		],
	},
	{
//Додавання українських імен торгівцям
		"file": "game:entities/humanoid/trader-avanturist.json",
		"enabled": true,
		"side": "Server",
		"op": "replace",
		"path": "/server/behaviors/0/selectFromRandomName",
		"value": [
			"Олександр", "Максим", "Артем", "Андрій", "Дмитро", "Іван", "Владислав", "Богдан", "Денис", "Роман", "Михайло", "Юрій", "Тарас", "Володимир", "Сергій",
			"Назар", "Ілля", "Ярослав", "Кирило", "Марко", "Антон", "Євген", "Тимофій", "Олег", "Вадим", "Степан", "Василь", "Микита", "Данило", "Олексій", "Валентин",
			"Валерій", "Григорій", "Любомир", "Мирослав", "Святослав", "Захар", "Анатолій", "Ростислав", "Орест", "Лев", "Петро", "Станіслав", "Юліан", "Едуард", "Арсен",
			"Мирон", "Анна", "Софія", "Олександра", "Анастасія", "Марія", "Вікторія", "Катерина", "Олена", "Дарина", "Христина", "Ірина", "Юлія", "Наталія", "Лілія",
			"Ольга", "Єлизавета", "Валентина", "Мирослава", "Надія", "Тамара", "Любов", "Уляна", "Зоряна", "Лідія", "Ілона", "Іванна", "Яна", "Віра", "Оксана",
			"Поліна", "Роксолана", "Стефанія", "Олеся", "Світлана", "Марина", "Вероніка", "Ангеліна", "Аліна", "Галина", "Діана", "Соломія", "Меланія", "Ярослава", "Емілія"		
		],
	},
	{
//Додавання українських імен торгівцям
		"file": "game:entities/humanoid/trader-fermer.json",
		"enabled": true,
		"side": "Server",
		"op": "replace",
		"path": "/server/behaviors/0/selectFromRandomName",
		"value": [
			"Олександр", "Максим", "Артем", "Андрій", "Дмитро", "Іван", "Владислав", "Богдан", "Денис", "Роман", "Михайло", "Юрій", "Тарас", "Володимир", "Сергій",
			"Назар", "Ілля", "Ярослав", "Кирило", "Марко", "Антон", "Євген", "Тимофій", "Олег", "Вадим", "Степан", "Василь", "Микита", "Данило", "Олексій", "Валентин",
			"Валерій", "Григорій", "Любомир", "Мирослав", "Святослав", "Захар", "Анатолій", "Ростислав", "Орест", "Лев", "Петро", "Станіслав", "Юліан", "Едуард", "Арсен",
			"Мирон", "Анна", "Софія", "Олександра", "Анастасія", "Марія", "Вікторія", "Катерина", "Олена", "Дарина", "Христина", "Ірина", "Юлія", "Наталія", "Лілія",
			"Ольга", "Єлизавета", "Валентина", "Мирослава", "Надія", "Тамара", "Любов", "Уляна", "Зоряна", "Лідія", "Ілона", "Іванна", "Яна", "Віра", "Оксана",
			"Поліна", "Роксолана", "Стефанія", "Олеся", "Світлана", "Марина", "Вероніка", "Ангеліна", "Аліна", "Галина", "Діана", "Соломія", "Меланія", "Ярослава", "Емілія"		
		],
	},
	{
//Додавання українських імен торгівцям
		"file": "game:entities/humanoid/trader-onuchar.json",
		"enabled": true,
		"side": "Server",
		"op": "replace",
		"path": "/server/behaviors/0/selectFromRandomName",
		"value": [
			"Олександр", "Максим", "Артем", "Андрій", "Дмитро", "Іван", "Владислав", "Богдан", "Денис", "Роман", "Михайло", "Юрій", "Тарас", "Володимир", "Сергій",
			"Назар", "Ілля", "Ярослав", "Кирило", "Марко", "Антон", "Євген", "Тимофій", "Олег", "Вадим", "Степан", "Василь", "Микита", "Данило", "Олексій", "Валентин",
			"Валерій", "Григорій", "Любомир", "Мирослав", "Святослав", "Захар", "Анатолій", "Ростислав", "Орест", "Лев", "Петро", "Станіслав", "Юліан", "Едуард", "Арсен",
			"Мирон", "Анна", "Софія", "Олександра", "Анастасія", "Марія", "Вікторія", "Катерина", "Олена", "Дарина", "Христина", "Ірина", "Юлія", "Наталія", "Лілія",
			"Ольга", "Єлизавета", "Валентина", "Мирослава", "Надія", "Тамара", "Любов", "Уляна", "Зоряна", "Лідія", "Ілона", "Іванна", "Яна", "Віра", "Оксана",
			"Поліна", "Роксолана", "Стефанія", "Олеся", "Світлана", "Марина", "Вероніка", "Ангеліна", "Аліна", "Галина", "Діана", "Соломія", "Меланія", "Ярослава", "Емілія"		
		],
	},
	{
//Додавання українських імен торгівцям
		"file": "game:entities/humanoid/trader-technolog.json",
		"enabled": true,
		"side": "Server",
		"op": "replace",
		"path": "/server/behaviors/0/selectFromRandomName",
		"value": [
			"Олександр", "Максим", "Артем", "Андрій", "Дмитро", "Іван", "Владислав", "Богдан", "Денис", "Роман", "Михайло", "Юрій", "Тарас", "Володимир", "Сергій",
			"Назар", "Ілля", "Ярослав", "Кирило", "Марко", "Антон", "Євген", "Тимофій", "Олег", "Вадим", "Степан", "Василь", "Микита", "Данило", "Олексій", "Валентин",
			"Валерій", "Григорій", "Любомир", "Мирослав", "Святослав", "Захар", "Анатолій", "Ростислав", "Орест", "Лев", "Петро", "Станіслав", "Юліан", "Едуард", "Арсен",
			"Мирон", "Анна", "Софія", "Олександра", "Анастасія", "Марія", "Вікторія", "Катерина", "Олена", "Дарина", "Христина", "Ірина", "Юлія", "Наталія", "Лілія",
			"Ольга", "Єлизавета", "Валентина", "Мирослава", "Надія", "Тамара", "Любов", "Уляна", "Зоряна", "Лідія", "Ілона", "Іванна", "Яна", "Віра", "Оксана",
			"Поліна", "Роксолана", "Стефанія", "Олеся", "Світлана", "Марина", "Вероніка", "Ангеліна", "Аліна", "Галина", "Діана", "Соломія", "Меланія", "Ярослава", "Емілія"		
		],
	},
	{
//Додавання українських імен торгівцям
		"file": "game:entities/humanoid/trader-alhimik.json",
		"enabled": true,
		"side": "Server",
		"op": "replace",
		"path": "/server/behaviors/0/selectFromRandomName",
		"value": [
			"Олександр", "Максим", "Артем", "Андрій", "Дмитро", "Іван", "Владислав", "Богдан", "Денис", "Роман", "Михайло", "Юрій", "Тарас", "Володимир", "Сергій",
			"Назар", "Ілля", "Ярослав", "Кирило", "Марко", "Антон", "Євген", "Тимофій", "Олег", "Вадим", "Степан", "Василь", "Микита", "Данило", "Олексій", "Валентин",
			"Валерій", "Григорій", "Любомир", "Мирослав", "Святослав", "Захар", "Анатолій", "Ростислав", "Орест", "Лев", "Петро", "Станіслав", "Юліан", "Едуард", "Арсен",
			"Мирон", "Анна", "Софія", "Олександра", "Анастасія", "Марія", "Вікторія", "Катерина", "Олена", "Дарина", "Христина", "Ірина", "Юлія", "Наталія", "Лілія",
			"Ольга", "Єлизавета", "Валентина", "Мирослава", "Надія", "Тамара", "Любов", "Уляна", "Зоряна", "Лідія", "Ілона", "Іванна", "Яна", "Віра", "Оксана",
			"Поліна", "Роксолана", "Стефанія", "Олеся", "Світлана", "Марина", "Вероніка", "Ангеліна", "Аліна", "Галина", "Діана", "Соломія", "Меланія", "Ярослава", "Емілія"		
		],
	},
]