[
	{
//Додавання в генерацію світу солодкий перець
	"file": "game:worldgen/blockpatches/crop.json",
	"enabled": true,
	"side": "Server",
	"op": "add", 
	"path": "/-", 
	"value": {
			"comment": "Small patches of bellpepper",
			"blockCodes": ["game:crop-bellpepper-1", "game:crop-bellpepper-2", "game:crop-bellpepper-4", "game:crop-bellpepper-6", "game:crop-bellpepper-8", "game:crop-bellpepper-10", "game:crop-bellpepper-12", "game:crop-bellpepper-14", "game:crop-bellpepper-16"],
			"minTemp": 15,
			"maxTemp": 20,
			"minRain": 0.3,
			"maxRain": 0.65,
			"maxForest": 0.3,
			"quantity": { "avg": 5, "var": 5 },
			"chance": 0.03,
		}
	},
	{
//Додавання дропу солодкого перцю з вирощеної продукції
	"file": "game:blocktypes/plant/crop/bellpepper.json",
	"enabled": true,
	"side": "Server",
	"op": "replace", 
	"path": "/dropsByType", 
	"value": {
			"*-14": [
				{ "type": "item", "code": "game:seeds-bellpepper", "quantity": { "avg": 1.0 }  },
				{ "type": "item", "code": "game:vegetable-bellpepper", "quantity": { "avg": 0.5, "var": 0.5 }, "dropModbyStat": "produceDropRate"  }
			],
			"*-15": [
				{ "type": "item", "code": "game:seeds-bellpepper", "quantity": { "avg": 1.0 }  },
				{ "type": "item", "code": "game:vegetable-bellpepper", "quantity": { "avg": 1.0, "var": 0.3 }, "dropModbyStat": "produceDropRate"  }
			],
			"*-16": [
				{ "type": "item", "code": "game:seeds-bellpepper", "quantity": { "avg": 1.0 }  },
				{ "type": "item", "code": "game:vegetable-bellpepper", "quantity": { "avg": 1.5, "var": 0 }, "dropModbyStat": "produceDropRate"  }
			],
			"*-17": [
				{ "type": "item", "code": "game:seeds-bellpepper", "quantity": { "avg": 1.0 }  },
				{ "type": "item", "code": "game:vegetable-bellpepper", "quantity": { "avg": 1.75, "var": 0.5 }, "dropModbyStat": "produceDropRate"  }
			],
			"*-18": [
				{ "type": "item", "code": "game:seeds-bellpepper", "quantity": { "avg": 1.0 }  },
				{ "type": "item", "code": "game:vegetable-bellpepper", "quantity": { "avg": 5.0, "var": 1.0 }, "dropModbyStat": "produceDropRate"  }	//vanila avg - 0.001 
			],
			"*-19": [
				{ "type": "item", "code": "game:seeds-bellpepper", "quantity": { "avg": 0.5, "var": 0.5 }, "dropModbyStat": "produceDropRate"  }
			],
			"*": [
				{ "type": "item", "code": "game:seeds-bellpepper", "quantity": { "avg": 0.5 }  },
			]
		}
	},
]