[
   	{
_Comment: "Тест",
		"file": "game:blocktypes/plant/crop/amaranth.json",
		"enabled": false,
		"op": "replace",
		"path": "/dropsByType/*/0/quantity/avg",
		"value": 1
	},
   	{
_Comment: "Дроп зерна щириці",
		"file": "game:blocktypes/plant/crop/amaranth.json",
		"enabled": true,
		"op": "replace",
		"path": "/dropsByType/*-8/1/quantity/avg",
		"value": 1
	},
   	{
		"file": "game:blocktypes/plant/crop/amaranth.json",
		"enabled": true,
		"op": "replace",
		"path": "/dropsByType/*-9/1/quantity/avg",
		"value": 4
	},
   	{
_Comment: "Дроп капусти",
		"file": "game:blocktypes/plant/crop/cabbage.json",
		"enabled": true,
		"op": "replace",
		"path": "/dropsByType/*-12/1/quantity/avg",
		"value": 1
	},
   	{
_Comment: "Дроп моркви",
		"file": "game:blocktypes/plant/crop/carrot.json",
		"enabled": true,
		"op": "replace",
		"path": "/dropsByType/*-6/1/quantity/avg",
		"value": 0.5
	},
   	{
		"file": "game:blocktypes/plant/crop/carrot.json",
		"enabled": true,
		"op": "replace",
		"path": "/dropsByType/*-6/1/quantity/var",
		"value": 0.5
	},
   	{
		"file": "game:blocktypes/plant/crop/carrot.json",
		"enabled": true,
		"op": "replace",
		"path": "/dropsByType/*-7/1/quantity/avg",
		"value": 7
	},
   	{
		"file": "game:blocktypes/plant/crop/carrot.json",
		"enabled": true,
		"op": "replace",
		"path": "/dropsByType/*-7/1/quantity/var",
		"value": 1
	},
   	{
_Comment: "Дроп маніоку",
		"file": "game:blocktypes/plant/crop/cassava.json",
		"enabled": true,
		"op": "replace",
		"path": "/dropsByType/*-8/1/quantity/avg",
		"value": 1
	},
   	{
		"file": "game:blocktypes/plant/crop/cassava.json",
		"enabled": true,
		"op": "replace",
		"path": "/dropsByType/*-9/1/quantity/avg",
		"value": 4
	},
   	{
		"file": "game:blocktypes/plant/crop/cassava.json",
		"enabled": true,
		"op": "replace",
		"path": "/dropsByType/*-9/1/quantity/var",
		"value": 1
	},
   	{
_Comment: "Дроп льону",
		"file": "game:blocktypes/plant/crop/flax.json",
		"enabled": true,
		"op": "replace",
		"path": "/dropsByType/*-9/1/quantity/avg",
		"value": 4
	},
	{
		"file": "game:blocktypes/plant/crop/flax.json",
		"enabled": true,
		"op": "replace",
		"path": "/dropsByType/*-9/2/quantity/avg",
		"value": 6
	},
   	{
_Comment: "Дроп цибулі",
		"file": "game:blocktypes/plant/crop/onion.json",
		"enabled": true,
		"op": "replace",
		"path": "/dropsByType/*-6/1/quantity/avg",
		"value": 2
	},
   	{
		"file": "game:blocktypes/plant/crop/onion.json",
		"enabled": true,
		"op": "replace",
		"path": "/dropsByType/*-6/1/quantity/var",
		"value": 1
	},
   	{
		"file": "game:blocktypes/plant/crop/onion.json",
		"enabled": true,
		"op": "replace",
		"path": "/dropsByType/*-7/1/quantity/avg",
		"value": 6
	},
   	{
		"file": "game:blocktypes/plant/crop/onion.json",
		"enabled": true,
		"op": "replace",
		"path": "/dropsByType/*-7/1/quantity/var",
		"value": 1
	},
   	{
_Comment: "Дроп пастернак",
		"file": "game:blocktypes/plant/crop/parsnip.json",
		"enabled": true,
		"op": "replace",
		"path": "/dropsByType/*-7/1/quantity/avg",
		"value": 0.5
	},
   	{
		"file": "game:blocktypes/plant/crop/parsnip.json",
		"enabled": true,
		"op": "replace",
		"path": "/dropsByType/*-7/1/quantity/var",
		"value": 0.5
	},
   	{
		"file": "game:blocktypes/plant/crop/parsnip.json",
		"enabled": true,
		"op": "replace",
		"path": "/dropsByType/*-8/1/quantity/avg",
		"value": 2
	},
   	{
		"file": "game:blocktypes/plant/crop/parsnip.json",
		"enabled": true,
		"op": "replace",
		"path": "/dropsByType/*-8/1/quantity/var",
		"value": 1
	},
   	{
_Comment: "Дроп арахіс",
		"file": "game:blocktypes/plant/crop/peanut.json",
		"enabled": true,
		"op": "replace",
		"path": "/dropsByType/*-8/1/quantity/avg",
		"value": 2
	},
   	{
		"file": "game:blocktypes/plant/crop/peanut.json",
		"enabled": true,
		"op": "replace",
		"path": "/dropsByType/*-9/1/quantity/avg",
		"value": 5
	},
   	{
		"file": "game:blocktypes/plant/crop/peanut.json",
		"enabled": true,
		"op": "replace",
		"path": "/dropsByType/*-9/1/quantity/var",
		"value": 1
	},
   	{
_Comment: "Дроп рис",
		"file": "game:blocktypes/plant/crop/rice.json",
		"enabled": true,
		"op": "replace",
		"path": "/dropsByType/*-10/1/quantity/avg",
		"value": 4
	},
   	{
		"file": "game:blocktypes/plant/crop/rice.json",
		"enabled": true,
		"op": "replace",
		"path": "/dropsByType/*-10/1/quantity/var",
		"value": 1
	},
   	{
_Comment: "Дроп жито",
		"file": "game:blocktypes/plant/crop/rye.json",
		"enabled": true,
		"op": "replace",
		"path": "/dropsByType/*-9/1/quantity/avg",
		"value": 4
	},
   	{
		"file": "game:blocktypes/plant/crop/rye.json",
		"enabled": true,
		"op": "replace",
		"path": "/dropsByType/*-9/1/quantity/var",
		"value": 1
	},
   	{
_Comment: "Дроп боби",
		"file": "game:blocktypes/plant/crop/soybean.json",
		"enabled": true,
		"op": "replace",
		"path": "/dropsByType/*-11/1/quantity/avg",
		"value": 3
	},
   	{
		"file": "game:blocktypes/plant/crop/soybean.json",
		"enabled": true,
		"op": "replace",
		"path": "/dropsByType/*-11/1/quantity/var",
		"value": 1
	},
   	{
_Comment: "Дроп спельта",
		"file": "game:blocktypes/plant/crop/spelt.json",
		"enabled": true,
		"op": "replace",
		"path": "/dropsByType/*-9/1/quantity/avg",
		"value": 4
	},
   	{
		"file": "game:blocktypes/plant/crop/spelt.json",
		"enabled": true,
		"op": "replace",
		"path": "/dropsByType/*-9/1/quantity/var",
		"value": 1
	},
   	{
_Comment: "Дроп сонях",
		"file": "game:blocktypes/plant/crop/sunflower.json",
		"enabled": true,
		"op": "replace",
		"path": "/dropsByType/*-12/1/quantity/avg",
		"value": 4
	},
   	{
		"file": "game:blocktypes/plant/crop/sunflower.json",
		"enabled": true,
		"op": "replace",
		"path": "/dropsByType/*-12/1/quantity/var",
		"value": 1
	},
   	{
_Comment: "Дроп ріпа",
		"file": "game:blocktypes/plant/crop/turnip.json",
		"enabled": true,
		"op": "replace",
		"path": "/dropsByType/*-4/1/quantity/avg",
		"value": 0.5
	},
   	{
		"file": "game:blocktypes/plant/crop/turnip.json",
		"enabled": true,
		"op": "replace",
		"path": "/dropsByType/*-4/1/quantity/var",
		"value": 0.5
	},
	{
		"file": "game:blocktypes/plant/crop/turnip.json",
		"enabled": true,
		"op": "replace",
		"path": "/dropsByType/*-5/1/quantity/avg",
		"value": 2
	},
   	{
		"file": "game:blocktypes/plant/crop/turnip.json",
		"enabled": true,
		"op": "replace",
		"path": "/dropsByType/*-5/1/quantity/var",
		"value": 0.5
	},
	
	{
//Видалення ванільного рецепту гарбуза
	"file": "game:recipes/grid/pumpkinseed.json",
	"op": "add",
	"path": "/enabled",
	"value": "false"
	}
]