[
  {
//Додавання змінної для збору вугілля (зачіпає навики Коваля)
    "file": "game:blocktypes/charcoalpile.json",
    "op": "add",
    "path": "/drops/0/dropModbyStat",
    "value": "charcoalPileDropRate",
  },
  {
//Виставляє значення для всіх на дроп з вугілля
    "file": "game:blocktypes/charcoalpile.json",
    "op": "add",
    "path": "/drops/0/quantity",
    "value": {
      "avg": 1
    },
  }
]