[
	{
//Зміна температури хутряних чоботах
		"file": "game:itemtypes/wearable/seraph/foot.json",
		"op": "replace",
		"path": "/attributes/warmthByType/*-knee-high-fur-boots",
		"value": 5
	},
	{
//Зміна температури хутряних рукавиць
		"file": "game:itemtypes/wearable/seraph/hand.json",
		"op": "replace",
		"path": "/attributesByType/*-fur-gloves/warmth",
		"value": 4
	},
	{
//Зміна температури хутряному пальто
		"file": "game:itemtypes/wearable/seraph/upperbodyover.json",
		"op": "replace",
		"path": "/attributesByType/*-upperbodyover-fur-coat/warmth",
		"value": 6
	},
	{
//Зміна температури хутряному коміру
		"file": "game:itemtypes/wearable/seraph/shoulder.json",
		"op": "replace",
		"path": "/attributes/warmthByType",
		"value": {
			"*-malefactor-cloak": 0.5,
			"*-blacksmith-apron": 0.5,
			"*-clockmaker-apron": 0.5,
			"*-coat": 2,
			"*-fur": 4,
			"*-noble-fur-collar": 3,
			"*-sash": 0.1,
			"*-marketeer": 0.5,
			"*": 1
		}
	},
]