[
//Файл для зміни луту/дропу/звуків й все, що зв'язане з мобами для серверу
	{
//Поверхневий Дрифтер
		"file": "entities/land/drifter.json",
		"enabled": true,
		"side": "Server",
		"path": "/server/behaviors/9/dropsByType/*-normal",
		"op": "replace",
		"value": [
			{
				"type": "item",
				"code": "fendragonsmp:pice-of-gear",
				"quantity": { "avg": 0.5, "var": 1 }
			},
			{
				"type": "item",
				"code": "game:flaxfibers",
				"dropModbyStat": "produceDropRate",			//бонус від риси +50
				"quantity": { "avg": 0.5, "var": 0.5 }
			},
			{
				"type": "item",
				"code": "game:gear-rusty",
				"dropModbyStat": "rustyGearDropRate",		//бонус від риси +50/25
				"quantity": { "avg": 0.05,  "var": 0 }
			},
			{
				"type": "item",
				"code": "game:gear-temporal",
				"dropModbyStat": "mechanicalsDamage",		//бонус від риси +30
				"quantity": { "avg": 0.02, "var": 0 }
			}
		]
	},
	{
//Глибинний Дрифтер
		"file": "entities/land/drifter.json",
		"enabled": true,
		"side": "Server",
		"op": "replace",
		"path": "/server/behaviors/9/dropsByType/*-deep",
		"value": [
			{
				"type": "item",
				"code": "fendragonsmp:pice-of-gear",
				"quantity": { "avg": 0.5, "var": 1 }
			},
			{
				"type": "item",
				"code": "game:flaxfibers",
				"dropModbyStat": "produceDropRate",			//бонус від риси +50
				"quantity": { "avg": 0.5, "var": 1 }
			},
			{
				"type": "item",
				"code": "game:gear-rusty",
				"dropModbyStat": "rustyGearDropRate",		//бонус від риси +50/25
				"quantity": { "avg": 0.1, "var": 0 }
			},
			{
				"type": "item",
				"code": "game:gear-temporal",
				"dropModbyStat": "mechanicalsDamage",		//бонус від риси +30
				"quantity": { "avg": 0.04, "var": 0 }
			}
		]
	},
	{
//Гнилий Дрифтер
		"file": "entities/land/drifter.json",	
		"enabled": true,
		"side": "Server",
		"op": "replace",
		"path": "/server/behaviors/9/dropsByType/*-tainted",
		"value": [
			{
				"type": "item",
				"code": "fendragonsmp:pice-of-gear",
				"quantity": { "avg": 2, "var": 4 }
			},
			{
				"type": "block",
				"code": "game:metal-scraps",
				"dropModbyStat": "charcoalPileDropRate",	//бонус від риси +50
				"quantity": { "avg": 0.3, "var": 0.7 }
			},
			{
				"type": "item",
				"code": "game:flaxfibers",
				"dropModbyStat": "produceDropRate",			//бонус від риси +50
				"quantity": { "avg": 0.3, "var": 0.7 }
			},
			{
				"type": "item",
				"code": "game:gear-rusty",
				"dropModbyStat": "rustyGearDropRate",		//бонус від риси +50/25
				"quantity": { "avg": 0.3, "var": 0.7 }
			},
			{
				"type": "item",
				"code": "game:gear-temporal",
				"dropModbyStat": "mechanicalsDamage",		//бонус від риси +30
				"quantity": { "avg": 0.06, "var": 0 }		
			}
		]
    },
	{
//Спотворений Дрифтер
		"file": "entities/land/drifter.json",
		"enabled": true,
		"side": "Server",
		"op": "replace",
		"path": "/server/behaviors/9/dropsByType/*-corrupt",
		"value": [
			{
				"type": "item",
				"code": "fendragonsmp:pice-of-gear",
				"quantity": { "avg": 4, "var": 8 }
			},
			{
				"type": "block",
				"code": "game:metal-scraps",
				"dropModbyStat": "charcoalPileDropRate",	//бонус від риси +50
				"quantity": { "avg": 0.6, "var": 1.4 }
			},
			{
				"type": "item",
				"code": "game:flaxfibers",
				"dropModbyStat": "produceDropRate",			//бонус від риси +50
				"quantity": { "avg": 0.6, "var": 1.4 }
			},
			{
				"type": "item",
				"code": "game:gear-rusty",
				"dropModbyStat": "rustyGearDropRate",		//бонус від риси +50/25
				"quantity": { "avg": 0.6, "var": 1.4 }
			},
			{
				"type": "item",
				"code": "game:gear-temporal",
				"dropModbyStat": "mechanicalsDamage",		//бонус від риси +30
				"quantity": { "avg": 0.08, "var": 0 }		
			}
		]
    },
    {
//Жахливий Дрифтер
		"file": "entities/land/drifter.json",
		"enabled": true,
		"side": "Server",
		"op": "replace",
		"path": "/server/behaviors/9/dropsByType/*-nightmare",
		"value": [
			{
				"type": "item",
				"code": "fendragonsmp:pice-of-gear",
				"quantity": { "avg": 8, "var": 12 }
			},
			{
				"type": "block",
				"code": "game:metal-scraps",
				"dropModbyStat": "charcoalPileDropRate",	//бонус від риси
				"quantity": { "avg": 0.9, "var": 2.1 }
			},
			{
				"type": "item",
				"code": "game:flaxfibers",
				"dropModbyStat": "produceDropRate",			//бонус від риси
				"quantity": { "avg": 0.9, "var": 2.1 }
			},
			{
				"type": "item",
				"code": "game:gear-rusty",
				"dropModbyStat": "rustyGearDropRate",		//бонус від риси
				"quantity": { "avg": 0.9, "var": 2.1 }		
			},
			{
				"type": "item",
				"code": "game:gear-temporal",
				"dropModbyStat": "mechanicalsDamage",		//бонус від риси
				"quantity": { "avg": 0.2, "var": 0.6 }
			}			
		]
    },
    {
//Двухголовий Дрифтер
		"file": "entities/land/drifter.json",
		"enabled": true,
		"side": "Server",
		"op": "replace",
		"path": "/server/behaviors/9/dropsByType/*-double-headed",
		"value": [
			{
				"type": "item",
				"code": "fendragonsmp:pice-of-gear",
				"quantity": { "avg": 16,  "var": 8 }
			},
			{
				"type": "block",
				"code": "game:metal-scraps",
				"dropModbyStat": "charcoalPileDropRate",	//бонус від риси +50
				"quantity": { "avg": 8, "var": 4 }
			},
			{
				"type": "item",
				"code": "game:flaxfibers",
				"dropModbyStat": "produceDropRate",			//бонус від риси +50
				"quantity": { "avg": 15, "var": 5 }
			},
			{
				"type": "item",
				"code": "game:gear-rusty",
				"dropModbyStat": "rustyGearDropRate",		//бонус від риси +50/+25
				"quantity": { "avg": 5, "var": 2.5 }
			},
			{
				"type": "item",
				"code": "game:gear-temporal",
				"dropModbyStat": "mechanicalsDamage",		//бонус від риси +30
				"quantity": { "avg": 1, "var": 0.4 }
			}
		]   
    },

	{
//Зміна дропу з Сарани
		"file": "entities/land/locust.json",
		"enabled": true,
		"op": "add",
		"path": "/dropsByType",
		"value": {
			"locust-bronze": [
				{
					"type": "item",
					"code": "fendragonsmp:pice-of-gear",
					"dist": "uniform",
					"quantity": { "avg": 0.75, "var": 0.5 }
				}
			],
			"locust-corrupt": [
				{
					"type": "item",
					"code": "fendragonsmp:pice-of-gear",
					"dist": "uniform",
					"quantity": { "avg": 1, "var": 0.5 }
				}
			]
		}
	},
	{
//Заміна дропу з Поверхневий Протинач
		"file": "game:entities/land/bowtorn.json",
		"enabled": true,
		"side": "Server",
		"op": "replace",
		"path": "/server/behaviors/9/dropsByType/*-surface",
		"value": [
			{
				"type": "item",
				"code": "fendragonsmp:pice-of-gear",
				"quantity": { "avg": 0.5, "var": 1 }
			},
			{
				"type": "item",
				"code": "game:flaxfibers",
				"dropModbyStat": "produceDropRate",			//бонус від риси +50
				"quantity": { "avg": 0.5, "var": 0.5 }
			},
			{
				"type": "item",
				"code": "game:gear-rusty",
				"dropModbyStat": "rustyGearDropRate",		//бонус від риси +50/25
				"quantity": { "avg": 0.05,  "var": 0 }
			},
			{
				"type": "item",
				"code": "game:gear-temporal",
				"dropModbyStat": "mechanicalsDamage",		//бонус від риси +30
				"quantity": { "avg": 0.02, "var": 0 }
			},
		]
	},
	{
//Заміна дропу з Глибинний Протинач
		"file": "game:entities/land/bowtorn.json",
		"enabled": true,
		"side": "Server",
		"op": "replace",
		"path": "/server/behaviors/9/dropsByType/*-deep",
		"value": [
			{
				"type": "item",
				"code": "fendragonsmp:pice-of-gear",
				"quantity": { "avg": 0.5, "var": 1 }
			},
			{
				"type": "item",
				"code": "game:flaxfibers",
				"dropModbyStat": "produceDropRate",			//бонус від риси +50
				"quantity": { "avg": 0.5, "var": 1 }
			},
			{
				"type": "item",
				"code": "game:gear-rusty",
				"dropModbyStat": "rustyGearDropRate",		//бонус від риси +50/25
				"quantity": { "avg": 0.1, "var": 0 }
			},
			{
				"type": "item",
				"code": "game:gear-temporal",
				"dropModbyStat": "mechanicalsDamage",		//бонус від риси +30
				"quantity": { "avg": 0.04, "var": 0 }
			}
		]
	},
	{
//Заміна дропу з Гнилий Протинач
		"file": "game:entities/land/bowtorn.json",
		"enabled": true,
		"side": "Server",
		"op": "replace",
		"path": "/server/behaviors/9/dropsByType/*-tainted",
		"value": [
			{
				"type": "item",
				"code": "fendragonsmp:pice-of-gear",
				"quantity": { "avg": 2, "var": 4 }
			},
			{
				"type": "block",
				"code": "game:metal-scraps",
				"dropModbyStat": "charcoalPileDropRate",	//бонус від риси +50
				"quantity": { "avg": 0.3, "var": 0.7 }
			},
			{
				"type": "item",
				"code": "game:flaxfibers",
				"dropModbyStat": "produceDropRate",			//бонус від риси +50
				"quantity": { "avg": 0.3, "var": 0.7 }
			},
			{
				"type": "item",
				"code": "game:gear-rusty",
				"dropModbyStat": "rustyGearDropRate",		//бонус від риси +50/25
				"quantity": { "avg": 0.3, "var": 0.7 }
			},
			{
				"type": "item",
				"code": "game:gear-temporal",
				"dropModbyStat": "mechanicalsDamage",		//бонус від риси +30
				"quantity": { "avg": 0.06, "var": 0 }		
			},
			{
				"type": "item",
				"code": "game:stackrandomizer-alljonas",
				"quantity": { "avg": 0.06, "var": 0 }
			},

		]
	},
	{
//Заміна дропу з Спотворений Протинач
		"file": "game:entities/land/bowtorn.json",
		"enabled": true,
		"side": "Server",
		"op": "replace",
		"path": "/server/behaviors/9/dropsByType/*-corrupt",
		"value": [
			{
				"type": "item",
				"code": "fendragonsmp:pice-of-gear",
				"quantity": { "avg": 4, "var": 8 }
			},
			{
				"type": "block",
				"code": "game:metal-scraps",
				"dropModbyStat": "charcoalPileDropRate",	//бонус від риси +50
				"quantity": { "avg": 0.6, "var": 1.4 }
			},
			{
				"type": "item",
				"code": "game:flaxfibers",
				"dropModbyStat": "produceDropRate",			//бонус від риси +50
				"quantity": { "avg": 0.6, "var": 1.4 }
			},
			{
				"type": "item",
				"code": "game:gear-rusty",
				"dropModbyStat": "rustyGearDropRate",		//бонус від риси +50/25
				"quantity": { "avg": 0.6, "var": 1.4 }
			},
			{
				"type": "item",
				"code": "game:gear-temporal",
				"dropModbyStat": "mechanicalsDamage",		//бонус від риси +30
				"quantity": { "avg": 0.08, "var": 0 }		
			},
			{
				"type": "item",
				"code": "game:stackrandomizer-alljonas",
				"quantity": { "avg": 0.08, "var": 0 }
			}
		]
	},
	{
//Заміна дропу з Жахливий Протинач
		"file": "game:entities/land/bowtorn.json",
		"enabled": true,
		"side": "Server",
		"op": "replace",
		"path": "/server/behaviors/9/dropsByType/*-nightmare",
		"value": [
			{
				"type": "item",
				"code": "fendragonsmp:pice-of-gear",
				"quantity": { "avg": 8, "var": 12 }
			},
			{
				"type": "block",
				"code": "game:metal-scraps",
				"dropModbyStat": "charcoalPileDropRate",	//бонус від риси +50
				"quantity": { "avg": 0.9, "var": 2.1 }
			},
			{
				"type": "item",
				"code": "game:flaxfibers",
				"dropModbyStat": "produceDropRate",			//бонус від риси +50
				"quantity": { "avg": 0.9, "var": 2.1 }
			},
			{
				"type": "item",
				"code": "game:gear-rusty",
				"dropModbyStat": "rustyGearDropRate",		//бонус від риси +50/25
				"quantity": { "avg": 0.9, "var": 2.1 }		
			},
			{
				"type": "item",
				"code": "game:gear-temporal",
				"dropModbyStat": "mechanicalsDamage",		//бонус від риси +30
				"quantity": { "avg": 0.2, "var": 0.6 }
			},	
			{
				"type": "item",
				"code": "game:stackrandomizer-alljonas",
				"quantity": { "avg": 0.4, "var": 0 }
			}
		]
	},
	{
//Заміна дропу з Шестерностопий Протинач (рівень двухголового)
		"file": "game:entities/land/bowtorn.json",
		"enabled": true,
		"side": "Server",
		"op": "replace",
		"path": "/server/behaviors/9/dropsByType/*-gearfoot",
		"value": [
			{
				"type": "item",
				"code": "fendragonsmp:pice-of-gear",
				"quantity": { "avg": 16,  "var": 8 }
			},
			{
				"type": "block",
				"code": "game:metal-scraps",
				"dropModbyStat": "charcoalPileDropRate",	//бонус від риси +50
				"quantity": { "avg": 8, "var": 4 }
			},
			{
				"type": "item",
				"code": "game:flaxfibers",
				"dropModbyStat": "produceDropRate",			//бонус від риси +50
				"quantity": { "avg": 15, "var": 5 }
			},
			{
				"type": "item",
				"code": "game:gear-rusty",
				"dropModbyStat": "rustyGearDropRate",		//бонус від риси +50/+25
				"quantity": { "avg": 5, "var": 2.5 }
			},
			{
				"type": "item",
				"code": "game:gear-temporal",
				"dropModbyStat": "mechanicalsDamage",		//бонус від риси +30
				"quantity": { "avg": 1, "var": 0.4 }
			},			
			{
				"type": "item",
				"code": "game:stackrandomizer-alljonas",
				"quantity": { "avg": 1, "var": 0.4 }
			}
		]
	},
	{
//Додаємо дроп для Поверхневого трепету
		"file": "game:entities/land/shiver.json",
		"enabled": true,
		"side": "Server",
		"op": "replace",
		"path": "/server/behaviors/9/dropsByType/*-surface",
		"value": [
			{
				"type": "item",
				"code": "fendragonsmp:pice-of-gear",
				"quantity": { "avg": 0.5, "var": 1 }
			},
			{
				"type": "item",
				"code": "game:flaxfibers",
				"dropModbyStat": "produceDropRate",			//бонус від риси +50
				"quantity": { "avg": 0.5, "var": 0.5 }
			},
			{
				"type": "item",
				"code": "game:gear-rusty",
				"dropModbyStat": "rustyGearDropRate",		//бонус від риси +50/25
				"quantity": { "avg": 0.05,  "var": 0 }
			},
			{
				"type": "item",
				"code": "game:gear-temporal",
				"dropModbyStat": "mechanicalsDamage",		//бонус від риси +30
				"quantity": { "avg": 0.02, "var": 0 }
			}
		]
	},
	{
//Додаємо дроп для Глибинного трепету
		"file": "game:entities/land/shiver.json",
		"enabled": true,
		"side": "Server",
		"op": "replace",
		"path": "/server/behaviors/9/dropsByType/*-deep",
		"value": [
			{
				"type": "item",
				"code": "fendragonsmp:pice-of-gear",
				"quantity": { "avg": 0.5, "var": 1 }
			},
			{
				"type": "item",
				"code": "game:flaxfibers",
				"dropModbyStat": "produceDropRate",			//бонус від риси +50
				"quantity": { "avg": 0.5, "var": 1 }
			},
			{
				"type": "item",
				"code": "game:gear-rusty",
				"dropModbyStat": "rustyGearDropRate",		//бонус від риси +50/25
				"quantity": { "avg": 0.1, "var": 0 }
			},
			{
				"type": "item",
				"code": "game:gear-temporal",
				"dropModbyStat": "mechanicalsDamage",		//бонус від риси +30
				"quantity": { "avg": 0.04, "var": 0 }
			}
		]
	},
	{
//Додаємо дроп для Гнилого трепету
		"file": "game:entities/land/shiver.json",
		"enabled": true,
		"side": "Server",
		"op": "replace",
		"path": "/server/behaviors/9/dropsByType/*-tainted",
		"value": [
			{
				"type": "item",
				"code": "fendragonsmp:pice-of-gear",
				"quantity": { "avg": 2, "var": 4 }
			},
			{
				"type": "block",
				"code": "game:metal-scraps",
				"dropModbyStat": "charcoalPileDropRate",	//бонус від риси +50
				"quantity": { "avg": 0.3, "var": 0.7 }
			},
			{
				"type": "item",
				"code": "game:flaxfibers",
				"dropModbyStat": "produceDropRate",			//бонус від риси +50
				"quantity": { "avg": 0.3, "var": 0.7 }
			},
			{
				"type": "item",
				"code": "game:gear-rusty",
				"dropModbyStat": "rustyGearDropRate",		//бонус від риси +50/25
				"quantity": { "avg": 0.3, "var": 0.7 }
			},
			{
				"type": "item",
				"code": "game:gear-temporal",
				"dropModbyStat": "mechanicalsDamage",		//бонус від риси +30
				"quantity": { "avg": 0.06, "var": 0 }		
			},
			{
				"type": "item",
				"code": "game:stackrandomizer-alljonas",
				"quantity": { "avg": 0.06, "var": 0 }
			},
		]
	},
	{
//Додаємо дроп для Спотвореного трепету
		"file": "game:entities/land/shiver.json",
		"enabled": true,
		"side": "Server",
		"op": "replace",
		"path": "/server/behaviors/9/dropsByType/*-corrupt",
		"value": [
			{
				"type": "item",
				"code": "fendragonsmp:pice-of-gear",
				"quantity": { "avg": 4, "var": 8 }
			},
			{
				"type": "block",
				"code": "game:metal-scraps",
				"dropModbyStat": "charcoalPileDropRate",	//бонус від риси +50
				"quantity": { "avg": 0.6, "var": 1.4 }
			},
			{
				"type": "item",
				"code": "game:flaxfibers",
				"dropModbyStat": "produceDropRate",			//бонус від риси +50
				"quantity": { "avg": 0.6, "var": 1.4 }
			},
			{
				"type": "item",
				"code": "game:gear-rusty",
				"dropModbyStat": "rustyGearDropRate",		//бонус від риси +50/25
				"quantity": { "avg": 0.6, "var": 1.4 }
			},
			{
				"type": "item",
				"code": "game:gear-temporal",
				"dropModbyStat": "mechanicalsDamage",		//бонус від риси +30
				"quantity": { "avg": 0.08, "var": 0 }		
			},
			{
				"type": "item",
				"code": "game:stackrandomizer-alljonas",
				"quantity": { "avg": 0.08, "var": 0 }
			}
		]
	},
	{
//Додаємо дроп для Жахливого трепету
		"file": "game:entities/land/shiver.json",
		"enabled": true,
		"side": "Server",
		"op": "replace",
		"path": "/server/behaviors/9/dropsByType/*-nightmare",
		"value": [
			{
				"type": "item",
				"code": "fendragonsmp:pice-of-gear",
				"quantity": { "avg": 8, "var": 12 }
			},
			{
				"type": "block",
				"code": "game:metal-scraps",
				"dropModbyStat": "charcoalPileDropRate",	//бонус від риси +50
				"quantity": { "avg": 0.9, "var": 2.1 }
			},
			{
				"type": "item",
				"code": "game:flaxfibers",
				"dropModbyStat": "produceDropRate",			//бонус від риси +50
				"quantity": { "avg": 0.9, "var": 2.1 }
			},
			{
				"type": "item",
				"code": "game:gear-rusty",
				"dropModbyStat": "rustyGearDropRate",		//бонус від риси +50/25
				"quantity": { "avg": 0.9, "var": 2.1 }		
			},
			{
				"type": "item",
				"code": "game:gear-temporal",
				"dropModbyStat": "mechanicalsDamage",		//бонус від риси +30
				"quantity": { "avg": 0.2, "var": 0.6 }
			},	
			{
				"type": "item",
				"code": "game:stackrandomizer-alljonas",
				"quantity": { "avg": 0.4, "var": 0 }
			}
		]
	},
	{
//Додаємо дроп для всіх інших трепетів (рівень двухголового)
		"file": "game:entities/land/shiver.json",
		"enabled": true,
		"side": "Server",
		"op": "replace",
		"path": "/server/behaviors/9/dropsByType/*",
		"value": [
			{
				"type": "item",
				"code": "fendragonsmp:pice-of-gear",
				"quantity": { "avg": 16,  "var": 8 }
			},
			{
				"type": "block",
				"code": "game:metal-scraps",
				"dropModbyStat": "charcoalPileDropRate",	//бонус від риси +50
				"quantity": { "avg": 8, "var": 4 }
			},
			{
				"type": "item",
				"code": "game:flaxfibers",
				"dropModbyStat": "produceDropRate",			//бонус від риси +50
				"quantity": { "avg": 15, "var": 5 }
			},
			{
				"type": "item",
				"code": "game:gear-rusty",
				"dropModbyStat": "rustyGearDropRate",		//бонус від риси +50/+25
				"quantity": { "avg": 5, "var": 2.5 }
			},
			{
				"type": "item",
				"code": "game:gear-temporal",
				"dropModbyStat": "mechanicalsDamage",		//бонус від риси +30
				"quantity": { "avg": 1, "var": 0.4 }
			},		
			{
				"type": "item",
				"code": "game:stackrandomizer-alljonas",
				"quantity": { "avg": 1, "var": 0.4 }
			}
		]
	},
	{
//Заміна й збільшення шансу на звук ведмедів
		"file": "game:entities/land/bear.json",
		"enabled": true,
		"side": "Server",
		"op": "replace",
		"path": "/idleSoundChance",
		"value": 0.05
	},	
	{
		"file": "game:entities/land/bear.json",
		"enabled": true,
		"side": "Server",
		"op": "replace",
		"path": "/sounds/idle",
		"value": "fendragonsmp:creature/bear/rik*"
	},
	{
//недописаний код
		"file": "game:entities/land/bear.json",
		"enabled": false,
		"side": "Server",
		"op": "replace",
		"path": "/server/behaviors/9/aitasks",
		"value": "fendragonsmp:creature/bear/rik*"
	},
	

	
	{
//Збільшення шансу звуків на зайців
		"file": "game:entities/land/hare-male.json",
		"enabled": true,
		"side": "Server",
		"op": "replace",
		"path": "/idleSoundChance",
		"value": 0.1
	},
	{
		"file": "game:entities/land/hare-female.json",
		"enabled": true,
		"side": "Server",
		"op": "replace",
		"path": "/idleSoundChance",
		"value": 0.1
	},
	{
		"file": "game:entities/land/hare-baby.json",
		"enabled": true,
		"side": "Server",
		"op": "add",
		"path": "/idleSoundChance",
		"value": 0.1
	},
   	{
//Прибираємо виникнення хребта з кістками коли рибу розрізали
		"file": "game:entities/water/salmon.json",
		"enabled": true,
		"op": "remove",
		"path": "/server/behaviors/4/decayedBlock",
		"value": null
	},
	
   	{
	// *************** Вовк ***************
//Ставимо в пріоритет вовкам вище показник ніж в ванілі
		"file": "game:entities/land/wolf-male.json",
		"side": "Server",
		"enabled": true,
		"op": "replace",
		"path": "/server/behaviors/9/aitasks/4/priority",
		"value": 2.6
	},
   	{
//Змінюємо радіус вовкам коли він бачить гравця, ваніль
		"file": "game:entities/land/wolf-male.json",
		"side": "Server",
		"enabled": true,
		"op": "replace",
		"path": "/server/behaviors/9/aitasks/4/seekingRange",
		"value": 15
	},
   	{
//Ставимо в пріоритет вовкам вище показник ніж в ванілі
		"file": "game:entities/land/wolf-male.json",
		"side": "Server",
		"enabled": true,
		"op": "replace",
		"path": "/server/behaviors/9/aitasks/6/priority",
		"value": 2.5
	},
   	{
//Ставимо в пріоритет вовкам вище показник ніж в ванілі
		"file": "game:entities/land/wolf-male.json",
		"side": "Server",
		"enabled": true,
		"op": "replace",
		"path": "/server/behaviors/9/aitasks/5/priority",
		"value": 2.4
	},	
   	{
	// *************** Вовчиця ***************
//Ставимо в пріоритет вовкам вище показник ніж в ванілі
		"file": "game:entities/land/wolf-female.json",
		"side": "Server",
		"enabled": true,
		"op": "replace",
		"path": "/server/behaviors/10/aitasks/4/priority",
		"value": 2.6
	},
   	{
//Змінюємо радіус вовкам коли він бачить гравця, ваніль
		"file": "game:entities/land/wolf-female.json",
		"side": "Server",
		"enabled": true,
		"op": "replace",
		"path": "/server/behaviors/10/aitasks/4/seekingRange",
		"value": 15
	},
   	{
//Ставимо в пріоритет вовкам вище показник ніж в ванілі
		"file": "game:entities/land/wolf-female.json",
		"side": "Server",
		"enabled": true,
		"op": "replace",
		"path": "/server/behaviors/10/aitasks/6/priority",
		"value": 2.5
	},
   	{
//Ставимо в пріоритет вовкам вище показник ніж в ванілі
		"file": "game:entities/land/wolf-female.json",
		"side": "Server",
		"enabled": true,
		"op": "replace",
		"path": "/server/behaviors/10/aitasks/5/priority",
		"value": 2.4
	},	
   	{
	// *************** Ведмідь ***************
//Ставимо в пріоритет ведмедю вище показник ніж в ванілі
		"file": "game:entities/land/bear.json",
		"side": "Server",
		"enabled": true,
		"op": "replace",
		"path": "/server/behaviors/9/aitasks/5/priority",
		"value": 2.5
	},
   	{
//Ставимо в пріоритет ведмедю вище показник ніж в ванілі
		"file": "game:entities/land/bear.json",
		"side": "Server",
		"enabled": true,
		"op": "replace",
		"path": "/server/behaviors/9/aitasks/3/priority",
		"value": 2.4
	},
   	{
//Міняємо радіус виявлення всім категоріям з deer.json
	//seekentity
		"file": "game:entities/land/hooved/deer.json",
		"side": "Server",
		"enabled": true,
		"op": "replace",
		"path": "/server/behaviors/11/aitasks/1/seekingRange",
		"value": 10
	},
   	{
	//fleeentity
		"file": "game:entities/land/hooved/deer.json",
		"side": "Server",
		"enabled": true,
		"op": "replace",
		"path": "/server/behaviors/11/aitasks/2/seekingRange",
		"value": 10
	},
   	{
//Міняємо радіус виявлення всім категоріям з goat.json
	//seekentity
		"file": "game:entities/land/hooved/goat.json",
		"side": "Server",
		"enabled": true,
		"op": "replace",
		"path": "/server/behaviors/13/aitasks/1/seekingRangeByType",
		"value": {
			"goat-ibexnub-*": 10,
			"goat-muskox-*": 10,
			"goat-nubian-*": 10,
			"goat-sirohi-*": 10,
			"goat-valais-*": 10,
			"*": 8
		},
	},
   	{
	//fleeentity
		"file": "game:entities/land/hooved/goat.json",
		"side": "Server",
		"enabled": true,
		"op": "replace",
		"path": "/server/behaviors/13/aitasks/2/seekingRange",
		"value": 10
	},
]