[
	{
//Зміна варіантів на спавн під час темп.шторму
	"file": "game:config/mobextraspawns.json",
	"enabled": true,
	"side": "Server",
	"op": "replace", 
	"path": "/temporalStormSpawns/spawnsByStormStrength/spawnPatterns", 
	"value": {
			"default": { "weight": 10, "groupWeights": { "drifter": 0.9, "shiver": 0.05, "bowtorn": 0.05 } },
			"drifterstorm8": { "weight": 8, "groupWeights": { "drifter": 1, "shiver": 0, "bowtorn": 0 } },
			"drifterstorm5": { "weight": 5, "groupWeights": { "drifter": 1, "shiver": 0, "bowtorn": 0 } },
			"drifterstorm1": { "weight": 1, "groupWeights": { "drifter": 1, "shiver": 0, "bowtorn": 0 } },
			"driftershiverstorm": { "weight": 3, "groupWeights": { "drifter": 0.85, "shiver": 0.15, "bowtorn": 0 } },
			"drifterbowtornstorm": { "weight": 2, "groupWeights": { "drifter": 0.85, "shiver": 0, "bowtorn": 0.15 } },
		},
	},
]