[
	{
//Додаємо можливість випаду рюкзака в рандомайзер
	"file": "game:itemtypes/meta/stackrandomizer.json",
	"side": "Server",
	"op": "addeach", 
	"path": "/attributesByType/*-armor/stacks/-", 
	"value": [
			{ "type": "item", "code": "fendragonbcs:fbcs-shkira-copper-mini", "chance": 0.5 },
			{ "type": "item", "code": "fendragonbcs:fbcs-polotno-copper-mini", "chance": 0.5 },
			{ "type": "item", "code": "fendragonbcs:fbcs-sturdy-copper-mini", "chance": 0.5 },
		]
	},
	{
//Додаємо можливість випаду вогнетривкої цегли в данжах
	"file": "game:itemtypes/meta/stackrandomizer.json",
	"side": "Server",
	"op": "addeach", 
	"path": "/attributesByType/*-materials-building/stacks/-", 
	"value": [
			{ "type": "item", "code": "game:clay-red", "quantity": { "avg": 32, "var": 6 }, "chance": 10 },
			{ "type": "item", "code": "game:refractorybrick-raw-tier1", "quantity": { "avg": 12, "var": 6 }, "chance": 0.5 },
			{ "type": "item", "code": "game:refractorybrick-fired-tier1", "quantity": { "avg": 12, "var": 6 }, "chance": 0.5 },
		]
	},
	{
//Додаємо збільшену кількість блакитної глини в данжах
	"file": "game:itemtypes/meta/stackrandomizer.json",
	"side": "Server",
	"op": "replace", 
	"path": "/attributesByType/*-materials-building/stacks/4/quantity/avg", 
	"value": 22
	},
	{
//Додаємо збільшений шанс знайти блакитну глину в данжах
	"file": "game:itemtypes/meta/stackrandomizer.json",
	"side": "Server",
	"op": "replace", 
	"path": "/attributesByType/*-materials-building/stacks/4/chance", 
	"value": 10
	},
	{
//Додаємо збільшену кількість вогнетривкої глини в данжах
	"file": "game:itemtypes/meta/stackrandomizer.json",
	"side": "Server",
	"op": "replace", 
	"path": "/attributesByType/*-materials-building/stacks/5/quantity/avg", 
	"value": 18
	},
	{
//Додаємо збільшений шанс знайти блакитну глину в данжах
	"file": "game:itemtypes/meta/stackrandomizer.json",
	"side": "Server",
	"op": "replace", 
	"path": "/attributesByType/*-materials-building/stacks/5/chance", 
	"value": 4.7
	},
	{
//Додаємо можливість випаду "Класової схеми - Авантюриста"
	"file": "game:itemtypes/meta/stackrandomizer.json",
	"side": "Server",
	"op": "addeach", 
	"path": "/attributesByType/*-lore-tobias/stacks/-", 
	"value": [
			{ "type": "item", "code": "fendragonsmp:shema-avanturist", "quantity": { "avg": 1, "var": 0 }, "chance": 3 },
		]
	},
	{
//Додаємо можливість випаду "Класової схеми - Коваля"
	"file": "game:itemtypes/meta/stackrandomizer.json",
	"side": "Server",
	"op": "addeach", 
	"path": "/attributesByType/*-lore-research/stacks/-", 
	"value": [
			{ "type": "item", "code": "fendragonsmp:shema-koval", "quantity": { "avg": 1, "var": 0 }, "chance": 3 },
		]
	},
	{
//Додаємо можливість випаду "Класової схеми - Ремісника"
	"file": "game:itemtypes/meta/stackrandomizer.json",
	"side": "Server",
	"op": "addeach", 
	"path": "/attributesByType/*-lore-villager/stacks/-", 
	"value": [
			{ "type": "item", "code": "fendragonsmp:shema-remisnik", "quantity": { "avg": 1, "var": 0 }, "chance": 3 },
		]
	},
	{
//Додаємо можливість випаду "Класової схеми - Чорної Варти"
	"file": "game:itemtypes/meta/stackrandomizer.json",
	"side": "Server",
	"op": "addeach", 
	"path": "/attributesByType/*-lore-diaries/stacks/-", 
	"value": [
			{ "type": "item", "code": "fendragonsmp:shema-chornavarta", "quantity": { "avg": 1, "var": 0 }, "chance": 3 },
		]
	},
	{
//Додаємо можливість випаду "Класової схеми - Винахідника"
	"file": "game:itemtypes/meta/stackrandomizer.json",
	"side": "Server",
	"op": "addeach", 
	"path": "/attributesByType/*-lore-jonas/stacks/-", 
	"value": [
			{ "type": "item", "code": "fendragonsmp:shema-vinaxidnik", "quantity": { "avg": 1, "var": 0 }, "chance": 3 },
		]
	},
]