﻿[
	{
	//Зміна швидкості плоту
		"file": "game:entities/water/boat.json",
		"enabled": true,
		"op": "replace",
		"side": "Server",
		"path": "/attributes/speedMultiplierByType/boat-raft-*",
		"value": 1
	},
	{
	//Зміна швидкості каное
		"file": "canoemod:entities/water/barkcanoe.json",
		"enabled": true,
		"op": "add",
		"side": "Server",
		"path": "/attributes/speedMultiplierByType",
		"value": { "canoe-barkcanoe-*": 1.1 },
		"dependsOn": [ { "modid": "canoemod" } ]
	},
	{
	//Зміна швидкості човна
		"file": "game:entities/water/boat.json",
		"enabled": true,
		"op": "replace",
		"side": "Server",
		"path": "/attributes/speedMultiplierByType/boat-sailed-*",
		"value": 1.2
	},
	{ 
//Додаємо можливість підбирати човни
		"file": "game:entities/water/boat.json",
		"enabled": false,
		"side": "Server",
		"op": "add", 
		"path": "/attributes/rightClickPickupByType",
		"value": {
			"boat-sailed-*": true
		},
	},
]