[
	{
//Додаємо можливість плавити металобрухт в залізну крицію за допомогою пічки
	"file": "blocktypes/metal/metalpartsandscraps.json",	
	"enabled": true,
	"op": "add",
	"path": "/combustiblePropsByType",
	"value": {
		  "*-scraps": {
			"meltingPoint": 1154,
			"meltingDuration": 30,
			"smeltedRatio": 8,		//отримаємо 2 криці
			"smeltedStack": {
			  "type": "item",
			  "code": "ironbloom"
			}
		  },
		 "*-parts": {
			"meltingPoint": 1154,
			"meltingDuration": 30,
			"smeltedRatio": 8,		//отримаємо 2 криці
			"smeltedStack": {
			  "type": "item",
			  "code": "ironbloom"
			}
		  }
		}
	}
]