[
   	{//0
//Патч який дозволяє спалювати не потрібні мапи які купляються у торгівців
		"file": "game:itemtypes/utility/locatormap.json",
		"op": "add",
		"path": "/combustibleProps",
		"value": {
			"burnTemperature": 200,
			"burnDuration": 4,
		},
	},
   	{//
//Додає можливість картини не втарчати під час крафту
		"file": "game:blocktypes/wood/painting.json",
		"op": "add",
		"path": "/attributes/noConsumeOnCrafting",
		"value": "true"
	},
	{//
//Можливість крафту сагайдака
		"file": "game:itemtypes/bag/quiver.json",
		"op": "replace",
		"path": "/attributes/handbook/exclude",
		"value": false
	},
   	{//
//Патч для конкретно виставлених в сітці крафту інгрідієнтів до стежки
		"file": "game:recipes/grid/woodenpath.json",
		"op": "replace",
		"path": "/shapeless",
		"value": "false"
	},
   	{//
//Збільшення стаку темпоральної шестерні до 64шт		
		"file": "game:itemtypes/resource/gear.json",
		"op": "add",
		"path": "/maxstacksizeByType/gear-temporal",
		"value": "64"
	},
	{//5
//Додає можливість відкривати й закривати брами		
		"file": "game:blocktypes/metal/door.json",
		"op": "replace", 
		"path": "/attributes/handopenable", 
		"value": true 
	},
	{//
//Додавання можливість крафтити й бачити в книзі знань Креативні блоки
		"file": "game:blocktypes/creativeblock.json",
		"op": "replace", 
		"path": "/attributes/handbook/exclude", 
		"value": false 
	},
	{//
//Додаємо можливість бачити й крафтити залізний паркан		
		"file": "game:blocktypes/metal/ironfence.json",
		"op": "replace", 
		"path": "/attributes/handbook/exclude", 
		"value": false 
	},
	{//
//Додає можливість бачити й крафтити паперові ліхтарі		
		"file": "game:blocktypes/paperlantern.json", 
		"op": "replace", 
		"path": "/attributes/handbook/exclude", 
		"value": false 
	},
	{//
//Додає можливість бачити й крафтити Блок шкіри
	"file": "game:blocktypes/cloth/leather.json", 
	"op": "replace", 
	"path": "/attributes/handbook/exclude", 
	"value": false 
	},
	{//10
//Патч на можливість бачити й крафтити Шпалери
		"file": "game:blocktypes/cloth/wallpaper.json",
		"op": "replace",
		"path": "/attributes/handbook/exclude",
		"value": false
	},
	{//
//Прибираємо рису для крафту лука (Вигнутий лук)
		"file": "game:recipes/grid/tool/bow.json",
		"op": "remove",
		"path": "/1/requiresTrait",
		"value": null
	},
	{//
//Прибираємо значення drops з червів
		"file": "game:blocktypes/plant/glowworms.json",
		"op": "remove",
		"path": "/drops",
		"value": null
	},
	{//
//Додавання дропу під тип кожного черва
		"file": "game:blocktypes/creature/glowworms.json",
		"op": "add",
		"path": "/dropsByType",
		"value": {
			"glowworms-base1": [ 
				{ "type": "block", "code": "game:glowworms-base1", "quantity": { "avg": 1, "var": 0 } } 
			],
			"glowworms-base1-short": [ 
				{ "type": "block", "code": "game:glowworms-base1-short", "quantity": { "avg": 1, "var": 0 } } 
			],
			"glowworms-base2": [ 
				{ "type": "block", "code": "game:glowworms-base2", "quantity": { "avg": 1, "var": 0 } }
			],
			"glowworms-base2-short": [ 
				{ "type": "block", "code": "game:glowworms-base2-short", "quantity": { "avg": 1, "var": 0 } }
			],
			"glowworms-segment1": [ 
				{ "type": "block", "code": "game:glowworms-segment1", "quantity": { "avg": 1, "var": 0 } }
			],
			"glowworms-segment2": [ 
				{ "type": "block", "code": "game:glowworms-segment2", "quantity": { "avg": 1, "var": 0 } }
			],
			"glowworms-end1": [ 
				{ "type": "block", "code": "game:glowworms-end1", "quantity": { "avg": 1, "var": 0 } }
			],
			"glowworms-end2": [ 
				{ "type": "block", "code": "game:glowworms-end2", "quantity": { "avg": 1, "var": 0 } } 
			]
		}
	},
   	{//
//Патч на збільшення відер в одному стаку
		"file": "game:blocktypes/wood/bucket.json",
		"op": "replace",
		"path": "/maxStackSize",
		"side": "Server",
		"value": 5
	},
   	{//15
//Збільшуємо ремонт клеєм з 0,33 до 0,5
		"file": "game:itemtypes/liquid/glueportion.json",
		"enabled": true,
		"op": "replace",
		"path": "/attributes/repairgainByType/*-hot",
		"side": "Server",
		"value": 0.5
	},
   	{//
//Збільшуємо максимальну кількість брудних горщиків в стаку до 4 замість 1
		"file": "game:blocktypes/clay/dirtypot.json",
		"enabled": true,
		"op": "replace",
		"path": "/maxStackSize",
		"side": "Server",
		"value": 4
	},
	{//
//Збільшуємо створеного клея з 6 до 12 за один раз - ВИКЛЮЧЕНО
		"file": "game:recipes/cooking/glue.json",
		"enabled": false,
		"op": "replace",
		"path": "/cooksInto/quantity",
		"side": "Server",
		"value": 2
	},
   	{//
//Включаємо показ крафту для Спресованої глини
		"file": "game:blocktypes/legacy/hardenedclay.json",
		"enabled": true,
		"op": "replace",
		"path": "/attributes/handbook/exclude",
		"side": "Server",
		"value": false
	},
   	{//
//Збільшуємо ємність стаку для Решіток з шамотної цегли (Піч для обпалювання)
		"file": "game:blocktypes/clay/refractorybrickgrating.json",
		"enabled": true,
		"op": "replace",
		"path": "/maxStackSize",
		"side": "Server",
		"value": 9
	},
    {//20
//Зменшуємо резист потрісканого каміння
        "file": "game:blocktypes/stone/crackedrock.json",
        "op": "add",
        "path": "/resistance",
        "value": 3.25,
        "side": "server"
    },
    {//
//Патч на зміну звуку потрісканого каміння, коли по ньому ходиш
        "file": "game:blocktypes/stone/crackedrock.json",
        "op": "replace",
        "path": "/sounds/walk",
        "value": "walk/gravel",
        "side": "server"
    },
    {//
//Змінюємо дроп з потрісканого каміння в меншу стороноу, так як вище вказано, що він швидше ламається й дроп зменшується
        "file": "game:blocktypes/stone/crackedrock.json",
        "op": "replace",
        "path": "/dropsByType/*/0/quantity/avg",
        "value": 2.0,
        "side": "server"
    },
   	{//
//Прибираємо рису для крафту грубих стріл
		"file": "game:recipes/grid/tool/arrow.json",
		"enabled": true,
		"op": "replace",
		"path": "/1/requiresTrait",
		"value": null,
		"side": "server"
	},
		{//
	//Додаємо можливість 'гарячим джерелам' відхілювати гравців
			"file": "game:blocktypes/liquid/boilingwater.json",
			"enabled": true,
			"op": "replace",
			"path": "/attributes/damageType",
			"value": "Heal",
			"side": "server"
		},
		{//25
	//Кількість ХП за тік відновлення від 'гарячих джерел'
			"file": "game:blocktypes/liquid/boilingwater.json",
			"side": "server",
			"enabled": true,
			"op": "replace",
			"path": "/attributes/insideDamage",
			"value": 0.003
		},
  {//
//Додаємо до 'Стримувача розломів' можливість світити, максимальним світлом в 26 люменів - ВИМКНЕНО є в моді BetterJonasDevices
    "file": "game:blocktypes/machine/riftward.json",
	"enabled": false,
    "op": "add",
    "path": "/lightHsv",
    "value": [ 15, 3, 24 ]
  },
  {//
//Додаємо можливість брати через ПКМ запалений смолоскип, замість того щоб розбивати його.
    "file": "game:blocktypes/wood/torch.json",
	"enabled": true,
    "op": "add",
    "path": "/behaviorsbyType/*-lit-*/-",
    "value": { "name": "RightClickPickup" }
  },
  {//
//Додавання міцності на молот для наковальні (в налаштуваннях моду ізносу повинно бути виключено "HelveHammer": false  
	"file": "game:itemtypes/part/helvehammer.json",
    "op": "addmerge",
    "path": "/durabilitybytype",
    "value": {
      "*-tinbronze": 3000,
      "*-bismuthbronze": 3600,
      "*-blackbronze": 4400,
      "*-iron": 7200,
      "*-meteoriciron": 8400,
      "*-steel": 18000
    }
  },
  {//
//Збільшення стаку циліндрів
    "file": "game:itemtypes/tuningcylinder.json",
	"enabled": true,
	"side": "Server",
	"op": "replace",
    "path": "/maxstacksize",
    "value": 6,
  },
  {//30
//Збільшення стаку Мисливських рюкзаків
    "file": "game:itemtypes/wearable/bag/hunterbackpack.json",
	"enabled": true,
	"side": "Server",
	"op": "add",
    "path": "/maxstacksize",
    "value": 3,
  },
  {//
//Додавання можливості відображення транслокатора на мапі в список мап
    "file": "game:itemtypes/utility/locatormap.json",
    "enabled": true,
	"side": "Server",    
	"op": "add",
    "path": "/attributes/locatorPropsbyType/*-translocator",
    "value": {
      "schematiccode": "gates",
      "waypointtext": "location-translocator",
      "waypointicon": "spiral",
      "waypointcolor": [
			0.7,
			0.85,
			0.3,
			1
		],
      "offset": {
			"x": 0,
			"y": 0,
			"z": 0
		}
    },
  },
  {//
//Додавання мапу з локаторами в variantgroups
    "file": "game:itemtypes/utility/locatormap.json",
    "enabled": true,
	"side": "Server",
    "op": "add",
    "path": "/variantgroups/0/states/4",
    "value": "translocator",
  },
  {//
//Зміна температури випікання кремню
    "file": "game:itemtypes/resource/flint.json",
    "enabled": true,
	"side": "Server",
    "op": "replace",
    "path": "/combustibleProps/meltingPoint",
    "value": 600,
  },
  {//
//Збільшено кількість припарок в стаку до 64
    "file": "game:itemtypes/utility/poultice.json",
    "enabled": true,
	"side": "Server",
    "op": "replace",
    "path": "/maxstacksize",
    "value": 64,
  },
  {//35
//Збільшено кількість бандажів в стаку до 64
    "file": "game:itemtypes/bandage.json",
    "enabled": true,
	"side": "Server",
    "op": "replace",
    "path": "/maxstacksize",
    "value": 64,
  },
]