[
	{
//Риса на крафт Планера - УНІКАЛЬНИЙ
	"file": "game:recipes/grid/glider.json",
	"op": "add",
	"path": "/requiresTrait",
	"value": "vinaxidnik"
	},
	{
//Риса на крафт Маски нічного бачення - ЕКОНОМ
	"file": "game:recipes/grid/jonas/nightvisiondevice.json",
	"op": "add",
	"path": "/0/requiresTrait",
	"value": "vinaxidnik"
	},
	{
	"file": "game:recipes/grid/jonas/nightvisiondevice.json",
	"op": "add",
	"path": "/1/requiresTrait",
	"value": "vinaxidnik"
	},
	{
	"file": "game:recipes/grid/jonas/nightvisiondevice.json",
	"op": "add",
	"path": "/2/requiresTrait",
	"value": "vinaxidnik"
	},
	{
	"file": "game:recipes/grid/jonas/nightvisiondevice.json",
	"op": "add",
	"path": "/3/requiresTrait",
	"value": "vinaxidnik"
	},
	{
	"file": "game:recipes/grid/jonas/nightvisiondevice.json",
	"op": "add",
	"path": "/4/requiresTrait",
	"value": "vinaxidnik"
	},
	{
//Риса на крафт Стримувача розломів - ЕКОНОМ
	"file": "game:recipes/grid/jonas/riftward.json",
	"op": "add",
	"path": "/requiresTrait",
	"value": "vinaxidnik"
	},
		{
//Риса на крафт Переставного телепорту - УНІКАЛЬНИЙ
		"file": "game:recipes/grid/jonas/returnbaserecipes.json",
		"op": "add",
		"path": "/0/requiresTrait",
		"value": "vinaxidnik"
		},
		{
		"file": "game:recipes/grid/jonas/returnbaserecipes.json",
		"op": "add",
		"path": "/1/requiresTrait",
		"value": "vinaxidnik"
		},
		{
		"file": "game:recipes/grid/jonas/returnbaserecipes.json",
		"op": "add",
		"path": "/2/requiresTrait",
		"value": "vinaxidnik"
		},
		{
		"file": "game:recipes/grid/jonas/returnbaserecipes.json",
		"op": "add",
		"path": "/3/requiresTrait",
		"value": "vinaxidnik"
		},  
	{
//Риса на крафт вітряків з моду Millwright  - УНІКАЛЬНИЙ - СХЕМА
		"file": "millwright:recipes/grid/windmillrotor.json",
		"op": "add",
		"path": "/0/requiresTrait",
		"value": "vinaxidnik"
	},
	{
		"file": "millwright:recipes/grid/windmillrotor.json",
		"op": "add",
		"path": "/1/requiresTrait",
		"value": "vinaxidnik"
	},
	{
		"file": "millwright:recipes/grid/windmillrotor.json",
		"op": "add",
		"path": "/2/requiresTrait",
		"value": "vinaxidnik"
	},
	{
		"file": "millwright:recipes/grid/windmillrotor.json",
		"op": "add",
		"path": "/3/requiresTrait",
		"value": "vinaxidnik"
	},
	{
		"file": "millwright:recipes/grid/windmillrotor.json",
		"op": "add",
		"path": "/4/requiresTrait",
		"value": "vinaxidnik"
	},
	{
		"file": "millwright:recipes/grid/windmillrotor.json",
		"op": "add",
		"path": "/5/requiresTrait",
		"value": "vinaxidnik"
	},
	{
		"file": "millwright:recipes/grid/windmillrotor.json",
		"op": "add",
		"path": "/6/requiresTrait",
		"value": "vinaxidnik"
	},
	{
		"file": "millwright:recipes/grid/windmillrotor.json",
		"op": "add",
		"path": "/7/requiresTrait",
		"value": "vinaxidnik"
	},
	{
		"file": "millwright:recipes/grid/windmillrotor.json",
		"op": "add",
		"path": "/8/requiresTrait",
		"value": "vinaxidnik"
	},
	{
		"file": "millwright:recipes/grid/windmillrotor.json",
		"op": "add",
		"path": "/9/requiresTrait",
		"value": "vinaxidnik"
	},
	{
		"file": "millwright:recipes/grid/windmillrotor.json",
		"op": "add",
		"path": "/10/requiresTrait",
		"value": "vinaxidnik"
	},
	{
		"file": "millwright:recipes/grid/windmillrotorud.json",
		"op": "add",
		"path": "/0/requiresTrait",
		"value": "vinaxidnik"
	},	
	{
		"file": "millwright:recipes/grid/sails.json",
		"op": "add",
		"path": "/0/requiresTrait",
		"value": "vinaxidnik"
	},
	{
		"file": "millwright:recipes/grid/sails.json",
		"op": "add",
		"path": "/1/requiresTrait",
		"value": "vinaxidnik"
	},
	{
		"file": "millwright:recipes/grid/sails.json",
		"op": "add",
		"path": "/2/requiresTrait",
		"value": "vinaxidnik"
	},
	{
		"file": "millwright:recipes/grid/brake.json",
		"op": "add",
		"path": "/0/requiresTrait",
		"value": "vinaxidnik"
	},	
	{
		"file": "millwright:recipes/grid/axlepassthrough.json",
		"op": "add",
		"path": "/0/requiresTrait",
		"value": "vinaxidnik"
	},
	{
		"file": "millwright:recipes/grid/sailassembly.json",
		"op": "add",
		"path": "/0/requiresTrait",
		"value": "vinaxidnik"
	},
	{
		"file": "millwright:recipes/grid/sailassembly.json",
		"op": "add",
		"path": "/1/requiresTrait",
		"value": "vinaxidnik"
	},
	{
//Риса на апдейти скринь з моду ExtraChests - УНІКАЛЬНИЙ
	"file": "extrachests:recipes/grid/upgrades.json",
	"op": "add",
	"path": "/0/requiresTrait",
	"value": "vinaxidnik"
	},
	{ 
	"file": "extrachests:recipes/grid/upgrades.json",
	"op": "add",
	"path": "/1/requiresTrait",
	"value": "vinaxidnik"
	},
	{ 
	"file": "extrachests:recipes/grid/upgrades.json",
	"op": "add",
	"path": "/2/requiresTrait",
	"value": "vinaxidnik"
	},
	{ 
	"file": "extrachests:recipes/grid/upgrades.json",
	"op": "add",
	"path": "/3/requiresTrait",
	"value": "vinaxidnik"
	},
	{ 
	"file": "extrachests:recipes/grid/upgrades.json",
	"op": "add",
	"path": "/4/requiresTrait",
	"value": "vinaxidnik"
	},
	{ 
	"file": "extrachests:recipes/grid/upgrades.json",
	"op": "add",
	"path": "/5/requiresTrait",
	"value": "vinaxidnik"
	},
	{
//Риса на копіювання рецептів з моду BetterRuins - УНІКАЛЬНИЙ
	"file": "betterruins:recipes/grid/copy-schematic/schematiccopy.json",
	"op": "add",
	"path": "/requiresTrait",
	"value": "vinaxidnik"
	},	
	{
//Крафт апгрейдів з моду BetterCrates - УНІКАЛЬНИЙ - СХЕМА
	"file": "bettercrates:recipes/grid/upgradecopper.json",
	"op": "add",
	"path": "/requiresTrait",
	"value": "vinaxidnik"
	},
	{
	"file": "bettercrates:recipes/grid/upgradecopper2.json",
	"op": "add",
	"path": "/requiresTrait",
	"value": "vinaxidnik"
	},
	{
	"file": "bettercrates:recipes/grid/upgradebronze.json",
	"op": "add",
	"path": "/requiresTrait",
	"value": "vinaxidnik"
	},
	{
	"file": "bettercrates:recipes/grid/upgradebronze2.json",
	"op": "add",
	"path": "/requiresTrait",
	"value": "vinaxidnik"
	}, 
	{
	"file": "bettercrates:recipes/grid/upgradeiron.json",
	"op": "add",
	"path": "/requiresTrait",
	"value": "vinaxidnik"
	},
	{
	"file": "bettercrates:recipes/grid/upgradeiron2.json",
	"op": "add",
	"path": "/requiresTrait",
	"value": "vinaxidnik"
	},
	{
	"file": "bettercrates:recipes/grid/upgradesteel.json",
	"op": "add",
	"path": "/requiresTrait",
	"value": "vinaxidnik"
	},
	{
	"file": "bettercrates:recipes/grid/upgradesteel2.json",
	"op": "add",
	"path": "/requiresTrait",
	"value": "vinaxidnik"
	},	
	{
//Риса крафт Списа годинникаря - УНІКАЛЬНИЙ
	"file": "game:recipes/grid/tool/hackingspear.json",
	"op": "replace",
	"path": "/requiresTrait",
	"value": "vinaxidnik"
	},
	{
//Риса на крафт спускового гачка з моду MaltiezFirearms - СХЕМА
	"file": "maltiezfirearms:recipes/grid/firearms/locks.json",
	"op": "replace",
	"path": "/0/requiresTrait",
	"value": "vinaxidnik"
	},
	{
	"file": "maltiezfirearms:recipes/grid/firearms/locks.json",
	"op": "replace",
	"path": "/1/requiresTrait",
	"value": "vinaxidnik"
	},
	{
	"file": "maltiezfirearms:recipes/grid/firearms/locks.json",
	"op": "replace",
	"path": "/2/requiresTrait",
	"value": "vinaxidnik"
	},
	{
	"file": "maltiezfirearms:recipes/grid/firearms/locks.json",
	"op": "replace",
	"path": "/6/requiresTrait",
	"value": "vinaxidnik"
	},
	{
//Риса на крафт Акумуляторів (тір 2) з моду ElectricalProgressiveBasics - СХЕМА
	"file": "electricalprogressivebasics:recipes/grid/accumulator.json",
	"op": "add",
	"path": "/1/requiresTrait",
	"value": "vinaxidnik"
	},
	{
	"file": "electricalprogressivebasics:recipes/grid/accumulator.json",
	"op": "add",
	"path": "/2/requiresTrait",
	"value": "vinaxidnik"
	},
	{
//Риса на крафт Мотка міді з моду ElectricalProgressiveBasics - СХЕМА
	"file": "electricalprogressivebasics:recipes/grid/coil.json",
	"op": "add",
	"path": "/requiresTrait",
	"value": "vinaxidnik"
	},	
	{
//Риса на крафт Провода - 128V з моду ElectricalProgressiveBasics - СХЕМА
	"file": "electricalprogressivebasics:recipes/grid/ecable.json",
	"op": "add",
	"path": "/5/requiresTrait",
	"value": "vinaxidnik"
	},
	{
	"file": "electricalprogressivebasics:recipes/grid/ecable.json",
	"op": "add",
	"path": "/7/requiresTrait",
	"value": "vinaxidnik"
	},
	{
	"file": "electricalprogressivebasics:recipes/grid/ecable.json",
	"op": "add",
	"path": "/8/requiresTrait",
	"value": "vinaxidnik"
	},	
	{
//Риса на крафт Генераторів з моду ElectricalProgressiveBasics - СХЕМА
	"file": "electricalprogressivebasics:recipes/grid/egenerator.json",
	"op": "add",
	"path": "/1/requiresTrait",
	"value": "vinaxidnik"
	},
	{
	"file": "electricalprogressivebasics:recipes/grid/egenerator.json",
	"op": "replace",
	"path": "/2/requiresTrait",
	"value": "vinaxidnik"
	},
	{
	"file": "electricalprogressivebasics:recipes/grid/egenerator.json",
	"op": "add",
	"path": "/3/requiresTrait",
	"value": "vinaxidnik"
	},	
	{
//Риса на крафт Моторів з моду ElectricalProgressiveBasics - СХЕМА 
	"file": "electricalprogressivebasics:recipes/grid/emotor.json",
	"op": "add",
	"path": "/2/requiresTrait",
	"value": "vinaxidnik"
	},
	{
	"file": "electricalprogressivebasics:recipes/grid/emotor.json",
	"op": "replace",
	"path": "/3/requiresTrait",
	"value": "vinaxidnik"
	},
	{
	"file": "electricalprogressivebasics:recipes/grid/emotor.json",
	"op": "add",
	"path": "/4/requiresTrait",
	"value": "vinaxidnik"
	},	
	{
//Риса на крафт Ротору з моду ElectricalProgressiveBasics - СХЕМА
	"file": "electricalprogressivebasics:recipes/grid/engineshaft.json",
	"op": "add",
	"path": "/requiresTrait",
	"value": "vinaxidnik"
	},
	{
//Риса на крафт Трансформатора з моду ElectricalProgressiveBasics - СХЕМА
	"file": "electricalprogressivebasics:recipes/grid/transformator.json",
	"op": "add",
	"path": "/requiresTrait",
	"value": "vinaxidnik"
	},
	{
//Риса на крафт Броню з моду ElectricalProgressiveEquipment - СХЕМА
	"file": "electricalprogressiveequipment:recipes/grid/earmor.json",
	"op": "add",
	"path": "/0/requiresTrait",
	"value": "vinaxidnik"
	},
	{
	"file": "electricalprogressiveequipment:recipes/grid/earmor.json",
	"op": "add",
	"path": "/1/requiresTrait",
	"value": "vinaxidnik"
	},
	{
	"file": "electricalprogressiveequipment:recipes/grid/earmor.json",
	"op": "add",
	"path": "/2/requiresTrait",
	"value": "vinaxidnik"
	},
	{
//Риса на крафт Електро-сокири з моду ElectricalProgressiveEquipment - СХЕМА
	"file": "electricalprogressiveequipment:recipes/grid/eaxe.json",
	"op": "add",
	"path": "/requiresTrait",
	"value": "vinaxidnik"
	},
	{
//Риса на крафт Електро-чизлу/зубило з моду ElectricalProgressiveEquipment - СХЕМА
	"file": "electricalprogressiveequipment:recipes/grid/echisel.json",
	"op": "add",
	"path": "/requiresTrait",
	"value": "vinaxidnik"
	},
	{
//Риса на крафт Електро-сокири з моду ElectricalProgressiveEquipment - СХЕМА
	"file": "electricalprogressiveequipment:recipes/grid/edrill.json",
	"op": "add",
	"path": "/requiresTrait",
	"value": "vinaxidnik"
	},
	{
//Риса на крафт Електро-щит з моду ElectricalProgressiveEquipment - СХЕМА
	"file": "electricalprogressiveequipment:recipes/grid/eshield.json",
	"op": "add",
	"path": "/requiresTrait",
	"value": "vinaxidnik"
	},
	{
//Риса на крафт Електро-спис з моду ElectricalProgressiveEquipment - СХЕМА
	"file": "electricalprogressiveequipment:recipes/grid/espear.json",
	"op": "add",
	"path": "/requiresTrait",
	"value": "vinaxidnik"
	}, 
	{
//Риса на крафт Електро-меч з моду ElectricalProgressiveEquipment - СХЕМА
	"file": "electricalprogressiveequipment:recipes/grid/esword.json",
	"op": "add",
	"path": "/requiresTrait",
	"value": "vinaxidnik"
	},
	{
//Риса на крафт Станції для заряджання з моду ElectricalProgressiveQoL - СХЕМА
	"file": "electricalprogressiveqol:recipes/grid/charger.json",
	"op": "add",
	"path": "/requiresTrait",
	"value": "vinaxidnik"
	},
	{
//Риса на крафт Електро-холодильник з моду ElectricalProgressiveQoL - СХЕМА
	"file": "electricalprogressiveqol:recipes/grid/efreezer.json",
	"op": "add",
	"path": "/0/requiresTrait",
	"value": "vinaxidnik"
	},
	{
//Риса на крафт Електро-горну з моду ElectricalProgressiveQoL - СХЕМА
	"file": "electricalprogressiveqol:recipes/grid/ehorn.json",
	"op": "add",
	"path": "/requiresTrait",
	"value": "vinaxidnik"
	},
	{
//Риса на крафт Електро-духовка з моду ElectricalProgressiveQoL - СХЕМА
	"file": "electricalprogressiveqol:recipes/grid/eoven.json",
	"op": "add",
	"path": "/0/requiresTrait",
	"value": "vinaxidnik"
	},
	{
//Риса на крафт Електро-плита з моду ElectricalProgressiveQoL - СХЕМА
	"file": "electricalprogressiveqol:recipes/grid/estove.json",
	"op": "add",
	"path": "/0/requiresTrait",
	"value": "vinaxidnik"
	},
	{
//Риса на крафт Електро-обігрівач з моду ElectricalProgressiveQoL - СХЕМА
	"file": "electricalprogressiveqol:recipes/grid/heater.json",
	"op": "add",
	"path": "/requiresTrait",
	"value": "vinaxidnik"
	},	
	{
//Риса на крафт Композитного штоку з моду MaltiezCrossbows - (додатковий крафт доданий Авантюристу)
	"file": "maltiezcrossbows:recipes/grid/bow.json",
	"op": "add",
	"path": "/0/requiresTrait",
	"value": "vinaxidnik"
	},
	{
//Риса на крафт Лебідки з моду MaltiezCrossbows- (додатковий крафт доданий Авантюристу)
	"file": "maltiezcrossbows:recipes/grid/spanningtool.json",
	"op": "add",
	"path": "/0/requiresTrait",
	"value": "vinaxidnik"
	},
	{
//Риса на крафт Козиної ноги з моду MaltiezCrossbows- (додатковий крафт доданий Авантюристу)
	"file": "maltiezcrossbows:recipes/grid/spanningtool.json",
	"op": "add",
	"path": "/1/requiresTrait",
	"value": "vinaxidnik"
	},
	{
//Риса на крафт Ґнотовий замок (залізо) з моду MaltiezFirearms- (додатковий крафт доданий Авантюристу)
	"file": "maltiezfirearms:recipes/grid/firearms/locks.json",
	"op": "add",
	"path": "/3/requiresTrait",
	"value": "vinaxidnik"
	},
	{
//Риса на крафт Ґнотовий замок (мет.залізо)  з моду MaltiezFirearms- (додатковий крафт доданий Авантюристу)
	"file": "maltiezfirearms:recipes/grid/firearms/locks.json",
	"op": "add",
	"path": "/4/requiresTrait",
	"value": "vinaxidnik"
	},
	{
//Риса на крафт частин на екзоскелет з моду Exoskeleton
	"file": "exoskeletons:recipes/grid/exoskeleton.json",
	"op": "add",
	"path": "/0/requiresTrait",
	"value": "vinaxidnik"
	},
	{
	"file": "exoskeletons:recipes/grid/exoskeleton.json",
	"op": "add",
	"path": "/1/requiresTrait",
	"value": "vinaxidnik"
	},
	{
	"file": "exoskeletons:recipes/grid/exoskeleton.json",
	"op": "add",
	"path": "/2/requiresTrait",
	"value": "vinaxidnik"
	},
	{
	"file": "exoskeletons:recipes/grid/exoskeleton.json",
	"op": "add",
	"path": "/3/requiresTrait",
	"value": "vinaxidnik"
	},
	{
	"file": "exoskeletons:recipes/grid/exoskeleton.json",
	"op": "add",
	"path": "/4/requiresTrait",
	"value": "vinaxidnik"
	},
	{
	"file": "exoskeletons:recipes/grid/exoskeleton.json",
	"op": "add",
	"path": "/5/requiresTrait",
	"value": "vinaxidnik"
	},
	{
	"file": "exoskeletons:recipes/grid/exoskeleton.json",
	"op": "add",
	"path": "/6/requiresTrait",
	"value": "vinaxidnik"
	},
	{
	"file": "exoskeletons:recipes/grid/exoskeleton.json",
	"op": "add",
	"path": "/7/requiresTrait",
	"value": "vinaxidnik"
	},
]