{
	"editor": {
		"allAngles": true,
		"entityTextureMode": true
	},
	"textureWidth": 16,
	"textureHeight": 16,
	"textureSizes": {
	},
	"textures": {
	},
	"elements": [
		{
			"name": "mid",
			"from": [ 6.5, 0.0, 7.0 ], 
			"to": [ 9.5, 1.0, 9.0 ], 
			"uv": [ 0.0, 12.0 ],
			"rotationOrigin": [ 8.0, 0.0, 8.0 ],
			"faces": {
				"north": { "texture": "#woodlouse1", "uv": [ 0.0, 14.0, 3.0, 15.25 ] },
				"east": { "texture": "#woodlouse1", "uv": [ 3.0, 14.0, 5.0, 15.25 ] },
				"south": { "texture": "#woodlouse1", "uv": [ 5.0, 14.0, 8.0, 15.25 ] },
				"west": { "texture": "#woodlouse1", "uv": [ 8.0, 14.0, 10.0, 15.25 ] },
				"up": { "texture": "#woodlouse1", "uv": [ 0.0, 12.0, 3.0, 14.0 ] },
				"down": { "texture": "#woodlouse1", "uv": [ 3.0, 12.0, 6.0, 14.0 ] }
			},
			"children": [
				{
					"name": "front",
					"from": [ -0.5, 0.0, 0.25 ], 
					"to": [ 0.0, 0.75, 1.75 ], 
					"uv": [ 10.25, 4.5 ],
					"rotationOrigin": [ 0.0, 0.0, 1.0 ],
					"faces": {
						"north": { "texture": "#woodlouse1", "uv": [ 10.25, 6.0, 10.75, 6.75 ] },
						"east": { "texture": "#woodlouse1", "uv": [ 10.75, 6.0, 12.25, 6.75 ] },
						"south": { "texture": "#woodlouse1", "uv": [ 12.25, 6.0, 12.75, 6.75 ] },
						"west": { "texture": "#woodlouse1", "uv": [ 12.75, 6.0, 14.25, 6.75 ] },
						"up": { "texture": "#woodlouse1", "uv": [ 10.25, 4.5, 10.75, 6.0 ] },
						"down": { "texture": "#woodlouse1", "uv": [ 10.75, 4.5, 11.25, 6.0 ] }
					},
					"children": [
						{
							"name": "tippyR",
							"from": [ -0.95, 0.0, 0.5 ], 
							"to": [ 0.05, 2.0, 0.5 ], 
							"uv": [ 0.5, 9.5 ],
							"rotationOrigin": [ 0.0, 0.0, 0.0 ],
							"rotationX": -8.0,
							"faces": {
								"north": { "texture": "#woodlouse1", "uv": [ 0.0, 0.0, 1.0, 2.0 ], "enabled": false },
								"east": { "texture": "#woodlouse1", "uv": [ 0.0, 0.0, 0.5, 2.0 ], "enabled": false },
								"south": { "texture": "#woodlouse1", "uv": [ 0.5, 9.5, 1.5, 11.5 ] },
								"west": { "texture": "#woodlouse1", "uv": [ 0.0, 0.0, 0.5, 2.0 ], "enabled": false },
								"up": { "texture": "#woodlouse1", "uv": [ 0.0, 0.0, 1.0, 0.5 ], "enabled": false },
								"down": { "texture": "#woodlouse1", "uv": [ 0.0, 0.0, 1.0, 0.5 ], "enabled": false }
							}
						},
						{
							"name": "tippyL",
							"from": [ -0.95, 0.0, 1.0 ], 
							"to": [ 0.05, 2.0, 1.0 ], 
							"uv": [ 1.5, 9.5 ],
							"rotationOrigin": [ 0.0, 0.0, 1.0 ],
							"rotationX": 8.0,
							"faces": {
								"north": { "texture": "#woodlouse1", "uv": [ 0.0, 0.0, 1.0, 2.0 ], "enabled": false },
								"east": { "texture": "#woodlouse1", "uv": [ 0.0, 0.0, 0.5, 2.0 ], "enabled": false },
								"south": { "texture": "#woodlouse1", "uv": [ 1.5, 9.5, 2.5, 11.5 ] },
								"west": { "texture": "#woodlouse1", "uv": [ 0.0, 0.0, 0.5, 2.0 ], "enabled": false },
								"up": { "texture": "#woodlouse1", "uv": [ 0.0, 0.0, 1.0, 0.5 ], "enabled": false },
								"down": { "texture": "#woodlouse1", "uv": [ 0.0, 0.0, 1.0, 0.5 ], "enabled": false }
							}
						}
					]
				},
				{
					"name": "back1",
					"from": [ 3.0, 0.0, 0.25 ], 
					"to": [ 3.5, 0.75, 1.75 ], 
					"uv": [ 10.0, 12.75 ],
					"rotationOrigin": [ 3.0, 0.0, 1.0 ],
					"faces": {
						"north": { "texture": "#woodlouse1", "uv": [ 10.0, 14.25, 10.5, 15.0 ] },
						"east": { "texture": "#woodlouse1", "uv": [ 10.5, 14.25, 12.0, 15.0 ] },
						"south": { "texture": "#woodlouse1", "uv": [ 12.0, 14.25, 12.5, 15.0 ] },
						"west": { "texture": "#woodlouse1", "uv": [ 12.5, 14.25, 14.0, 15.0 ] },
						"up": { "texture": "#woodlouse1", "uv": [ 10.0, 12.75, 10.5, 14.25 ] },
						"down": { "texture": "#woodlouse1", "uv": [ 10.5, 12.75, 11.0, 14.25 ] }
					}
				},
				{
					"name": "SkirtL",
					"from": [ 0.15, -0.65, 0.9 ], 
					"to": [ 3.15, -0.15, 1.9 ], 
					"uv": [ 12.0, 11.25 ],
					"rotationOrigin": [ 0.0, 0.0, 1.5 ],
					"rotationX": -75.0,
					"faces": {
						"north": { "texture": "#null", "uv": [ 0.0, 0.0, 3.5, 3.0 ], "enabled": false },
						"east": { "texture": "#null", "uv": [ 0.0, 0.0, 1.0, 3.0 ], "enabled": false },
						"south": { "texture": "#woodlouse1", "uv": [ 12.0, 11.5, 15.0, 12.0 ] },
						"west": { "texture": "#null", "uv": [ 0.0, 0.0, 1.0, 3.0 ], "enabled": false },
						"up": { "texture": "#null", "uv": [ 0.0, 0.0, 3.5, 1.0 ], "enabled": false },
						"down": { "texture": "#null", "uv": [ 0.0, 0.0, 3.5, 1.0 ], "enabled": false }
					}
				},
				{
					"name": "SkirtR7",
					"from": [ 0.15, -0.75, -1.35 ], 
					"to": [ 3.15, -0.25, -0.35 ], 
					"uv": [ 12.0, 11.25 ],
					"rotationOrigin": [ 0.0, 0.0, -0.5 ],
					"rotationX": -105.0,
					"faces": {
						"north": { "texture": "#null", "uv": [ 0.0, 0.0, 3.5, 3.0 ], "enabled": false },
						"east": { "texture": "#null", "uv": [ 0.0, 0.0, 1.0, 3.0 ], "enabled": false },
						"south": { "texture": "#woodlouse1", "uv": [ 12.0, 11.5, 15.0, 12.0 ] },
						"west": { "texture": "#null", "uv": [ 0.0, 0.0, 1.0, 3.0 ], "enabled": false },
						"up": { "texture": "#null", "uv": [ 0.0, 0.0, 3.5, 1.0 ], "enabled": false },
						"down": { "texture": "#null", "uv": [ 0.0, 0.0, 3.5, 1.0 ], "enabled": false }
					}
				},
				{
					"name": "R-Legs",
					"from": [ 0.25, 0.1, -0.5 ], 
					"to": [ 3.75, 0.1, 0.5 ], 
					"uv": [ 0.0, 4.75 ],
					"rotationOrigin": [ 0.0, 0.0, 0.0 ],
					"rotationX": -14.0,
					"faces": {
						"north": { "texture": "#woodlouse1", "uv": [ 0.0, 5.75, 3.5, 6.0 ] },
						"east": { "texture": "#woodlouse1", "uv": [ 3.5, 5.75, 4.5, 6.0 ] },
						"south": { "texture": "#woodlouse1", "uv": [ 4.5, 5.75, 8.0, 6.0 ] },
						"west": { "texture": "#woodlouse1", "uv": [ 8.0, 5.75, 9.0, 6.0 ] },
						"up": { "texture": "#woodlouse1", "uv": [ 0.0, 4.75, 3.5, 5.75 ] },
						"down": { "texture": "#woodlouse1", "uv": [ 3.5, 4.75, 7.0, 5.75 ] }
					}
				},
				{
					"name": "LLeg",
					"from": [ 0.25, 0.1, 1.5 ], 
					"to": [ 3.75, 0.1, 2.5 ], 
					"uv": [ 0.0, 6.0 ],
					"rotationOrigin": [ 0.0, 0.0, 2.0 ],
					"rotationX": 14.0,
					"faces": {
						"north": { "texture": "#woodlouse1", "uv": [ 0.0, 7.0, 3.5, 7.25 ] },
						"east": { "texture": "#woodlouse1", "uv": [ 3.5, 7.0, 4.5, 7.25 ] },
						"south": { "texture": "#woodlouse1", "uv": [ 4.5, 7.0, 8.0, 7.25 ] },
						"west": { "texture": "#woodlouse1", "uv": [ 8.0, 7.0, 9.0, 7.25 ] },
						"up": { "texture": "#woodlouse1", "uv": [ 0.0, 6.0, 3.5, 7.0 ] },
						"down": { "texture": "#woodlouse1", "uv": [ 3.5, 6.0, 7.0, 7.0 ] }
					}
				}
			]
		}
	],
	"animations": [
		{
			"name": "Animation 1",
			"code": "animation1",
			"quantityframes": 30,
			"onActivityStopped": "Rewind",
			"onAnimationEnd": "Repeat",
			"keyframes": [
				{
					"frame": 5,
					"elements": {
						"mid": { "offsetX": 0.0, "offsetY": -0.05, "offsetZ": 0.0, "rotationX": -3.0, "rotationY": -3.0, "rotationZ": 0.0 },
						"front": { "offsetX": 0.15, "offsetY": 0.0, "offsetZ": 0.0, "rotationX": 0.0, "rotationY": 0.0, "rotationZ": 0.0 },
						"tippyR": { "rotationX": 0.0, "rotationY": 0.0, "rotationZ": 8.0 },
						"R-Legs": { "rotationX": 0.0, "rotationY": -6.0, "rotationZ": 0.0 },
						"LLeg": { "offsetX": 0.0, "offsetY": 0.0, "offsetZ": 0.0 },
						"back1": { "offsetX": -0.2, "offsetY": 0.0, "offsetZ": 0.0, "rotationX": 0.0, "rotationY": 0.0, "rotationZ": -11.0 }
					}
				},
				{
					"frame": 10,
					"elements": {
						"mid": {  },
						"R-Legs": { "rotationX": 0.0, "rotationY": 0.0, "rotationZ": 0.0 },
						"LLeg": { "offsetX": 0.0, "offsetY": 0.0, "offsetZ": -0.15 },
						"front": {  },
						"tippyL": { "rotationX": 0.0, "rotationY": 0.0, "rotationZ": -14.0 }
					}
				},
				{
					"frame": 20,
					"elements": {
						"mid": { "rotationX": 3.0, "rotationY": 3.0, "rotationZ": 0.0 },
						"front": { "rotationX": 0.0, "rotationY": 0.0, "rotationZ": 6.0 },
						"tippyR": { "rotationX": 0.0, "rotationY": 0.0, "rotationZ": -14.0 },
						"back1": { "rotationX": 0.0, "rotationY": 0.0, "rotationZ": 0.0 },
						"LLeg": { "rotationX": 0.0, "rotationY": 3.0, "rotationZ": 0.0 },
						"R-Legs": { "offsetX": 0.0, "offsetY": 0.0, "offsetZ": 0.0 }
					}
				},
				{
					"frame": 25,
					"elements": {
						"mid": {  },
						"LLeg": { "rotationX": 0.0, "rotationY": 0.0, "rotationZ": 0.0 },
						"R-Legs": { "offsetX": 0.0, "offsetY": 0.0, "offsetZ": 0.15 },
						"front": { "offsetX": 0.0, "offsetY": 0.0, "offsetZ": 0.0 },
						"tippyL": { "rotationX": 0.0, "rotationY": 0.0, "rotationZ": 0.0 }
					}
				}
			]
		},

		{
			"name": "Animation 2",
			"code": "animation2",
			"quantityframes": 32,
			"onActivityStopped": "Rewind",
			"onAnimationEnd": "Repeat",
			"keyframes": [
				{
					"frame": 8,
					"elements": {
						"mid": {  },
						"R-Legs": { "rotationX": -17.0, "rotationY": 0.0, "rotationZ": 0.0 },
						"LLeg": { "rotationX": 0.0, "rotationY": 0.0, "rotationZ": 0.0 }
					}
				},
				{
					"frame": 10,
					"elements": {
						"mid": {  },
						"front": { "offsetX": 0.15, "offsetY": 0.0, "offsetZ": 0.0, "rotationX": 0.0, "rotationY": 0.0, "rotationZ": 6.0 },
						"tippyR": { "rotationX": 0.0, "rotationY": 0.0, "rotationZ": 0.0 },
						"tippyL": { "rotationX": 0.0, "rotationY": 0.0, "rotationZ": 11.0 },
						"back1": { "offsetX": -0.15, "offsetY": 0.0, "offsetZ": 0.0, "rotationX": 0.0, "rotationY": 0.0, "rotationZ": -11.0 }
					}
				},
				{
					"frame": 16,
					"elements": {
						"mid": {  },
						"R-Legs": { "rotationX": 0.0, "rotationY": 0.0, "rotationZ": 0.0 },
						"LLeg": { "rotationX": 14.0, "rotationY": 0.0, "rotationZ": 0.0 }
					}
				},
				{
					"frame": 24,
					"elements": {
						"mid": {  },
						"front": {  },
						"tippyR": { "rotationX": 0.0, "rotationY": 0.0, "rotationZ": 8.0 },
						"tippyL": { "rotationX": 0.0, "rotationY": 0.0, "rotationZ": 0.0 }
					}
				}
			]
		}
	]
}