{
	"editor": {
		"allAngles": false,
		"entityTextureMode": false
	},
	"textureWidth": 16,
	"textureHeight": 16,
	"textureSizes": {
	},
	"textures": {
		"brick": "game:block/clay/brickpile/burned/cream-brick1"
	},
	"elements": [
		{
			"name": "N Tube",
			"from": [ 6.0, 4.0, 2.0 ],
			"to": [ 10.0, 12.0, 6.0 ],
			"rotationOrigin": [ 0.0, 4.0, 0.0 ],
			"faces": {
				"north": { "texture": "#brick", "uv": [ 0.0, 0.0, 4.0, 8.0 ] },
				"east": { "texture": "#brick", "uv": [ 0.0, 0.0, 4.0, 8.0 ] },
				"south": { "texture": "#brick", "uv": [ 0.0, 0.0, 4.0, 8.0 ] },
				"west": { "texture": "#brick", "uv": [ 0.0, 0.0, 4.0, 8.0 ] },
				"up": { "texture": "#brick", "uv": [ 0.0, 0.0, 4.0, 4.0 ] }
			}
		},
		{
			"name": "S Tube",
			"from": [ 6.0, 4.0, 10.0 ],
			"to": [ 10.0, 12.0, 14.0 ],
			"rotationOrigin": [ 0.0, 4.0, 0.0 ],
			"faces": {
				"north": { "texture": "#brick", "uv": [ 0.0, 0.0, 4.0, 8.0 ] },
				"east": { "texture": "#brick", "uv": [ 0.0, 0.0, 4.0, 8.0 ] },
				"south": { "texture": "#brick", "uv": [ 0.0, 0.0, 4.0, 8.0 ] },
				"west": { "texture": "#brick", "uv": [ 0.0, 0.0, 4.0, 8.0 ] },
				"up": { "texture": "#brick", "uv": [ 0.0, 0.0, 4.0, 4.0 ] }
			}
		},
		{
			"name": "Base",
			"from": [ 4.0, 0.0, 1.0 ],
			"to": [ 12.0, 4.0, 15.0 ],
			"faces": {
				"north": { "texture": "#brick", "uv": [ 8.0, 8.0, 16.0, 12.0 ], "autoUv": false },
				"east": { "texture": "#brick", "uv": [ 8.0, 12.0, 15.5, 16.0 ], "autoUv": false },
				"south": { "texture": "#brick", "uv": [ 8.0, 12.0, 16.0, 16.0 ], "autoUv": false },
				"west": { "texture": "#brick", "uv": [ 8.0, 8.0, 15.5, 12.0 ], "autoUv": false },
				"up": { "texture": "#brick", "uv": [ 0.0, 0.0, 7.5, 7.5 ], "autoUv": false },
				"down": { "texture": "#brick", "uv": [ 0.0, 0.0, 7.5, 8.0 ], "autoUv": false }
			}
		}
	]}