[
	{
	//Рецепти для крафту шкіряної броні для ВСІХ
		ingredientPattern: "LKL,K_K",
		enabled: true,
		recipeGroup: 1,
		ingredients: {
			"K": { type: "item", code: "game:leather-normal-plain", quantity: 3 },
			"L": { type: "item", code: "game:leather-normal-plain", quantity: 6 }
		},
		width: 3,
		height: 2,
		output: { type: "item", code: "game:armor-head-sewn-leather"  }
	},
	{
		ingredientPattern: "LTL,MMM,MMM",
		enabled: true,
		recipeGroup: 1,
		ingredients: {
			"L": { type: "item", code: "game:leather-normal-plain", quantity: 6 },
			"M": { type: "item", code: "game:leather-normal-plain", quantity: 9 },
			"T": { type: "item", code: "game:flaxtwine", quantity: 1 }
		},
		width: 3,
		height: 3,
		output: { type: "item", code: "game:armor-body-sewn-leather"  }
	},
	{
		ingredientPattern: "LKL,LTL,K_K",
		enabled: true,
		recipeGroup: 1,
		ingredients: {
			"K": { type: "item", code: "game:leather-normal-plain", quantity: 3 },
			"L": { type: "item", code: "game:leather-normal-plain", quantity: 6 },
			"T": { type: "item", code: "game:flaxtwine", quantity: 3 }
		},
		width: 3,
		height: 3,
		output: { type: "item", code: "game:armor-legs-sewn-leather"  }
	}
]