[
  {
    "op": "add",
    "path": "/attributes/tradeProps/selling/list/-",
    "value": {
	"code": "wool:fleece-generic-plain",
	"type": "item", "stacksize": 8, "stock": { "avg": 4, "var": 1 }, "price": { "avg": 2, "var": 0.75 }
    },
    "file": "game:entities/humanoid/trader-domesticanimal.json",
    "side": "Server"
  },

  {
    "op": "add",
    "path": "/attributes/tradeProps/selling/list/-",
    "value": {
	"code": "wool:fleece-generic-gray",
	"type": "item", "stacksize": 8, "stock": { "avg": 4, "var": 1 }, "price": { "avg": 2, "var": 0.75 }
    },
    "file": "game:entities/humanoid/trader-domesticanimal.json",
    "side": "Server"
  },

  {
    "op": "add",
    "path": "/attributes/tradeProps/selling/list/-",
    "value": {
	"code": "wool:fleece-generic-brown",
	"type": "item", "stacksize": 10, "stock": { "avg": 4, "var": 1 }, "price": { "avg": 3, "var": 0.75 }
    },
    "file": "game:entities/humanoid/trader-domesticanimal.json",
    "side": "Server"
  }
]
