{
	"ingredient":{
		"type":"item",
		"code":"game:clay-*",
		"name":"type",
		"allowedVariants":[
			"blue",
			"fire",
			"brown",
			"red"
		]
	},
	"pattern":[
		[
			"##############",
			"##############",
			"##############",
			"##############",
			"##############",
			"##############",
			"##############",
			"##############",
			"##############",
			"##############",
			"##############",
			"##############",
			"##############",
			"##############"
		],
		[
			"##############",
			"##############",
			"##__##__##__##",
			"###_##_####_##",
			"##############",
			"##############",
			"##__##__##__##",
			"###_##_####_##",
			"##############",
			"##############",
			"##__##__##__##",
			"###_##_####_##",
			"##############",
			"##############"
		]
	],
	"name":"Large Arrowhead Mold",
	"output":{
		"type":"block",
		"code":"toolmold-raw-largearrowhead"
	}
}