{
	"code": "metalpan",
	"class": "BlockPan",
	"enabled": true,
	"behaviors": [
		{ "name": "SneakPlacing" },
		{ "name": "UnstableFalling", "properties": { "attachmentArea": { "x1": 5, "y1": 0, "z1": 5, "x2": 10, "y2": 0, "z2": 10 } } },
		{ "name": "RightClickPickup" }
	],
	"maxStackSize": 1,
	"attributesByType": {
		"*-copper": {
			"heldItemPitchFollow": 0.5,
			"panningDrops": {			
				"@(bonysoil|bonysoil-.*)": [
					{ "type": "item", "code": "fendragonsmp:pice-of-gear", "chance": { "avg": 0.06, "var": 0 }, "dropModbyStat": "rustyGearDropRate" },
					{ "type": "item", "code": "game:gear-rusty", "chance": { "avg": 0.025, "var": 0 }, "dropModbyStat": "rustyGearDropRate" },
					{ "type": "item", "code": "game:gear-temporal", "chance": { "avg": 0.001, "var": 0 }, "dropModbyStat": "rustyGearDropRate" },
					
					{ "type": "item", "code": "game:bone", "chance": { "avg": 0.05, "var": 0 } },
					{ "type": "item", "code": "game:flaxfibers", "chance": { "avg": 0.02, "var": 0 }, "dropModbyStat": "produceDropRate" },
					{ "type": "item", "code": "game:candle", "chance": { "avg": 0.01, "var": 0 } },
					{ "type": "item", "code": "game:clay-blue", "chance": { "avg": 0.02, "var": 0 } },
					{ "type": "item", "code": "game:clay-fire", "chance": { "avg": 0.02, "var": 0 } },
					{ "type": "item", "code": "game:charcoal", "chance": { "avg": 0.01, "var": 0 }, "dropModbyStat": "charcoalPileDropRate" },
					{ "type": "item", "code": "game:resin", "chance": { "avg": 0.01, "var": 0 }, "dropModbyStat": "mechanicalsDamage" },
					
					{ "type": "item", "code": "game:ore-phosphorite", "chance": { "avg": 0.01, "var": 0 } },
					{ "type": "item", "code": "game:ore-cinnabar", "chance": { "avg": 0.01, "var": 0 } },
					{ "type": "item", "code": "game:ore-sylvite", "chance": { "avg": 0.01, "var": 0 } },
					{ "type": "item", "code": "game:ore-sulfur", "chance": { "avg": 0.01, "var": 0 } },
					{ "type": "item", "code": "game:saltpeter", "chance": { "avg": 0.01, "var": 0 } },
					
					{ "type": "item", "code": "game:clearquartz", "chance": { "avg": 0.01, "var": 0 } },
					{ "type": "item", "code": "game:ore-lapislazuli", "chance": { "avg": 0.01, "var": 0 } },

					{ "type": "block", "code": "game:metal-scraps", "chance": { "avg": 0.0035, "var": 0 } },
					
					{ "type": "item", "code": "game:nugget-nativecopper", "chance": { "avg": 0.01, "var": 0 } },
					{ "type": "item", "code": "game:nugget-cassiterite", "chance": { "avg": 0.01, "var": 0 } },
					{ "type": "item", "code": "game:nugget-galena", "chance": { "avg": 0.01, "var": 0 } },
					{ "type": "item", "code": "game:nugget-sphalerite", "chance": { "avg": 0.01, "var": 0 } },
					{ "type": "item", "code": "game:nugget-bismuthinite", "chance": { "avg": 0.01, "var": 0 } },
					{ "type": "item", "code": "game:nugget-nativesilver", "chance": { "avg": 0.01, "var": 0 } },
					{ "type": "item", "code": "game:nugget-nativegold", "chance": { "avg": 0.01, "var": 0 } },
					
					{ "type": "item", "code": "game:spearhead-copper", "chance": { "avg": 0.02, "var": 0 } },
					{ "type": "item", "code": "game:arrowhead-copper", "chance": { "avg": 0.02, "var": 0 } },
					
					{ "type": "item", "code": "game:clothes-face-leather-reinforced-mask", "chance": { "avg": 0.0006, "var": 0 } },
					{ "type": "item", "code": "game:clothes-face-hunter-mask", "chance": { "avg": 0.0006, "var": 0 } },
					{ "type": "item", "code": "game:clothes-face-malefactor-mask", "chance": { "avg": 0.0006, "var": 0 } },
					{ "type": "item", "code": "game:clothes-face-forlorn-veil", "chance": { "avg": 0.0006, "var": 0 } },					
					{ "type": "item", "code": "game:clothes-face-tailor-mask", "chance": { "avg": 0.0006, "var": 0 } },
					{ "type": "item", "code": "game:clothes-face-sheepskull", "chance": { "avg": 0.0006, "var": 0 } },
					{ "type": "item", "code": "game:clothes-face-crow", "chance": { "avg": 0.0006, "var": 0 } },
					{ "type": "item", "code": "game:clothes-face-hummingbird", "chance": { "avg": 0.0006, "var": 0 } },
					{ "type": "item", "code": "game:clothes-face-corroded", "chance": { "avg": 0.0006, "var": 0 } },
					{ "type": "item", "code": "game:clothes-face-cat", "chance": { "avg": 0.0006, "var": 0 } },
					{ "type": "item", "code": "game:clothes-face-festivecat", "chance": { "avg": 0.0006, "var": 0 } },
					{ "type": "item", "code": "game:clothes-face-marketeer", "chance": { "avg": 0.0006, "var": 0 } },
					{ "type": "item", "code": "game:clothes-face-rotwalker", "chance": { "avg": 0.0006, "var": 0 } },
					{ "type": "item", "code": "game:clothes-face-snow-goggles", "chance": { "avg": 0.0006, "var": 0 } },
					{ "type": "item", "code": "game:clothes-face-glasses", "chance": { "avg": 0.0006, "var": 0 } },
					{ "type": "item", "code": "game:clothes-face-rottenking", "chance": { "avg": 0.0006, "var": 0 } },
					{ "type": "item", "code": "game:clothes-face-surgeon", "chance": { "avg": 0.0006, "var": 0 } },
					{ "type": "item", "code": "game:clothes-face-miner", "chance": { "avg": 0.0006, "var": 0 } },
					{ "type": "item", "code": "game:clothes-face-forgotten", "chance": { "avg": 0.0006, "var": 0 } },
					{ "type": "item", "code": "game:clothes-face-survivor", "chance": { "avg": 0.0006, "var": 0 } }
				],
				"@(sand|gravel)-.*": [
					{ "type": "item", "code": "stone-{rocktype}",  "chance": { "avg": 0.1, "var": 0 }  },
					{ "type": "item", "code": "fendragonsmp:pice-of-gear", "chance": { "avg": 0.04, "var": 0 }, "dropModbyStat": "rustyGearDropRate" },
					{ "type": "item", "code": "game:gear-rusty", "chance": { "avg": 0.025, "var": 0 }, "dropModbyStat": "rustyGearDropRate" },
					{ "type": "item", "code": "game:gear-temporal", "chance": { "avg": 0.001, "var": 0 }, "dropModbyStat": "rustyGearDropRate" },
					
					{ "type": "item", "code": "game:bone", "chance": { "avg": 0.05, "var": 0 } },
					{ "type": "item", "code": "game:flaxfibers", "chance": { "avg": 0.01, "var": 0 }, "dropModbyStat": "produceDropRate" },
					{ "type": "item", "code": "game:candle", "chance": { "avg": 0.005, "var": 0 } },
					{ "type": "item", "code": "game:clay-blue", "chance": { "avg": 0.02, "var": 0 } },
					{ "type": "item", "code": "game:clay-fire", "chance": { "avg": 0.02, "var": 0 } },
					{ "type": "item", "code": "game:charcoal", "chance": { "avg": 0.005, "var": 0 }, "dropModbyStat": "charcoalPileDropRate" },
					{ "type": "item", "code": "game:resin", "chance": { "avg": 0.005, "var": 0 }, "dropModbyStat": "mechanicalsDamage" },
					
					{ "type": "item", "code": "game:ore-phosphorite", "chance": { "avg": 0.005, "var": 0 } },
					{ "type": "item", "code": "game:ore-cinnabar", "chance": { "avg": 0.005, "var": 0 } },
					{ "type": "item", "code": "game:ore-sylvite", "chance": { "avg": 0.005, "var": 0 } },
					{ "type": "item", "code": "game:ore-sulfur", "chance": { "avg": 0.005, "var": 0 } },
					{ "type": "item", "code": "game:saltpeter", "chance": { "avg": 0.005, "var": 0 } },
					
					{ "type": "item", "code": "game:clearquartz", "chance": { "avg": 0.005, "var": 0 } },
					{ "type": "item", "code": "game:ore-lapislazuli", "chance": { "avg": 0.005, "var": 0 } },

					{ "type": "block", "code": "game:metal-scraps", "chance": { "avg": 0.0035, "var": 0 } },
					
					{ "type": "item", "code": "game:nugget-nativecopper", "chance": { "avg": 0.005, "var": 0 } },
					{ "type": "item", "code": "game:nugget-cassiterite", "chance": { "avg": 0.005, "var": 0 } },
					{ "type": "item", "code": "game:nugget-galena", "chance": { "avg": 0.005, "var": 0 } },
					{ "type": "item", "code": "game:nugget-sphalerite", "chance": { "avg": 0.005, "var": 0 } },
					{ "type": "item", "code": "game:nugget-bismuthinite", "chance": { "avg": 0.005, "var": 0 } },
					{ "type": "item", "code": "game:nugget-nativesilver", "chance": { "avg": 0.005, "var": 0 } },
					{ "type": "item", "code": "game:nugget-nativegold", "chance": { "avg": 0.005, "var": 0 } },
					
					{ "type": "item", "code": "game:spearhead-copper", "chance": { "avg": 0.01, "var": 0 } },
					{ "type": "item", "code": "game:arrowhead-copper", "chance": { "avg": 0.01, "var": 0 } }
				]
			}
		},
		"*-tinbronze": {
			"heldItemPitchFollow": 0.5,
			"panningDrops": {
				"@(bonysoil|bonysoil-.*)": [
					{ "type": "item", "code": "fendragonsmp:pice-of-gear", "chance": { "avg": 0.08, "var": 0 }, "dropModbyStat": "rustyGearDropRate" },
					{ "type": "item", "code": "game:gear-rusty", "chance": { "avg": 0.025, "var": 0 }, "dropModbyStat": "rustyGearDropRate" },
					{ "type": "item", "code": "game:gear-temporal", "chance": { "avg": 0.001, "var": 0 }, "dropModbyStat": "rustyGearDropRate" },
					
					{ "type": "item", "code": "game:bone", "chance": { "avg": 0.05, "var": 0 } },
					{ "type": "item", "code": "game:flaxfibers", "chance": { "avg": 0.03, "var": 0 }, "dropModbyStat": "produceDropRate" },
					{ "type": "item", "code": "game:candle", "chance": { "avg": 0.01, "var": 0 } },
					{ "type": "item", "code": "game:clay-blue", "chance": { "avg": 0.02, "var": 0 } },
					{ "type": "item", "code": "game:clay-fire", "chance": { "avg": 0.02, "var": 0 } },
					{ "type": "item", "code": "game:charcoal", "chance": { "avg": 0.01, "var": 0 }, "dropModbyStat": "charcoalPileDropRate" },
					{ "type": "item", "code": "game:resin", "chance": { "avg": 0.01, "var": 0 }, "dropModbyStat": "mechanicalsDamage" },
					
					{ "type": "item", "code": "game:ore-phosphorite", "chance": { "avg": 0.01, "var": 0 } },
					{ "type": "item", "code": "game:ore-cinnabar", "chance": { "avg": 0.01, "var": 0 } },
					{ "type": "item", "code": "game:ore-sylvite", "chance": { "avg": 0.01, "var": 0 } },
					{ "type": "item", "code": "game:ore-sulfur", "chance": { "avg": 0.01, "var": 0 } },
					{ "type": "item", "code": "game:ore-olivine", "chance": { "avg": 0.01, "var": 0 } },
					{ "type": "item", "code": "game:saltpeter", "chance": { "avg": 0.01, "var": 0 } },
					
					{ "type": "item", "code": "game:clearquartz", "chance": { "avg": 0.01, "var": 0 } },
					{ "type": "item", "code": "game:ore-lapislazuli", "chance": { "avg": 0.01, "var": 0 } },
					{ "type": "item", "code": "game:gem-emerald-rough", "attributes": { "potential": "low" }, "chance": { "avg": 0.01, "var": 0 } },					

					{ "type": "block", "code": "game:metal-scraps", "chance": { "avg": 0.0035, "var": 0 } },
					
					{ "type": "item", "code": "game:nugget-nativecopper", "chance": { "avg": 0.01, "var": 0 } },
					{ "type": "item", "code": "game:nugget-cassiterite", "chance": { "avg": 0.01, "var": 0 } },
					{ "type": "item", "code": "game:nugget-galena", "chance": { "avg": 0.01, "var": 0 } },
					{ "type": "item", "code": "game:nugget-sphalerite", "chance": { "avg": 0.01, "var": 0 } },
					{ "type": "item", "code": "game:nugget-bismuthinite", "chance": { "avg": 0.01, "var": 0 } },
					{ "type": "item", "code": "game:nugget-magnetite", "chance": { "avg": 0.01, "var": 0 } },
					{ "type": "item", "code": "game:nugget-nativesilver", "chance": { "avg": 0.01, "var": 0 } },
					{ "type": "item", "code": "game:nugget-nativegold", "chance": { "avg": 0.01, "var": 0 } },
					
					{ "type": "item", "code": "game:spearhead-tinbronze", "chance": { "avg": 0.01, "var": 0 } },
					{ "type": "item", "code": "game:arrowhead-tinbronze", "chance": { "avg": 0.02, "var": 0 } },
					
					{ "type": "item", "code": "game:clothes-neck-pearl-necklace", "chance": { "avg": 0.0006, "var": 0 } },
					{ "type": "item", "code": "game:clothes-neck-noble-necklace", "chance": { "avg": 0.0006, "var": 0 } },
					{ "type": "item", "code": "game:clothes-neck-merchant-amulet", "chance": { "avg": 0.0006, "var": 0 } },
					{ "type": "item", "code": "game:clothes-neck-golden-necklace", "chance": { "avg": 0.0006, "var": 0 } },					
					{ "type": "item", "code": "game:clothes-neck-fancy-royal-collar", "chance": { "avg": 0.0006, "var": 0 } },
					{ "type": "item", "code": "game:clothes-neck-copper-torc", "chance": { "avg": 0.0006, "var": 0 } },
					{ "type": "item", "code": "game:clothes-neck-bronze-gem-necklace", "chance": { "avg": 0.0006, "var": 0 } },
					{ "type": "item", "code": "game:clothes-neck-forlorn-talisman", "chance": { "avg": 0.0006, "var": 0 } },
					{ "type": "item", "code": "game:clothes-neck-walnut-amulet", "chance": { "avg": 0.0006, "var": 0 } },
					{ "type": "item", "code": "game:clothes-neck-redwood-amulet", "chance": { "avg": 0.0006, "var": 0 } },
					{ "type": "item", "code": "game:clothes-neck-pinecone-amulet", "chance": { "avg": 0.0006, "var": 0 } },
					{ "type": "item", "code": "game:clothes-neck-larch-seed-amulet", "chance": { "avg": 0.0006, "var": 0 } },
					{ "type": "item", "code": "game:clothes-neck-cypress-seed-amulet", "chance": { "avg": 0.0006, "var": 0 } },
					{ "type": "item", "code": "game:clothes-neck-acorn-amulet", "chance": { "avg": 0.0006, "var": 0 } },
					{ "type": "item", "code": "game:clothes-neck-marketeer", "chance": { "avg": 0.0006, "var": 0 } },
					{ "type": "item", "code": "game:clothes-neck-malefactor-pendant", "chance": { "avg": 0.0006, "var": 0 } },
					{ "type": "item", "code": "game:clothes-neck-rottenking", "chance": { "avg": 0.0006, "var": 0 } },
					{ "type": "item", "code": "game:clothes-neck-king", "chance": { "avg": 0.0006, "var": 0 } },
					{ "type": "item", "code": "game:clothes-neck-deep", "chance": { "avg": 0.0006, "var": 0 } },
					{ "type": "item", "code": "game:clothes-neck-forgotten", "chance": { "avg": 0.0006, "var": 0 } }
				],
				"@(sand|gravel)-.*": [
					{ "type": "item", "code": "stone-{rocktype}",  "chance": { "avg": 0.1, "var": 0 }  },
					{ "type": "item", "code": "fendragonsmp:pice-of-gear", "chance": { "avg": 0.06, "var": 0 }, "dropModbyStat": "rustyGearDropRate" },
					{ "type": "item", "code": "game:gear-rusty", "chance": { "avg": 0.025, "var": 0 }, "dropModbyStat": "rustyGearDropRate" },
					{ "type": "item", "code": "game:gear-temporal", "chance": { "avg": 0.001, "var": 0 }, "dropModbyStat": "rustyGearDropRate" },
					
					{ "type": "item", "code": "game:bone", "chance": { "avg": 0.05, "var": 0 } },
					{ "type": "item", "code": "game:flaxfibers", "chance": { "avg": 0.01, "var": 0 }, "dropModbyStat": "produceDropRate" },
					{ "type": "item", "code": "game:candle", "chance": { "avg": 0.01, "var": 0 } },
					{ "type": "item", "code": "game:clay-blue", "chance": { "avg": 0.02, "var": 0 } },
					{ "type": "item", "code": "game:clay-fire", "chance": { "avg": 0.02, "var": 0 } },
					{ "type": "item", "code": "game:charcoal", "chance": { "avg": 0.01, "var": 0 }, "dropModbyStat": "charcoalPileDropRate" },
					{ "type": "item", "code": "game:resin", "chance": { "avg": 0.01, "var": 0 }, "dropModbyStat": "mechanicalsDamage" },
					
					{ "type": "item", "code": "game:ore-phosphorite", "chance": { "avg": 0.005, "var": 0 } },
					{ "type": "item", "code": "game:ore-cinnabar", "chance": { "avg": 0.005, "var": 0 } },
					{ "type": "item", "code": "game:ore-sylvite", "chance": { "avg": 0.005, "var": 0 } },
					{ "type": "item", "code": "game:ore-sulfur", "chance": { "avg": 0.005, "var": 0 } },
					{ "type": "item", "code": "game:ore-olivine", "chance": { "avg": 0.005, "var": 0 } },
					{ "type": "item", "code": "game:saltpeter", "chance": { "avg": 0.005, "var": 0 } },
					
					{ "type": "item", "code": "game:clearquartz", "chance": { "avg": 0.005, "var": 0 } },
					{ "type": "item", "code": "game:ore-lapislazuli", "chance": { "avg": 0.005, "var": 0 } },
					{ "type": "item", "code": "game:gem-emerald-rough", "attributes": { "potential": "low" }, "chance": { "avg": 0.005, "var": 0 } },					

					{ "type": "block", "code": "game:metal-scraps", "chance": { "avg": 0.0035, "var": 0 } },
					
					{ "type": "item", "code": "game:nugget-nativecopper", "chance": { "avg": 0.005, "var": 0 } },
					{ "type": "item", "code": "game:nugget-cassiterite", "chance": { "avg": 0.005, "var": 0 } },
					{ "type": "item", "code": "game:nugget-galena", "chance": { "avg": 0.005, "var": 0 } },
					{ "type": "item", "code": "game:nugget-sphalerite", "chance": { "avg": 0.005, "var": 0 } },
					{ "type": "item", "code": "game:nugget-bismuthinite", "chance": { "avg": 0.005, "var": 0 } },
					{ "type": "item", "code": "game:nugget-magnetite", "chance": { "avg": 0.0025, "var": 0 } },
					{ "type": "item", "code": "game:nugget-nativesilver", "chance": { "avg": 0.005, "var": 0 } },
					{ "type": "item", "code": "game:nugget-nativegold", "chance": { "avg": 0.005, "var": 0 } },
					
					{ "type": "item", "code": "game:spearhead-tinbronze", "chance": { "avg": 0.005, "var": 0 } },
					{ "type": "item", "code": "game:arrowhead-tinbronze", "chance": { "avg": 0.01, "var": 0 } }
				]
			}
		},
		"*-iron": {
			"heldItemPitchFollow": 0.5,
			"panningDrops": {			
				"@(bonysoil|bonysoil-.*)": [
					{ "type": "item", "code": "fendragonsmp:pice-of-gear", "chance": { "avg": 0.1, "var": 0 }, "dropModbyStat": "rustyGearDropRate" },
					{ "type": "item", "code": "game:gear-rusty", "chance": { "avg": 0.025, "var": 0 }, "dropModbyStat": "rustyGearDropRate" },
					{ "type": "item", "code": "game:gear-temporal", "chance": { "avg": 0.001, "var": 0 }, "dropModbyStat": "rustyGearDropRate" },
					
					{ "type": "item", "code": "game:bone", "chance": { "avg": 0.05, "var": 0 } },
					{ "type": "item", "code": "game:flaxfibers", "chance": { "avg": 0.04, "var": 0 }, "dropModbyStat": "produceDropRate" },
					{ "type": "item", "code": "game:candle", "chance": { "avg": 0.01, "var": 0 } },
					{ "type": "item", "code": "game:clay-blue", "chance": { "avg": 0.02, "var": 0 } },
					{ "type": "item", "code": "game:clay-fire", "chance": { "avg": 0.02, "var": 0 } },
					{ "type": "item", "code": "game:charcoal", "chance": { "avg": 0.01, "var": 0 }, "dropModbyStat": "charcoalPileDropRate" },
					{ "type": "item", "code": "game:resin", "chance": { "avg": 0.01, "var": 0 }, "dropModbyStat": "mechanicalsDamage" },
					
					{ "type": "item", "code": "game:ore-phosphorite", "chance": { "avg": 0.01, "var": 0 } },
					{ "type": "item", "code": "game:ore-cinnabar", "chance": { "avg": 0.01, "var": 0 } },
					{ "type": "item", "code": "game:ore-sylvite", "chance": { "avg": 0.01, "var": 0 } },
					{ "type": "item", "code": "game:ore-sulfur", "chance": { "avg": 0.01, "var": 0 } },
					{ "type": "item", "code": "game:ore-olivine", "chance": { "avg": 0.01, "var": 0 } },
					{ "type": "item", "code": "game:saltpeter", "chance": { "avg": 0.01, "var": 0 } },
					
					{ "type": "item", "code": "game:clearquartz", "chance": { "avg": 0.01, "var": 0 } },
					{ "type": "item", "code": "game:gem-emerald-rough", "attributes": { "potential": "low" }, "chance": { "avg": 0.01, "var": 0 } },			

					{ "type": "block", "code": "game:metal-scraps", "chance": { "avg": 0.0035, "var": 0 } },
					{ "type": "block", "code": "game:metal-parts", "chance": { "avg": 0.0035, "var": 0 } },
					
					{ "type": "item", "code": "game:nugget-nativecopper", "chance": { "avg": 0.01, "var": 0 } },
					{ "type": "item", "code": "game:nugget-cassiterite", "chance": { "avg": 0.01, "var": 0 } },
					{ "type": "item", "code": "game:nugget-galena", "chance": { "avg": 0.01, "var": 0 } },
					{ "type": "item", "code": "game:nugget-sphalerite", "chance": { "avg": 0.01, "var": 0 } },
					{ "type": "item", "code": "game:nugget-bismuthinite", "chance": { "avg": 0.01, "var": 0 } },
					{ "type": "item", "code": "game:nugget-magnetite", "chance": { "avg": 0.01, "var": 0 } },
					{ "type": "item", "code": "game:nugget-pentlandite", "chance": { "avg": 0.01, "var": 0 } },
					{ "type": "item", "code": "game:nugget-nativesilver", "chance": { "avg": 0.01, "var": 0 } },
					{ "type": "item", "code": "game:nugget-nativegold", "chance": { "avg": 0.01, "var": 0 } },
					
					{ "type": "item", "code": "game:arrowhead-iron", "chance": { "avg": 0.02, "var": 0 } },
										
					{ "type": "item", "code": "game:tuningcylinder-1", "chance": { "avg": 0.0013, "var": 0 } },
					{ "type": "item", "code": "game:tuningcylinder-2", "chance": { "avg": 0.0013, "var": 0 } },
					{ "type": "item", "code": "game:tuningcylinder-3", "chance": { "avg": 0.0013, "var": 0 } },
					{ "type": "item", "code": "game:tuningcylinder-4", "chance": { "avg": 0.0013, "var": 0 } },
					{ "type": "item", "code": "game:tuningcylinder-5", "chance": { "avg": 0.0013, "var": 0 } },
					{ "type": "item", "code": "game:tuningcylinder-6", "chance": { "avg": 0.0013, "var": 0 } },
					{ "type": "item", "code": "game:tuningcylinder-7", "chance": { "avg": 0.0013, "var": 0 } },
					{ "type": "item", "code": "game:tuningcylinder-8", "chance": { "avg": 0.0013, "var": 0 } },
					{ "type": "item", "code": "game:tuningcylinder-9", "chance": { "avg": 0.0013, "var": 0 } }
				],
				"@(sand|gravel)-.*": [
					{ "type": "item", "code": "stone-{rocktype}",  "chance": { "avg": 0.1, "var": 0 }  },
					{ "type": "item", "code": "fendragonsmp:pice-of-gear", "chance": { "avg": 0.08, "var": 0 }, "dropModbyStat": "rustyGearDropRate" },
					{ "type": "item", "code": "game:gear-rusty", "chance": { "avg": 0.025, "var": 0 }, "dropModbyStat": "rustyGearDropRate" },
					{ "type": "item", "code": "game:gear-temporal", "chance": { "avg": 0.001, "var": 0 }, "dropModbyStat": "rustyGearDropRate" },
					
					{ "type": "item", "code": "game:bone", "chance": { "avg": 0.05, "var": 0 } },
					{ "type": "item", "code": "game:flaxfibers", "chance": { "avg": 0.01, "var": 0 }, "dropModbyStat": "produceDropRate" },
					{ "type": "item", "code": "game:candle", "chance": { "avg": 0.01, "var": 0 } },
					{ "type": "item", "code": "game:clay-blue", "chance": { "avg": 0.02, "var": 0 } },
					{ "type": "item", "code": "game:clay-fire", "chance": { "avg": 0.02, "var": 0 } },
					{ "type": "item", "code": "game:charcoal", "chance": { "avg": 0.01, "var": 0 }, "dropModbyStat": "charcoalPileDropRate" },
					{ "type": "item", "code": "game:resin", "chance": { "avg": 0.01, "var": 0 }, "dropModbyStat": "mechanicalsDamage" },
					
					{ "type": "item", "code": "game:ore-phosphorite", "chance": { "avg": 0.005, "var": 0 } },
					{ "type": "item", "code": "game:ore-cinnabar", "chance": { "avg": 0.005, "var": 0 } },
					{ "type": "item", "code": "game:ore-sylvite", "chance": { "avg": 0.005, "var": 0 } },
					{ "type": "item", "code": "game:ore-sulfur", "chance": { "avg": 0.005, "var": 0 } },
					{ "type": "item", "code": "game:ore-olivine", "chance": { "avg": 0.005, "var": 0 } },
					{ "type": "item", "code": "game:saltpeter", "chance": { "avg": 0.005, "var": 0 } },
					
					{ "type": "item", "code": "game:clearquartz", "chance": { "avg": 0.005, "var": 0 } },
					{ "type": "item", "code": "game:gem-emerald-rough", "attributes": { "potential": "low" }, "chance": { "avg": 0.005, "var": 0 } },					

					{ "type": "block", "code": "game:metal-scraps", "chance": { "avg": 0.0035, "var": 0 } },
					
					{ "type": "item", "code": "game:nugget-nativecopper", "chance": { "avg": 0.005, "var": 0 } },
					{ "type": "item", "code": "game:nugget-cassiterite", "chance": { "avg": 0.005, "var": 0 } },
					{ "type": "item", "code": "game:nugget-galena", "chance": { "avg": 0.005, "var": 0 } },
					{ "type": "item", "code": "game:nugget-sphalerite", "chance": { "avg": 0.005, "var": 0 } },
					{ "type": "item", "code": "game:nugget-bismuthinite", "chance": { "avg": 0.005, "var": 0 } },
					{ "type": "item", "code": "game:nugget-magnetite", "chance": { "avg": 0.005, "var": 0 } },
					{ "type": "item", "code": "game:nugget-pentlandite", "chance": { "avg": 0.005, "var": 0 } },
					{ "type": "item", "code": "game:nugget-nativesilver", "chance": { "avg": 0.005, "var": 0 } },
					{ "type": "item", "code": "game:nugget-nativegold", "chance": { "avg": 0.005, "var": 0 } },
					
					{ "type": "item", "code": "game:arrowhead-iron", "chance": { "avg": 0.005, "var": 0 } }
				]
			}
		},
		"*-steel": {
			"heldItemPitchFollow": 0.5,
			"panningDrops": {			
				"@(bonysoil|bonysoil-.*)": [
					{ "type": "item", "code": "fendragonsmp:pice-of-gear", "chance": { "avg": 0.15, "var": 0 }, "dropModbyStat": "rustyGearDropRate" },
					{ "type": "item", "code": "game:gear-rusty", "chance": { "avg": 0.025, "var": 0 }, "dropModbyStat": "rustyGearDropRate" },
					{ "type": "item", "code": "game:gear-temporal", "chance": { "avg": 0.001, "var": 0 }, "dropModbyStat": "rustyGearDropRate" },
					
					{ "type": "item", "code": "game:bone", "chance": { "avg": 0.05, "var": 0 } },
					{ "type": "item", "code": "game:flaxfibers", "chance": { "avg": 0.05, "var": 0 }, "dropModbyStat": "produceDropRate" },
					{ "type": "item", "code": "game:candle", "chance": { "avg": 0.01, "var": 0 } },
					{ "type": "item", "code": "game:clay-blue", "chance": { "avg": 0.02, "var": 0 } },
					{ "type": "item", "code": "game:clay-fire", "chance": { "avg": 0.02, "var": 0 } },
					{ "type": "item", "code": "game:charcoal", "chance": { "avg": 0.01, "var": 0 }, "dropModbyStat": "charcoalPileDropRate" },
					{ "type": "item", "code": "game:resin", "chance": { "avg": 0.01, "var": 0 }, "dropModbyStat": "mechanicalsDamage" },
					
					{ "type": "item", "code": "game:ore-phosphorite", "chance": { "avg": 0.01, "var": 0 } },
					{ "type": "item", "code": "game:ore-cinnabar", "chance": { "avg": 0.01, "var": 0 } },
					{ "type": "item", "code": "game:ore-sylvite", "chance": { "avg": 0.01, "var": 0 } },
					{ "type": "item", "code": "game:ore-sulfur", "chance": { "avg": 0.01, "var": 0 } },
					{ "type": "item", "code": "game:ore-olivine", "chance": { "avg": 0.01, "var": 0 } },
					{ "type": "item", "code": "game:saltpeter", "chance": { "avg": 0.01, "var": 0 } },
					
					{ "type": "item", "code": "game:clearquartz", "chance": { "avg": 0.01, "var": 0 } },
					{ "type": "item", "code": "game:gem-emerald-rough", "attributes": { "potential": "low" }, "chance": { "avg": 0.01, "var": 0 } },
					{ "type": "item", "code": "game:gem-diamond-rough", "attributes": { "potential": "low" }, "chance": { "avg": 0.01, "var": 0 } },					

					{ "type": "block", "code": "game:metal-scraps", "chance": { "avg": 0.01, "var": 0 } },
					{ "type": "block", "code": "game:metal-parts", "chance": { "avg": 0.01, "var": 0 } },
					
					{ "type": "item", "code": "game:nugget-limonite", "chance": { "avg": 0.02, "var": 0 } },
					{ "type": "item", "code": "game:nugget-hematite", "chance": { "avg": 0.02, "var": 0 } },
					{ "type": "item", "code": "game:nugget-magnetite", "chance": { "avg": 0.02, "var": 0 } },
					{ "type": "item", "code": "game:nugget-pentlandite", "chance": { "avg": 0.01, "var": 0 } },
					
					{ "type": "item", "code": "game:arrowhead-iron", "chance": { "avg": 0.02, "var": 0 } },
					
					{ "type": "item", "code": "game:jonasparts-tank01", "chance": { "avg": 0.0006, "var": 0 } },
					{ "type": "item", "code": "game:jonasparts-tank02", "chance": { "avg": 0.0006, "var": 0 } },
					{ "type": "item", "code": "game:jonasparts-valve01", "chance": { "avg": 0.0006, "var": 0 } },
					{ "type": "item", "code": "game:jonasparts-connector01", "chance": { "avg": 0.0006, "var": 0 } },
					{ "type": "item", "code": "game:jonasparts-cylinder01", "chance": { "avg": 0.0006, "var": 0 } },
					{ "type": "item", "code": "game:jonasparts-cylinder02", "chance": { "avg": 0.0006, "var": 0 } },
					{ "type": "item", "code": "game:jonasframes-gearbox01", "chance": { "avg": 0.0006, "var": 0 } },
					{ "type": "item", "code": "game:jonasframes-gearbox02", "chance": { "avg": 0.0006, "var": 0 } },
					{ "type": "item", "code": "game:jonasframes-oscillator01", "chance": { "avg": 0.0006, "var": 0 } },
					{ "type": "item", "code": "game:jonasframes-spring01", "chance": { "avg": 0.0006, "var": 0 } },
					{ "type": "item", "code": "game:jonasframes-joint01", "chance": { "avg": 0.0006, "var": 0 } },
					{ "type": "item", "code": "game:jonasframes-gears01", "chance": { "avg": 0.0006, "var": 0 } },
					{ "type": "item", "code": "game:jonasframes-gears02", "chance": { "avg": 0.0006, "var": 0 } }
				],
				"@(sand|gravel)-.*": [
					{ "type": "item", "code": "stone-{rocktype}",  "chance": { "avg": 0.1, "var": 0 }  },
					{ "type": "item", "code": "fendragonsmp:pice-of-gear", "chance": { "avg": 0.1, "var": 0 }, "dropModbyStat": "rustyGearDropRate" },
					{ "type": "item", "code": "game:gear-rusty", "chance": { "avg": 0.025, "var": 0 }, "dropModbyStat": "rustyGearDropRate" },
					{ "type": "item", "code": "game:gear-temporal", "chance": { "avg": 0.001, "var": 0 }, "dropModbyStat": "rustyGearDropRate" },
					
					{ "type": "item", "code": "game:bone", "chance": { "avg": 0.05, "var": 0 } },
					{ "type": "item", "code": "game:flaxfibers", "chance": { "avg": 0.01, "var": 0 }, "dropModbyStat": "produceDropRate" },
					{ "type": "item", "code": "game:candle", "chance": { "avg": 0.01, "var": 0 } },
					{ "type": "item", "code": "game:clay-blue", "chance": { "avg": 0.02, "var": 0 } },
					{ "type": "item", "code": "game:clay-fire", "chance": { "avg": 0.02, "var": 0 } },
					{ "type": "item", "code": "game:charcoal", "chance": { "avg": 0.01, "var": 0 }, "dropModbyStat": "charcoalPileDropRate" },
					{ "type": "item", "code": "game:resin", "chance": { "avg": 0.01, "var": 0 }, "dropModbyStat": "mechanicalsDamage" },
					
					{ "type": "item", "code": "game:ore-phosphorite", "chance": { "avg": 0.005, "var": 0 } },
					{ "type": "item", "code": "game:ore-cinnabar", "chance": { "avg": 0.005, "var": 0 } },
					{ "type": "item", "code": "game:ore-sylvite", "chance": { "avg": 0.005, "var": 0 } },
					{ "type": "item", "code": "game:ore-sulfur", "chance": { "avg": 0.005, "var": 0 } },
					{ "type": "item", "code": "game:ore-olivine", "chance": { "avg": 0.005, "var": 0 } },
					{ "type": "item", "code": "game:saltpeter", "chance": { "avg": 0.005, "var": 0 } },
					
					{ "type": "item", "code": "game:clearquartz", "chance": { "avg": 0.005, "var": 0 } },
					{ "type": "item", "code": "game:gem-emerald-rough", "attributes": { "potential": "low" }, "chance": { "avg": 0.005, "var": 0 } },
					{ "type": "item", "code": "game:gem-diamond-rough", "attributes": { "potential": "low" }, "chance": { "avg": 0.005, "var": 0 } },					

					{ "type": "block", "code": "game:metal-scraps", "chance": { "avg": 0.0035, "var": 0 } },
					{ "type": "block", "code": "game:metal-parts", "chance": { "avg": 0.0035, "var": 0 } },
					
					{ "type": "item", "code": "game:nugget-limonite", "chance": { "avg": 0.01, "var": 0 } },
					{ "type": "item", "code": "game:nugget-hematite", "chance": { "avg": 0.01, "var": 0 } },
					{ "type": "item", "code": "game:nugget-magnetite", "chance": { "avg": 0.01, "var": 0 } },
					{ "type": "item", "code": "game:nugget-pentlandite", "chance": { "avg": 0.005, "var": 0 } },
					
					{ "type": "item", "code": "game:arrowhead-iron", "chance": { "avg": 0.01, "var": 0 } }
				]
			}
		}
	},
	"variantgroups": [
		{ "code": "metal", "states": [ "copper", "tinbronze", "iron", "steel" ] }
	],
	"shape": {
		"base": "game:block/wood/pan/empty"
	},
	"texturesByType": {
		"*-copper": {
			"wood-generic": { "base": "game:block/metal/ingot/copper" }
		},
		"*-tinbronze": {
			"wood-generic": { "base": "game:block/metal/ingot/tinbronze" }
		},
		"*-iron": {
			"wood-generic": { "base": "game:block/metal/ingot/iron" }
		},
		"*-steel": {
			"wood-generic": { "base": "game:block/metal/ingot/steel" }
		}
	},
	"doNotRenderAtLod2": true,
	"blockmaterial": "Metal",
	"durability": 150,
	"randomizeRotations": true,
	"sideopaque": {
		"all": false
	},
	"sidesolid": {
		"all": false
	},
	"emitSideAO": {
		"all": false
	},
	"lightAbsorption": 0,
	"creativeinventory": { "general": ["metalpan-*"], "items": ["metalpan-*"], "FendragonSMP": ["metalpan-*"] },
	"heldTpIdleAnimation": "holdbothhandslarge",
	"heldRightReadyAnimation": "heldblockready",
	"heldTpUseAnimation": "panning",
	"fpHandTransform": {
		"translation": {
			"x": 0.3,
			"y": 0,
			"z": 0
		},
		"rotation": {
			"x": 15,
			"y": 15,
			"z": 0
		},
		"scale": 2
	},
	"guiTransform": {
		"rotate": true,
		"translation": {
			"x": 0,
			"y": 0,
			"z": 0
		},
		"rotation": {
			"x": -25,
			"y": 22,
			"z": 0
		},
		"origin": {
			"x": 0.53,
			"y": 0.21,
			"z": 0.5
		},
		"scale": 1.76
	},
	"groundTransform": {
		"translation": {
			"x": 0,
			"y": 0,
			"z": 0
		},
		"rotation": {
			"x": 0,
			"y": 18,
			"z": 0
		},
		"origin": {
			"x": 0.5,
			"y": 0,
			"z": 0.5
		},
		"scale": 4
	},
	"tpHandTransform": {
		"translation": {
			"x": -0.58,
			"y": 0,
			"z": -0.34
		},
		"rotation": {
			"x": 0,
			"y": 18,
			"z": -74
		},
		"origin": {
			"x": 0.5,
			"y": 0,
			"z": 0.5
		},
		"scale": 0.8
	},
	"collisionSelectionBox": {
		"x1": 0.125,
		"y1": 0,
		"z1": 0.125,
		"x2": 0.875,
		"y2": 0.1875,
		"z2": 0.875
	},
	"resistance": 1,
	"sounds": {
		"place": "game:block/chandelier-hit",
		"hit": "game:block/chandelier-hit",
		"break": "game:block/chandelier-break"
	}
}