{
	"code": "windchime",
	"class": "BlockRainAmbient",
	"enabled": true,
	"attributes": {
		"handbook": {
			"groupBy": ["windchime-*-east"]
		},
	},
    "behaviors": [
      { "name": "BreakIfFloating" },
	  { "name": "RightClickPickup" },
      { "name": "HorizontalOrientable", "properties": { "dropBlockFace": "east" }, },	  
    ],
  "variantgroups": [
		{ "code": "wood", "states": ["aged"], "loadFromProperties": "block/wood" },
		{ "code": "side", "loadFromProperties": "game:abstract/horizontalorientation" },
	],
  "creativeinventory": {
    "general": [ "windchime-*-east" ],
    "decorative": [ "windchime-*-east" ],
    "FendragonSMP": [ "windchime-*-east" ],
  },
  "shapeInventory": { "base": "fendragonsmp:block/windchime", "rotateY": 0 },
  "shapeByType": {
        "*-up": { "base": "fendragonsmp:block/windchime" },
        "*-down": { "base": "fendragonsmp:block/windchime" },
		"*-north": { "base": "fendragonsmp:block/windchime", "rotateY": 180 },
		"*-east": { "base": "fendragonsmp:block/windchime", "rotateY": 90 },
		"*-south": { "base": "fendragonsmp:block/windchime", "rotateY": 0 },
		"*-west": { "base": "fendragonsmp:block/windchime", "rotateY": 270 }
  },
  "textures": {
    "windchime": {
		"base": "game:block/wood/debarked/{wood}"
    },
  },
  "blockmaterial": "Cloth",
  "materialDensity": 600,
  "replaceable": 5001,
  "maxStackSize": 12,
  "resistance": 1,
  "vertexFlagsByType": {
		"*": {
			"zOffset": 1.5,
			"reflective": true
		}
  },
  "lightAbsorption": 0,
  "rainPermeable": true,
  "sidesolid": {
    "all": false
  },
  "sideopaque": {
    "all": false
  },
  "sideao": {
    "all": false
  },
  "soundsByType": {
    "*": {
		"place": "fendragonsmp:block/windchime/place",
		"break": "fendragonsmp:block/windchime/brake",
		"hit": "fendragonsmp:block/windchime/place",
		"ambient": "fendragonsmp:block/windchime/ambient1",
		"ambientBlockCount": 5,
		"ambientSoundType": "Weather",
		"ambientMaxDistanceMerge": 3
	}
  },
  "collisionbox": null,
  "selectionbox": {
    "x1": 0, "y1": 0, "z1": 0.375, "x2": 1, "y2": 1, "z2": 0.5625,
    "rotateYByType": {
      "*-east": 90,
      "*-north": 180,
      "*-west": 270,
      "*-south": 0
    }
  },
	"guiTransform": {
		"translation": { "x": 2, "y": 1, "z": 0 },
		"rotation": { "x": 15, "y": 13, "z": 0 },
		"scale": 1.44
	},
	"fpHandTransform": {
		"rotation": { "x": 22, "y": -118, "z": 0 },
		"scale": 2.4
	},
	"tpHandTransform": {
		"translation": { "x": -1.2, "y": -0.8, "z": -0.7 },
		"rotation": { "x": 18, "y": 21, "z": 11 },
		"scale": 0.6
	},
}
