[
  {
    "op": "add",
    "path": "/behaviors/-",
    "file": "containersbundle:blocktypes/wood/cupboardnolabel",
    "value": {
      "name": "Carryable",
      "properties": {
        "translation": [ 0.0625, 0, 0 ],
        "rotation": [ 0, 180, 0 ],
        "slots": {
          "Hands": {}
        }
      }
    },
    "dependsOn": [ { "modid": "carryon" } ]
  },
  {
    "op": "add",
    "path": "/behaviors/-",
    "file": "containersbundle:blocktypes/wood/cupboardwithlabel",
    "value": {
      "name": "Carryable",
      "properties": {
        "translation": [ 0.0625, 0, 0 ],
        "rotation": [ 0, 180, 0 ],
        "slots": {
          "Hands": {}
        }
      }
    },
    "dependsOn": [ { "modid": "carryon" } ]
  },
  {
    "op": "add",
    "path": "/behaviors/-",
    "file": "containersbundle:blocktypes/wood/exquisitechest",
    "value": {
      "name": "Carryable",
      "properties": {
        "translation": [ 0.0625, 0, 0 ],
        "rotation": [ 0, 180, 0 ],
        "slots": {
          "Hands": {}
        }
      }
    },
    "dependsOn": [ { "modid": "carryon" } ]
  },
  {
    "op": "add",
    "path": "/behaviors/-",
    "file": "containersbundle:blocktypes/wood/linencrate",
    "value": {
      "name": "Carryable",
      "properties": {
        "translation": [ 0.0625, 0, 0 ],
        "rotation": [ 0, 180, 0 ],
        "slots": {
          "Hands": {}
        }
      }
    },
    "dependsOn": [ { "modid": "carryon" } ]
  },
  {
    "op": "add",
    "path": "/behaviors/-",
    "file": "containersbundle:blocktypes/wood/longcrate",
    "value": {
      "name": "Carryable",
      "properties": {
        "translation": [ 0.0625, 0, 0 ],
        "rotation": [ 0, 180, 0 ],
        "slots": {
          "Hands": {}
        }
      }
    },
    "dependsOn": [ { "modid": "carryon" } ]
  },
  {
    "op": "add",
    "path": "/behaviors/-",
    "file": "containersbundle:blocktypes/wood/wickerbasket",
    "value": {
      "name": "Carryable",
      "properties": {
        "translation": [ 0.0625, 0, 0 ],
        "rotation": [ 0, 180, 0 ],
        "slots": {
          "Hands": {}
        }
      }
    },
    "dependsOn": [ { "modid": "carryon" } ]
  },
  {
    "op": "add",
    "path": "/behaviors/-",
    "file": "containersbundle:blocktypes/wood/woodenbox",
    "value": {
      "name": "Carryable",
      "properties": {
        "translation": [ 0.0625, 0, 0 ],
        "rotation": [ 0, 180, 0 ],
        "slots": {
          "Hands": {}
        }
      }
    },
    "dependsOn": [ { "modid": "carryon" } ]
  }
]
