[
  {
    "op": "addmerge",
    "comment": "in case it is not there yet",
    "path": "/behaviorConfigs",
    "enabled": true,
    "value": {},
    "file": "game:entities/land/hare-male.json",
    "side": "Server"
  },

  {
    "op": "addmerge",
    "comment": "in case it is not there yet",
    "path": "/behaviorConfigs/harvestable",
    "enabled": true,
    "value": {},
    "file": "game:entities/land/hare-male.json",
    "side": "Server"
  },

  {
    "op": "addmerge",
    "comment": "in case it is not there yet",
    "path": "/behaviorConfigs/harvestable/drops",
    "enabled": true,
    "value": [],
    "file": "game:entities/land/hare-male.json",
    "side": "Server"
  },

  {
    "op": "addeach",
    "path": "/behaviorConfigs/harvestable/drops/-",
    "enabled": true,
    "value": [
	    { "type": "item", "code": "wool:fleece-generic-white",
		"quantityByType": {
			"*-arctic": { "avg": 1.5, "var": 0.75 },
			"*": { "avg": 0, "var": 0 } } },
	    { "type": "item", "code": "wool:fleece-generic-gray",
		"quantityByType": {
			"*-ashgrey": { "avg": 1, "var": 1 },
			"*-lightgrey": { "avg": 1, "var": 1 },
			"*-silver": { "avg": 1, "var": 1 },
			"*": { "avg": 0, "var": 0 } } },
	    { "type": "item", "code": "wool:fleece-generic-lightbrown",
		"quantityByType": {
			"*-lightbrown": { "avg": 1, "var": 1 },
			"*-desert": { "avg": 1, "var": 1 },
			"*-smokegrey": { "avg": 0.75, "var": 0.75 },
			"*": { "avg": 0, "var": 0 } } },
	    { "type": "item", "code": "wool:fleece-generic-brown",
		"quantityByType": {
			"*-darkbrown": { "avg": 1, "var": 1 },
			"*-smokegrey": { "avg": 0.75, "var": 0.75 },
			"*": { "avg": 0, "var": 0 } } },
	    { "type": "item", "code": "wool:fleece-generic-yellow",
		"quantityByType": {
			"*-gold": { "avg": 1, "var": 1 },
			"*": { "avg": 0, "var": 0 } } }
    ],
    "file": "game:entities/land/hare-male.json",
    "side": "Server"
  },

  {
    "op": "addmerge",
    "comment": "in case it is not there yet",
    "path": "/behaviorConfigs",
    "enabled": true,
    "value": {},
    "file": "game:entities/land/hare-female.json",
    "side": "Server"
  },

  {
    "op": "addmerge",
    "comment": "in case it is not there yet",
    "path": "/behaviorConfigs/harvestable",
    "enabled": true,
    "value": {},
    "file": "game:entities/land/hare-female.json",
    "side": "Server"
  },

  {
    "op": "addmerge",
    "comment": "in case it is not there yet",
    "path": "/behaviorConfigs/harvestable/drops",
    "enabled": true,
    "value": [],
    "file": "game:entities/land/hare-female.json",
    "side": "Server"
  },

  {
    "op": "addeach",
    "path": "/behaviorConfigs/harvestable/drops/-",
    "enabled": true,
    "value": [
	    { "type": "item", "code": "wool:fleece-generic-white",
		"quantityByType": {
			"*-arctic": { "avg": 1.5, "var": 0.75 },
			"*": { "avg": 0, "var": 0 } } },
	    { "type": "item", "code": "wool:fleece-generic-gray",
		"quantityByType": {
			"*-ashgrey": { "avg": 1, "var": 1 },
			"*-lightgrey": { "avg": 1, "var": 1 },
			"*-silver": { "avg": 1, "var": 1 },
			"*": { "avg": 0, "var": 0 } } },
	    { "type": "item", "code": "wool:fleece-generic-lightbrown",
		"quantityByType": {
			"*-lightbrown": { "avg": 1, "var": 1 },
			"*-desert": { "avg": 1, "var": 1 },
			"*-smokegrey": { "avg": 0.75, "var": 0.75 },
			"*": { "avg": 0, "var": 0 } } },
	    { "type": "item", "code": "wool:fleece-generic-brown",
		"quantityByType": {
			"*-darkbrown": { "avg": 1, "var": 1 },
			"*-smokegrey": { "avg": 0.75, "var": 0.75 },
			"*": { "avg": 0, "var": 0 } } },
	    { "type": "item", "code": "wool:fleece-generic-yellow",
		"quantityByType": {
			"*-gold": { "avg": 1, "var": 1 },
			"*": { "avg": 0, "var": 0 } } }
    ],
    "file": "game:entities/land/hare-female.json",
    "side": "Server"
  }
]
