[
  {
    "op": "add",
    "path": "/client/behaviors/-",
    "value": {
	"code": "shearable",
	"enabled": true,
	"hoursPerUnit" : 26,
	"hoursPerUnitGenerationalReduction" : 0.5,
	"hoursPerUnitMaxReduction" : 8.0,
	"maxGenBonus" : 4,
	"generationalMaxGrowthBonus" : 1,
	"generationalScratchChanceReduction" : 0.04,
	"minQuantity": 6,
	"maxQuantity": 14,
	"minGen": 3,
	"shearsBonus": 4,
	"scratchChance": 0.35,
	"drop": "wool:fleece-generic-gray",
	"dropSecond": "wool:fleece-generic-plain",
	"dropSecondPercentage": 0.15,
	"shearSound": "game:sounds/player/scrape.ogg"
    },
    "file": "game:entities/land/sheep-bighorn-male.json",
    "side": "Server"
  },

  {
    "op": "add",
    "path": "/server/behaviors/-",
    "value": {
	"code": "shearable",
	"enabled": true,
	"hoursPerUnit" : 26,
	"hoursPerUnitGenerationalReduction" : 0.5,
	"hoursPerUnitMaxReduction" : 8.0,
	"maxGenBonus" : 4,
	"generationalMaxGrowthBonus" : 1,
	"generationalScratchChanceReduction" : 0.04,
	"minQuantity": 6,
	"maxQuantity": 14,
	"minGen": 3,
	"shearsBonus": 4,
	"scratchChance": 0.35,
	"drop": "wool:fleece-generic-gray",
	"dropSecond": "wool:fleece-generic-plain",
	"dropSecondPercentage": 0.15,
	"shearSound": "game:sounds/player/scrape.ogg"
    },
    "file": "game:entities/land/sheep-bighorn-male.json",
    "side": "Server"
  },

  {
    "op": "add",
    "path": "/client/behaviors/-",
    "value": {
	"code": "shearable",
	"enabled": true,
	"hoursPerUnit" : 24,
	"hoursPerUnitGenerationalReduction" : 0.5,
	"hoursPerUnitMaxReduction" : 8.0,
	"maxGenBonus" : 4,
	"generationalMaxGrowthBonus" : 1,
	"generationalScratchChanceReduction" : 0.04,
	"minQuantity": 5,
	"maxQuantity": 12,
	"minGen": 3,
	"shearsBonus": 4,
	"scratchChance": 0.35,
	"drop": "wool:fleece-generic-plain",
	"dropSecond": "wool:fleece-generic-gray",
	"dropSecondPercentage": 0.20,
	"shearSound": "game:sounds/player/scrape.ogg"
    },
    "file": "game:entities/land/sheep-bighorn-female.json",
    "side": "Server"
  },

  {
    "op": "add",
    "path": "/server/behaviors/-",
    "value": {
	"code": "shearable",
	"enabled": true,
	"hoursPerUnit" : 24,
	"hoursPerUnitGenerationalReduction" : 0.5,
	"hoursPerUnitMaxReduction" : 8.0,
	"maxGenBonus" : 4,
	"generationalMaxGrowthBonus" : 1,
	"generationalScratchChanceReduction" : 0.04,
	"minQuantity": 5,
	"maxQuantity": 12,
	"minGen": 3,
	"shearsBonus": 4,
	"scratchChance": 0.35,
	"drop": "wool:fleece-generic-plain",
	"dropSecond": "wool:fleece-generic-gray",
	"dropSecondPercentage": 0.20,
	"shearSound": "game:sounds/player/scrape.ogg"
    },
    "file": "game:entities/land/sheep-bighorn-female.json",
    "side": "Server"
  }
]
