[
  {
    "op": "addmerge",
    "comment": "in case it is not there yet",
    "path": "/behaviorConfigs",
    "enabled": true,
    "value": {},
    "file": "game:entities/land/gazelle.json",
    "side": "Server"
  },

  {
    "op": "addmerge",
    "comment": "in case it is not there yet",
    "path": "/behaviorConfigs/harvestable",
    "enabled": true,
    "value": {},
    "file": "game:entities/land/gazelle.json",
    "side": "Server"
  },

  {
    "op": "addmerge",
    "comment": "in case it is not there yet",
    "path": "/behaviorConfigs/harvestable/drops",
    "enabled": true,
    "value": [],
    "file": "game:entities/land/gazelle.json",
    "side": "Server"
  },

  {
    "op": "addeach",
    "path": "/behaviorConfigs/harvestable/drops/-",
    "value": [
	{ "type": "item", "code": "wool:fleece-generic-plain",
		"quantityByType": {
			"*-calf": { "avg": 1, "var": 0.75 },
			"*-male": { "avg": 3, "var": 2 },
			"*-female": { "avg": 4, "var": 2 },
			"*": { "avg": 0, "var": 0 }
		}
	},
	{ "type": "item", "code": "wool:fleece-generic-yellow",
		"quantityByType": {
			"*-calf": { "avg": 1, "var": 0.75 },
			"*-male": { "avg": 2, "var": 1 },
			"*-female": { "avg": 3, "var": 1.25 },
			"*": { "avg": 0, "var": 0 }
		}
	}
    ],
    "file": "game:entities/land/gazelle.json",
    "side": "Server"
  }
]
