[
	{
	"op": "add",
	"path": "/client/behaviors/-",
	"value": { "code": "multiply", "enabledByType": { "deer-*-female-adult": true, "*": false } },
	"dependsOn": [ { "modid": "detailedanimals", "invert": true } ],
	"file": "game:entities/land/hooved/deer.json",
	"side": "Server"
	},

	{
	"op": "add",
	"path": "/server/behaviors/-",
	"value": {
		"code": "multiply",
		"enabledByType": { "deer-*-female-adult": true, "deer-*": false },
		"spawnEntityCodesByType": { "deer-*-female-adult": [ { "code":"deer-{type}-male-baby"}, {"code": "deer-{type}-female-baby"} ] },
		"requiresNearbyEntityCodeByType": { "deer-*-female-adult": "deer-{type}-male-adult" },
		"requiresNearbyEntityRange": 6,
		"spawnQuantityMin": 1,
		"spawnQuantityMax": 1,
		"pregnancyDays": 27,
		"multiplyCooldownDaysMin": 8,
		"multiplyCooldownDaysMax": 22,
		"portionsEatenForMultiply": 10
	},
	"dependsOn": [ { "modid": "detailedanimals", "invert": true } ],
	"file": "game:entities/land/hooved/deer.json",
	"side": "Server"
	}
]
