[
  {
    "op": "addmerge",
    "comment": "in case it is not there yet",
    "path": "/behaviorConfigs",
    "enabled": true,
    "value": {},
    "file": "game:entities/land/hooved/moose.json",
    "side": "Server"
  },

  {
    "op": "addmerge",
    "comment": "in case it is not there yet",
    "path": "/behaviorConfigs/harvestable",
    "enabled": true,
    "value": {},
    "file": "game:entities/land/hooved/moose.json",
    "side": "Server"
  },

  {
    "op": "addmerge",
    "comment": "in case it is not there yet",
    "path": "/behaviorConfigs/harvestable/drops",
    "enabled": true,
    "value": [],
    "file": "game:entities/land/hooved/moose.json",
    "side": "Server"
  },

  {
    "op": "add",
    "path": "/behaviorConfigs/harvestable/drops/-",
    "enabled": true,
    "value": { "type": "item", "code": "wool:fleece-generic-brown",
		"quantityByType": {
			"*-female-adult": { "avg": 10, "var": 3 },
			"*-male-adult": { "avg": 11, "var": 3 },
			"*": { "avg": 0, "var": 0 }
		}
    },
    "file": "game:entities/land/hooved/moose.json",
    "side": "Server"
  },

  {
    "op": "add",
    "path": "/behaviorConfigs/harvestable/drops/-",
    "enabled": true,
    "value": { "type": "item", "code": "wool:fleece-generic-lightbrown",
		"quantityByType": {
			"*-baby": { "avg": 3, "var": 1 },
			"*": { "avg": 0, "var": 0 }
		}
    },
    "file": "game:entities/land/hooved/moose.json",
    "side": "Server"
  }
]
