[
  {
    "op": "addeach",
    "path": "/buying/list/-",
    "value": [
	{ "code": "wool:sack-wool-brown", "type": "item", "stacksize": 1, "stock": { "avg": 2, "var": 0 }, "price": { "avg": 1,   "var": 0 } },
	{ "code": "wool:sack-wool-white", "type": "item", "stacksize": 1, "stock": { "avg": 2, "var": 0 }, "price": { "avg": 1.5, "var": 0.6 } },
	{ "code": "wool:sack-wool-gray",  "type": "item", "stacksize": 1, "stock": { "avg": 2, "var": 0 }, "price": { "avg": 1,   "var": 0 } }
    ],
    "file": "game:config/tradelists/trader-treasurehunter.json",
    "side": "Server"
  }
]
