{
	"code": "seeds",
	"class": "ItemBerrySeed",
	"attributes": {},
	"maxstacksize": 64,
	"variantgroups": [
		{ "code": "type", "states": ["creepingpine", "crowseye", "kakaha", "strawberry", "greenstrawberry", "gardenstrawberry", "falsestrawberry", "cloudberry", "knyazberry", "rubysaltbush", "bunchberry", "cheeseberry", "pineheath", "honeypots", "crowberry", "lingonberry", "coralbead"] }
	],
	shape: { base: "wildcraftfruit:item/seedbag" },
	textures: {
		"seed": { base: "wildcraftfruit:items/seeds/{type}" },
	},
	"attributes": { 

		"handbook": { "groupBy": ["seeds-*" ] } 
	},
	"texture": { "base": "items/seeds/{type}" },
	"creativeinventory": { "general": ["*"], "items": ["*"], "wildcraftfruit": [ "*" ] },
	"storageFlags": 33,
	guiTransform: {
		translation: { x: 0, y: 0, z: 0 },
		rotation: { x: 159, y: 148, z: 0 },
		origin: { x: 0.53, y: 0.37, z: 0.5 },
		scale: 1.99
	},
	fpHandTransform: {
		rotation: { x: 54, y: 99, z: -30 },
		scale: 1.34
	},
	tpHandTransform: {
		translation: { x: -1.67, y: -1.25, z: -0.8 },
		rotation: { x: 70, y: 11, z: -65 },
		scale: 0.41
	},
	groundTransform: {
		translation: { x: 0, y: 0.2, z: 0 },
		rotation: { x: -4, y: 8, z: 0 },
		origin: { x: 0.5, y: 0.5, z: 0.5299 },
		scale: 1.92
	},
	"materialDensity": 450
}