{
  "code": "clipping",
  "classByType": {
    "*-fractureberry-*": "StonePlant",
    "*": "BlockClipping",
  },
  "entityclassbytype": {
    "*-alive": "BEClipping"
  },
  "attributes": {
    "overrideRandomDrawOffset": 5,
    "matureDaysByType": {
	"*-dwarfpine-*": { avg: 14, var: 2 },
	"*-juniper-*": { avg: 14, var: 2 },
	"*-fractureberry-*": { avg: 14, var: 2 },
	"*-pistachio-*": { avg: 14, var: 2 },
	"*-kumquat-*": { avg: 12, var: 2 },
	"*-fingerlime-*": { avg: 12, var: 2 },
	"*-feijoa-*": { avg: 12, var: 2 },
	"*-blueberry-*": { avg: 12, var: 2 },
	"*-cranberry-*": { avg: 12, var: 2 },
	"*-huckleberry-*": { avg: 12, var: 2 },
	"*-swamphuckle-*": { avg: 12, var: 2 },
	"*-bilberry-*": { avg: 12, var: 2 },
	"*-pricklyheath-*": { avg: 12, var: 2 },
	"*-munthari-*": { avg: 12, var: 2 },
	"*-hazel-*": { avg: 12, var: 2 },
	"*-midyimberry-*": { avg: 12, var: 2 },
	"*-seamango-*": { avg: 12, var: 2 },
	"*-marita-*": { avg: 12, var: 2 },
	"*-sumac-*": { avg: 10, var: 1.4 },
	"*-lillypillypink-*": { avg: 10, var: 1.4 },
	"*-lillypillyblue-*": { avg: 10, var: 1.4 },
	"*-lillypillywhite-*": { avg: 10, var: 1.4 },
	"*-bushlawyer-*": { avg: 10, var: 1.4 },
	"*-numnum-*": { avg: 10, var: 1.4 },
	"*-flaxlily-*": { avg: 10, var: 1.4 },
	"*-ugni-*": { avg: 10, var: 1.4 },
	"*-bluetongue-*": { avg: 10, var: 1.4 },
	"*-kawakawa-*": { avg: 10, var: 1.4 },
	"*-mingimingi-*": { avg: 10, var: 1.4 },
	"*-beautyberry-*": { avg: 10, var: 1.4 },
	"*-caper-*": { avg: 10, var: 1.4 },
	"*-sloe-*": { avg: 10, var: 1.4 },
	"*-turkscap-*": { avg: 6, var: 1 },
	"*-elderberry-*": { avg: 6, var: 1 },
	"*-husktomato-*": { avg: 6, var: 1 },
	"*-pokeberry-*": { avg: 6, var: 1 },
	"*-blacknightshade-*": { avg: 6, var: 1 },
	"*-bitternightshade-*": { avg: 6, var: 1 },
	"*": { avg: 8, var: 1 }
    },
    "stopBelowTempByType": {
	"*-kumquat-*": 10,
	"*-fingerlime-*": 10,
	"*-bushlawyer-*": 10,
	"*-kawakawa-*": 10,
	"*-seamango-*": 10,
	"*-naranjilla-*": 10,
	"*-lillypillyblue-*": 10,
	"*-caper-*": 6,
	"*-flaxlily-*": 6,
	"*-ugni-*": 6,
	"*-oldmansaltbush-*": 6,
	"*-bluetongue-*": 6,
	"*-feijoa-*": 6,
	"*-numnum-*": 6,
	"*-mingimingi-*": 6,
	"*-midyimberry-*": 6,
	"*-pilo-*": 6,
	"*-marita-*": 6,
	"*-lillypillypink-*": 6,
	"*-beautyberry-*": 2,
	"*-swamphuckle-*": 2,
	"*-bitternightshade-*": 2,
	"*-munthari-*": 2,
	"*-sumac-*": 2,
	"*-turkscap-*": 2,
	"*-whitecurrant-*": 2,
	"*-pokeberry-*": 2,
	"*-pistachio-*": 2,
	"*-beachrose-*": 2,
	"*-dewberry-*": -6,
	"*-huckleberry-*": -6,
	"*-hazel-*": -6,
	"*-snowberry-*": -6,
	"*-raspberry-*": -6,
	"*-dogrose-*": -6,
	"*-wolfberry-*": -10,
	"*-honeysuckle-*": -10,
	"*-blueberry-*": -10,
	"*-cranberry-*": -10,
	"*-sallowthorn-*": -10,
	"*-juniper-*": -14,
	"*-dwarfpine-*": -14,
	"*-fractureberry-*": -14,
	"*": 0,
    },
    "resetBelowTempByType": {
	"*-kumquat-*": 9,
	"*-fingerlime-*": 9,
	"*-bushlawyer-*": 9,
	"*-kawakawa-*": 9,
	"*-seamango-*": 9,
	"*-naranjilla-*": 9,
	"*-lillypillyblue-*": 9,
	"*-caper-*": 5,
	"*-flaxlily-*": 5,
	"*-ugni-*": 5,
	"*-oldmansaltbush-*": 5,
	"*-bluetongue-*": 5,
	"*-feijoa-*": 5,
	"*-numnum-*": 5,
	"*-mingimingi-*": 5,
	"*-midyimberry-*": 5,
	"*-pilo-*": 5,
	"*-marita-*": 5,
	"*-lillypillypink-*": 5,
	"*-beautyberry-*": 1,
	"*-bitternightshade-*": 1,
	"*-munthari-*": 1,
	"*-sumac-*": 1,
	"*-turkscap-*": 1,
	"*-whitecurrant-*": 1,
	"*-pokeberry-*": 1,
	"*-pistachio-*": 1,
	"*-beachrose-*": 1,
	"*-swamphuckle-*": 1,
	"*-dewberry-*": -7,
	"*-huckleberry-*": -7,
	"*-hazel-*": -7,
	"*-snowberry-*": -7,
	"*-raspberry-*": -7,
	"*-dogrose-*": -7,
	"*-wolfberry-*": -11,
	"*-honeysuckle-*": -11,
	"*-blueberry-*": -11,
	"*-cranberry-*": -11,
	"*-sallowthorn-*": -11,
	"*-juniper-*": -15,
	"*-dwarfpine-*": -15,
	"*-fractureberry-*": -15,
	"*": -1,
    },
    "dieBelowTempByType": {
	"*-kumquat-*": 8,
	"*-fingerlime-*": 8,
	"*-bushlawyer-*": 8,
	"*-kawakawa-*": 8,
	"*-seamango-*": 8,
	"*-naranjilla-*": 8,
	"*-lillypillyblue-*": 8,
	"*-caper-*": 4,
	"*-flaxlily-*": 4,
	"*-ugni-*": 4,
	"*-oldmansaltbush-*": 4,
	"*-bluetongue-*": 4,
	"*-feijoa-*": 4,
	"*-numnum-*": 4,
	"*-mingimingi-*": 4,
	"*-midyimberry-*": 4,
	"*-pilo-*": 4,
	"*-marita-*": 4,
	"*-lillypillypink-*": 4,
	"*-beautyberry-*": 0,
	"*-bitternightshade-*": 0,
	"*-munthari-*": 0,
	"*-sumac-*": 0,
	"*-turkscap-*": 0,
	"*-whitecurrant-*": 0,
	"*-pokeberry-*": 0,
	"*-pistachio-*": 0,
	"*-beachrose-*": 0,
	"*-swamphuckle-*": 0,
	"*-dewberry-*": -8,
	"*-huckleberry-*": -8,
	"*-hazel-*": -8,
	"*-snowberry-*": -8,
	"*-raspberry-*": -8,
	"*-dogrose-*": -8,
	"*-wolfberry-*": -12,
	"*-honeysuckle-*": -12,
	"*-blueberry-*": -12,
	"*-cranberry-*": -12,
	"*-sallowthorn-*": -12,
	"*-juniper-*": -16,
	"*-dwarfpine-*": -16,
	"*-fractureberry-*": -16,
	"*": -2,
    },
    "bushCodebyType": {
      "*-redcurrant-*": "game:bigberrybush-redcurrant-empty",
      "*-blackcurrant-*": "game:bigberrybush-blackcurrant-empty",
      "*-whitecurrant-*": "game:bigberrybush-whitecurrant-empty",

      "*-blueberry-*": "game:smallberrybush-blueberry-empty",
      "*-cranberry-*": "game:smallberrybush-cranberry-empty",

      "*-huckleberry-*": "wildcraftfruit:berrybush-huckleberry-empty",
      "*-honeysuckle-*": "wildcraftfruit:berrybush-honeysuckle-empty",
      "*-snowberry-*": "wildcraftfruit:berrybush-snowberry-empty",
      "*-wolfberry-*": "wildcraftfruit:berrybush-wolfberry-empty",
      "*-spindle-*": "wildcraftfruit:berrybush-spindle-empty",
      "*-feijoa-*": "wildcraftfruit:berrybush-feijoa-empty",
      "*-beautyberry-*": "wildcraftfruit:berrybush-beautyberry-empty",
      "*-kumquat-*": "wildcraftfruit:berrybush-kumquat-empty",
      "*-sumac-*": "wildcraftfruit:berrybush-sumac-empty",
      "*-pistachio-*": "wildcraftfruit:berrybush-pistachio-empty",
      "*-dwarfpine-*": "wildcraftfruit:berrybush-dwarfpine-empty",
      "*-juniper-*": "wildcraftfruit:berrybush-juniper-empty",
      "*-kawakawa-*": "wildcraftfruit:berrybush-kawakawa-empty",
      "*-seamango-*": "wildcraftfruit:berrybush-seamango-empty",
      "*-lillypillypink-*": "wildcraftfruit:berrybush-lillypillypink-empty",
      "*-lillypillyblue-*": "wildcraftfruit:berrybush-lillypillyblue-empty",
      "*-lillypillywhite-*": "wildcraftfruit:berrybush-lillypillywhite-empty",
      "*-midyimberry-*": "wildcraftfruit:berrybush-midyimberry-empty",
      "*-pilo-*": "wildcraftfruit:berrybush-pilo-empty",
      "*-mingimingi-*": "wildcraftfruit:berrybush-mingimingi-empty",
      "*-marita-*": "wildcraftfruit:berrybush-marita-empty",
      "*-blackelder-*": "wildcraftfruit:berrybush-blackelder-empty",
      "*-hazel-*": "wildcraftfruit:berrybush-hazel-empty",
      "*-swamphuckle-*": "wildcraftfruit:berrybush-swamphuckle-empty",
      "*-josta-*": "wildcraftfruit:berrybush-josta-empty",

      "*-flaxlily-*": "wildcraftfruit:shortberrybush-flaxlily-empty",
      "*-ugni-*": "wildcraftfruit:shortberrybush-ugni-empty",
      "*-munthari-*": "wildcraftfruit:shortberrybush-munthari-empty",
      "*-bluetongue-*": "wildcraftfruit:shortberrybush-bluetongue-empty",
      "*-bilberry-*": "wildcraftfruit:shortberrybush-bilberry-empty",

      "*-elderberry-*": "wildcraftfruit:shrubberrybush-elderberry-empty",
      "*-husktomato-*": "wildcraftfruit:shrubberrybush-husktomato-empty",
      "*-pokeberry-*": "wildcraftfruit:shrubberrybush-pokeberry-empty",
      "*-turkscap-*": "wildcraftfruit:shrubberrybush-turkscap-empty",
      "*-blacknightshade-*": "wildcraftfruit:shrubberrybush-blacknightshade-empty",
      "*-bitternightshade-*": "wildcraftfruit:shrubberrybush-bitternightshade-empty",
      "*-fractureberry-*": "wildcraftfruit:shrubberrybush-fractureberry-empty",
      "*-naranjilla-*": "wildcraftfruit:shrubberrybush-naranjilla-empty",
      "*-oldmansaltbush-*": "wildcraftfruit:shrubberrybush-oldmansaltbush-empty",

      "*-raspberry-*": "wildcraftfruit:pricklyberrybush-raspberry-empty",
      "*-brambleberry-*": "wildcraftfruit:pricklyberrybush-brambleberry-empty",
      "*-loganberry-*": "wildcraftfruit:pricklyberrybush-loganberry-empty",
      "*-boysenberry-*": "wildcraftfruit:pricklyberrybush-boysenberry-empty",
      "*-dogrose-*": "wildcraftfruit:pricklyberrybush-dogrose-empty",
      "*-beachrose-*": "wildcraftfruit:pricklyberrybush-beachrose-empty",
      "*-gooseberry-*": "wildcraftfruit:pricklyberrybush-gooseberry-empty",
      "*-deserthackberry-*": "wildcraftfruit:pricklyberrybush-deserthackberry-empty",
      "*-blueraspberry-*": "wildcraftfruit:pricklyberrybush-blueraspberry-empty",
      "*-sallowthorn-*": "wildcraftfruit:pricklyberrybush-sallowthorn-empty",
      "*-fingerlime-*": "wildcraftfruit:pricklyberrybush-fingerlime-empty",
      "*-sloe-*": "wildcraftfruit:pricklyberrybush-sloe-empty",

      "*-pricklyheath-*": "wildcraftfruit:pricklyshortbush-pricklyheath-empty",
      "*-bushlawyer-*": "wildcraftfruit:pricklyshortbush-bushlawyer-empty",
      "*-dewberry-*": "wildcraftfruit:pricklyshortbush-dewberry-empty",
      "*-caper-*": "wildcraftfruit:pricklyshortbush-caper-empty",
      "*-numnum-*": "wildcraftfruit:pricklyshortbush-numnum-empty"
    }
  },
  "variantgroups": [
    {
      "code": "type",
      "states": [ "pokeberry", "pricklyheath", "cranberry", "blueberry", "huckleberry", "snowberry", "honeysuckle", "elderberry", "blacknightshade", "bitternightshade", "husktomato", "naranjilla", "beautyberry", "numnum", "gooseberry", "redcurrant", "blackcurrant", "whitecurrant", "fractureberry", "dogrose", "brambleberry", "raspberry", "blueraspberry", "bushlawyer", "sallowthorn", "deserthackberry", "spindle", "ugni", "midyimberry", "munthari", "feijoa", "wolfberry", "caper", "turkscap", "kumquat", "sumac", "pistachio", "kawakawa", "flaxlily", "dwarfpine", "juniper", "seamango", "fingerlime", "lillypillypink", "lillypillyblue", "lillypillywhite", "bluetongue", "oldmansaltbush", "mingimingi", "pilo", "marita", "blackelder", "hazel", "sloe", "bilberry", "beachrose", "swamphuckle", "dewberry", "boysenberry", "loganberry", "josta"]
    },
    {
      "code": "state",
      "states": [ "alive", "dead" ]
    }
  ],
  "renderpass": "OpaqueNoCull",
  "drawtype": "JSON",
  "randomDrawOffset": true,
  "shapeByType": {
    "*-swamphuckle-alive": { "base": "wildcraftfruit:block/plant/clipping/clipping_swamphuckle" },
    "*-sloe-alive": { "base": "wildcraftfruit:block/plant/clipping/clipping_sloe" },
    "*-cranberry-alive": { "base": "wildcraftfruit:block/plant/clipping/clipping_cranberry" },
    "*-blueberry-alive": { "base": "wildcraftfruit:block/plant/clipping/clipping_blueberry" },
    "*-bilberry-alive": { "base": "wildcraftfruit:block/plant/clipping/clipping_bilberry" },
    "*-pilo-alive": { "base": "wildcraftfruit:block/plant/clipping/clipping_pilo" },
    "*-mingimingi-alive": { "base": "wildcraftfruit:block/plant/clipping/clipping_mingimingi" },
    "*-feijoa-alive": { "base": "wildcraftfruit:block/plant/clipping/clipping_feijoa" },
    "*-ugni-alive": { "base": "wildcraftfruit:block/plant/clipping/clipping_ugni" },
    "*-numnum-alive": { "base": "wildcraftfruit:block/plant/clipping/clipping_numnum" },
    "*-munthari-alive": { "base": "wildcraftfruit:block/plant/clipping/clipping_munthari" },
    "*-bluetongue-alive": { "base": "wildcraftfruit:block/plant/clipping/clipping_bluetongue" },
    "*-kawakawa-alive": { "base": "wildcraftfruit:block/plant/clipping/clipping_kawakawa" },
    "*-bushlawyer-alive": { "base": "wildcraftfruit:block/plant/clipping/clipping_bushlawyer" },
    "*-flaxlily-alive": { "base": "wildcraftfruit:block/plant/clipping/clipping_flaxlily" },
    "*-flaxlily-dead": { "base": "wildcraftfruit:block/plant/clipping/clipping_flaxlily_dead" },
    "*-pricklyheath-alive": { "base": "wildcraftfruit:block/plant/clipping/clipping_pricklyheath" },
    "*-pistachio-alive": { "base": "wildcraftfruit:block/plant/clipping/clipping_pistachio" },
    "*-dwarfpine-alive": { "base": "wildcraftfruit:block/plant/clipping/clipping_dwarfpine" },
    "*-juniper-alive": { "base": "wildcraftfruit:block/plant/clipping/clipping_juniper" },
    "*-sallowthorn-alive": { "base": "wildcraftfruit:block/plant/clipping/clipping_sallowthorn" },
    "*-snowberry-alive": { "base": "wildcraftfruit:block/plant/clipping/clipping_snowberry" },
    "*-caper-alive": { "base": "wildcraftfruit:block/plant/clipping/clipping_caper" },
    "*-seamango-alive": { "base": "wildcraftfruit:block/plant/clipping/clipping_seamango" },
    "*-marita-alive": { "base": "wildcraftfruit:block/plant/clipping/clipping_marita" },
    "*-marita-dead": { "base": "wildcraftfruit:block/plant/clipping/clipping_marita_dead" },
    "*-fingerlime-alive": { "base": "wildcraftfruit:block/plant/clipping/clipping_fingerlime" },
    "*-lillypillypink-alive": { "base": "wildcraftfruit:block/plant/clipping/clipping_lillypillypink" },
    "*-lillypillyblue-alive": { "base": "wildcraftfruit:block/plant/clipping/clipping_lillypillyblue" },
    "*-lillypillywhite-alive": { "base": "wildcraftfruit:block/plant/clipping/clipping_lillypillywhite" },
    "*-elderberry-alive": { "base": "wildcraftfruit:block/plant/clipping/clipping_elderberry" },
    "*-turkscap-alive": { "base": "wildcraftfruit:block/plant/clipping/clipping_turkscap" },
    "*-oldmansaltbush-alive": { "base": "wildcraftfruit:block/plant/clipping/clipping_oldmansaltbush" },
    "*-naranjilla-alive": { "base": "wildcraftfruit:block/plant/clipping/clipping_naranjilla" },
    "*-blacknightshade-alive": { "base": "wildcraftfruit:block/plant/clipping/clipping_shrub" },
    "*-bitternightshade-alive": { "base": "wildcraftfruit:block/plant/clipping/clipping_shrub" },
    "*-fractureberry-alive": { "base": "wildcraftfruit:block/plant/clipping/clipping_fractureberry" },
    "*-pokeberry-alive": { "base": "wildcraftfruit:block/plant/clipping/clipping_shrub" },
    "*-husktomato-alive": { "base": "wildcraftfruit:block/plant/clipping/clipping_shrub" },
    "*-elderberry-dead": { "base": "wildcraftfruit:block/plant/clipping/clipping_shrub_dead" },
    "*-husktomato-dead": { "base": "wildcraftfruit:block/plant/clipping/clipping_shrub_dead" },
    "*-pokeberry-dead": { "base": "wildcraftfruit:block/plant/clipping/clipping_shrub_dead" },
    "*-turkscap-dead": { "base": "wildcraftfruit:block/plant/clipping/clipping_shrub_dead" },
    "*-naranjilla-dead": { "base": "wildcraftfruit:block/plant/clipping/clipping_shrub_dead" },
    "*-blacknightshade-dead": { "base": "wildcraftfruit:block/plant/clipping/clipping_shrub_dead" },
    "*-bitternightshade-dead": { "base": "wildcraftfruit:block/plant/clipping/clipping_shrub_dead" },
    "*-oldmansaltbush-dead": { "base": "wildcraftfruit:block/plant/clipping/clipping_shrub_dead" },
    "*-fractureberry-dead": { "base": "wildcraftfruit:block/plant/clipping/clipping_fractureberry_dead" },
    "*-blackelder-alive": { "base": "wildcraftfruit:block/plant/clipping/clipping_blackelder" },
    "*-dead": { "base": "wildcraftfruit:block/plant/clipping/clipping_dead" },
    "*-alive": { "base": "wildcraftfruit:block/plant/clipping/clipping" }
  },
  "blockmaterial": "Plant",
  "sideopaqueByType": {
    "*": { "all": false }
  },
  "sidesolid": {
    "all": false
  },
  "texturesByType": {
    "*-blueberry-*": {
      "leaves": { "base": "game:block/plant/berrybush/small/leaves/{type}*" }
    },
    "*-cranberry-*": {
      "leaves": { "base": "game:block/plant/berrybush/small/leaves/{type}*" }
    },
    "*-redcurrant-*": {
      "leaves": { "base": "game:block/plant/berrybush/small/leaves/redcurrant*" }
    },
    "*-blackcurrant-*": {
      "leaves": { "base": "game:block/plant/berrybush/small/leaves/redcurrant*" }
    },
    "*-whitecurrant-*": {
      "leaves": { "base": "game:block/plant/berrybush/small/leaves/redcurrant*" }
    },
    "*-elderberry-*": {
      "leaves": { "base": "wildcraftfruit:block/plant/clipping/elderberry_growing" }
    },
    "*-husktomato-*": {
      "leaves": { "base": "wildcraftfruit:block/plant/clipping/husktomato_growing" }
    },
    "*-pokeberry-*": {
      "leaves": { "base": "wildcraftfruit:block/plant/clipping/pokeberry_growing" }
    },
    "*-turkscap-*": {
      "leaves": { "base": "wildcraftfruit:block/plant/clipping/turkscap_growing" }
    },
    "*-oldmansaltbush-*": {
      "leaves": { "base": "wildcraftfruit:block/plant/clipping/oldmansaltbush_growing" }
    },
    "*-blacknightshade-*": {
      "leaves": { "base": "wildcraftfruit:block/plant/clipping/blacknightshade_growing" }
    },
    "*-bitternightshade-*": {
      "leaves": { "base": "wildcraftfruit:block/plant/clipping/bitternightshade_growing" }
    },
    "*-naranjilla-*": {
      "leaves": { "base": "wildcraftfruit:block/plant/clipping/naranjilla_growing" }
    },
    "*-fractureberry-alive": {
      "leaves": { "base": "wildcraftfruit:block/plant/clipping/fractureberry_growing" }
    },
    "*-fractureberry-dead": {
      "leaves": { "base": "wildcraftfruit:block/plant/clipping/fractureberry_dry" }
    },
    "*-flaxlily-alive": {
      "leaves": { "base": "wildcraftfruit:block/plant/clipping/flaxlily_growing" }
    },
    "*-flaxlily-dead": {
      "leaves": { "base": "wildcraftfruit:block/plant/clipping/flaxlily_dry" }
    },
    "*-marita-alive": {
      "leaves": { "base": "wildcraftfruit:block/plant/berrybush/small/leaves/marita1" }
    },
    "*-marita-dead": {
      "leaves": { "base": "wildcraftfruit:block/plant/clipping/marita_dry" }
    },
    "*": {
      "leaves": { "base": "wildcraftfruit:block/plant/berrybush/small/leaves/{type}*" }
    }
  },
  "dropsByType": {
    "*-husktomato-alive": [{ "type": "item", "code": "game:drygrass", "quantity": { "avg": 0.6 } }],
    "*-naranjilla-alive": [{ "type": "item", "code": "game:drygrass", "quantity": { "avg": 0.6 } }],
    "*-blacknightshade-alive": [{ "type": "item", "code": "game:drygrass", "quantity": { "avg": 0.6 } }],
    "*-bitternightshade-alive": [{ "type": "item", "code": "game:drygrass", "quantity": { "avg": 0.6 } }],
    "*-turkscap-alive": [{ "type": "item", "code": "game:drygrass", "quantity": { "avg": 0.6 } }],
    "*-pokeberry-alive": [{ "type": "item", "code": "game:drygrass", "quantity": { "avg": 0.6 } }],
    "*-elderberry-alive": [{ "type": "item", "code": "game:drygrass", "quantity": { "avg": 0.6 } }],
    "*-flaxlily-alive": [{ "type": "item", "code": "game:drygrass", "quantity": { "avg": 0.6 } }],
    "*-oldmansaltbush-alive": [{ "type": "item", "code": "game:drygrass", "quantity": { "avg": 0.6 } }],
    "*-marita-alive": [{ "type": "item", "code": "game:drygrass", "quantity": { "avg": 0.6 } }],

    "*-husktomato-dead": [{ "type": "item", "code": "game:drygrass", "quantity": { "avg": 1.0 } }],
    "*-naranjilla-dead": [{ "type": "item", "code": "game:drygrass", "quantity": { "avg": 1.0 } }],
    "*-blacknightshade-dead": [{ "type": "item", "code": "game:drygrass", "quantity": { "avg": 1.0 } }],
    "*-bitternightshade-dead": [{ "type": "item", "code": "game:drygrass", "quantity": { "avg": 1.0 } }],
    "*-turkscap-dead": [{ "type": "item", "code": "game:drygrass", "quantity": { "avg": 1.0 } }],
    "*-pokeberry-dead": [{ "type": "item", "code": "game:drygrass", "quantity": { "avg": 1.0 } }],
    "*-elderberry-dead": [{ "type": "item", "code": "game:drygrass", "quantity": { "avg": 1.0 } }],
    "*-flaxlily-dead": [{ "type": "item", "code": "game:drygrass", "quantity": { "avg": 1.0 } }],
    "*-oldmansaltbush-dead": [{ "type": "item", "code": "game:drygrass", "quantity": { "avg": 1.0 } }],
    "*-marita-dead": [{ "type": "item", "code": "game:drygrass", "quantity": { "avg": 1.0 } }],
    "*-fractureberry-dead": [{ "type": "item", "code": "wildcraftfruit:clipping-fractureberry-dry", "quantity": { "avg": 1.0 } }],

    "*-dead": [{ "type": "item", "code": "game:stick", "quantity": { "avg": 1.0 } }],
    "*-alive": [{ "type": "item", "code": "game:stick", "quantity": { "avg": 0.6 } }]
  },
  "replaceable": 5200,
  "lightAbsorption": 0,
  "resistance": 1,
  "collisionbox": null,
  "selectionbox": {
    "x1": 0.3,
    "y1": 0,
    "z1": 0.3,
    "x2": 0.7,
    "y2": 0.5,
    "z2": 0.7
  },
  "sounds": {
    "place": "game:block/plant",
    "break": "game:block/plant",
    "hit": "game:block/plant"
  },
  "rainPermeable": true,
  "materialDensity": 200,
  "combustibleProps": {
    "burnTemperature": 600,
    "burnDuration": 10
  },
    "guiTransform": {
          "rotation": { "x": -29, "y": -17, "z": 0 },
          "origin": { "x": 0.59, "y": 0.1, "z": 0.7 },
          "scale": 1.84
    },
    "fpHandTransform": {
          "rotation": { "x": 55, "y": 54, "z": -58 },
          "origin": { "x": 0.2, "y": 1, "z": 0 },
          "scale": 1.54
      },
    "tpHandTransform": {
        "translation": { "x": -2, "y": -1.7, "z": -1.6 },
        "rotation": { "x": -48, "y": 8, "z": -25 },
        "origin": { "x": 0.5, "y": 0.75, "z": 0.4 },
        "scale": 0.34
    },
    "groundTransform": {
      "translation": {
        "x": 0,
        "y": 0,
        "z": 0
      },
      "rotation": {
        "x": 0,
        "y": -45,
        "z": 0
      },
      "origin": {
        "x": 0.5,
        "y": 0,
        "z": 0.5
      },
      "scale": 3
    },
  "frostable": true,
  "__comment": "Wind wave looks not good on ground and horrible in planters and flower post",
  "vertexFlags": {
    "weakWave": true,
    "grassWindWave": false,
    "leavesWindWave": false
  }
}
