﻿[
  {
    "op": "addmerge",
    "path": "/server/behaviors/6",
    "value": {
      "code": "thirst"
    },
    "file": "game:entities/humanoid/player.json",
    "side": "Server"
  },
  {
    "op": "addmerge",
    "path": "/server/behaviors/11",
    "value": {
      "code": "bodytemperaturehot"
    },
    "file": "game:entities/humanoid/player.json",
    "side": "Server"
  },
  {
    "op": "addmerge",
    "path": "/server/behaviors/12",
    "value": {
      "code": "liquidencumbrance"
    },
    "file": "game:entities/humanoid/player.json",
    "side": "Server"
  }
]