{
	"ingredientPattern": "MK,L_",
	"ingredients": {
		"M": {
			"type": "block",
			"code": "mageweave-none-*-down",
			"name": "cloth",
			"states": [ "normal", "square", "offset", "diamond" ],
			"quantity": 1
		},
		"K": {
			"type": "item",
			"code": "game:knife-*",
			"isTool": true
		},
		"L": {
			"type": "item",
			"code": "game:firewood",
			//"code": "game:log-placed-*-ud",
			//"name": "wood",
			//"loadFromProperties": "game:block/wood",
			"quantity": 4
		}
	},
	"width": 2,
	"height": 2,
	"output": {
		"type": "block",
		"code": "magicstationthaumicworkbench-north",
		"quantity": 1
	}
}
