[
  {
    "code": "weaktannin",
    "sealHours": 24,
    "ingredients": [
      {
        "type": "block",
        "code": "game:log-placed-oak-ud",
        "quantity": 1
      },
      {
        "type": "item",
        "code": "hydrateordiedrate:distilledwaterportion",
        "litres": 10
      }
    ],
    "output": {
      "type": "item",
      "code": "game:weaktanninportion",
      "litres": 10
    }
  },
  {
    "code": "weaktannin",
    "sealHours": 24,
    "ingredients": [
      {
        "type": "block",
        "code": "game:log-placed-acacia-ud",
        "quantity": 1
      },
      {
        "type": "item",
        "code": "hydrateordiedrate:distilledwaterportion",
        "litres": 10
      }
    ],
    "output": {
      "type": "item",
      "code": "game:weaktanninportion",
      "litres": 10
    }
  }
]