[
  {
    "ingredient": {
      "type": "item",
      "code": "enchantedstone"
    },
    "pattern": [
      [
        "####__####",
        "#_#____#_#",
        "#_##__##_#",
        "#__####__#",
        "____##____",
        "____##____",
        "#__####__#",
        "#_##__##_#",
        "#_#____#_#",
        "####__####"
      ]
    ],
    "name": "Ritual of Pyrolysis",
    "output": {
      "type": "block",
      "code": "ritualsigil-enchantedstone-ritualofpyrolysis-north",
      "stacksize": 1
    }
  }
]
