[
  {
    "ingredient": {
      "type": "item",
      "code": "enchantedstone"
    },
    "pattern": [
      [
        "###____###",
        "##########",
        "##__##__##",
        "_#_#__#_#_",
        "_##____##_",
        "_##____##_",
        "_#_#__#_#_",
        "##__##__##",
        "##########",
        "###____###"
      ]
    ],
    "name": "Ritual of Creation",
    "output": {
      "type": "block",
      "code": "ritualsigil-enchantedstone-minorritualofcreation-north",
      "stacksize": 1
    }
  }
]
