{
	"code": "magicstationcrucible",
	"classByType": {
		"*": "BlockStationCrucibleCoreRM"
	},
	"entityclassByType": {
		"*": "BlockEntityStationCrucibleCoreRM"
	},
	"enabled": true,

	"storageFlags": 131073,

	"variantgroups": [
		{
			"code": "type",
			"states": [ "normal", "admin" ]
		},
		{
			"code": "side",
			"loadFromProperties": "game:abstract/horizontalorientation"
		}
	],
	"skipVariants": [ "*-admin-*" ],

	"entityBehaviorsByType": {
		"*": [
			{ "name": "Animatable" }
		]
	},
	"behaviorsByType": {
		"*": [
			{ "name": "HorizontalOrientable" },
			{ "name": "Container" }
		]
	},
	"attributesByType": {
		"*-north": {
			"canChisel": false,
			"shelvable": true,
			"onshelfTransform": {
				"translation": {
					"x": -0,
					"y": -0.375,
					"z": 0
				},
				"scale": 0.25
			},
			"displaycaseable": true,
			"onDisplayTransform": {
				"translation": {
					"x": -0,
					"y": -0.375,
					"z": 0
				},
				"scale": 0.25
			},
			"handbookByType": {
				"*": {
					"groupBy": [ "magicstationcrucible-*" ],
					"extraSections": [
						{
							"title": "game:Created by",
							"text": "rustboundmagic:handbook-thaumicworkbenchonlytier1-text"
						},
						{
							"title": "rustboundmagic:handbook-cruciblesynthesissystem-title",
							"text": "rustboundmagic:handbook-cruciblesynthesissystem-text"
						},
						{
							"title": "rustboundmagic:handbook-magicstation-title",
							"text": "rustboundmagic:handbook-magicstation-text"
						}
					]
				}
			},

			"multiblockStructures": [
				{
					"blockNumbers": {
						"rustboundmagic:*": 1,
						"rustboundmagic:runestone-*": 2,
						"rustboundmagic:elementalcrystals-*": 3
					},
					"offsets": [
						{
							"x": 0,
							"y": -1,
							"z": 0,
							"w": 2
						},
						{
							"x": 1,
							"y": -1,
							"z": 0,
							"w": 1
						},
						{
							"x": -1,
							"y": -1,
							"z": 0,
							"w": 1
						},

						{
							"x": 1,
							"y": -1,
							"z": 1,
							"w": 1
						},
						{
							"x": -1,
							"y": -1,
							"z": 1,
							"w": 1
						},

						{
							"x": 1,
							"y": -1,
							"z": 2,
							"w": 1
						},
						{
							"x": 0,
							"y": -1,
							"z": 2,
							"w": 1
						},
						{
							"x": -1,
							"y": -1,
							"z": 2,
							"w": 1
						}
					]
				}
			]
		},
		"*-south": {
			"canChisel": false,
			"shelvable": true,
			"onshelfTransform": {
				"translation": {
					"x": -0,
					"y": -0.375,
					"z": 0
				},
				"scale": 0.25
			},
			"displaycaseable": true,
			"onDisplayTransform": {
				"translation": {
					"x": -0,
					"y": -0.375,
					"z": 0
				},
				"scale": 0.25
			},
			"handbookByType": {
				"*": {
					"groupBy": [ "magicstationcrucible-*" ],
					"extraSections": [
						{
							"title": "game:Created by",
							"text": "rustboundmagic:handbook-thaumicworkbenchonlytier1-text"
						},
						{
							"title": "rustboundmagic:handbook-cruciblesynthesissystem-title",
							"text": "rustboundmagic:handbook-cruciblesynthesissystem-text"
						},
						{
							"title": "rustboundmagic:handbook-magicstation-title",
							"text": "rustboundmagic:handbook-magicstation-text"
						}
					]
				}
			},

			"multiblockStructures": [
				{
					"blockNumbers": {
						"rustboundmagic:*": 1,
						"rustboundmagic:runestone-*": 2,
						"rustboundmagic:elementalcrystals-*": 3
					},
					"offsets": [
						{
							"x": 0,
							"y": -1,
							"z": 0,
							"w": 2
						},
						{
							"x": 1,
							"y": -1,
							"z": 0,
							"w": 1
						},
						{
							"x": -1,
							"y": -1,
							"z": 0,
							"w": 1
						},

						{
							"x": 1,
							"y": -1,
							"z": -1,
							"w": 1
						},
						{
							"x": -1,
							"y": -1,
							"z": -1,
							"w": 1
						},

						{
							"x": 1,
							"y": -1,
							"z": -2,
							"w": 1
						},
						{
							"x": 0,
							"y": -1,
							"z": -2,
							"w": 1
						},
						{
							"x": -1,
							"y": -1,
							"z": -2,
							"w": 1
						}
					]
				}
			]
		},
		"*-east": {
			"canChisel": false,
			"shelvable": true,
			"onshelfTransform": {
				"translation": {
					"x": -0,
					"y": -0.375,
					"z": 0
				},
				"scale": 0.25
			},
			"displaycaseable": true,
			"onDisplayTransform": {
				"translation": {
					"x": -0,
					"y": -0.375,
					"z": 0
				},
				"scale": 0.25
			},
			"handbookByType": {
				"*": {
					"groupBy": [ "magicstationcrucible-*" ],
					"extraSections": [
						{
							"title": "game:Created by",
							"text": "rustboundmagic:handbook-thaumicworkbenchonlytier1-text"
						},
						{
							"title": "rustboundmagic:handbook-cruciblesynthesissystem-title",
							"text": "rustboundmagic:handbook-cruciblesynthesissystem-text"
						},
						{
							"title": "rustboundmagic:handbook-magicstation-title",
							"text": "rustboundmagic:handbook-magicstation-text"
						}
					]
				}
			},

			"multiblockStructures": [
				{
					"blockNumbers": {
						"rustboundmagic:*": 1,
						"rustboundmagic:runestone-*": 2,
						"rustboundmagic:elementalcrystals-*": 3
					},
					"offsets": [
						{
							"x": 0,
							"y": -1,
							"z": 0,
							"w": 2
						},
						{
							"x": 0,
							"y": -1,
							"z": 1,
							"w": 1
						},
						{
							"x": 0,
							"y": -1,
							"z": -1,
							"w": 1
						},

						{
							"x": -1,
							"y": -1,
							"z": 1,
							"w": 1
						},
						{
							"x": -1,
							"y": -1,
							"z": -1,
							"w": 1
						},

						{
							"x": -2,
							"y": -1,
							"z": 1,
							"w": 1
						},
						{
							"x": -2,
							"y": -1,
							"z": 0,
							"w": 1
						},
						{
							"x": -2,
							"y": -1,
							"z": -1,
							"w": 1
						}
					]
				}
			]
		},
		"*-west": {
			"canChisel": false,
			"shelvable": true,
			"onshelfTransform": {
				"translation": {
					"x": -0,
					"y": -0.375,
					"z": 0
				},
				"scale": 0.25
			},
			"displaycaseable": true,
			"onDisplayTransform": {
				"translation": {
					"x": -0,
					"y": -0.375,
					"z": 0
				},
				"scale": 0.25
			},
			"handbookByType": {
				"*": {
					"groupBy": [ "magicstationcrucible-*" ],
					"extraSections": [
						{
							"title": "game:Created by",
							"text": "rustboundmagic:handbook-thaumicworkbenchonlytier1-text"
						},
						{
							"title": "rustboundmagic:handbook-cruciblesynthesissystem-title",
							"text": "rustboundmagic:handbook-cruciblesynthesissystem-text"
						},
						{
							"title": "rustboundmagic:handbook-magicstation-title",
							"text": "rustboundmagic:handbook-magicstation-text"
						}
					]
				}
			},

			"multiblockStructures": [
				{
					"blockNumbers": {
						"rustboundmagic:*": 1,
						"rustboundmagic:runestone-*": 2,
						"rustboundmagic:elementalcrystals-*": 3
					},
					"offsets": [
						{
							"x": 0,
							"y": -1,
							"z": 0,
							"w": 2
						},
						{
							"x": 0,
							"y": -1,
							"z": 1,
							"w": 1
						},
						{
							"x": 0,
							"y": -1,
							"z": -1,
							"w": 1
						},

						{
							"x": 1,
							"y": -1,
							"z": 1,
							"w": 1
						},
						{
							"x": 1,
							"y": -1,
							"z": -1,
							"w": 1
						},

						{
							"x": 2,
							"y": -1,
							"z": 1,
							"w": 1
						},
						{
							"x": 2,
							"y": -1,
							"z": 0,
							"w": 1
						},
						{
							"x": 2,
							"y": -1,
							"z": -1,
							"w": 1
						}
					]
				}
			]
		}
	},

	"creativeinventory": {
		"general": [ "*-north" ],
		"rustboundmagic": [ "*-north" ]
	},

	"drawtype": "json",
	"shapebytype": {
		"*-north": {
			"base": "blocks/stations/crucible-core",
			"rotateY": 0
		},
		"*-south": {
			"base": "blocks/stations/crucible-core",
			"rotateY": 180
		},
		"*-east": {
			"base": "blocks/stations/crucible-core",
			"rotateY": 270
		},
		"*-west": {
			"base": "blocks/stations/crucible-core",
			"rotateY": 90
		}
	},

	"texturesbytype": {
		"*": {
			"default": { "base": "default" },
			"material1": { "base": "game:block/machine/statictranslocator/rustyglow" },
			//"stoneside": { "base": "blocks/stations/crucible/base" },
			//"stonetop": { "base": "blocks/stations/crucible/inner-top" },

			"dark-enchantedstone-rock1": { "base": "blocks/resources/enchantedstone/none/dark-enchantedstone-rock*" },
			"enchantedstone-chiseled1": { "base": "blocks/resources/enchantedstone/none/enchantedstone-chiseled*" },
			"enchantedstone-cobblestone1": { "base": "blocks/resources/enchantedstone/none/enchantedstone-cobblestone*" },
			"enchantedstone-side": { "base": "blocks/stations/crucible/side" }
		}
	},

	"sidesolid": {
		"all": false
	},
	"sideopaque": {
		"all": false
	},

	"maxstacksize": 1,
	"blockmaterial": "Other",
	"materialDensity": 1200,
	"replaceable": 300,
	"resistance": 3,
	"lightAbsorption": 0,

	"renderPass": "BlendNoCull",
	"faceCullMode": "MergeMaterial",

	"vertexFlags": {
		"zOffset": 2
	},

	"collisionSelectionBoxesByType": {
		"*": [
			{
				"x1": 0,
				"y1": 0,
				"z1": 0,
				"x2": 1,
				"y2": 0.5625,
				"z2": 1,
				"rotateYByType": {
					"*": 0
				}
			}
		]
	},

	"sounds": {
		"place": "game:block/rock-hit-pickaxe",
		"break": "game:block/rock-hit-pickaxe",
		"hit": "game:walk/stone",
		"walk": "game:walk/stone"
	},


	"guiTransform": {
		"rotation": {
			"x": -22.6,
			"y": 135,
			"z": 0
		}
	},
	"fpHandTransform": {
		"translation": {
			"x": 0,
			"y": 0.1,
			"z": 0.5
		},
		"rotation": {
			"x": -2,
			"y": -118,
			"z": 12
		},
		"origin": {
			"x": 0.5,
			"y": 0.6,
			"z": 0.5
		},
		"scale": 1
	},
	"tpHandTransform": {
		"translation": {
			"x": 0,
			"y": 0.2,
			"z": 0.2
		},
		"rotation": {
			"x": 55,
			"y": 13,
			"z": -82
		},
		"origin": {
			"x": 0.05,
			"y": -0.1,
			"z": 0.25
		},
		"scale": 0.5899
	},
	"groundTransform": {
		"scale": 2.0
	}
}
