{
  "code": "runestone",
  "classByType": {
    "*-basic": "BlockRunestoneRM",
    "*-advanced": "BlockRunestoneRM",
    "*-mastercraft": "BlockRunestoneRM"
  },
  "enabled": true,

  "storageFlags": 131073,

  "variantgroups": [
    {
      "code": "variant",
      "states": [ "basic", "advanced", "mastercraft" ]
    }
  ],
  //"skipVariants": [ "*-fire", "*-water", "*-wind", "*-earth", "*-lightning", "*-frost", "*-nature", "*-arcane" ],

  "attributes": {
    //"canChisel": false,
    "shelvable": true,
    "onshelfTransform": {
      "translation": {
        "x": -0,
        "y": -0.375,
        "z": 0
      },
      "scale": 0.25
    },
    "displaycaseable": true,
    "onDisplayTransform": {
      "translation": {
        "x": -0,
        "y": -0.375,
        "z": 0
      },
      "scale": 0.25
    },
    "handbookByType": {
      "*-basic": {
        "groupBy": [ "runestone-*" ],
        "extraSections": [
          {
            "title": "game:Created by",
            "text": "rustboundmagic:handbook-ritualofrunicpower1-text"
          }
        ]
      },
      "*-advanced": {
        "groupBy": [ "runestone-*" ],
        "extraSections": [
          {
            "title": "game:Created by",
            "text": "rustboundmagic:handbook-ritualofrunicpower2-text"
          }
        ]
      },
      "*-mastercraft": {
        "groupBy": [ "runestone-*" ],
        "extraSections": [
          {
            "title": "game:Created by",
            "text": "rustboundmagic:handbook-ritualofrunicpower3-text"
          }
        ]
      }
    }
  },

  "shapeByType": {
    "*": { "base": "blocks/resources/runestone/runestone-{variant}" }
  },
  "texturesByType": {
    "*": {
      "default": { "base": "default" },
      "outerface": { "base": "blocks/resources/runestone/runestone-outerface*" },
      "innerface": { "base": "blocks/resources/runestone/runestone-{variant}-innerface*" },
      "cornerbrace": { "base": "blocks/resources/enchantedstone/none/enchantedstone-rock*" },
      "material3": { "base": "blocks/resources/enchantedstone/none/enchantedstone-rock*" },
      "material4": { "base": "default" },
      //"material4": { "base": "game:block/machine/statictranslocator/rustyglow" },
      "material5": { "base": "blocks/resources/enchantedstone/none/enchantedstone-rock*" },
      "material6": { "base": "blocks/resources/enchantedstone/none/enchantedstone-rock*" },
      "material": { "base": "default" },
      //"material": { "base": "game:block/machine/statictranslocator/rustyglow" },
      "runesocket": { "base": "blocks/resources/runestone/runestone-{variant}-runesocket*" },
      "runesymbol1": { "base": "blocks/magicruneblock/normal/rune*" },
      "runesymbol2": { "base": "blocks/magicruneblock/normal/rune*" },
      "runesymbol3": { "base": "blocks/magicruneblock/normal/rune*" },
      "runesymbol4": { "base": "blocks/magicruneblock/normal/rune*" },
      "runesymbol5": { "base": "blocks/magicruneblock/normal/rune*" },
      "runesymbol6": { "base": "blocks/magicruneblock/normal/rune*" },
      "runesymbol7": { "base": "blocks/magicruneblock/normal/rune*" },
      "runesymbol8": { "base": "blocks/magicruneblock/normal/rune*" },
      "runesymbol9": { "base": "blocks/magicruneblock/normal/rune*" },
      "runesymbol10": { "base": "blocks/magicruneblock/normal/rune*" },
      "runesymbol11": { "base": "blocks/magicruneblock/normal/rune*" },
      "runesymbol12": { "base": "blocks/magicruneblock/normal/rune*" },
      "runesymbol13": { "base": "blocks/magicruneblock/normal/rune*" },
      "runesymbol14": { "base": "blocks/magicruneblock/normal/rune*" },
      "runesymbol15": { "base": "blocks/magicruneblock/normal/rune*" },
      "runesymbol16": { "base": "blocks/magicruneblock/normal/rune*" },
      "runesymbol17": { "base": "blocks/magicruneblock/normal/rune*" },
      "runesymbol18": { "base": "blocks/magicruneblock/normal/rune*" },
      "runesymbol19": { "base": "blocks/magicruneblock/normal/rune*" },
      "runesymbol20": { "base": "blocks/magicruneblock/normal/rune*" },
      "runesymbol21": { "base": "blocks/magicruneblock/normal/rune*" },
      "runesymbol22": { "base": "blocks/magicruneblock/normal/rune*" },
      "runesymbol23": { "base": "blocks/magicruneblock/normal/rune*" },
      "runesymbol24": { "base": "blocks/magicruneblock/normal/rune*" } //,
      //"runesymbol1": { "base": "blocks/magicruneblock/normal/rune1" },
      //"runesymbol2": { "base": "blocks/magicruneblock/normal/rune2" },
      //"runesymbol3": { "base": "blocks/magicruneblock/normal/rune3" },
      //"runesymbol4": { "base": "blocks/magicruneblock/normal/rune4" },
      //"runesymbol5": { "base": "blocks/magicruneblock/normal/rune5" },
      //"runesymbol6": { "base": "blocks/magicruneblock/normal/rune6" },
      //"runesymbol7": { "base": "blocks/magicruneblock/normal/rune7" },
      //"runesymbol8": { "base": "blocks/magicruneblock/normal/rune8" },
      //"runesymbol9": { "base": "blocks/magicruneblock/normal/rune9" },
      //"runesymbol10": { "base": "blocks/magicruneblock/normal/rune10" },
      //"runesymbol11": { "base": "blocks/magicruneblock/normal/rune11" },
      //"runesymbol12": { "base": "blocks/magicruneblock/normal/rune12" },
      //"runesymbol13": { "base": "blocks/magicruneblock/normal/rune13" },
      //"runesymbol14": { "base": "blocks/magicruneblock/normal/rune14" },
      //"runesymbol15": { "base": "blocks/magicruneblock/normal/rune15" },
      //"runesymbol16": { "base": "blocks/magicruneblock/normal/rune16" },
      //"runesymbol17": { "base": "blocks/magicruneblock/normal/rune1" },
      //"runesymbol18": { "base": "blocks/magicruneblock/normal/rune5" },
      //"runesymbol19": { "base": "blocks/magicruneblock/normal/rune9" },
      //"runesymbol20": { "base": "blocks/magicruneblock/normal/rune13" },
      //"runesymbol21": { "base": "blocks/magicruneblock/normal/rune2" },
      //"runesymbol22": { "base": "blocks/magicruneblock/normal/rune6" },
      //"runesymbol23": { "base": "blocks/magicruneblock/normal/rune10" },
      //"runesymbol24": { "base": "blocks/magicruneblock/normal/rune14" }

      //"all": { "base": "blocks/resources/runestone/runestone-{variant}*" }
    }
  },

  "creativeinventory": {
    "general": [ "*" ],
    "terrain": [ "*" ],
    "rustboundmagic": [ "*" ]
  },

  "drawtype": "json",
  "blockmaterial": "Stone",
  "replaceable": 200,
  "resistance": 3,
  "lightAbsorption": 99,
  "maxStackSize": 16,
  "materialDensity": 1200,

  "heldTpIdleAnimation": "holdbothhandslarge",
  "heldTpUseAnimation": "twohandplaceblock",

  "sounds": {
    "walk": "game:walk/stone",
    "byTool": {
      "Pickaxe": {
        "hit": "game:block/rock-hit-pickaxe",
        "break": "game:block/rock-break-pickaxe"
      }
    }
  },

  "tpHandTransform": {
    "translation": {
      "x": -1.23,
      "y": -0.91,
      "z": -0.8
    },
    "rotation": {
      "x": -2,
      "y": 25,
      "z": -78
    },
    "scale": 0.4
  }
}