{
  "code": "magicstationsanctum",
  "classByType": {
    "*": "BlockStationSanctumRM"
  },
  "entityclassByType": {
    "*": "BlockEntityStationSanctumRM"
  },
  "enabled": true,

  "storageFlags": 131073,

  "variantgroups": [
    {
      "code": "type",
      "states": [ "normal", "admin" ]
    },
    {
      "code": "side",
      "loadFromProperties": "game:abstract/horizontalorientation"
    }
  ],
  "skipVariants": [ "*-admin-*" ],

  //"entityBehaviors": [ { "name": "Animatable" } ],
  "behaviorsByType": {
    "*": [
      { "name": "HorizontalOrientable" } //,
      //{ "name": "BlockBehaviorTransmuteRM" }
    ]
  },

  "attributesByType": {
    "*": {
      "shelvable": true,
      "onshelfTransform": {
        "translation": {
          "x": -0,
          "y": -0.375,
          "z": 0
        },
        "scale": 0.25
      },
      "displaycaseable": true,
      "onDisplayTransform": {
        "translation": {
          "x": -0,
          "y": -0.375,
          "z": 0
        },
        "scale": 0.25
      },
      "handbookByType": {
        "*": {
          "groupBy": [ "magicstationsanctum-*" ],
          "extraSections": [
            {
              "title": "game:Created by",
              "text": "rustboundmagic:handbook-thaumicworkbenchonlytier1-text"
            },
            {
              "title": "rustboundmagic:handbook-grimoiresandspellcasting-title",
              "text": "rustboundmagic:handbook-grimoiresandspellcasting-text"
            },
            {
              "title": "rustboundmagic:handbook-magicstation-title",
              "text": "rustboundmagic:handbook-magicstation-text"
            }
          ]
        }
      },
      "shape": { "base": "blocks/stations/sanctum-{type}" },
      "textures": {
        "manastone": {
          "base": "game:block/metal/plate/lead",
          "overlays": []
        },
        "manastoneon": {
          "base": "game:block/machine/statictranslocator/rustyglow",
          "overlays": []
        },
        "manastoneoff": {
          "base": "game:block/metal/plate/lead",
          "overlays": []
        },
        "material-rim1": {
          "base": "game:block/metal/plate/lead",
          "overlays": [ "game:block/wood/bookshelves/rim1" ]
        }
      }
    }
  },

  "creativeinventory": {
    "general": [ "*-north" ],
    "rustboundmagic": [ "*-north" ]
  },

  //"drawtypeByType": {
  //  "*-free": "JSON",
  //  "*-snow": "JSONAndSnowLayer"
  //},
  "drawtype": "json",
  "shapeBytype": {
    "*-north": {
      "base": "blocks/stations/sanctum",
      "rotateY": 0
    },
    "*-south": {
      "base": "blocks/stations/sanctum",
      "rotateY": 180
    },
    "*-east": {
      "base": "blocks/stations/sanctum",
      "rotateY": 270
    },
    "*-west": {
      "base": "blocks/stations/sanctum",
      "rotateY": 90
    }
  },
  "texturesByType": {
    "*": {
      "default": { "base": "default" },
      "glowingslot1": { "base": "game:block/machine/statictranslocator/rustyglow" },
      "glowingslot2": { "base": "game:block/machine/statictranslocator/rustyglow" },
      "glowingslot3": { "base": "game:block/machine/statictranslocator/rustyglow" },
      "glowingslot4": { "base": "game:block/machine/statictranslocator/rustyglow" },
      "glowingslot5": { "base": "game:block/machine/statictranslocator/rustyglow" },
      "lead": { "base": "game:block/stone/rock/obsidian1" },
      "material-rim1": { "base": "blocks/resources/enchantedstone/none/enchantedstone-cobblestone*" },
      "material-rim2": { "base": "game:block/stone/rock/obsidian1" },
      "material1": { "base": "game:block/stone/rock/obsidian1" },
      "material2": { "base": "blocks/resources/enchantedstone/none/enchantedstone-cobblestone*" },
      "material3": { "base": "game:block/stone/rock/whitemarble*" },
      "material4": { "base": "game:block/stone/rock/obsidian1" },
      "material5": { "base": "blocks/resources/enchantedstone/none/dark-enchantedstone-rock*" }, //"blocks/manainfusedstone"
      "material6": { "base": "game:block/stone/rock/obsidian1" },
      "material7": { "base": "game:block/stone/rock/obsidian1" },
      "manastone": { "base": "game:block/machine/statictranslocator/rustyglow" },
      "manastoneoff": { "base": "game:block/metal/plate/lead" },
      "manastoneon": { "base": "game:block/machine/statictranslocator/rustyglow" },
      "magiccircle": { "base": "blocks/stations/magiccircle" },
      "obsidian": { "base": "game:block/stone/rock/obsidian1" },
      "cloth": { "base": "blocks/manainfusedstone" },
      "clothdecal": { "base": "default" }
    }
  },

  "sidesolid": {
    "all": false
  },
  "sideopaque": {
    "all": false
  },

  "maxstacksize": 1,
  "blockmaterial": "Other",
  "materialDensity": 1200,
  "replaceable": 300,
  "resistance": 3,
  "lightAbsorption": 0,
  //"heldTpIdleAnimation": "holdbothhands",

  "emitSideAo": { "all": false },

  "sounds": {
    "place": "game:block/rock-hit-pickaxe",
    "break": "game:block/rock-hit-pickaxe",
    "hit": "game:walk/stone",
    "walk": "game:walk/stone"
  },

  "guiTransform": {
    "rotation": {
      "x": -22.6,
      "y": 135,
      "z": 0
    },
    "origin": {
      "x": 0.5,
      "y": 0.5,
      "z": 0.5
    }
  },
  "tpHandTransform": {
    "translation": {
      "x": -0.8,
      "y": -0.68,
      "z": -0.41
    },
    "rotation": {
      "x": 99,
      "y": -10,
      "z": -6
    },
    "scale": 0.5
  },
  "fpHandTransform": {
    "translation": {
      "x": 0.08,
      "y": -0.2,
      "z": 0.6
    },
    "rotation": {
      "x": 33,
      "y": 134,
      "z": -102
    }
  }
}