{
  "code": "magicstationspellforge",
  "classByType": {
    "*": "BlockStationSpellforgeRM"
  },
  "entityclassByType": {
    "*": "BlockEntityStationSpellforgeRM"
  },
  "enabled": true,

  "storageFlags": 131073,

  "variantgroups": [
    {
      "code": "type",
      "states": [ "normal", "admin" ]
    },
    {
      "code": "side",
      "loadFromProperties": "game:abstract/horizontalorientation"
    }
  ],
  "skipVariants": [ "*-admin-*" ],

  //"entityBehaviors": [ { "name": "Animatable" } ],
  "behaviorsByType": {
    "*": [
      { "name": "HorizontalOrientable" },
      { "name": "Container" } //,
      //{ "name": "BlockBehaviorTransmuteRM" }
    ]
  },
  "attributesByType": {
    "*": {
      "canChisel": false,
      "shelvable": true,
      "onshelfTransform": {
        "translation": {
          "x": -0,
          "y": -0.375,
          "z": 0
        },
        "scale": 0.25
      },
      "displaycaseable": true,
      "onDisplayTransform": {
        "translation": {
          "x": -0,
          "y": -0.375,
          "z": 0
        },
        "scale": 0.25
      },
      "handbookByType": {
        "*": {
          "groupBy": [ "magicstationspellforge-*" ],
          "extraSections": [
            {
              "title": "game:Created by",
              "text": "rustboundmagic:handbook-thaumicworkbenchonlytier1-text"
            },
            {
              "title": "rustboundmagic:handbook-spellcreation-title",
              "text": "rustboundmagic:handbook-spellcreation-text"
            },
            {
              "title": "rustboundmagic:handbook-magicstation-title",
              "text": "rustboundmagic:handbook-magicstation-text"
            }
          ]
        }
      }
    }
  },

  "creativeinventory": {
    "general": [ "*-north" ],
    "rustboundmagic": [ "*-north" ]
  },

  //"drawtypeByType": {
  //  "*-free": "JSON",
  //  "*-snow": "JSONAndSnowLayer"
  //},
  "shapeBytype": {
    "*-north": {
      "base": "blocks/stations/spellforge",
      "rotateY": 0
    },
    "*-south": {
      "base": "blocks/stations/spellforge",
      "rotateY": 180
    },
    "*-east": {
      "base": "blocks/stations/spellforge",
      "rotateY": 270
    },
    "*-west": {
      "base": "blocks/stations/spellforge",
      "rotateY": 90
    }
  },
  "texturesByType": {
    "*": {
      "default": { "base": "default" },
      "material1": { "base": "game:block/metal/plate/lead" },
      "material2": { "base": "game:block/stone/rock/obsidian1" },
      "material3": { "base": "blocks/resources/enchantedstone/none/enchantedstone-cobblestone*" },
      "material4": { "base": "game:block/stone/rock/obsidian1" },
      "rustyglow": { "base": "game:block/machine/statictranslocator/rustyglow" },
      "manastone1": { "base": "blocks/resources/enchantedstone/none/enchantedstone-cobblestone*" },
      "obsidian1": { "base": "game:block/stone/rock/obsidian1" },
      "manastone2": { "base": "blocks/resources/enchantedstone/none/enchantedstone-cobblestone*" },
      "cloth": { "base": "game:block/machine/statictranslocator/rustyglow" },
      "clothdecal": { "base": "default" },
      "obsidian10": { "base": "game:block/stone/rock/obsidian1" }
    }
  },

  "sidesolid": {
    "all": "false"
  },
  "sideopaque": {
    "all": "false"
  },

  "maxstacksize": 1,
  "blockmaterial": "Other",
  "materialDensity": 1200,
  "replaceable": 300,
  "resistance": 3,
  "lightAbsorption": 0,
  //"heldTpIdleAnimation": "holdbothhands",
  "heldTpUseAnimation": "twohandplaceblock",

  "collisionSelectionBoxesByType": {
    "*": [
      {
        "x1": 0,
        "y1": 0,
        "z1": 0,
        "x2": 1,
        "y2": 1,
        "z2": 1,
        "rotateYByType": {
          "*": 0
        }
      }
    ]
  },

  "sounds": {
    "place": "game:block/rock-hit-pickaxe",
    "break": "game:block/rock-hit-pickaxe",
    "hit": "game:walk/stone",
    "walk": "game:walk/stone"
  },

  "guiTransform": {
    "rotation": {
      "x": -22.6,
      "y": 135,
      "z": 0
    }
  },
  "tpHandTransform": {
    "translation": {
      "x": -1.23,
      "y": -0.91,
      "z": -0.8
    },
    "rotation": {
      "x": -2,
      "y": 25,
      "z": -78
    },
    "scale": 0.4
  }
}
