{
  "code": "magicstationthaumicworkbench",
  "classByType": {
    "*": "BlockStationThaumicWorkbenchRM"
  },
  "entityclassByType": {
    "*": "BlockEntityStationThaumicWorkbenchRM"
  },
  "enabled": true,

  "storageFlags": 131073,

  "variantgroups": [
    //{
    //  "code": "type",
    //  "states": [ "normal", "admin" ]
    //}//,
    //{
    //  "code": "wood",
    //  "states": [ "aged" ]//,
    //  "loadFromProperties": "game:block/wood"
    //},
    {
      "code": "side",
      "loadFromProperties": "game:abstract/horizontalorientation"
    }
  ],
  "skipVariants": [ "*-admin-*" ],

  //"entityBehaviors": [ { "name": "Animatable" } ],
  "behaviorsByType": {
    "*": [
      { "name": "HorizontalOrientable" },
      { "name": "Container" }
    ]
  },
  "attributesByType": {
    "*": {
      "canChisel": false,
      "shelvable": true,
      "onshelfTransform": {
        "translation": {
          "x": -0,
          "y": -0.375,
          "z": 0
        },
        "scale": 0.25
      },
      "displaycaseable": true,
      "onDisplayTransform": {
        "translation": {
          "x": -0,
          "y": -0.375,
          "z": 0
        },
        "scale": 0.25
      },
      "handbookByType": {
        "*": {
          "groupBy": [ "magicstationthaumicworkbench-*" ],
          "extraSections": [
            {
              "title": "rustboundmagic:handbook-thaumicworkbench-title",
              "text": "rustboundmagic:handbook-thaumicworkbench-text"
            },
            {
              "title": "rustboundmagic:handbook-essencesystem-title",
              "text": "rustboundmagic:handbook-essencesystem-text"
            },
            {
              "title": "rustboundmagic:handbook-magicstation-title",
              "text": "rustboundmagic:handbook-magicstation-text"
            } //,
            //{
            //  "title": "rustboundmagic:handbook-darkessencegenerator-title",
            //  "text": "rustboundmagic:handbook-darkessencegenerator-text"
            //},
            //{
            //  "title": "rustboundmagic:handbook-manapoisoning-title",
            //  "text": "rustboundmagic:handbook-manapoisoning-text"
            //}
          ]
        }
      },

      "multiblockStructuresCaps": [
        {
          "blockNumbers": {
            "rustboundmagic:runestone-*": 1
          },
          "offsets": [
            {
              "x": -2,
              "y": 2,
              "z": 2,
              "w": 1
            },
            {
              "x": 2,
              "y": 2,
              "z": -2,
              "w": 1
            },
            {
              "x": 2,
              "y": 2,
              "z": 2,
              "w": 1
            },
            {
              "x": -2,
              "y": 2,
              "z": -2,
              "w": 1
            }
          ]
        }
      ]
    }
  },

  "creativeinventory": {
    "general": [ "*-north" ],
    "rustboundmagic": [ "*-north" ]
  },

  //"drawtypeByType": {
  //  "*-free": "JSON",
  //  "*-snow": "JSONAndSnowLayer"
  //},
  "drawtype": "json",
  "shapeBytype": {
    "*-north": {
      "base": "blocks/stations/thaumicworkbench",
      "rotateY": 0
    },
    "*-south": {
      "base": "blocks/stations/thaumicworkbench",
      "rotateY": 180
    },
    "*-east": {
      "base": "blocks/stations/thaumicworkbench",
      "rotateY": 270
    },
    "*-west": {
      "base": "blocks/stations/thaumicworkbench",
      "rotateY": 90
    }
  },
  "texturesByType": {
    "*": {
      "default": { "base": "default" },
      "woodtop": { "base": "blocks/stations/thaumicworkbench/thaumicworkbench-top-plain" }, //{wood}
      "woodside": { "base": "blocks/stations/thaumicworkbench/thaumicworkbench-side-plain" },
      "woodlegs": { "base": "blocks/stations/thaumicworkbench/thaumicworkbench-leg-plain" },
      "topcloth": { "base": "blocks/stations/thaumicworkbench/thaumicworkbench-clothtop-plain" },
      "sidecloth": { "base": "blocks/stations/thaumicworkbench/thaumicworkbench-clothside-plain" },

      "obelisk-woodtop": { "base": "blocks/stations/thaumicworkbench/thaumicworkbench-top-obelisk" },
      "obelisk-woodside": { "base": "blocks/stations/thaumicworkbench/thaumicworkbench-side-obelisk" },
      "obelisk-woodlegs": { "base": "blocks/stations/thaumicworkbench/thaumicworkbench-leg-obelisk" },
      "obelisk-topcloth": { "base": "blocks/stations/thaumicworkbench/thaumicworkbench-clothtop-obelisk" },
      "obelisk-sidecloth": { "base": "blocks/stations/thaumicworkbench/thaumicworkbench-clothside-obelisk" },

      "celestialprism-woodtop": { "base": "blocks/stations/thaumicworkbench/thaumicworkbench-top-celestialprism" },
      "celestialprism-woodside": { "base": "blocks/stations/thaumicworkbench/thaumicworkbench-side-celestialprism" },
      "celestialprism-woodlegs": { "base": "blocks/stations/thaumicworkbench/thaumicworkbench-leg-celestialprism" },
      "celestialprism-topcloth": { "base": "blocks/stations/thaumicworkbench/thaumicworkbench-clothtop-celestialprism" },
      "celestialprism-sidecloth": { "base": "blocks/stations/thaumicworkbench/thaumicworkbench-clothside-celestialprism" },

      "devouringvoid-woodtop": { "base": "blocks/stations/thaumicworkbench/thaumicworkbench-top-devouringvoid" },
      "devouringvoid-woodside": { "base": "blocks/stations/thaumicworkbench/thaumicworkbench-side-devouringvoid" },
      "devouringvoid-woodlegs": { "base": "blocks/stations/thaumicworkbench/thaumicworkbench-leg-devouringvoid" },
      "devouringvoid-topcloth": { "base": "blocks/stations/thaumicworkbench/thaumicworkbench-clothtop-devouringvoid" },
      "devouringvoid-sidecloth": { "base": "blocks/stations/thaumicworkbench/thaumicworkbench-clothside-devouringvoid" }
    }
  },

  "sidesolid": {
    "all": "false"
  },
  "sideopaque": {
    "all": "false"
  },

  "maxstacksize": 1,
  "blockmaterial": "Other",
  "materialDensity": 600,
  "resistance": 3,
  "lightAbsorption": 0,
  //"heldTpIdleAnimation": "holdbothhands",
  //"heldTpUseAnimation": "twohandplaceblock",
  "heldTpIdleAnimation": "holdbothhandslarge",
  "heldRightReadyAnimation": "heldblockready",
  "heldTpUseAnimation": "twohandplaceblock",

  "renderPass": "BlendNoCull",
  "faceCullMode": "MergeMaterial",

  "vertexFlags": {
    "zOffset": 2
  },

  //"lightHsvbyType": {
  //  "*": [ 32, 7, 5 ]
  //},

  //"drops": [
  //  {
  //    "type": "block",
  //    "code": "magicstationthaumicworkbench-normal-{wood}-north"
  //  }
  //],

  "selectionBoxes": [
    {
      "x1": 0,
      "y1": 0.375,
      "z1": 0,
      "x2": 1,
      "y2": 0.75,
      "z2": 1
    },
    {
      "x1": 0.0625,
      "y1": 0,
      "z1": 0.0625,
      "x2": 0.9375,
      "y2": 0.125,
      "z2": 0.9375
    },
    {
      "x1": 0.125,
      "y1": 0.125,
      "z1": 0.125,
      "x2": 0.875,
      "y2": 0.375,
      "z2": 0.875
    }
  ],

  "collisionBoxes": [
    {
      "x1": 0,
      "y1": 0.375,
      "z1": 0,
      "x2": 1,
      "y2": 0.75,
      "z2": 1
    },
    {
      "x1": 0.0625,
      "y1": 0,
      "z1": 0.0625,
      "x2": 0.9375,
      "y2": 0.125,
      "z2": 0.9375
    },
    {
      "x1": 0.125,
      "y1": 0.125,
      "z1": 0.125,
      "x2": 0.875,
      "y2": 0.375,
      "z2": 0.875
    }
  ],

  "sounds": {
    "place": "game:block/planks",
    "break": "game:block/planks",
    "hit": "game:block/planks",
    "walk": "game:walk/wood"
  },

  "guiTransform": {
    "translation": {
      "x": 0,
      "y": 4,
      "z": 0
    },
    "rotation": {
      "x": -21,
      "y": -129,
      "z": 0
    },
    "scale": 0.75
  },
  "fpHandTransform": {
    "translation": {
      "x": 0,
      "y": 0.1,
      "z": 0.5
    },
    "rotation": {
      "x": -2,
      "y": 5,
      "z": 12
    },
    "origin": {
      "x": 0.5,
      "y": 0.6,
      "z": 0.5
    },
    "scale": 1.5
  },
  "tpHandTransform": {
    "translation": {
      "x": 0.6,
      "y": 0.2,
      "z": 0.2
    },
    "rotation": {
      "x": 55,
      "y": 13,
      "z": -82
    },
    "origin": {
      "x": 0.05,
      "y": -0.1,
      "z": 0.25
    },
    "scale": 0.5
  },
  "groundTransform": {
    "scale": 2.0
  }
}
