 [
    {
        "file": "game:blocktypes/metal/lantern.json",
        "op": "addmerge",
        "path": "/attributesByType/*-up/attachableToEntity/attachedShapeBySlotCode",
        "value": {
            "neck-ferus": {
                "base": "equus:item/wearable/lantern1-ferus"
            }
        },
        "side": "server"
    },
    {
        "enabled": true,
        "dependsOn": [
            {
                "modid": "cervinae",
                "invert": true
            }
        ],
        "op": "remove",
        "path": "/attributesByType/bed-hay-*/attachableToEntity/attachedShape",
        "file": "game:blocktypes/wood/bed.json",
        "side": "Server"
    },
    {
        "enabled": true,
        "dependsOn": [
            {
                "modid": "cartwrightscaravan",
                "invert": true
            }
        ],
        "op": "remove",
        "path": "/attributesByType/bed-hay-*/attachableToEntity/attachedShape",
        "file": "game:blocktypes/wood/bed.json",
        "side": "Server"
    },
    {
        "dependsOn": [
            {
                "modid": "cartwrightscaravan"
            }
        ],
        "op": "move",
        "frompath": "/attributesByType/bed-hay-*/attachableToEntity/attachedShapeBySlotCode/*",
        "path": "/temp",
        "file": "game:blocktypes/wood/bed.json",
        "side": "Server"
    },
    {
        "file": "game:blocktypes/wood/bed.json",
        "op": "addmerge",
        "path": "/attributesByType/bed-hay-*",
        "value": {
            "attachableToEntity": {
                "categoryCode": "bedroll",
                "attachedShapeBySlotCode": {
                    "lowerback": {
                        "base": "item/wearable/hooved/strawbed"
                    },
                    "lowerback-ferus": {
                        "base": "equus:item/wearable/strawbed"
                    }
                }

            }
        },
        "side": "server"
    },
    {
        "dependsOn": [
            {
                "modid": "cartwrightscaravan"
            }
        ],
        "op": "move",
        "frompath": "/temp",
        "path": "/attributesByType/bed-hay-*/attachableToEntity/attachedShapeBySlotCode/*",
        "file": "game:blocktypes/wood/bed.json",
        "side": "Server"
    }
]