[
      {
      "file": "equus:entities/wildhorse.json",
      "op": "addmerge",
      "path": "/attributesByType",
      "side": "Server",
      "value": {
        "*-ferus": {
          "biorealm": [
              "central palearctic",
              "atlantic palearctic",
              "eastern palearctic",
              "pacific nearctic",
              "atlantic nearctic"
          ]
        }
      },
      "dependsOn": [
        {
          "modid": "biomes"
        }
      ]
    }
]
  