{
	"code": "gemsbok",
	"class": "EntityAgent",
	"variantgroups": [
		{ "code": "gender", "states": [ "male", "female" ], },
		{ "code": "age", "states": [ "adult", "baby" ], }
	],
	"hitBoxSizeByType": {
		"gemsbok-*-adult": { "x": 1.3, "y": 1.4 },
		"gemsbok-*-baby": { "x": 1.0, "y": 0.5 },
	},
	"deadhitBoxSizeByType": {
		"gemsbok-*-adult": { "x": 1.3, "y": 0.75 },
		"gemsbok-*-baby": { "x": 1, "y": 0.25 },
	},
	"eyeHeightByType": {
		"gemsbok-*-adult": 1.4,
		"gemsbok-*-baby": 0.4,
	},
	"drops": [],
	"attributes": {
		"creatureDiet": {
			"foodCategories": [ "Grain", "Vegetable" ],
			"foodTags": [ "grass", "carrot", "cabbage", "turnip", "redapple", "yellowapple", "pinkapple", "hay-normal-*" ],
			"skipFoodTags": [ "rice", "amaranth", "sunflower" ]
		},
		"killedbyInfoText": "fendragonsmp:deadcreature-gemsbokgored",
		"handbook": {
			"groupcode": "fendragonsmp:creaturegroup-gemsbok"
		},
	},

	"client": {
		"renderer": "Shape",
		"shapeByType": {
			"gemsbok-*-adult": { "base": "entity/gemsbok" },
			"gemsbok-*-baby": { "base": "entity/gemsbokcalf" },
		},
		"texture": { "base": "entity/gemsbok" },
		"behaviors": [
			{ "code": "repulseagents" },
			{ "code": "controlledphysics", "stepHeight": 2.1251 },
			{ "code": "floatupwhenstuck", "onlyWhenDead": true },
			{ "code": "interpolateposition" },
			{ "code": "harvestable" },
			{ "code": "multiply", "enabledByType": { "*-female-adult": true, "*": false } },
			{ "code": "milkable", "enabledByType": { "*-female-adult": true, "*": false } },
			{ "code": "despawn", "minPlayerDistance": 8, "belowLightLevel": 8, "minSeconds": 300 },
			{ "code": "ropetieable", "minGeneration": 2 }
		],
		"animations": [
			{
				"code": "hurt",
				"animation": "hurt",
				"animationSpeed": 2.2,
				"weight": 10,
				"blendMode": "AddAverage"
			},
			{
				"code": "die",
				"animation": "death",
				"animationSpeed": 1.25,
				"weight": 10,
				"blendMode": "Average",
				"triggeredBy": { "onControls": ["dead"] },
				"enabledByType": {
							"*-baby": false,
							"*-adult": true,
						},
			},
			{
				"code": "die",
				"animation": "die",
				"animationSpeed": 1.25,
				"weight": 10,
				"blendMode": "Average",
				"triggeredBy": { "onControls": ["dead"] },
				"enabledByType": {
							"*-baby": true,
							"*-adult": false,
						},
			},
			{ 
				"code": "idle",
				"animation": "idle",
				"blendMode": "AddAverage",
				"easeOutSpeed": 4,
				"triggeredBy": { "defaultAnim": true },
			},
			{
				"code": "sleep",
				"animation": "sleep",
				"easeInSpeed": 4,
				"easeOutSpeed": 4,
				"blendMode": "Average",
			},
			{
				"code": "sit",
				"animation": "sit",
				"easeInSpeed": 4,
				"easeOutSpeed": 4,
				"blendMode": "Average",
			}
		]
	},

	"server": {
		"attributes": {
			"pathfinder": {
				"minTurnAnglePerSec": 90,
				"maxTurnAnglePerSec": 180,
			},
		},
		"behaviors": [
			{ "code": "repulseagents" },
			{ "code": "controlledphysics", "stepHeight": 2.1251 },
			{ "code": "despawn", "minPlayerDistance": 8, "belowLightLevel": 8, "minSeconds": 300 },
			{
				"code": "health",
				"currenthealthByType": {
					"*-adult": 17,
					"*-baby": 10
				},
				"maxhealthByType": {
					"*-adult": 17,
					"*-baby": 10
				}
			},
			{
				"code": "deaddecay",
				"hoursToDecay": 96,
				"decayedBlockByType": {
					"*-adult": "carcass-medium",
					"*-baby": "carcass-small"
				}
			},
			{ "code": "floatupwhenstuck", "onlyWhenDead": true },
			{ "code": "harvestable",
				"quantitySlots": 8,
				"drops": [
					{
						"type": "item",
						"code": "game:redmeat-raw",
						"quantityByType": {
							"*-adult": { "avg": 6, "var": 3 },
							"*-baby": { "avg": 2, "var": 1 }
						}
					},
					{
						"type": "item",
						"code": "game:bushmeat-raw",
						"quantityByType": {
							"*-adult": { "avg": 6, "var": 3 },
							"*-baby": { "avg": 2, "var": 1 }
						}
					},
					{
						"type": "item",
						"code": "game:hide-raw-large",
						"quantityByType": {
							"*-adult": { "avg": 1, "var": 0 },
							"*-baby": { "avg": 0, "var": 0 }
						}
					},
					{
						"type": "item",
						"code": "game:hide-raw-small",
						"quantityByType": {
							"*-adult": { "avg": 0, "var": 0 },
							"*-baby": { "avg": 1, "var": 0 }
						}
					},
					{
						"type": "item",
						"code": "game:fat",
						"quantityByType": {
							"*-adult": { "avg": 1, "var": 1 },
							"*-baby": { "avg": 0, "var": 1 }
						}
					},
				],
			},
			{ "code": "breathe" },
			{
				"code": "multiply",
				"enabledByType": {
					"*-female-adult": true,
					"*": false
				},
				"spawnEntityCodesByType": {
				"*-female-adult": [ { "code":"fendragonsmp:gemsbok-male-baby"}, {"code": "fendragonsmp:gemsbok-female-baby"}, ]
				},
				"requiresNearbyEntityCodeByType": {
					"*-female-adult": "fendragonsmp:gemsbok-male-adult"
				},
				"requiresNearbyEntityRange": 10,
				"spawnQuantityMin": 1,
				"spawnQuantityMax": 1,
				"eatAnyway": true,
				"pregnancyDays": 13,
				"multiplyCooldownDaysMin": 4,
				"multiplyCooldownDaysMax": 11,
				"portionsEatenForMultiply": 6,
			},
			{ "code": "milkable", "enabledByType": { "*-female-adult": true, "*": false }, },
			{
				"code": "grow",
				"enabledByType": {
					"*-baby": true,
					"*-adult": false
				},
				"hoursToGrow": 336,
				"adultEntityCodesByType": {
					"*-male-baby": ["fendragonsmp:gemsbok-male-adult"],
					"*-female-baby": ["fendragonsmp:gemsbok-female-adult"]
				}
			},
			{ 
				"code": "emotionstates",
				"states": [
					{
						"code": "fleeondamage",
						"duration": 60,
						"chanceByType": {
							"*-adult": 0.85,
							"*- baby": 1.0
						},
						"slot": 0,
						"priority": 5,
						"accumType": "max",
						"whenHealthRelBelow": 0.4


					},
					{
						"code": "aggressiveondamage",
						"duration": 30,
						"chanceByType": {
							"*-adult": 0.95,
							"*- baby": 0.25
						},
						"slot": 0,
						"priority": 2,
						"accumType": "noaccum"
					},
					{
						"code": "fleeondamage",
						"duration": 30,
						"chanceByType": {
							"*-adult": 1.0,
							"*- baby": 1.0
						},
						"slot": 0,
						"priority": 1,
						"accumType": "max"
					},
					{
						"code": "alarmherdondamage",
						"chanceByType": {
							"*-adult":1.0,
							"*- baby": 1.0
						},
						"slot": 1,
						"priority": 1,
						"accumType": "max"
					},
					{
						"code": "saturated",
						"duration": 1200,
						"chanceByType": {
							"*-adult": 1.0,
							"*- baby": 1.0
						},
						"slot": 0,
						"priority": 1,
						"accumType": "sum"
					},
																							 
				],
			},
			{ 
				"code": "taskai",
				"aitasks": [
					{
						"code": "meleeattack",
						"entityCodes": [ "player" ],
						"priority": 2,
						"slot": 1,
						"damage": 8,
						"damageTier": 2,
						"mincooldown": 1500,
						"maxcooldown": 2500,
						"attackDurationMs": 1250,
						"damagePlayerAtMs": 900,
						"animation": "Attack",
						"animationSpeed": 2,
						"enabledByType": {
							"*-baby": false,
							"*-adult-*": true,
						},
					},
					{
						"code": "meleeattack",
						"entityCodes": [ "gemsbokmale" ],
						"knockbackStrength": 0.25,
						"priority": 2,
						"damage": 1,
						"mincooldown": 1500,
						"maxcooldown": 2500,
						"minDist": 0.9,
						"attackDurationMs": 1250,
						"damagePlayerAtMs": 600,
						"animation": "Attack",
						"animationSpeed": 2,
						"sound": "deer/antlers",
						"whenNotInEmotionState": "fleeondamage",
						"enabledByType": {
							"*": false,
							"*-adult-male": true,
						},
					},
					{
						"code": "fleeentity",
						"entityCodes": [ "wolf-*", "fox-*", "hyena-*", "bear-*" ],
						"priority": 1.5,
						"movespeedByType": {
							"*-adult": 0.045,
							"*-baby": 0.025,
						},
						"seekingRange": 10,
						"animation": "Run",
						"animationSpeedByType": {
							"*-adult": 3.5,
							"*-baby": 4,
						},
						"soundByType": {
							"*-baby": "deer/calf-hurt2" },
					},
					{
						"code": "fleeentity",
						"entityCodes": [ "gemsbokmale" ],
						"priority": 1.3,
						"movespeed": 0.045,
						"seekingRange": 25,
						"animation": "Run",
						"animationSpeed": 3.5,
						"sound": "deer/hurt2",
						"whenInEmotionState": "fleeondamage"
					},
					{
						"code": "fleeentity",
						"entityCodes": [ "wolf-*", "fox-*", "hyena-*", "bear-*" ],
						"priority": 1.5,
						"movespeed": 0.04,
						"seekingRange": 15,
						"animation": "Run",
						"animationSpeed": 3.5,
						"sound": "deer/hurt2",
						"whenInEmotionState": "fleeondamage"
					},
					{
						"code": "seekentity",
						"entityCodes": [ "wolf-*", "fox-*", "hyena-*", "bear-*" ],
						"priority": 1.3,
						"mincooldown": 1000,
						"maxcooldown": 1500,
						"seekingRange": 5,
						"movespeed": 0.04,
						"animation": "Run",
						"animationSpeed": 2.5,
						"whenInEmotionState": "aggressiveondamage",
						"sound": "creature/hooved/generic/sniff*",
						"enabledByType": {
							"*-adult": true,
							"*": false
						},
					},
					/*{
						"code": "seekentity",
						"entityCodes": [ "player" ],
						"priority": 1.75,
						"mincooldown": 1000,
						"maxcooldown": 1500,
						"seekingRange": 4.5,
						"movespeed": 0.04,
						"animation": "Walk",
						"animationSpeed": 4.5,
					},*/
					{
						"code": "stayclosetoentity",
						"priority": 1.3,
						"entityCodeByType": {
							"*-female-adult": "fendragonsmp:gemsbok-male-adult",
							"*-baby": "fendragonsmp:gemsbok-female-adult",
						},
						"maxDistance": 10,
						"searchRange": 25,
						"animation": "Run",
						"animationSpeedByType": {
							"*-adult": 3.5,
							"*-baby": 4,
						},
						"movespeedByType": {
							"*-adult": 0.035,
							"*-baby": 0.025,
						},
					},
					{
						"code": "getoutofwater",
						"priority": 1.6,
						"animation": "Swim",
						"animationSpeed": 4,
						"stopOnNearbyEntityCodes": [ "wolf-*", "fox-*", "hyena-*", "bear-*" ],
						"stopRange": 4.5,
						"stopOnHurt": true,
						"movespeedByType": {
							"*-adult": 0.04,
							"*-baby": 0.015,
						},
					},
					{
						"code": "seekfoodandeat",
						"movespeed": 0.004,
						"priority": 1.35,
						"eatSound": "game:creature/animal-eat1",
						"eatTime": 1.5,
						"animationSpeed": 1.4,
						"animation": "Walk",
						"mincooldownHours": 1,
						"maxcooldownHours": 4,
						"whenNotInEmotionState": "aggressiveondamage",
						"whenNotInEmotionState": "seekentity",
						"whenNotInEmotionState": "fleeondamage"
					},
					{
						"code": "idle",
						"priority": 1.35,
						"priorityForCancel": 1.35,
						"minduration": 5000000,
						"maxduration": 5000000,
						"mincooldown": 10000,
						"maxcooldown": 30000,
						"animation": "Sleep",
						"whenNotInEmotionState": "aggressiveondamage",
						"duringDayTimeFrames": [ { "fromHour": 22, "toHour": 24 }, { "fromHour": 0, "toHour": 5 } ],
						"stopOnNearbyEntityCodes": [ "player" ],
						"stopRange": 8,
						"stopOnHurt": true,
						"whenNotInEmotionState": "aggressiveondamage",
						"whenNotInEmotionState": "seekentity",
						"whenNotInEmotionState": "fleeondamage",
						"whenNotInEmotionState": "getoutofwater"
					},

					{
						"code": "idle",
						"priority": 1.3,
						"priorityForCancel": 1.35,
						"minduration": 2667,
						"maxduration": 2667,
						"mincooldown": 6000,
						"maxcooldown": 20000,
						"animation": "Eat",
						"animationSpeed": 1.5,
						"whenNotInEmotionState": "aggressiveondamage",
						"whenNotInEmotionState": "seekentity",
						"whenNotInEmotionState": "fleeondamage",
						"whenNotInEmotionState": "getoutofwater",
						"enabledByType": {
							"*-adult": true,
							"*": false
						},
					},
					{
						"code": "idle",
						"priority": 1.2,
						"priorityForCancel": 1.35,
						"minduration": 1500,
						"maxduration": 1500,
						"mincooldown": 6000,
						"maxcooldown": 20000,
						"animation": "Eat",
						"animationSpeed": 2,
						"enabledByType": {
							"*-baby": true,
							"*": false
						},
					},
					{
						"code": "idle",
						"priority": 1.2,
						"priorityForCancel": 1.35,
						"minduration": 2500,
						"maxduration": 2500,
						"mincooldown": 6000,
						"maxcooldown": 20000,
						"animation": "Idle",
						"animationSpeed": 1.25,
						"whenNotInEmotionState": "aggressiveondamage",
						"whenNotInEmotionState": "seekentity",
						"whenNotInEmotionState": "fleeondamage",
						"whenNotInEmotionState": "getoutofwater",
						"enabledByType": {
							"*-adult": true,
							"*": false
						},
					},
					{
						"code": "idle",
						"priority": 1.1,
						"priorityForCancel": 1.35,
						"minduration": 1500,
						"maxduration": 1500,
						"mincooldown": 6000,
						"maxcooldown": 90000,
						"animation": "look",
						"animationSpeed": 1,
						"whenNotInEmotionState": "aggressiveondamage",
						"whenNotInEmotionState": "seekentity",
						"whenNotInEmotionState": "fleeondamage",
						"whenNotInEmotionState": "getoutofwater"
					},
					{
						"code": "idle",
						"priority": 1.0,
						"priorityForCancel": 1.35,
						"minduration": 5333,
						"maxduration": 5333,
						"mincooldown": 6000,
						"maxcooldown": 120000,
						"animation": "Look",
						"whenNotInEmotionState": "aggressiveondamage",
						"whenNotInEmotionState": "seekentity",
						"whenNotInEmotionState": "fleeondamage",
						"whenNotInEmotionState": "getoutofwater",
						"enabledByType": {
							"*-adult": true,
							"*": false
						},
					},
					{
						"code": "wander",
						"priority": 1.0,
						"priorityForCancel": 1.35,
						"animation": "Walk",
						"preferredLightLevel": 24,
						"whenNotInEmotionState": "aggressiveondamage",
						"whenNotInEmotionState": "seekentity",
						"whenNotInEmotionState": "fleeondamage",
						"whenNotInEmotionState": "getoutofwater",
						"movespeedByType": {
							"*-adult": 0.005,
							"*-baby": 0.004,
						},
						"animationSpeedByType": {
							"*-adult": 1.4,
							"*-baby": 2,
						},
					},
					{
						"code": "idle",
						"priority": 0.9,
						"minduration": 7000,
						"maxduration": 45000,
						"mincooldown": 6000,
						"maxcooldown": 120000,
						"priorityForCancel": 1.33,
						"stopOnNearbyEntityCodes": [ "wolf-*", "fox-*", "hyena-*", "bear-*" ],
						"stopRange": 5,
						"stopOnHurt": true,
						"animation": "Sit",
						"whenNotInEmotionState": "aggressiveondamage",
						"whenNotInEmotionState": "seekentity",
						"whenNotInEmotionState": "fleeondamage",
						"whenNotInEmotionState": "getoutofwater",
						"enabledByType": {
							"*-adult": true,
							"*": false
						},
					},
					{
						"code": "idle",
						"priority": 0.9,
						"minduration": 5000,
						"maxduration": 45000,
						"mincooldown": 6000,
						"maxcooldown": 120000,
						"priorityForCancel": 1.28,
						"stopOnHurt": true,
						"animation": "Sit",
						"enabledByType": {
							"*-baby": true,
							"*": false
						},
					},
					{
						"code": "lookaround",
						"priority": 0.5
					},
				],
			},
			{ "code": "pettable", "minGeneration": 1 },
			{ "code": "ropetieable", "minGeneration": 2 },
		],
		"spawnconditionsByType": {
			"gemsbok-male-adult": {
				"worldgen": {
					"TriesPerChunk": { "offset": 0.0, "avg": 0.0005, "var": 0.0, "dist": 0 },
					"Group": null,
					"MinLightLevel": 12,
					"MaxLightLevel": 32,
					"LightLevelType": 2,
					"HerdSize": { "offset": 0.0, "avg": 3.0, "var": 0.0, "dist": 0 },
					"Companions": [
					  "fendragonsmp:gemsbok-female-adult",
					  "fendragonsmp:gemsbok-female-baby",
					  "fendragonsmp:gemsbok-male-baby"
					],
					"InsideBlockCodes": [
					  "game:air",
					  "game:soil-*",
					  "game:gravel-*",
					  "game:sand-*"
					],
					"RequireSolidGround": true,
					"TryOnlySurface": true,
					"ClimateValueMode": 0,
					"MinTemp": 0.0,
					"MaxTemp": 45.0,
					"MinRain": 0.0,
					"MaxRain": 0.32,
					"MinForest": 0.0,
					"MaxForest": 1.0,
					"MinShrubs": 0.0,
					"MaxShrubs": 0.32,
					"MinY": 1.0,
					"MaxY": 2.0,
					"MinForestOrShrubs": 0.0,
					"GroupSize": {
					  "offset": 0.0,
					  "avg": 3.0,
					  "var": 0.0,
					  "dist": 0
					}
				},
				"runtime": {
					"Chance": 5E-05,
					"MaxQuantity": 1,
					"MaxQuantityByGroup": null,
					"SpawnCapPlayerScaling": 1.0,
					"MinDistanceToPlayer": 18,
					"Group": "neutral",
					"MinLightLevel": 10,
					"MaxLightLevel": 32,
					"LightLevelType": 2,
					"HerdSize": {
					  "offset": 0.0,
					  "avg": 4.0,
					  "var": 1.0,
					  "dist": 0
					},
					"Companions": [
					  "fendragonsmp:gemsbok-female-adult",
					  "fendragonsmp:gemsbok-female-baby",
					  "fendragonsmp:gemsbok-male-baby"
					],
					"InsideBlockCodes": [
					  "game:air",
					  "game:tallgrass-*",
					  "game:soil-*",
					  "game:gravel-*",
					  "game:sand-*"
					],
					"RequireSolidGround": true,
					"TryOnlySurface": true,
					"ClimateValueMode": 0,
					"MinTemp": 0.0,
					"MaxTemp": 45.0,
					"MinRain": 0.0,
					"MaxRain": 0.32,
					"MinForest": 0.0,
					"MaxForest": 1.0,
					"MinShrubs": 0.32,
					"MaxShrubs": 1.0,
					"MinY": 1.0,
					"MaxY": 2.0,
					"MinForestOrShrubs": 0.0,
					"GroupSize": {
					  "offset": 0.0,
					  "avg": 4.0,
					  "var": 1.0,
					  "dist": 0
					}
				},
			},
			"*": null
		},
			"soundsByType": {
			"*-adult":{
				"hurt": "deer/gemhurt",
				"death": "deer/gemhurt",
				"idle": "deer/gemidle"
			},
			"*-baby":{
				"hurt": "deer/calf-hurt",
				"death": "deer/calf-hurt2",
				"idle": "deer/idle"
			},
		},
		"idleSoundChance": 0.001
	},
}
