{
	"code": "whitehart",
	"class": "EntityAgent",
	"hitboxSize": { "x": 1.3, "y": 1.4 },
	"deadHitboxSize": { "x": 1.3, "y": 0.75 },
	"eyeHeight": 1.4,
	"weight": 130,
	"drops": [],
	"attributes": {
		"creatureDiet": {
		"foodCategories": [ "Grain", "Vegetable" ],
		"foodTags": [ "grass", "carrot", "cabbage", "turnip", "redapple", "yellowapple", "pinkapple" ],
		"skipFoodTags": [ "rice", "amaranth", "sunflower" ]
		},

		"killedbyInfoText": "fendragonsmp:deadcreature-white-hartgored",
		"handbook": {
			"groupcode": "fendragonsmp:creaturegroup-whitehart"
		},
	},
	"client": {
		"renderer": "Shape",
		"shape": { "base": "entity/whitehart" },
		"texture": { "base": "entity/whitehart" },
		"behaviors": [
			{ "code": "repulseagents" },
			{ "code": "controlledphysics", "stepHeight": 1.1251 },
			{ "code": "floatupwhenstuck", "onlyWhenDead": true },
			{ "code": "interpolateposition" },
			{ "code": "harvestable" },
			{ "code": "despawn", "minPlayerDistance": 8, "belowLightLevel": 8, "minSeconds": 300 },
			{ "code": "ropetieable", "minGeneration": 2 }
		],
		"animations": [
			{
				"code": "hurt",
				"animation": "hurt",
				"animationSpeed": 2.2,
				"weight": 10,
				"blendMode": "AddAverage"
			},
			{
				"code": "die",
				"animation": "death",
				"animationSpeed": 1.25,
				"weight": 10,
				"blendMode": "Average",
				"triggeredBy": { "onControls": ["dead"] }
			},
			{ 
				"code": "idle",
				"animation": "idle",
				"blendMode": "AddAverage",
				"easeOutSpeed": 4,
				"triggeredBy": { "defaultAnim": true },
			},
			{
				"code": "sleep",
				"animation": "sleep",
				"easeInSpeed": 4,
				"easeOutSpeed": 4,
				"blendMode": "Average",
			},
			{
				"code": "sit",
				"animation": "sit",
				"easeInSpeed": 4,
				"easeOutSpeed": 4,
				"blendMode": "Average",
			}
		]
	},
	"server": {
		"attributes": {
			"pathfinder": {
				"minTurnAnglePerSec": 90,
				"maxTurnAnglePerSec": 180
			},
		},
		"behaviors": [
			{ "code": "repulseagents" },
			{ "code": "controlledphysics", "stepHeight": 1.1251 },
			{ "code": "despawn", "minPlayerDistance": 8, "belowLightLevel": 8, "minSeconds": 300 },
			{ "code": "health", "currenthealth": 19, "maxhealth": 19, },
			{ "code": "deaddecay", "hoursToDecay": 96, "decayedBlock": "carcass-medium" },
			{ "code": "floatupwhenstuck", "onlyWhenDead": true },
			{ "code": "harvestable",
				"quantitySlots": 8,
				"drops": [
				{
					"type": "item",
					"code": "game:redmeat-raw",
					"quantity": { "avg": 6, "var": 3 }
				},
				{
					"type": "item",
					"code": "game:bushmeat-raw",
					"quantity": { "avg": 6, "var": 3 }
				},
				{
					"type": "item",
					"code": "game:hide-raw-large",
					"quantity": { "avg": 1, "var": 0 }
				},
				{
					"type": "item",
					"code": "game:fat",
					"quantity": { "avg": 1, "var": 1 }
				},
			],
			},
			{ "code": "breathe" },
			{ 
				"code": "emotionstates",
				"states": [
					{ "code": "fleeondamage", "duration": 60, "chance": 0.85, "slot": 0, "priority": 5, "accumType": "max", "whenHealthRelBelow": 0.4 },
					{ "code": "aggressiveondamage", "duration": 30, "chance": 0.95, "slot": 0, "priority": 2, "accumType": "noaccum" },
					{ "code": "fleeondamage", "duration": 30, "chance": 1, "slot": 0, "priority": 1, "accumType": "max" },
					{ "code": "alarmherdondamage", "chance": 1, "slot": 1, "priority": 1, "accumType": "max" },
					{ "code": "saturated", "duration": 1200, "chance": 1, "slot": 0, "priority": 1, "accumType": "sum" }
																							 
			],
			},
						{ 
				"code": "taskai",
				"aitasks": [
					{
						"code": "meleeattack",
						"entityCodes": [ "player", "wolf-*", "fox-*", "hyena-*", "bear-*" ],
						"priority": 1.85,
						"slot": 1,
						"damage": 7.5,
						"damageTier": 2,
						"mincooldown": 1500,
						"maxcooldown": 2500,
						"attackDurationMs": 1250,
						"damagePlayerAtMs": 900,
						"animation": "Attack",
						"animationSpeed": 2
					},
					{
						"code": "meleeattack",
						"entityCodes": "whitehart",
						"knockbackStrength": 0.25,
						"priority": 1.4,
						"damage": 1,
						"mincooldown": 1500,
						"maxcooldown": 2500,
						"minDist": 0.9,
						"attackDurationMs": 1250,
						"damagePlayerAtMs": 600,
						"animation": "Attack",
						"animationSpeed": 2.2,
						"sound": "deer/antlers",
						"whenNotInEmotionState": "fleeondamage"
					},
						{
						"code": "fleeentity",
						"entityCodes": [ "player", "wolf-*", "fox-*", "hyena-*", "bear-*" ],
						"priority": 1.5,
						"movespeed": 0.080,
						"seekingRange": 20,
						"animation": "Run",
						"animationSpeed": 2.2,
						"whenNotInEmotionState": "getoutofwater",
						"whenNotInEmotionState": "seekentity"
						},
					{
						"code": "seekentity",
						"entityCodes": "whitehart",
						"priority": 1.3,
						"mincooldown": 1000,
						"maxcooldown": 1500,
						"seekingRange": 5,
						"movespeed": 0.055,
						"animation": "Run",
						"animationSpeed": 2.2,
						"whenInEmotionState": "aggressiveondamage",
						"stopOnHurt": true
					},
					{
						"code": "fleeentity",
						"entityCodes": "whitehart",
						"priority": 1.4,
						"movespeed": 0.065,
						"seekingRange": 25,
						"animation": "Run",
						"animationSpeed": 2.2,
						"sound": "deer/hurt2",
						"whenInEmotionState": "fleeondamage"
					},
					{
						"code": "fleeentity",
						"entityCodes": [ "player", "wolf-*", "fox-*", "hyena-*", "bear-*" ],
						"priority": 1.5,
						"movespeed": 0.085,
						"seekingRange": 25,
						"animation": "Run",
						"animationSpeed": 2.2,
						"whenNotInEmotionState": "getoutofwater",
						"whenNotInEmotionState": "seekentity",
						"sound": "deer/hurt2",
						"whenInEmotionState": "fleeondamage"
					},
					{
						"code": "getoutofwater",
						"priority": 1.6,
						"movespeed": 0.075,
						"animation": "Walk",
						"animationSpeed": 4,
						"stopOnNearbyEntityCodes": [ "player", "wolf-*", "fox-*", "hyena-*", "bear-*" ],
						"stopRange": 4.5,
						"stopOnHurt": true
					},
					{
						"code": "seekentity",
						"entityCodes": [ "player", "wolf-*", "fox-*", "hyena-*", "bear-*" ],
						"priority": 1.75,
						"mincooldown": 1000,
						"maxcooldown": 1500,
						"seekingRange": 4.5,
						"movespeed": 0.075,
						"animation": "Walk",
						"animationSpeed": 4.5,
					},
					{
						"code": "idle",
						"priority": 1.35,
						"priorityForCancel": 1.35,
						"minduration": 5000000,
						"maxduration": 5000000,
						"mincooldown": 10000,
						"maxcooldown": 30000,
						"animation": "Sleep",
						"whenNotInEmotionState": "aggressiveondamage",
						"whenNotInEmotionState": "getoutofwater",
						"whenNotInEmotionState": "seekentity",
						"whenNotInEmotionState": "fleeondamage",
						"duringDayTimeFrames": [ { "fromHour": 22, "toHour": 24 }, { "fromHour": 0, "toHour": 5 } ],
						"stopOnNearbyEntityCodes": [ "player", "wolf-*", "fox-*", "hyena-*", "bear-*" ],
						"stopRange": 8,
						"stopOnHurt": true
					},
					{
						"code": "seekfoodandeat",
						"movespeed": 0.004,
						"priority": 1.35,
						"eatSound": "game:player/eat",
						"eatTime": 1.5,
						"animationSpeed": 1.4,
						"animation": "Walk",
						"mincooldownHours": 1,
						"maxcooldownHours": 4,
						"whenNotInEmotionState": "aggressiveondamage",
						"whenNotInEmotionState": "seekentity",
						"whenNotInEmotionState": "fleeondamage"
					},
					{
						"code": "idle",
						"priority": 1.3,
						"priorityForCancel": 1.35,
						"minduration": 2667,
						"maxduration": 2667,
						"mincooldown": 6000,
						"maxcooldown": 20000,
						"animation": "Eat",
						"animationSpeed": 1.5,
						"whenNotInEmotionState": "aggressiveondamage",
						"whenNotInEmotionState": "seekentity",
						"whenNotInEmotionState": "fleeondamage",
						"whenNotInEmotionState": "getoutofwater"
					},
					{
						"code": "idle",
						"priority": 1.2,
						"priorityForCancel": 1.35,
						"minduration": 2500,
						"maxduration": 2500,
						"mincooldown": 6000,
						"maxcooldown": 20000,
						"animation": "Idle",
						"animationSpeed": 1.25,
						"whenNotInEmotionState": "aggressiveondamage",
						"whenNotInEmotionState": "seekentity",
						"whenNotInEmotionState": "fleeondamage",
						"whenNotInEmotionState": "getoutofwater"
					},
					{
						"code": "idle",
						"priority": 1.1,
						"priorityForCancel": 1.35,
						"minduration": 1500,
						"maxduration": 1500,
						"mincooldown": 6000,
						"maxcooldown": 90000,
						"animation": "look",
						"animationSpeed": 1,
						"whenNotInEmotionState": "aggressiveondamage",
						"whenNotInEmotionState": "fleeondamage",
						"whenNotInEmotionState": "seekentity",
						"whenNotInEmotionState": "getoutofwater"
					},
					{
						"code": "idle",
						"priority": 1.0,
						"priorityForCancel": 1.35,
						"minduration": 5333,
						"maxduration": 5333,
						"mincooldown": 6000,
						"maxcooldown": 120000,
						"animation": "Look",
						"whenNotInEmotionState": "aggressiveondamage",
						"whenNotInEmotionState": "fleeondamage",
						"whenNotInEmotionState": "seekentity",
						"whenNotInEmotionState": "getoutofwater"
					},
					{
						"code": "wander",
						"priority": 1.0,
						"priorityForCancel": 1.35,
						"movespeed": 0.005,
						"animationSpeed": 1.4,
						"animation": "Walk",
						"preferredLightLevel": 24,
						"priorityForCancel": 1.37,
						"whenNotInEmotionState": "aggressiveondamage",
						"whenNotInEmotionState": "fleeondamage",
						"whenNotInEmotionState": "seekentity",
						"whenNotInEmotionState": "getoutofwater"
					},
					{
						"code": "idle",
						"priority": 0.9,
						"minduration": 7000,
						"maxduration": 45000,
						"mincooldown": 6000,
						"maxcooldown": 120000,
						"priorityForCancel": 1.33,
						"stopOnNearbyEntityCodes": [ "player", "wolf-male", "wolf-female" ],
						"stopRange": 5,
						"stopOnHurt": true,
						"animation": "Sit",
						"whenNotInEmotionState": "aggressiveondamage",
						"whenNotInEmotionState": "fleeondamage",
						"whenNotInEmotionState": "seekentity",
						"whenNotInEmotionState": "getoutofwater"
					},
					{ 
						"code": "lookaround",
						"priority": 0.5
					}
				]
			},
			{ "code": "ropetieable" }
		],
		"spawnconditions": {
			"worldgen": {
				"TriesPerChunk": { "avg": 0.00000025, "var": 0 },
				"tryOnlySurface": true,
				"minLightLevel": 10,
				"groupSize": { "dist": "verynarrowgaussian", "avg": 1, "var": 0 },
				"insideBlockCodes": ["game:air", "game:tallgrass-*", "game:snowlayer-1", "game:gravel-*"],
				"minTemp": -20,
				"maxTemp": 12,
				"minRain": 0.25,
				"minForest": 0.20,
			},
			"runtime": {
				"group": "neutral",
				"tryOnlySurface": true,
				"chance": 0.00000025,
				"maxQuantity": 1,
				"minLightLevel": 10,
				"groupSize": { "dist": "verynarrowgaussian", "avg": 1, "var": 1 },
				"insideBlockCodes": ["game:air", "game:tallgrass-*", "game:snowlayer-1", "game:gravel-*"],
				"minTemp": -20,
				"maxTemp": 12,
				"minRain": 0.25,
				"minForest": 0.20,
			},
		},
	},
	"sounds": {
		"hurt": "deer/hurt",
		"death": "deer/hurt",
		"idle": "deer/idle"
	},
	"idleSoundChance": 0.001
}
