{
  "version": 2,
  "patches": {
    "number": {
      "equus:entities/wildhorse.json": {
        "server/spawnconditionsByType/wildhorse-adult-*-ferus/worldgen/triesPerChunk/avg": "WorldGenSpawnRateFerus",
        "server/spawnconditions/runtime/chanceByType/*-adult-female-ferus": "RuntimeSpawnRateFerus",
        "server/spawnconditions/runtime/chanceByType/*-adult-male-ferus": "RuntimeSpawnRateFerus"
      },
    }
  },
  "settings": [
    {
      "code": "WorldGenSpawnRateFerus",
      "type": "float",
      "ingui": "setting-worldgen-spawnrate-ferus",
      "logarithmic": true,
      "default": 0.002,
      "range": {
        "min": 0.000,
        "max": 1.0,
        "step":0.0001
      }
    },
    {
      "code": "RuntimeSpawnRateFerus",
      "type": "float",
      "ingui": "setting-runtime-spawnrate-ferus",
      "logarithmic": true,
      "default": 0.00005,
      "range": {
        "min": 0.0000,
        "max": 1.0,
        "step":0.00001
      }
    }
  ]
}
