{
	code: "fenOre",
	classByType: {
		"*": "ItemOre"
	},
	maxstacksize: 64,
	attributes: {
		placeSound: "block/charcoal",
		handbook: {
			groupBy: ["fenOre-{color}"],
			groupedName: ["fenOre-{color}"],
			excludeFromList: true
		},
		displaycaseable: true,
		shelvable: true
	},
	behaviors: [
		{ name: "GroundStorable", properties: { layout: 'Quadrants', collisionBox: { x1: 0, y1: 0, z1: 0, x2: 1, y2: 0.125, z2: 1 } } }
	],
	variantgroups: [
		{ code: "color", states: [ "green", "blue", "violet", "red", "yellow", "brown", "pink" ] }
	],
	storageFlags: 5,
	shape: { 
		base: "fendragonsmp:item/fenore/{color}-quartz" 
	},
	creativeinventory: { "general": ["*"], "items": ["*"], "FendragonSMP": ["*"] },
	fpHandTransform: {
		translation: { x: 0, y: 0, z: 0 },
		rotation: { x: 1, y: 90, z: 0 },
		scale: 1.67
	},
	guiTransform: {
		translation: { x: 3, y: 2, z: 0 },
		rotation: { x: 150, y: -38, z: 0 },
		origin: { x: 0.5, y: 0.1, z: 0.5 },
		scale: 3.8
	},
	tpHandTransform: {
		translation: { x: -0.93, y: -0.19, z: -0.77 },
		rotation: { x: -48, y: -180, z: 23 },
		origin: { x: 0.5, y: 0.12, z: 0.5 },
		scale: 0.6
	},
	groundTransform: {
		translation: { x: 0, y: 0, z: 0 },
		rotation: { x: 0, y: 0, z: 0 },
		origin: { x: 0.5, y: 0, z: 0.5 },
		scale: 4.5
	},
	crushingPropsByType: {
		"*": {
			crushedStack: { type: "item", code: "fendragonsmp:fenQuartzCrushed-{color}", stacksize: 1 },
			hardnessTier: 2
		}
	},
	combustiblePropsByType: {
		"*": {
			meltingPoint: 1350,
			meltingDuration: 30,
			smeltedRatio: 4,
			smeltedStack: { type: "block", code: "game:glass-{color}", stacksize: 2 }
		}
	}
}