{
	code: "fenQuartzCrushed",
	heldTpIdleAnimation: "holdbothhands",
	heldRightReadyAnimation: "holdbothhands",
	variantgroups: [
		{ code: "color", states: [ "green", "blue", "violet", "red", "yellow", "brown", "pink" ] },
	],
	attributes: {
		handbook: {
			groupBy: ["fenQuartzCrushed-*"]
		},
		displaycaseable: true, 
		shelvable: true,
		dissolveInWater: true,
		onDisplayTransform: {
			translation: { x: 0.05, y: 0, z: 0 },
			origin: { x: 0.5, y: 0, z: 0.5 },
			scale: 0.65
		}
	},
	shape: { base: "game:item/resource/crushed/normal" },
	textureByType: {
		"*": { base: "game:block/glass/{color}" }
	},	
	creativeinventory: { "general": ["*"], "items": ["*"], "FendragonSMP": ["*"] },
	maxstacksize: 64,
	materialDensity: 500,
	grindingPropsByType: {
		"*": { "groundStack": { type: "item", code: "game:crushed-quartz" }}
	},
	guiTransform: {
		translation: { x: 0, y: 0, z: -25 },
		rotation: { x: 171, y: 57, z: -20 },
		origin: { x: 0.46, y: 0.11, z: 0.39 },
		scale: 2.64
	},
	fpHandTransform: {
		translation: { x: 0.1, y: 0.16, z: 0 },
		rotation: { x: 37, y: 77, z: 2 },
		origin: { x: 0.5, y: 0.1, z: 0.5 },
		scale: 1.95
	},
	tpHandTransform: {
		translation: { x: -1.67, y: -1.1, z: -0.7 },
		rotation: { x: 19, y: 26, z: -83 },
		scale: 0.48
	},
	groundTransform: {
		translation: { x: 0, y: 0, z: 0 },
		rotation: { x: 3, y: 1, z: 0 },
		origin: { x: 0.5, y: 0, z: 0.5 },
		scale: 2.65
	},
	combustiblePropsByType: {
		"*": {
			meltingPoint: 1350,
			meltingDuration: 30,
			smeltedRatio: 4,
			smeltedStack: { type: "block", code: "game:glass-{color}", stacksize: 2 }
		},
	}
}