{
	code: "gearmoney",
	variantgroups: [
		{ code: "type", states: ["copper", "silver", "gold" ] },
	],
	behaviors: [
		{ name: "GroundStorable" }
	],
	attributes: {
		displaycaseable: true, 
		shelvable: true,
		onDisplayTransform: {
			translation: { x: 0.1, y: 0, z: 0 },
			rotation: { x: 0, y: 0, z: 2 },
			origin: { x: 0.5, y: 0, z: 0.5 },
			scale: 0.85
		}
	},
	shapeByType: { 
		"*-copper": { base: "fendragonsmp:item/copper-gears" },
		"*-silver": { base: "fendragonsmp:item/silver-gears" },
		"*-gold": { base: "fendragonsmp:item/gold-gears" }
		
		},
	creativeinventory: { "general": ["*"], "items": ["*"], "FendragonSMP": ["*"] },
	maxstacksizeByType: {
		"gearmoney-copper": 64,
		"gearmoney-silver": 64,
		"gearmoney-gold": 64
	},
	materialDensity: 4000,
	guiTransform: {
		translation: { x: 0, y: 0, z: 0 },
		rotation: { x: 145, y: -12, z: 0 },
		origin: { x: 0.32, y: 0.0625, z: 0.5 },
		scale: 2.5
	},
	fpHandTransform: {
		translation: { x: 0, y: 0.2, z: 0 },
		rotation: { x: 15, y: 0, z: 0 },
		origin: { x: 0.5, y: 0, z: 0.5 },
		scale: 1.8
	},
	tpHandTransform: {
		translation: { x: -1.1, y: 0, z: -1.2 },
		origin: { x: 0.5, y: 0.0625, z: 0.5 },
		scale: 0.45
	},
	groundTransform: {
		translation: { x: 0, y: 0, z: 0 },
		rotation: { x: 0, y: 0, z: 0 },
		origin: { x: 0.39, y: 0, z: 0.47 },
		scale: 2.5
	}
}