[
	{
	"code": "wet-brush",
	"ingredientPattern": "P,B",
	"ingredients": {
		"P": { "type": "item", "code": "tailorsdelight:brush-dry-black" },
		"B": { "type": "block", "code": "game:bowl-fired" }
	},
	"attributes": { "liquidContainerProps": { "requiresContent": { "type": "item", "code": "game:dye-black" }, "requiresLitres": 0.1 } },
	"width": 1,
	"height": 2,
	"output": { "type": "item", "code": "tailorsdelight:brush-wet-black" }
	},

	{
	"name": "wet-brush",
	"ingredientPattern": "SK,TF,B_",
	"ingredients": {
		"S": { "type": "item", "code": "game:stick" },
		"K": { "type": "item", "code": "game:knife-generic-*", "isTool": true },
		"T": { "type": "item", "code": "wool:fibers-generic-plain", "quantity": 2 },
		"F": { "type": "item", "code": "game:fat" },
		"B": { "type": "block", "code": "game:bowl-fired" }
	},
	"attributes": { "liquidContainerProps": { "requiresContent": { "type": "item", "code": "game:dye-black" }, "requiresLitres": 0.25 } },
	"recipeGroup": 2,
	"width": 2,
	"height": 3,
	"output": { "type": "item", "code": "tailorsdelight:brush-wet-black" }
	},

	{
	"code": "wet-brush",
	"ingredientPattern": "P,B",
	"ingredients": {
		"P": { "type": "item", "code": "tailorsdelight:brush-dry-blue" },
		"B": { "type": "block", "code": "game:bowl-fired" }
	},
	"attributes": { "liquidContainerProps": { "requiresContent": { "type": "item", "code": "game:dye-blue" }, "requiresLitres": 0.1 } },
	"width": 1,
	"height": 2,
	"output": { "type": "item", "code": "tailorsdelight:brush-wet-blue" }
	},

	{
	"name": "wet-brush",
	"ingredientPattern": "SK,TF,B_",
	"ingredients": {
		"S": { "type": "item", "code": "game:stick" },
		"K": { "type": "item", "code": "game:knife-generic-*", "isTool": true },
		"T": { "type": "item", "code": "wool:fibers-generic-plain", "quantity": 2 },
		"F": { "type": "item", "code": "game:fat" },
		"B": { "type": "block", "code": "game:bowl-fired" }
	},
	"attributes": { "liquidContainerProps": { "requiresContent": { "type": "item", "code": "game:dye-blue" }, "requiresLitres": 0.25 } },
	"recipeGroup": 2,
	"width": 2,
	"height": 3,
	"output": { "type": "item", "code": "tailorsdelight:brush-wet-blue" }
	},

	{
	"code": "wet-brush",
	"ingredientPattern": "P,B",
	"ingredients": {
		"P": { "type": "item", "code": "tailorsdelight:brush-dry-blue" },
		"B": { "type": "block", "code": "game:bowl-fired" }
	},
	"attributes": { "liquidContainerProps": { "requiresContent": { "type": "item", "code": "game:dye-woad" }, "requiresLitres": 0.1 } },
	"width": 1,
	"height": 2,
	"output": { "type": "item", "code": "tailorsdelight:brush-wet-blue" }
	},

	{
	"name": "wet-brush",
	"ingredientPattern": "SK,TF,B_",
	"ingredients": {
		"S": { "type": "item", "code": "game:stick" },
		"K": { "type": "item", "code": "game:knife-generic-*", "isTool": true },
		"T": { "type": "item", "code": "wool:fibers-generic-plain", "quantity": 2 },
		"F": { "type": "item", "code": "game:fat" },
		"B": { "type": "block", "code": "game:bowl-fired" }
	},
	"attributes": { "liquidContainerProps": { "requiresContent": { "type": "item", "code": "game:dye-woad" }, "requiresLitres": 0.25 } },
	"recipeGroup": 2,
	"width": 2,
	"height": 3,
	"output": { "type": "item", "code": "tailorsdelight:brush-wet-blue" }
	},

	{
	"code": "wet-brush",
	"ingredientPattern": "P,B",
	"ingredients": {
		"P": { "type": "item", "code": "tailorsdelight:brush-dry-red" },
		"B": { "type": "block", "code": "game:bowl-fired" }
	},
	"attributes": { "liquidContainerProps": { "requiresContent": { "type": "item", "code": "game:dye-red" }, "requiresLitres": 0.1 } },
	"width": 1,
	"height": 2,
	"output": { "type": "item", "code": "tailorsdelight:brush-wet-red" }
	},

	{
	"name": "wet-brush",
	"ingredientPattern": "SK,TF,B_",
	"ingredients": {
		"S": { "type": "item", "code": "game:stick" },
		"K": { "type": "item", "code": "game:knife-generic-*", "isTool": true },
		"T": { "type": "item", "code": "wool:fibers-generic-plain", "quantity": 2 },
		"F": { "type": "item", "code": "game:fat" },
		"B": { "type": "block", "code": "game:bowl-fired" }
	},
	"attributes": { "liquidContainerProps": { "requiresContent": { "type": "item", "code": "game:dye-red" }, "requiresLitres": 0.25 } },
	"recipeGroup": 2,
	"width": 2,
	"height": 3,
	"output": { "type": "item", "code": "tailorsdelight:brush-wet-red" }
	},

	{
	"code": "wet-brush",
	"ingredientPattern": "P,B",
	"ingredients": {
		"P": { "type": "item", "code": "tailorsdelight:brush-dry-white" },
		"B": { "type": "block", "code": "game:bowl-fired" }
	},
	"attributes": { "liquidContainerProps": { "requiresContent": { "type": "item", "code": "game:dye-white" }, "requiresLitres": 0.1 } },
	"width": 1,
	"height": 2,
	"output": { "type": "item", "code": "tailorsdelight:brush-wet-white" }
	},

	{
	"name": "wet-brush",
	"ingredientPattern": "SK,TF,B_",
	"ingredients": {
		"S": { "type": "item", "code": "game:stick" },
		"K": { "type": "item", "code": "game:knife-generic-*", "isTool": true },
		"T": { "type": "item", "code": "wool:fibers-generic-plain", "quantity": 2 },
		"F": { "type": "item", "code": "game:fat" },
		"B": { "type": "block", "code": "game:bowl-fired" }
	},
	"attributes": { "liquidContainerProps": { "requiresContent": { "type": "item", "code": "game:dye-white" }, "requiresLitres": 0.25 } },
	"recipeGroup": 2,
	"width": 2,
	"height": 3,
	"output": { "type": "item", "code": "tailorsdelight:brush-wet-white" }
	},

	{
	"code": "wet-brush",
	"ingredientPattern": "P,B",
	"ingredients": {
		"P": { "type": "item", "code": "tailorsdelight:brush-dry-green" },
		"B": { "type": "block", "code": "game:bowl-fired" }
	},
	"attributes": { "liquidContainerProps": { "requiresContent": { "type": "item", "code": "game:dye-green" }, "requiresLitres": 0.1 } },
	"width": 1,
	"height": 2,
	"output": { "type": "item", "code": "tailorsdelight:brush-wet-green" }
	},

	{
	"name": "wet-brush",
	"ingredientPattern": "SK,TF,B_",
	"ingredients": {
		"S": { "type": "item", "code": "game:stick" },
		"K": { "type": "item", "code": "game:knife-generic-*", "isTool": true },
		"T": { "type": "item", "code": "wool:fibers-generic-plain", "quantity": 2 },
		"F": { "type": "item", "code": "game:fat" },
		"B": { "type": "block", "code": "game:bowl-fired" }
	},
	"attributes": { "liquidContainerProps": { "requiresContent": { "type": "item", "code": "game:dye-green" }, "requiresLitres": 0.25 } },
	"recipeGroup": 2,
	"width": 2,
	"height": 3,
	"output": { "type": "item", "code": "tailorsdelight:brush-wet-green" }
	},

	{
	"code": "wet-brush",
	"ingredientPattern": "P,B",
	"ingredients": {
		"P": { "type": "item", "code": "tailorsdelight:brush-dry-yellow" },
		"B": { "type": "block", "code": "game:bowl-fired" }
	},
	"attributes": { "liquidContainerProps": { "requiresContent": { "type": "item", "code": "game:dye-yellow" }, "requiresLitres": 0.1 } },
	"width": 1,
	"height": 2,
	"output": { "type": "item", "code": "tailorsdelight:brush-wet-yellow" }
	},

	{
	"name": "wet-brush",
	"ingredientPattern": "SK,TF,B_",
	"ingredients": {
		"S": { "type": "item", "code": "game:stick" },
		"K": { "type": "item", "code": "game:knife-generic-*", "isTool": true },
		"T": { "type": "item", "code": "wool:fibers-generic-plain", "quantity": 2 },
		"F": { "type": "item", "code": "game:fat" },
		"B": { "type": "block", "code": "game:bowl-fired" }
	},
	"attributes": { "liquidContainerProps": { "requiresContent": { "type": "item", "code": "game:dye-yellow" }, "requiresLitres": 0.25 } },
	"recipeGroup": 2,
	"width": 2,
	"height": 3,
	"output": { "type": "item", "code": "tailorsdelight:brush-wet-yellow" }
	}
]
