[
	{
	"name": "brush-gray-powder",
	"compatibility": [ "em" ],
	"ingredientPattern": "SK,TC,F_",
	"ingredients": {
		"S": { "type": "item", "code": "game:stick" },
		"K": { "type": "item", "code": "game:knife-generic-*", "isTool": true },
		"T": { "type": "item", "code": "wool:fibers-generic-plain", "quantity": 2 },
		"F": { "type": "item", "code": "game:fat" },
		"C": { "type": "item", "code": "em:powdered-ore-*", "name": "gray", "allowedVariants": [ "sphalerite", "graphite" ] }
	},
	"width": 2,
	"height": 3,
	"output": { "type": "item", "code": "tailorsdelight:brush-dry-gray" }
	},

	{
	"name": "brush-gray-ore",
	"ingredientPattern": "SK,TC",
	"ingredients": {
		"S": { "type": "item", "code": "game:stick" },
		"K": { "type": "item", "code": "game:knife-generic-*", "isTool": true },
		"T": { "type": "item", "code": "wool:fibers-generic-plain", "quantity": 2 },
		"C": { "type": "item", "code": "game:ore-*", "name": "gray", "allowedVariants": [ "anthracite" ] }
	},
	"recipeGroup": 2,
	"width": 2,
	"height": 2,
	"output": { "type": "item", "code": "tailorsdelight:brush-dry-gray" }
	},

	{
	"name": "brush-gray-stone",
	"compatibility": [ "em" ],
	"ingredientPattern": "SK,TC,F_",
	"ingredients": {
		"S": { "type": "item", "code": "game:stick" },
		"K": { "type": "item", "code": "game:knife-generic-*", "isTool": true },
		"T": { "type": "item", "code": "wool:fibers-generic-plain", "quantity": 2 },
		"F": { "type": "item", "code": "game:fat" },
		"C": { "type": "item", "code": "em:powdered-stone-*", "name": "gray", "allowedVariants": [ "shale", "andesite", "phyllite" ] }
	},
	"width": 2,
	"height": 3,
	"output": { "type": "item", "code": "tailorsdelight:brush-dry-gray" }
	},

	{
	"name": "brush-gray-metal",
	"compatibility": [ "em" ],
	"ingredientPattern": "SK,TC,F_",
	"ingredients": {
		"S": { "type": "item", "code": "game:stick" },
		"K": { "type": "item", "code": "game:knife-generic-*", "isTool": true },
		"T": { "type": "item", "code": "wool:fibers-generic-plain", "quantity": 2 },
		"F": { "type": "item", "code": "game:fat" },
		"C": { "type": "item", "code": "em:powdered-metal-lead" }
	},
	"width": 2,
	"height": 3,
	"output": { "type": "item", "code": "tailorsdelight:brush-dry-gray" }
	}
]
