{
	"editor": {
		"allAngles": false,
		"entityTextureMode": false
	},
	"textureWidth": 16,
	"textureHeight": 16,
	"textureSizes": {
	},
	"textures": {
	},
	"elements": [
		{
			"name": "origin",
			"from": [ 16.6, 0.5, 8.2 ],
			"to": [ 16.6, 0.5, 8.2 ],
			"rotationOrigin": [ 16.6, 0.5, 8.2 ],
			"rotationZ": -90.0,
			"faces": {
			},
			"children": [
				{
					"name": "base",
					"from": [ -0.5, 0.0, -0.5 ],
					"to": [ 0.5, 0.5, 0.5 ],
					"faces": {
						"north": { "texture": "#materialconnect", "uv": [ 12.0, 8.5, 13.0, 9.0 ] },
						"east": { "texture": "#materialconnect", "uv": [ 2.0, 6.5, 3.0, 7.0 ] },
						"south": { "texture": "#materialconnect", "uv": [ 12.0, 9.0, 13.0, 9.5 ] },
						"west": { "texture": "#materialconnect", "uv": [ 12.0, 8.5, 13.0, 9.0 ] },
						"up": { "texture": "#materialconnect", "uv": [ 10.0, 11.0, 11.0, 12.0 ] }
					}
				}
			]
		},
		{
			"name": "Handle",
			"from": [ 6.0, -0.1, 7.6 ],
			"to": [ 13.7, 1.1, 8.8 ],
			"rotationOrigin": [ 6.0, -0.1, 7.6 ],
			"faces": {
				"north": { "texture": "#handle", "uv": [ 6.5, 5.0, 14.0, 6.0 ] },
				"east": { "texture": "#handle", "uv": [ 0.0, 0.0, 1.0, 1.0 ] },
				"south": { "texture": "#handle", "uv": [ 10.5, 0.0, 18.0, 1.0 ] },
				"west": { "texture": "#handle", "uv": [ 0.0, 0.0, 1.0, 1.0 ] },
				"up": { "texture": "#handle", "uv": [ 10.0, 0.0, 17.5, 1.0 ] },
				"down": { "texture": "#handle", "uv": [ 8.0, 4.0, 15.5, 5.0 ] }
			},
			"children": [
				{
					"name": "Handle2-2",
					"from": [ -0.5, -0.1, -0.1 ],
					"to": [ 0.0, 1.3, 1.3 ],
					"rotationOrigin": [ -0.5, -0.1, -0.1 ],
					"faces": {
						"north": { "texture": "#handlecap", "uv": [ 6.5, 5.0, 7.0, 6.0 ] },
						"east": { "texture": "#handlecap", "uv": [ 0.0, 0.0, 1.0, 1.0 ] },
						"south": { "texture": "#handlecap", "uv": [ 10.5, 0.0, 11.0, 1.0 ] },
						"west": { "texture": "#handlecap", "uv": [ 0.0, 0.0, 1.0, 1.0 ] },
						"up": { "texture": "#handlecap", "uv": [ 10.0, 0.0, 10.5, 1.0 ] },
						"down": { "texture": "#handlecap", "uv": [ 8.0, 4.0, 8.5, 5.0 ] }
					}
				},
				{
					"name": "core",
					"from": [ 8.0, -0.15, -0.15 ],
					"to": [ 10.3, 1.35, 1.35 ],
					"rotationOrigin": [ 9.0, 0.6, 0.6 ],
					"faces": {
						"north": { "texture": "#core", "uv": [ 0.0, 8.0, 2.0, 9.5 ] },
						"east": { "texture": "#core", "uv": [ 8.0, 7.0, 9.5, 8.5 ] },
						"south": { "texture": "#core", "uv": [ 0.0, 0.0, 2.0, 1.5 ] },
						"west": { "texture": "#core", "uv": [ 3.0, 2.0, 4.5, 3.5 ] },
						"up": { "texture": "#core", "uv": [ 0.0, 4.5, 2.0, 6.0 ] },
						"down": { "texture": "#core", "uv": [ 0.0, 7.0, 2.0, 8.5 ] }
					},
					"children": [
						{
							"name": "cap",
							"from": [ -0.4, 0.05, 0.05 ],
							"to": [ 2.7, 1.45, 1.45 ],
							"rotationOrigin": [ -0.4, 0.05, 0.05 ],
							"faces": {
								"north": { "texture": "#handlecap", "uv": [ 6.5, 5.0, 9.5, 6.0 ] },
								"east": { "texture": "#handlecap", "uv": [ 0.0, 0.0, 1.0, 1.0 ] },
								"south": { "texture": "#handlecap", "uv": [ 10.5, 0.0, 13.5, 1.0 ] },
								"west": { "texture": "#handlecap", "uv": [ 0.0, 0.0, 1.0, 1.0 ] },
								"up": { "texture": "#handlecap", "uv": [ 10.0, 0.0, 13.0, 1.0 ] },
								"down": { "texture": "#handlecap", "uv": [ 8.0, 4.0, 11.0, 5.0 ] }
							}
						},
						{
							"name": "glow1",
							"from": [ 0.2, -0.05, -0.05 ],
							"to": [ 2.1, 1.55, 1.55 ],
							"rotationOrigin": [ 0.2, 0.75, 0.75 ],
							"faces": {
								"north": { "texture": "#glowconnect", "uv": [ 6.5, 5.0, 8.0, 6.5 ] },
								"east": { "texture": "#glowconnect", "uv": [ 0.0, 0.0, 1.5, 1.5 ] },
								"south": { "texture": "#glowconnect", "uv": [ 10.5, 0.0, 12.0, 1.5 ] },
								"west": { "texture": "#glowconnect", "uv": [ 0.0, 0.0, 1.5, 1.5 ] },
								"up": { "texture": "#glowconnect", "uv": [ 10.0, 0.0, 11.5, 1.5 ] },
								"down": { "texture": "#glowconnect", "uv": [ 8.0, 4.0, 9.5, 5.5 ] }
							}
						}
					]
				},
				{
					"name": "core2",
					"from": [ 8.01, -0.15, -0.15 ],
					"to": [ 10.29, 1.35, 1.35 ],
					"rotationOrigin": [ 9.0, 0.6, 0.6 ],
					"rotationX": 45.0,
					"faces": {
						"north": { "texture": "#core", "uv": [ 0.0, 8.0, 2.0, 9.5 ] },
						"east": { "texture": "#core", "uv": [ 8.0, 7.0, 9.5, 8.5 ] },
						"south": { "texture": "#core", "uv": [ 0.0, 0.0, 2.0, 1.5 ] },
						"west": { "texture": "#core", "uv": [ 3.0, 2.0, 4.5, 3.5 ] },
						"up": { "texture": "#core", "uv": [ 0.0, 4.5, 2.0, 6.0 ] },
						"down": { "texture": "#core", "uv": [ 0.0, 7.0, 2.0, 8.5 ] }
					},
					"children": [
						{
							"name": "cap2",
							"from": [ -0.4, 0.05, 0.05 ],
							"to": [ 2.68, 1.45, 1.45 ],
							"rotationOrigin": [ -0.4, 0.05, 0.05 ],
							"faces": {
								"north": { "texture": "#handlecap", "uv": [ 6.5, 5.0, 9.5, 6.0 ] },
								"east": { "texture": "#handlecap", "uv": [ 0.0, 0.0, 1.0, 1.0 ] },
								"south": { "texture": "#handlecap", "uv": [ 10.5, 0.0, 13.5, 1.0 ] },
								"west": { "texture": "#handlecap", "uv": [ 0.0, 0.0, 1.0, 1.0 ] },
								"up": { "texture": "#handlecap", "uv": [ 10.0, 0.0, 13.0, 1.0 ] },
								"down": { "texture": "#handlecap", "uv": [ 8.0, 4.0, 11.0, 5.0 ] }
							}
						},
						{
							"name": "glow2",
							"from": [ 0.2, -0.05, -0.05 ],
							"to": [ 2.08, 1.55, 1.55 ],
							"rotationOrigin": [ 0.2, 0.75, 0.75 ],
							"faces": {
								"north": { "texture": "#glowconnect", "uv": [ 6.5, 5.0, 8.0, 6.5 ] },
								"east": { "texture": "#glowconnect", "uv": [ 0.0, 0.0, 1.5, 1.5 ] },
								"south": { "texture": "#glowconnect", "uv": [ 10.5, 0.0, 12.0, 1.5 ] },
								"west": { "texture": "#glowconnect", "uv": [ 0.0, 0.0, 1.5, 1.5 ] },
								"up": { "texture": "#glowconnect", "uv": [ 10.0, 0.0, 11.5, 1.5 ] },
								"down": { "texture": "#glowconnect", "uv": [ 8.0, 4.0, 9.5, 5.5 ] }
							}
						}
					]
				}
			]
		}
	]}