{
  "code": "bridge",
  "classByType": {
    "*": "BlockBridgeRM"
  },
  //"entityclassByType": {
  //  "*": "BlockEntityBarrierRM"
  //},
  "enabled": true,

  "attributesByType": {
    "*": {
      //"handbook": {
      //  "groupBy": [ "bridge-*" ]
      //},
      "displaycaseable": false,
      "shelvable": false,
      "canChisel": false
    }
  },

  "creativeinventory": {
    "general": [ "" ],
    "items": [ "" ],
    "rustboundmagic": [ "" ]
  },

  //"drawtypeByType": {
  //  "*-free": "JSON",
  //  "*-snow": "JSONAndSnowLayer"
  //},

  "shapebytype": {
    "*": {
      "base": "game:block/basic/cube",
      "rotateY": 0
    }
  },

  "texturesByType": {
    "*": {
      "default": { "base": "default" },
      "all": { "base": "default" }
    }
  },

  "sidesolid": {
    "all": "false"
  },

  //"requiredMiningTier": 200,
  "maxstacksize": 1,
  "blockmaterial": "Other",
  "materialDensity": 1200,
  "replaceable": 900,
  "resistance": 9999,
  "lightAbsorption": 0,
  "heldTpIdleAnimation": "holdbothhands",
  "rainPermeable": true,
  "walkspeedmultiplier": 1.50,
  //"renderPass": "Transparent",
  //"faceCullMode": "MergeMaterial",

  //"walkspeedmultiplier": 1.5,

  "vertexFlags": {
    "zOffset": 2
  },
  "sideopaque": {
    "all": false
  },

  "lightHsvbyType": {
    "*": [ 32, 7, 2 ]
  },

  "dropsByType": {
    "*": []
  },

  "sounds": {
    "place": "game:block/rock-hit-pickaxe",
    "walk": "game:walk/ice*"
  },

  "selectionBoxByType": {
    "*": {
      "x1": 0,
      "y1": 0.5,
      "z1": 0,
      "x2": 1,
      "y2": 1,
      "z2": 1
    }
  },
  "collisionboxByType": {
    "*": {
      "x1": 0,
      "y1": 0.5,
      "z1": 0,
      "x2": 1,
      "y2": 1,
      "z2": 1
    }
  },

  "fpHandTransform": {
    "translation": {
      "x": 0,
      "y": 0.1,
      "z": 0.5
    },
    "rotation": {
      "x": -2,
      "y": 5,
      "z": 12
    },
    "origin": {
      "x": 0.5,
      "y": 0.6,
      "z": 0.5
    },
    "scale": 1
  },
  "tpHandTransform": {
    "translation": {
      "x": 0,
      "y": 0.2,
      "z": 0.2
    },
    "rotation": {
      "x": 55,
      "y": 13,
      "z": -82
    },
    "origin": {
      "x": 0.05,
      "y": -0.1,
      "z": 0.25
    },
    "scale": 0.5899
  },
  "groundTransform": {
    "scale": 2.0
  }
}
