{
	"code": "summonedobject",
	"classByType": {
		"*": "EntitySpellSummonedObjectRM"
	},
	"habitat": "Land",
	"enabled": true,

	"variantgroups": [
		{
			"code": "glyphs",
			"states": [ "none" ],
			"loadFromProperties": "rustboundmagic:abstract/glyphs"
		},
		{
			"code": "state",
			"states": [ "unstable", "permanent", "admin" ]
		}
	],
	"skipVariants": [ "*-permanent", "*-admin", "*-rust-*", "*-none-*" ],

	"canClimb": false,
	"canClimbAnywhere": false,
	"climbTouchDistance": 0.1,
	"rotateModelOnClimb": false,
	"fallDamage": false,

	"hitboxSizeByType": {
		"*": {
			"x": 0.5,
			"y": 0.9
		}
	},
	"deadHitboxSizeByType": {
		"*": {
			"x": 0.5,
			"y": 0.9
		}
	},

	"eyeHeight": 1.0,

	"knockbackResistanceByType": {
		"*": 0.75
	},

	"attributesByType": {
		"*": {
			"frostable": false,
			"killedByInfoText": "rustboundmagic:deadcreature-elementaldamage",
			"glitchAffected": true,
			"glitchFlicker": true,
			"spawnDamageParticles": true

			//"weaknessElement2RM": "frost",
			//"weaknessAmount2RM": 1.5,
			//"resistanceElement2RM": "none",
			//"resistanceAmount2RM": 0,
			//"strengthElement2RM": "none",
			//"strengthAmount2RM": 0
		}
	},

	"client": {
		"pitchStep": false,
		"sizeByType": {
			"*": 1.0
		},
		"glowLevelByType": {
			"*": 16
		},
		//"renderer": "Shape",
		"renderer": "ShapeEntityRendererSpellSummonedObjectRM",
		"shapeByType": {
			"*": { "base": "entities/spells/summoneditems/{glyphs}" }
		},
		"texturesByType": {
			"*-knife1-*": {
				"default": { "base": "default" },
				"handle": { "base": "items/spells/summoneditems/tier0-handle" },
				"material": { "base": "items/spells/summoneditems/tier1-metal" }
			},
			"*-knife2-*": {
				"default": { "base": "default" },
				"handle": { "base": "items/spells/summoneditems/tier0-handle" },
				"material": { "base": "items/spells/summoneditems/tier2-metal" }
			},
			"*-knife3-*": {
				"default": { "base": "default" },
				"handle": { "base": "items/spells/summoneditems/tier0-handle" },
				"material": { "base": "items/spells/summoneditems/tier3-metal" }
			},

			"*-hoe1-*": {
				"default": { "base": "default" },
				"string": { "base": "items/resources/shiftingfibers" },
				"handle": { "base": "items/spells/summoneditems/tier0-handle" },
				"material": { "base": "items/spells/summoneditems/tier1-metal" }
			},
			"*-hoe2-*": {
				"default": { "base": "default" },
				"string": { "base": "items/resources/shiftingfibers" },
				"handle": { "base": "items/spells/summoneditems/tier0-handle" },
				"material": { "base": "items/spells/summoneditems/tier2-metal" }
			},
			"*-hoe3-*": {
				"default": { "base": "default" },
				"string": { "base": "items/resources/shiftingfibers" },
				"handle": { "base": "items/spells/summoneditems/tier0-handle" },
				"material": { "base": "items/spells/summoneditems/tier3-metal" }
			},

			"*-shovel1-*": {
				"default": { "base": "default" },
				"string": { "base": "items/resources/shiftingfibers" },
				"handle": { "base": "items/spells/summoneditems/tier0-handle" },
				"material": { "base": "items/spells/summoneditems/tier1-metal" }
			},
			"*-shovel2-*": {
				"default": { "base": "default" },
				"string": { "base": "items/resources/shiftingfibers" },
				"handle": { "base": "items/spells/summoneditems/tier0-handle" },
				"material": { "base": "items/spells/summoneditems/tier2-metal" }
			},
			"*-shovel3-*": {
				"default": { "base": "default" },
				"string": { "base": "items/resources/shiftingfibers" },
				"handle": { "base": "items/spells/summoneditems/tier0-handle" },
				"material": { "base": "items/spells/summoneditems/tier3-metal" }
			},

			"*-axe1-*": {
				"default": { "base": "default" },
				"string": { "base": "items/resources/shiftingfibers" },
				"handle": { "base": "items/spells/summoneditems/tier0-handle" },
				"material": { "base": "items/spells/summoneditems/tier1-metal" }
			},
			"*-axe2-*": {
				"default": { "base": "default" },
				"string": { "base": "items/resources/shiftingfibers" },
				"handle": { "base": "items/spells/summoneditems/tier0-handle" },
				"material": { "base": "items/spells/summoneditems/tier2-metal" }
			},
			"*-axe3-*": {
				"default": { "base": "default" },
				"string": { "base": "items/resources/shiftingfibers" },
				"handle": { "base": "items/spells/summoneditems/tier0-handle" },
				"material": { "base": "items/spells/summoneditems/tier3-metal" }
			},

			"*-weapon1-*": {
				"default": { "base": "default" },
				"eldrathium": { "base": "items/spells/summoneditems/tier0-handle" },
				"handle1": { "base": "items/spells/summoneditems/tier0-handle" },
				"handle2": { "base": "game:block/linen" },
				"decal1": { "base": "default" },
				"material1": { "base": "items/spells/summoneditems/tier1-metal" },
				"material2": { "base": "items/spells/summoneditems/tier1-metal" },
				"material3": { "base": "items/spells/summoneditems/tier1-metal" },
				"string": { "base": "items/resources/shiftingfibers" }
			},
			"*-weapon2-*": {
				"default": { "base": "default" },
				"eldrathium": { "base": "items/spells/summoneditems/tier0-handle" },
				"handle1": { "base": "items/spells/summoneditems/tier0-handle" },
				"handle2": { "base": "game:block/linen" },
				"decal1": { "base": "default" },
				"material1": { "base": "items/spells/summoneditems/tier2-metal" },
				"material2": { "base": "items/spells/summoneditems/tier2-metal" },
				"material3": { "base": "items/spells/summoneditems/tier2-metal" },
				"string": { "base": "items/resources/shiftingfibers" }
			},
			"*-weapon3-*": {
				"default": { "base": "default" },
				"eldrathium": { "base": "items/spells/summoneditems/tier0-handle" },
				"handle1": { "base": "items/spells/summoneditems/tier0-handle" },
				"handle2": { "base": "game:block/linen" },
				"decal1": { "base": "default" },
				"material1": { "base": "items/spells/summoneditems/tier3-metal" },
				"material2": { "base": "items/spells/summoneditems/tier3-metal" },
				"material3": { "base": "items/spells/summoneditems/tier3-metal" },
				"string": { "base": "items/resources/shiftingfibers" }
			},

			"*-food1-*": {
				"default": { "base": "default" },
				"string": { "base": "items/resources/shiftingfibers" },
				"handle": { "base": "items/spells/summoneditems/tier0-handle" },
				"material1": { "base": "items/spells/summoneditems/food1-tier1" },
				"material2": { "base": "items/spells/summoneditems/food2-tier1" },
				"material3": { "base": "items/spells/summoneditems/food3-tier1" }
			},
			"*-food2-*": {
				"default": { "base": "default" },
				"string": { "base": "items/resources/shiftingfibers" },
				"handle": { "base": "items/spells/summoneditems/tier0-handle" },
				"material1": { "base": "items/spells/summoneditems/food1-tier1" },
				"material2": { "base": "items/spells/summoneditems/food2-tier1" },
				"material3": { "base": "items/spells/summoneditems/food3-tier1" }
			},
			"*-food3-*": {
				"default": { "base": "default" },
				"string": { "base": "items/resources/shiftingfibers" },
				"handle": { "base": "items/spells/summoneditems/tier0-handle" },
				"material1": { "base": "items/spells/summoneditems/food1-tier1" },
				"material2": { "base": "items/spells/summoneditems/food2-tier1" },
				"material3": { "base": "items/spells/summoneditems/food3-tier1" }
			},

			"*-saw1-*": {
				"default": { "base": "default" },
				"string": { "base": "items/resources/shiftingfibers" },
				"handle": { "base": "items/spells/summoneditems/tier0-handle" },
				"material": { "base": "items/spells/summoneditems/tier2-metal" }
			},
			"*-saw2-*": {
				"default": { "base": "default" },
				"string": { "base": "items/resources/shiftingfibers" },
				"handle": { "base": "items/spells/summoneditems/tier0-handle" },
				"material": { "base": "items/spells/summoneditems/tier3-metal" }
			},

			"*-pickaxe1-*": {
				"default": { "base": "default" },
				"string": { "base": "items/resources/shiftingfibers" },
				"handle": { "base": "items/spells/summoneditems/tier0-handle" },
				"material": { "base": "items/spells/summoneditems/tier2-metal" }
			},
			"*-pickaxe2-*": {
				"default": { "base": "default" },
				"string": { "base": "items/resources/shiftingfibers" },
				"handle": { "base": "items/spells/summoneditems/tier0-handle" },
				"material": { "base": "items/spells/summoneditems/tier3-metal" }
			},

			"*-bag1-*": {
				"default": { "base": "default" },
				"string": { "base": "items/resources/shiftingfibers" },
				"handle": { "base": "items/spells/summoneditems/tier0-handle" },
				"material": { "base": "items/spells/summoneditems/tier3-metal" }
			},

			"*-ultimateweaponfire-*": {
				"default": { "base": "default" },
				"eldrathium": { "base": "blocks/eldrathium" },
				"handle1": { "base": "game:block/leather/poor" },
				"handle2": { "base": "game:block/linen" },
				"decal1": { "base": "default" },
				"material1": { "base": "items/spells/summoneditems/summonedweapon/ultimateweapon-fire-1" },
				"material2": { "base": "items/spells/summoneditems/summonedweapon/ultimateweapon-fire-2" },
				"material3": { "base": "items/spells/summoneditems/summonedweapon/ultimateweapon-fire-3" }
			},
			"*-ultimateweaponwater-*": {
				"default": { "base": "default" },
				"eldrathium": { "base": "blocks/eldrathium" },
				"handle1": { "base": "game:block/leather/poor" },
				"handle2": { "base": "game:block/linen" },
				"decal1": { "base": "default" },
				"material1": { "base": "items/spells/summoneditems/summonedweapon/ultimateweapon-water-1" },
				"material2": { "base": "items/spells/summoneditems/summonedweapon/ultimateweapon-water-2" },
				"material3": { "base": "items/spells/summoneditems/summonedweapon/ultimateweapon-water-3" }
			},
			"*-ultimateweaponwind-*": {
				"default": { "base": "default" },
				"eldrathium": { "base": "blocks/eldrathium" },
				"handle1": { "base": "game:block/leather/poor" },
				"handle2": { "base": "game:block/linen" },
				"decal1": { "base": "default" },
				"material1": { "base": "items/spells/summoneditems/summonedweapon/ultimateweapon-wind-1" },
				"material2": { "base": "items/spells/summoneditems/summonedweapon/ultimateweapon-wind-2" },
				"material3": { "base": "items/spells/summoneditems/summonedweapon/ultimateweapon-wind-3" }
			},
			"*-ultimateweaponearth-*": {
				"default": { "base": "default" },
				"eldrathium": { "base": "blocks/eldrathium" },
				"handle1": { "base": "game:block/leather/poor" },
				"handle2": { "base": "game:block/linen" },
				"decal1": { "base": "default" },
				"material1": { "base": "items/spells/summoneditems/summonedweapon/ultimateweapon-earth-1" },
				"material2": { "base": "items/spells/summoneditems/summonedweapon/ultimateweapon-earth-2" },
				"material3": { "base": "items/spells/summoneditems/summonedweapon/ultimateweapon-earth-3" }
			},
			"*-ultimateweaponlightning-*": {
				"default": { "base": "default" },
				"eldrathium": { "base": "blocks/eldrathium" },
				"handle1": { "base": "game:block/leather/poor" },
				"handle2": { "base": "game:block/linen" },
				"decal1": { "base": "default" },
				"material1": { "base": "items/spells/summoneditems/summonedweapon/ultimateweapon-lightning-1" },
				"material2": { "base": "items/spells/summoneditems/summonedweapon/ultimateweapon-lightning-2" },
				"material3": { "base": "items/spells/summoneditems/summonedweapon/ultimateweapon-lightning-3" }
			},
			"*-ultimateweaponfrost-*": {
				"default": { "base": "default" },
				"eldrathium": { "base": "blocks/eldrathium" },
				"handle1": { "base": "game:block/leather/poor" },
				"handle2": { "base": "game:block/linen" },
				"decal1": { "base": "default" },
				"material1": { "base": "items/spells/summoneditems/summonedweapon/ultimateweapon-frost-1" },
				"material2": { "base": "items/spells/summoneditems/summonedweapon/ultimateweapon-frost-2" },
				"material3": { "base": "items/spells/summoneditems/summonedweapon/ultimateweapon-frost-3" }
			},
			"*-ultimateweaponnature-*": {
				"default": { "base": "default" },
				"eldrathium": { "base": "blocks/eldrathium" },
				"handle1": { "base": "game:block/leather/poor" },
				"handle2": { "base": "game:block/linen" },
				"decal1": { "base": "default" },
				"material1": { "base": "items/spells/summoneditems/summonedweapon/ultimateweapon-nature-1" },
				"material2": { "base": "items/spells/summoneditems/summonedweapon/ultimateweapon-nature-2" },
				"material3": { "base": "items/spells/summoneditems/summonedweapon/ultimateweapon-nature-3" }
			},
			"*-ultimateweaponarcane-*": {
				"default": { "base": "default" },
				"eldrathium": { "base": "blocks/eldrathium" },
				"handle1": { "base": "game:block/leather/poor" },
				"handle2": { "base": "game:block/linen" },
				"decal1": { "base": "default" },
				"material1": { "base": "items/spells/summoneditems/summonedweapon/ultimateweapon-arcane-1" },
				"material2": { "base": "items/spells/summoneditems/summonedweapon/ultimateweapon-arcane-2" },
				"material3": { "base": "items/spells/summoneditems/summonedweapon/ultimateweapon-arcane-3" }
			}
		},
		"behaviors": [
			{
				"code": "repulseagents",
				"movable": false
			},
			{
				"code": "controlledphysics",
				"stepHeight": 1.1251,
				"airDragFallingFactor": 0.5
			},
			{
				"code": "floatupwhenstuck",
				"onlyWhenDead": true
			},
			{
				"code": "interpolateposition"
			}
		],
		"animations": [
			{
				"code": "fall",
				"animation": "fall",
				"blendMode": "Average",
				"triggeredBy": { "defaultAnim": true }
			}
		]
	},
	"server": {
		"attributes": {
			"pathfinder": {
				"minTurnAnglePerSec": 720,
				"maxTurnAnglePerSec": 1440
			}
		},
		"behaviors": [
			{
				"code": "repulseagents",
				"movable": false
			},
			{
				"code": "controlledphysics",
				"stepHeight": 1.1251,
				"airDragFallingFactor": 0.5
			},
			{
				"code": "floatupwhenstuck",
				"onlyWhenDead": true
			},
			{
				"code": "despawn",
				"minSeconds": 300
				//"minPlayerDistance": 32,
				//"minSeconds": 300
			}
		]
	},
	//"sounds": {
	//"hurt": "eldritchmonsters:monsters/hollows/hollow-hurt",
	//"death": "eldritchmonsters:monsters/hollows/hollow-death",
	//"idle": "entities/elementalidle"
	//},
	//"idleSoundChance": 0.15,
	"idleSoundChance": 0.15,
	"idleSoundRange": 10
}
