{
  "ingredientPattern": "S,C",
  "ingredients": {
    "S": {
      "type": "item",
      "code": "game:saw-*",
      "isTool": true
    },
    "C": {
      "type": "block",
      "code": "containersbundle:cupboardwithlabel-east",
      "quantity": 1,
      "returnedStack": {
        "type": "block",
        "code": "game:sign-ground-north"
      }
    }
  },
  "recipeGroup": 2,
  "shapeless": true,
  "width": 1,
  "height": 2,
  "output": {
    "type": "block",
    "code": "containersbundle:cupboardnolabel-east",
    "quantity": 1
  }
}
