{
	"editor": {
		"allAngles": true,
		"entityTextureMode": false
	},
	"textureWidth": 16,
	"textureHeight": 16,
	"textureSizes": {
	},
	"textures": {
		"plain": "game:block/cloth/linen/plain",
		"gold2": "game:block/metal/sheet-plain/gold2",
		"iron5": "game:block/metal/sheet-plain/iron5",
		"ebony": "game:block/wood/bark/ebony",
		"ebony1": "game:block/wood/planks/ebony1"
	},
	"elements": [
		{
			"name": "origin",
			"from": [ 8.0, 0.0, 8.0 ],
			"to": [ 8.0, 0.0, 8.0 ],
			"rotationOrigin": [ 8.0, 0.0, 8.0 ],
			"faces": {
			},
			"children": [
				{
					"name": "bottom",
					"from": [ -6.0, 0.1, -5.0 ],
					"to": [ 6.0, 1.1, 5.0 ],
					"rotationOrigin": [ -6.0, 0.1, -5.0 ],
					"faces": {
						"up": { "texture": "#plain", "uv": [ 2.0, 2.5, 14.0, 12.5 ] },
						"down": { "texture": "#ebony1", "uv": [ 0.0, 0.0, 12.0, 10.0 ] }
					}
				},
				{
					"name": "chestside",
					"from": [ -6.5, 0.0, -5.0 ],
					"to": [ -5.5, 8.0, 5.0 ],
					"rotationOrigin": [ -6.5, 0.0, -5.0 ],
					"faces": {
						"east": { "texture": "#ebony1", "uv": [ 3.5, 4.5, 13.5, 12.5 ] },
						"west": { "texture": "#ebony1", "uv": [ 2.0, 4.0, 12.0, 12.0 ] },
						"up": { "texture": "#ebony", "uv": [ 0.0, 0.0, 1.0, 10.0 ] },
						"down": { "texture": "#ebony1", "uv": [ 0.0, 0.0, 1.0, 10.0 ] }
					}
				},
				{
					"name": "chestside2",
					"from": [ -5.5, 0.0, -6.0 ],
					"to": [ 5.5, 8.0, -5.0 ],
					"rotationOrigin": [ -5.5, 0.0, -6.0 ],
					"faces": {
						"north": { "texture": "#ebony1", "uv": [ 2.0, 4.0, 13.0, 12.0 ] },
						"south": { "texture": "#ebony1", "uv": [ 3.0, 4.5, 14.0, 12.5 ] },
						"up": { "texture": "#ebony1", "uv": [ 4.5, 5.0, 15.5, 6.0 ] },
						"down": { "texture": "#ebony1", "uv": [ 0.0, 0.0, 11.0, 1.0 ] }
					}
				},
				{
					"name": "corner1",
					"from": [ -6.5, 0.0, -6.0 ],
					"to": [ -5.5, 7.99, -5.0 ],
					"rotationOrigin": [ -6.5, 0.0, -6.0 ],
					"faces": {
						"north": { "texture": "#ebony", "uv": [ 15.0, 0.0, 16.0, 7.5 ] },
						"west": { "texture": "#ebony", "uv": [ 0.0, 0.0, 1.0, 7.5 ] },
						"up": { "texture": "#ebony", "uv": [ 0.0, 0.0, 1.0, 1.0 ] },
						"down": { "texture": "#ebony", "uv": [ 0.0, 0.0, 1.0, 1.0 ] }
					}
				},
				{
					"name": "chestside3",
					"from": [ 5.5, 0.0, -5.0 ],
					"to": [ 6.5, 8.0, 5.0 ],
					"rotationOrigin": [ 5.5, 0.0, -5.0 ],
					"faces": {
						"east": { "texture": "#ebony1", "uv": [ 0.0, 4.0, 10.0, 12.0 ] },
						"west": { "texture": "#ebony1", "uv": [ 1.0, 5.0, 11.0, 13.0 ] },
						"up": { "texture": "#ebony", "uv": [ 0.0, 0.0, 1.0, 10.0 ] },
						"down": { "texture": "#ebony1", "uv": [ 0.0, 0.0, 1.0, 10.0 ] }
					}
				},
				{
					"name": "chestside4",
					"from": [ -5.5, 0.0, 5.0 ],
					"to": [ 5.5, 8.0, 6.0 ],
					"rotationOrigin": [ -5.5, 0.0, 5.0 ],
					"faces": {
						"north": { "texture": "#ebony1", "uv": [ 2.5, 4.5, 13.5, 12.5 ] },
						"south": { "texture": "#ebony1", "uv": [ 1.5, 4.0, 12.5, 12.0 ] },
						"up": { "texture": "#ebony1", "uv": [ 3.0, 5.0, 14.0, 6.0 ] },
						"down": { "texture": "#ebony1", "uv": [ 0.0, 0.0, 11.0, 1.0 ] }
					}
				},
				{
					"name": "corner2",
					"from": [ 5.5, 0.0, -6.0 ],
					"to": [ 6.5, 7.99, -5.0 ],
					"rotationOrigin": [ 5.5, 0.0, -6.0 ],
					"faces": {
						"north": { "texture": "#ebony", "uv": [ 0.0, 0.0, 1.0, 7.5 ] },
						"east": { "texture": "#ebony", "uv": [ 15.0, 0.0, 16.0, 7.5 ] },
						"up": { "texture": "#ebony", "uv": [ 0.0, 0.0, 1.0, 1.0 ] },
						"down": { "texture": "#ebony", "uv": [ 0.0, 0.0, 1.0, 1.0 ] }
					}
				},
				{
					"name": "corner3",
					"from": [ 5.5, 0.0, 5.0 ],
					"to": [ 6.5, 7.99, 6.0 ],
					"rotationOrigin": [ 5.5, 0.0, 5.0 ],
					"faces": {
						"east": { "texture": "#ebony", "uv": [ 0.0, 8.0, 1.0, 15.5 ] },
						"south": { "texture": "#ebony", "uv": [ 15.0, 8.0, 16.0, 15.5 ] },
						"up": { "texture": "#ebony", "uv": [ 0.0, 0.0, 1.0, 1.0 ] },
						"down": { "texture": "#ebony", "uv": [ 0.0, 0.0, 1.0, 1.0 ] }
					}
				},
				{
					"name": "corner4",
					"from": [ -6.5, 0.0, 5.0 ],
					"to": [ -5.5, 7.99, 6.0 ],
					"rotationOrigin": [ -6.5, 0.0, 5.0 ],
					"faces": {
						"south": { "texture": "#ebony", "uv": [ 0.0, 0.0, 1.0, 7.5 ] },
						"west": { "texture": "#ebony", "uv": [ 15.0, 0.0, 16.0, 7.5 ] },
						"up": { "texture": "#ebony", "uv": [ 0.0, 0.0, 1.0, 1.0 ] },
						"down": { "texture": "#ebony", "uv": [ 0.0, 0.0, 1.0, 1.0 ] }
					}
				},
				{
					"name": "golddetail",
					"from": [ -6.7, -0.1, 5.2 ],
					"to": [ -5.7, 1.5, 6.2 ],
					"rotationOrigin": [ -6.7, -0.1, 5.2 ],
					"faces": {
						"north": { "texture": "#gold2", "uv": [ 0.0, 0.0, 1.0, 1.5 ], "windMode": [-1,-1,-1,-1] },
						"east": { "texture": "#gold2", "uv": [ 0.0, 0.0, 1.0, 1.5 ], "windMode": [-1,-1,-1,-1] },
						"south": { "texture": "#gold2", "uv": [ 0.0, 0.0, 1.0, 1.5 ] },
						"west": { "texture": "#gold2", "uv": [ 15.0, 0.0, 16.0, 1.5 ] },
						"up": { "texture": "#gold2", "uv": [ 0.0, 0.0, 1.0, 1.0 ] },
						"down": { "texture": "#gold2", "uv": [ 0.0, 0.0, 1.0, 1.0 ] }
					}
				},
				{
					"name": "golddetail2",
					"from": [ -6.7, 6.5, 5.2 ],
					"to": [ -5.7, 8.0, 6.2 ],
					"rotationOrigin": [ -6.7, 6.5, 5.2 ],
					"faces": {
						"north": { "texture": "#gold2", "uv": [ 0.0, 0.0, 1.0, 1.5 ], "windMode": [-1,-1,-1,-1] },
						"east": { "texture": "#gold2", "uv": [ 0.0, 0.0, 1.0, 1.5 ], "windMode": [-1,-1,-1,-1] },
						"south": { "texture": "#gold2", "uv": [ 0.0, 0.0, 1.0, 1.5 ] },
						"west": { "texture": "#gold2", "uv": [ 15.0, 0.0, 16.0, 1.5 ] },
						"up": { "texture": "#gold2", "uv": [ 0.0, 0.0, 1.0, 1.0 ] },
						"down": { "texture": "#gold2", "uv": [ 0.0, 0.0, 1.0, 1.0 ] }
					}
				},
				{
					"name": "golddetail4",
					"from": [ -6.7, 5.0, 5.7 ],
					"to": [ -6.2, 6.5, 6.2 ],
					"rotationOrigin": [ -6.7, 5.0, 5.7 ],
					"faces": {
						"north": { "texture": "#gold2", "uv": [ 0.0, 0.0, 0.5, 1.5 ], "windMode": [-1,-1,-1,-1] },
						"east": { "texture": "#gold2", "uv": [ 0.0, 0.0, 0.5, 1.5 ], "windMode": [-1,-1,-1,-1] },
						"south": { "texture": "#gold2", "uv": [ 0.0, 0.0, 0.5, 1.5 ] },
						"west": { "texture": "#gold2", "uv": [ 15.0, 0.0, 15.5, 1.5 ] },
						"up": { "texture": "#gold2", "uv": [ 0.0, 0.0, 0.5, 0.5 ] },
						"down": { "texture": "#gold2", "uv": [ 0.0, 0.0, 0.5, 0.5 ] }
					}
				},
				{
					"name": "golddetail5",
					"from": [ 5.7, -0.1, 5.2 ],
					"to": [ 6.7, 1.5, 6.2 ],
					"rotationOrigin": [ 5.7, -0.1, 5.2 ],
					"faces": {
						"north": { "texture": "#gold2", "uv": [ 0.0, 0.0, 1.0, 1.5 ], "windMode": [-1,-1,-1,-1] },
						"east": { "texture": "#gold2", "uv": [ 0.0, 0.0, 1.0, 1.5 ], "windMode": [-1,-1,-1,-1] },
						"south": { "texture": "#gold2", "uv": [ 0.0, 0.0, 1.0, 1.5 ] },
						"west": { "texture": "#gold2", "uv": [ 15.0, 0.0, 16.0, 1.5 ] },
						"up": { "texture": "#gold2", "uv": [ 0.0, 0.0, 1.0, 1.0 ] },
						"down": { "texture": "#gold2", "uv": [ 0.0, 0.0, 1.0, 1.0 ] }
					}
				},
				{
					"name": "golddetail6",
					"from": [ 6.2, 5.0, 5.7 ],
					"to": [ 6.7, 6.5, 6.2 ],
					"rotationOrigin": [ 6.2, 5.0, 5.7 ],
					"faces": {
						"north": { "texture": "#gold2", "uv": [ 0.0, 0.0, 0.5, 1.5 ], "windMode": [-1,-1,-1,-1] },
						"east": { "texture": "#gold2", "uv": [ 0.0, 0.0, 0.5, 1.5 ], "windMode": [-1,-1,-1,-1] },
						"south": { "texture": "#gold2", "uv": [ 0.0, 0.0, 0.5, 1.5 ] },
						"west": { "texture": "#gold2", "uv": [ 15.0, 0.0, 15.5, 1.5 ] },
						"up": { "texture": "#gold2", "uv": [ 0.0, 0.0, 0.5, 0.5 ] },
						"down": { "texture": "#gold2", "uv": [ 0.0, 0.0, 0.5, 0.5 ] }
					}
				},
				{
					"name": "golddetail8",
					"from": [ 5.7, 6.5, 5.2 ],
					"to": [ 6.7, 8.0, 6.2 ],
					"rotationOrigin": [ 5.7, 6.5, 5.2 ],
					"faces": {
						"north": { "texture": "#gold2", "uv": [ 0.0, 0.0, 1.0, 1.5 ], "windMode": [-1,-1,-1,-1] },
						"east": { "texture": "#gold2", "uv": [ 0.0, 0.0, 1.0, 1.5 ], "windMode": [-1,-1,-1,-1] },
						"south": { "texture": "#gold2", "uv": [ 0.0, 0.0, 1.0, 1.5 ] },
						"west": { "texture": "#gold2", "uv": [ 15.0, 0.0, 16.0, 1.5 ] },
						"up": { "texture": "#gold2", "uv": [ 0.0, 0.0, 1.0, 1.0 ] },
						"down": { "texture": "#gold2", "uv": [ 0.0, 0.0, 1.0, 1.0 ] }
					}
				},
				{
					"name": "golddetail9",
					"from": [ 5.7, 6.5, -6.2 ],
					"to": [ 6.7, 8.0, -5.2 ],
					"rotationOrigin": [ 5.7, 6.5, -6.2 ],
					"faces": {
						"north": { "texture": "#gold2", "uv": [ 0.0, 0.0, 1.0, 1.5 ], "windMode": [-1,-1,-1,-1] },
						"east": { "texture": "#gold2", "uv": [ 0.0, 0.0, 1.0, 1.5 ], "windMode": [-1,-1,-1,-1] },
						"south": { "texture": "#gold2", "uv": [ 0.0, 0.0, 1.0, 1.5 ] },
						"west": { "texture": "#gold2", "uv": [ 15.0, 0.0, 16.0, 1.5 ] },
						"up": { "texture": "#gold2", "uv": [ 0.0, 0.0, 1.0, 1.0 ] },
						"down": { "texture": "#gold2", "uv": [ 0.0, 0.0, 1.0, 1.0 ] }
					}
				},
				{
					"name": "golddetail11",
					"from": [ 6.2, 5.0, -6.2 ],
					"to": [ 6.7, 6.5, -5.7 ],
					"rotationOrigin": [ 6.2, 5.0, -6.2 ],
					"faces": {
						"north": { "texture": "#gold2", "uv": [ 0.0, 0.0, 0.5, 1.5 ], "windMode": [-1,-1,-1,-1] },
						"east": { "texture": "#gold2", "uv": [ 0.0, 0.0, 0.5, 1.5 ], "windMode": [-1,-1,-1,-1] },
						"south": { "texture": "#gold2", "uv": [ 0.0, 0.0, 0.5, 1.5 ] },
						"west": { "texture": "#gold2", "uv": [ 15.0, 0.0, 15.5, 1.5 ] },
						"up": { "texture": "#gold2", "uv": [ 0.0, 0.0, 0.5, 0.5 ] },
						"down": { "texture": "#gold2", "uv": [ 0.0, 0.0, 0.5, 0.5 ] }
					}
				},
				{
					"name": "golddetail12",
					"from": [ 5.7, -0.1, -6.2 ],
					"to": [ 6.7, 1.5, -5.2 ],
					"rotationOrigin": [ 5.7, -0.1, -6.2 ],
					"faces": {
						"north": { "texture": "#gold2", "uv": [ 0.0, 0.0, 1.0, 1.5 ], "windMode": [-1,-1,-1,-1] },
						"east": { "texture": "#gold2", "uv": [ 0.0, 0.0, 1.0, 1.5 ], "windMode": [-1,-1,-1,-1] },
						"south": { "texture": "#gold2", "uv": [ 0.0, 0.0, 1.0, 1.5 ] },
						"west": { "texture": "#gold2", "uv": [ 15.0, 0.0, 16.0, 1.5 ] },
						"up": { "texture": "#gold2", "uv": [ 0.0, 0.0, 1.0, 1.0 ] },
						"down": { "texture": "#gold2", "uv": [ 0.0, 0.0, 1.0, 1.0 ] }
					}
				},
				{
					"name": "golddetail13",
					"from": [ -6.7, -0.1, -6.2 ],
					"to": [ -5.7, 1.5, -5.2 ],
					"rotationOrigin": [ -6.7, -0.1, -6.2 ],
					"faces": {
						"north": { "texture": "#gold2", "uv": [ 0.0, 0.0, 1.0, 1.5 ], "windMode": [-1,-1,-1,-1] },
						"east": { "texture": "#gold2", "uv": [ 0.0, 0.0, 1.0, 1.5 ], "windMode": [-1,-1,-1,-1] },
						"south": { "texture": "#gold2", "uv": [ 0.0, 0.0, 1.0, 1.5 ] },
						"west": { "texture": "#gold2", "uv": [ 15.0, 0.0, 16.0, 1.5 ] },
						"up": { "texture": "#gold2", "uv": [ 0.0, 0.0, 1.0, 1.0 ] },
						"down": { "texture": "#gold2", "uv": [ 0.0, 0.0, 1.0, 1.0 ] }
					}
				},
				{
					"name": "golddetail14",
					"from": [ -6.7, 6.5, -6.2 ],
					"to": [ -5.7, 8.0, -5.2 ],
					"rotationOrigin": [ -6.7, 6.5, -6.2 ],
					"faces": {
						"north": { "texture": "#gold2", "uv": [ 0.0, 0.0, 1.0, 1.5 ], "windMode": [-1,-1,-1,-1] },
						"east": { "texture": "#gold2", "uv": [ 0.0, 0.0, 1.0, 1.5 ], "windMode": [-1,-1,-1,-1] },
						"south": { "texture": "#gold2", "uv": [ 0.0, 0.0, 1.0, 1.5 ] },
						"west": { "texture": "#gold2", "uv": [ 15.0, 0.0, 16.0, 1.5 ] },
						"up": { "texture": "#gold2", "uv": [ 0.0, 0.0, 1.0, 1.0 ] },
						"down": { "texture": "#gold2", "uv": [ 0.0, 0.0, 1.0, 1.0 ] }
					}
				},
				{
					"name": "golddetail16",
					"from": [ -6.7, 5.0, -6.2 ],
					"to": [ -6.2, 6.5, -5.7 ],
					"rotationOrigin": [ -6.7, 5.0, -6.2 ],
					"faces": {
						"north": { "texture": "#gold2", "uv": [ 0.0, 0.0, 0.5, 1.5 ], "windMode": [-1,-1,-1,-1] },
						"east": { "texture": "#gold2", "uv": [ 0.0, 0.0, 0.5, 1.5 ], "windMode": [-1,-1,-1,-1] },
						"south": { "texture": "#gold2", "uv": [ 0.0, 0.0, 0.5, 1.5 ] },
						"west": { "texture": "#gold2", "uv": [ 15.0, 0.0, 15.5, 1.5 ] },
						"up": { "texture": "#gold2", "uv": [ 0.0, 0.0, 0.5, 0.5 ] },
						"down": { "texture": "#gold2", "uv": [ 0.0, 0.0, 0.5, 0.5 ] }
					}
				},
				{
					"name": "ironpart1",
					"from": [ -0.5, 0.0, 6.0 ],
					"to": [ 0.5, 8.0, 6.5 ],
					"rotationOrigin": [ -0.5, 0.0, 6.0 ],
					"faces": {
						"east": { "texture": "#iron5", "uv": [ 9.5, 3.0, 10.0, 11.0 ], "windMode": [-1,-1,-1,-1] },
						"south": { "texture": "#iron5", "uv": [ 9.0, 8.0, 10.0, 16.0 ] },
						"west": { "texture": "#iron5", "uv": [ 9.5, 3.0, 10.0, 11.0 ] },
						"up": { "texture": "#iron5", "uv": [ 5.5, 4.5, 6.5, 5.0 ] },
						"down": { "texture": "#iron5", "uv": [ 5.5, 6.5, 6.5, 7.0 ] }
					}
				},
				{
					"name": "ironpart2",
					"from": [ -0.5, 0.0, -6.5 ],
					"to": [ 0.5, 8.5, -6.0 ],
					"rotationOrigin": [ -0.5, 0.0, -6.5 ],
					"faces": {
						"north": { "texture": "#iron5", "uv": [ 8.5, 3.0, 9.5, 11.5 ], "windMode": [-1,-1,-1,-1] },
						"east": { "texture": "#iron5", "uv": [ 9.5, 3.0, 10.0, 11.5 ], "windMode": [-1,-1,-1,-1] },
						"west": { "texture": "#iron5", "uv": [ 9.5, 3.0, 10.0, 11.5 ] },
						"up": { "texture": "#iron5", "uv": [ 5.5, 4.5, 6.5, 5.0 ] },
						"down": { "texture": "#iron5", "uv": [ 5.5, 6.5, 6.5, 7.0 ] }
					}
				},
				{
					"name": "goldhandle",
					"from": [ -6.6, 5.0, 1.5 ],
					"to": [ -6.1, 6.0, 2.5 ],
					"rotationOrigin": [ -6.6, 5.0, 1.5 ],
					"faces": {
						"north": { "texture": "#gold2", "uv": [ 0.0, 0.0, 0.5, 1.0 ], "windMode": [-1,-1,-1,-1] },
						"south": { "texture": "#gold2", "uv": [ 0.0, 0.0, 0.5, 1.0 ] },
						"west": { "texture": "#gold2", "uv": [ 15.0, 0.0, 16.0, 1.0 ] },
						"up": { "texture": "#gold2", "uv": [ 0.0, 0.0, 0.5, 1.0 ] },
						"down": { "texture": "#gold2", "uv": [ 0.0, 0.0, 0.5, 1.0 ] }
					}
				},
				{
					"name": "goldhandle2",
					"from": [ -6.6, 5.0, -2.5 ],
					"to": [ -6.1, 6.0, -1.5 ],
					"rotationOrigin": [ -6.6, 5.0, -2.5 ],
					"faces": {
						"north": { "texture": "#gold2", "uv": [ 0.0, 0.0, 0.5, 1.0 ], "windMode": [-1,-1,-1,-1] },
						"south": { "texture": "#gold2", "uv": [ 0.0, 0.0, 0.5, 1.0 ] },
						"west": { "texture": "#gold2", "uv": [ 15.0, 0.0, 16.0, 1.0 ] },
						"up": { "texture": "#gold2", "uv": [ 0.0, 0.0, 0.5, 1.0 ] },
						"down": { "texture": "#gold2", "uv": [ 0.0, 0.0, 0.5, 1.0 ] }
					}
				},
				{
					"name": "ironhandle",
					"from": [ -7.5, 4.5, -2.25 ],
					"to": [ -7.0, 5.0, 2.25 ],
					"rotationOrigin": [ -7.5, 4.5, -2.2 ],
					"faces": {
						"east": { "texture": "#iron5", "uv": [ 4.0, 3.5, 8.5, 4.0 ], "windMode": [-1,-1,-1,-1] },
						"west": { "texture": "#iron5", "uv": [ 6.0, 6.5, 10.5, 7.0 ] },
						"up": { "texture": "#iron5", "uv": [ 5.5, 6.5, 6.0, 11.0 ] },
						"down": { "texture": "#iron5", "uv": [ 3.5, 5.0, 4.0, 9.5 ] }
					}
				},
				{
					"name": "ironhandle2",
					"from": [ -7.51, 4.5, -2.24 ],
					"to": [ -7.01, 5.5, -1.74 ],
					"rotationOrigin": [ -7.7, 4.5, -2.2 ],
					"faces": {
						"north": { "texture": "#iron5", "uv": [ 6.0, 5.0, 6.5, 6.0 ], "windMode": [-1,-1,-1,-1] },
						"east": { "texture": "#iron5", "uv": [ 4.0, 3.5, 4.5, 4.5 ], "windMode": [-1,-1,-1,-1] },
						"south": { "texture": "#iron5", "uv": [ 5.5, 6.0, 6.0, 7.0 ] },
						"west": { "texture": "#iron5", "uv": [ 6.0, 6.5, 6.5, 7.5 ] }
					}
				},
				{
					"name": "ironhandle3",
					"from": [ -7.5, 5.25, -2.25 ],
					"to": [ -6.5, 5.75, -1.75 ],
					"rotationOrigin": [ -7.5, 5.2, -2.2 ],
					"faces": {
						"north": { "texture": "#iron5", "uv": [ 6.0, 5.0, 7.0, 5.5 ], "windMode": [-1,-1,-1,-1] },
						"east": { "texture": "#iron5", "uv": [ 4.0, 3.5, 4.5, 4.0 ], "windMode": [-1,-1,-1,-1] },
						"south": { "texture": "#iron5", "uv": [ 5.5, 6.0, 6.5, 6.5 ] },
						"west": { "texture": "#iron5", "uv": [ 6.0, 6.5, 6.5, 7.0 ] },
						"up": { "texture": "#iron5", "uv": [ 5.5, 6.5, 6.5, 7.0 ] },
						"down": { "texture": "#iron5", "uv": [ 3.5, 5.0, 4.5, 5.5 ] }
					}
				},
				{
					"name": "ironhandle4",
					"from": [ -7.5, 5.25, 1.75 ],
					"to": [ -6.5, 5.75, 2.25 ],
					"rotationOrigin": [ -7.5, 5.2, 1.8 ],
					"faces": {
						"north": { "texture": "#iron5", "uv": [ 6.0, 5.0, 7.0, 5.5 ], "windMode": [-1,-1,-1,-1] },
						"east": { "texture": "#iron5", "uv": [ 4.0, 3.5, 4.5, 4.0 ], "windMode": [-1,-1,-1,-1] },
						"south": { "texture": "#iron5", "uv": [ 5.5, 6.0, 6.5, 6.5 ] },
						"west": { "texture": "#iron5", "uv": [ 6.0, 6.5, 6.5, 7.0 ] },
						"up": { "texture": "#iron5", "uv": [ 5.5, 6.5, 6.5, 7.0 ] },
						"down": { "texture": "#iron5", "uv": [ 3.5, 5.0, 4.5, 5.5 ] }
					}
				},
				{
					"name": "ironhandle5",
					"from": [ -7.51, 4.5, 1.74 ],
					"to": [ -7.01, 5.5, 2.24 ],
					"rotationOrigin": [ -7.7, 4.5, 1.8 ],
					"faces": {
						"north": { "texture": "#iron5", "uv": [ 6.0, 5.0, 6.5, 6.0 ], "windMode": [-1,-1,-1,-1] },
						"east": { "texture": "#iron5", "uv": [ 4.0, 3.5, 4.5, 4.5 ], "windMode": [-1,-1,-1,-1] },
						"south": { "texture": "#iron5", "uv": [ 5.5, 6.0, 6.0, 7.0 ] },
						"west": { "texture": "#iron5", "uv": [ 6.0, 6.5, 6.5, 7.5 ] }
					}
				},
				{
					"name": "goldhandle3",
					"from": [ 6.1, 5.0, 1.5 ],
					"to": [ 6.6, 6.0, 2.5 ],
					"rotationOrigin": [ 6.1, 5.0, 1.5 ],
					"faces": {
						"north": { "texture": "#gold2", "uv": [ 0.0, 0.0, 0.5, 1.0 ], "windMode": [-1,-1,-1,-1] },
						"east": { "texture": "#gold2", "uv": [ 0.0, 0.0, 1.0, 1.0 ], "windMode": [-1,-1,-1,-1] },
						"south": { "texture": "#gold2", "uv": [ 0.0, 0.0, 0.5, 1.0 ] },
						"up": { "texture": "#gold2", "uv": [ 0.0, 0.0, 0.5, 1.0 ] },
						"down": { "texture": "#gold2", "uv": [ 0.0, 0.0, 0.5, 1.0 ] }
					}
				},
				{
					"name": "goldhandle4",
					"from": [ 6.1, 5.0, -2.5 ],
					"to": [ 6.6, 6.0, -1.5 ],
					"rotationOrigin": [ 6.1, 5.0, -2.5 ],
					"faces": {
						"north": { "texture": "#gold2", "uv": [ 0.0, 0.0, 0.5, 1.0 ], "windMode": [-1,-1,-1,-1] },
						"east": { "texture": "#gold2", "uv": [ 0.0, 0.0, 1.0, 1.0 ], "windMode": [-1,-1,-1,-1] },
						"south": { "texture": "#gold2", "uv": [ 0.0, 0.0, 0.5, 1.0 ] },
						"up": { "texture": "#gold2", "uv": [ 0.0, 0.0, 0.5, 1.0 ] },
						"down": { "texture": "#gold2", "uv": [ 0.0, 0.0, 0.5, 1.0 ] }
					}
				},
				{
					"name": "ironhandle6",
					"from": [ 6.99, 4.5, 1.74 ],
					"to": [ 7.49, 5.5, 2.24 ],
					"rotationOrigin": [ 6.8, 4.5, 1.8 ],
					"faces": {
						"north": { "texture": "#iron5", "uv": [ 6.0, 5.0, 6.5, 6.0 ], "windMode": [-1,-1,-1,-1] },
						"east": { "texture": "#iron5", "uv": [ 4.0, 3.5, 4.5, 4.5 ], "windMode": [-1,-1,-1,-1] },
						"south": { "texture": "#iron5", "uv": [ 5.5, 6.0, 6.0, 7.0 ] },
						"west": { "texture": "#iron5", "uv": [ 6.0, 6.5, 6.5, 7.5 ] }
					}
				},
				{
					"name": "ironhandle7",
					"from": [ 6.5, 5.25, 1.75 ],
					"to": [ 7.5, 5.75, 2.25 ],
					"rotationOrigin": [ 6.5, 5.2, 1.8 ],
					"faces": {
						"north": { "texture": "#iron5", "uv": [ 6.0, 5.0, 7.0, 5.5 ], "windMode": [-1,-1,-1,-1] },
						"east": { "texture": "#iron5", "uv": [ 4.0, 3.5, 4.5, 4.0 ], "windMode": [-1,-1,-1,-1] },
						"south": { "texture": "#iron5", "uv": [ 5.5, 6.0, 6.5, 6.5 ] },
						"west": { "texture": "#iron5", "uv": [ 6.0, 6.5, 6.5, 7.0 ] },
						"up": { "texture": "#iron5", "uv": [ 5.5, 6.5, 6.5, 7.0 ] },
						"down": { "texture": "#iron5", "uv": [ 3.5, 5.0, 4.5, 5.5 ] }
					}
				},
				{
					"name": "ironhandle8",
					"from": [ 6.5, 5.25, -2.25 ],
					"to": [ 7.5, 5.75, -1.75 ],
					"rotationOrigin": [ 6.5, 5.2, -2.2 ],
					"faces": {
						"north": { "texture": "#iron5", "uv": [ 6.0, 5.0, 7.0, 5.5 ], "windMode": [-1,-1,-1,-1] },
						"east": { "texture": "#iron5", "uv": [ 4.0, 3.5, 4.5, 4.0 ], "windMode": [-1,-1,-1,-1] },
						"south": { "texture": "#iron5", "uv": [ 5.5, 6.0, 6.5, 6.5 ] },
						"west": { "texture": "#iron5", "uv": [ 6.0, 6.5, 6.5, 7.0 ] },
						"up": { "texture": "#iron5", "uv": [ 5.5, 6.5, 6.5, 7.0 ] },
						"down": { "texture": "#iron5", "uv": [ 3.5, 5.0, 4.5, 5.5 ] }
					}
				},
				{
					"name": "ironhandle9",
					"from": [ 6.99, 4.5, -2.24 ],
					"to": [ 7.49, 5.5, -1.74 ],
					"rotationOrigin": [ 6.8, 4.5, -2.2 ],
					"faces": {
						"north": { "texture": "#iron5", "uv": [ 6.0, 5.0, 6.5, 6.0 ], "windMode": [-1,-1,-1,-1] },
						"east": { "texture": "#iron5", "uv": [ 4.0, 3.5, 4.5, 4.5 ], "windMode": [-1,-1,-1,-1] },
						"south": { "texture": "#iron5", "uv": [ 5.5, 6.0, 6.0, 7.0 ] },
						"west": { "texture": "#iron5", "uv": [ 6.0, 6.5, 6.5, 7.5 ] }
					}
				},
				{
					"name": "ironhandle10",
					"from": [ 7.0, 4.5, -2.25 ],
					"to": [ 7.5, 5.0, 2.25 ],
					"rotationOrigin": [ 7.0, 4.5, -2.2 ],
					"faces": {
						"east": { "texture": "#iron5", "uv": [ 4.0, 3.5, 8.5, 4.0 ], "windMode": [-1,-1,-1,-1] },
						"west": { "texture": "#iron5", "uv": [ 6.0, 6.5, 10.5, 7.0 ] },
						"up": { "texture": "#iron5", "uv": [ 5.5, 6.5, 6.0, 11.0 ] },
						"down": { "texture": "#iron5", "uv": [ 3.5, 5.0, 4.0, 9.5 ] }
					}
				},
				{
					"name": "lidcorner5",
					"from": [ -6.6, 0.11, -6.1 ],
					"to": [ 6.6, 0.51, 6.1 ],
					"rotationOrigin": [ -6.6, 0.1, -6.1 ],
					"faces": {
						"north": { "texture": "#iron5", "uv": [ 1.5, 7.5, 14.5, 8.0 ] },
						"east": { "texture": "#iron5", "uv": [ 1.5, 8.0, 13.5, 8.5 ] },
						"south": { "texture": "#iron5", "uv": [ 1.5, 7.5, 14.5, 8.0 ] },
						"west": { "texture": "#iron5", "uv": [ 2.5, 7.5, 14.5, 8.0 ] },
						"up": { "texture": "#iron5", "uv": [ 1.0, 3.0, 14.0, 15.0 ] },
						"down": { "texture": "#iron5", "uv": [ 1.0, 2.0, 14.0, 14.0 ] }
					}
				}
			]
		},
		{
			"name": "lidorigin",
			"from": [ 8.0, 8.0, 2.0 ],
			"to": [ 8.0, 8.0, 2.0 ],
			"rotationOrigin": [ 8.0, 8.0, 2.0 ],
			"faces": {
			},
			"children": [
				{
					"name": "lidside",
					"from": [ -6.5, 0.01, 0.0 ],
					"to": [ -5.5, 0.44, 12.0 ],
					"rotationOrigin": [ -6.5, 0.0, 0.0 ],
					"faces": {
						"north": { "texture": "#ebony1", "uv": [ 0.0, 0.0, 1.0, 0.5 ] },
						"east": { "texture": "#ebony1", "uv": [ 0.0, 0.0, 12.0, 0.5 ] },
						"south": { "texture": "#ebony1", "uv": [ 0.0, 0.0, 1.0, 0.5 ] },
						"west": { "texture": "#ebony1", "uv": [ 0.0, 0.0, 12.0, 0.5 ] },
						"down": { "texture": "#ebony1", "uv": [ 0.0, 0.0, 1.0, 12.0 ] }
					}
				},
				{
					"name": "lidside2",
					"from": [ -6.49, 0.0, 0.41 ],
					"to": [ 6.51, 0.6, 3.91 ],
					"rotationOrigin": [ -6.4, 0.0, 0.41 ],
					"rotationX": -45.0,
					"faces": {
						"east": { "texture": "#ebony1", "uv": [ 0.0, 0.0, 3.5, 0.5 ] },
						"west": { "texture": "#ebony1", "uv": [ 0.0, 0.0, 3.5, 0.5 ] },
						"up": { "texture": "#ebony1", "uv": [ 1.5, 0.0, 14.5, 3.5 ] },
						"down": { "texture": "#ebony1", "uv": [ 0.0, 0.0, 13.0, 3.5 ] }
					}
				},
				{
					"name": "lidside3",
					"from": [ -6.5, 2.35, 2.75 ],
					"to": [ 6.5, 2.95, 6.5 ],
					"rotationOrigin": [ -6.5, 2.2, 2.7 ],
					"rotationX": -22.5,
					"faces": {
						"north": { "texture": "#ebony1", "uv": [ 0.0, 0.0, 13.0, 0.5 ], "windMode": [-1,-1,-1,-1] },
						"east": { "texture": "#ebony1", "uv": [ 0.0, 0.0, 3.5, 0.5 ] },
						"west": { "texture": "#ebony1", "uv": [ 0.0, 0.0, 3.5, 0.5 ] },
						"up": { "texture": "#ebony1", "uv": [ 3.0, 0.0, 16.0, 3.5 ] },
						"down": { "texture": "#ebony1", "uv": [ 0.0, 0.0, 13.0, 3.5 ] }
					}
				},
				{
					"name": "lidside4",
					"from": [ -6.49, 0.0, 8.1 ],
					"to": [ 6.51, 0.6, 11.6 ],
					"rotationOrigin": [ -6.4, 0.0, 11.6 ],
					"rotationX": 45.0,
					"faces": {
						"north": { "texture": "#ebony1", "uv": [ 1.5, 5.5, 14.5, 6.0 ], "windMode": [-1,-1,-1,-1] },
						"east": { "texture": "#ebony1", "uv": [ 0.0, 0.0, 3.5, 0.5 ] },
						"west": { "texture": "#ebony1", "uv": [ 0.0, 0.0, 3.5, 0.5 ] },
						"up": { "texture": "#ebony1", "uv": [ 1.5, 0.0, 14.5, 3.5 ] },
						"down": { "texture": "#ebony1", "uv": [ 0.0, 0.0, 13.0, 3.5 ] }
					}
				},
				{
					"name": "lidside5",
					"from": [ -6.505, 2.35, 5.55 ],
					"to": [ 6.495, 2.95, 9.3 ],
					"rotationOrigin": [ -6.5, 2.35, 9.3 ],
					"rotationX": 22.5,
					"faces": {
						"east": { "texture": "#ebony1", "uv": [ 0.0, 0.0, 3.5, 0.5 ] },
						"south": { "texture": "#ebony1", "uv": [ 0.0, 0.0, 13.0, 0.5 ], "windMode": [-1,-1,-1,-1] },
						"west": { "texture": "#ebony1", "uv": [ 0.0, 0.0, 3.5, 0.5 ] },
						"up": { "texture": "#ebony1", "uv": [ 0.0, 0.0, 13.0, 3.5 ] },
						"down": { "texture": "#ebony1", "uv": [ 0.0, 0.0, 13.0, 3.5 ] }
					}
				},
				{
					"name": "lidup",
					"from": [ -6.501, 3.65, 5.9 ],
					"to": [ 6.499, 4.35, 6.1 ],
					"rotationOrigin": [ -6.5, 3.6, 5.9 ],
					"faces": {
						"north": { "texture": "#ebony1", "uv": [ 0.0, 0.0, 13.0, 0.5 ] },
						"east": { "texture": "#ebony1", "uv": [ 0.0, 0.0, 0.5, 0.5 ] },
						"south": { "texture": "#ebony1", "uv": [ 0.0, 0.0, 13.0, 0.5 ] },
						"west": { "texture": "#ebony1", "uv": [ 0.0, 0.0, 0.5, 0.5 ] },
						"up": { "texture": "#ebony1", "uv": [ 0.0, 0.0, 13.0, 0.5 ] }
					}
				},
				{
					"name": "lidside6",
					"from": [ 5.5, 0.01, 0.0 ],
					"to": [ 6.5, 0.44, 12.0 ],
					"rotationOrigin": [ 5.5, 0.0, 0.0 ],
					"faces": {
						"north": { "texture": "#ebony1", "uv": [ 0.0, 0.0, 1.0, 0.5 ] },
						"east": { "texture": "#ebony1", "uv": [ 0.0, 0.0, 12.0, 0.5 ] },
						"south": { "texture": "#ebony1", "uv": [ 0.0, 0.0, 1.0, 0.5 ] },
						"west": { "texture": "#ebony1", "uv": [ 0.0, 0.0, 12.0, 0.5 ] },
						"down": { "texture": "#ebony1", "uv": [ 0.0, 0.0, 1.0, 12.0 ] }
					}
				},
				{
					"name": "lidside7",
					"from": [ -5.5, 0.0, 0.0 ],
					"to": [ 5.5, 0.43, 1.0 ],
					"rotationOrigin": [ -5.5, 0.0, 0.0 ],
					"faces": {
						"north": { "texture": "#ebony1", "uv": [ 0.0, 0.0, 11.0, 0.5 ] }
					}
				},
				{
					"name": "lidside8",
					"from": [ -5.5, 0.0, 11.0 ],
					"to": [ 5.5, 0.43, 12.0 ],
					"rotationOrigin": [ -5.5, 0.0, 11.0 ],
					"faces": {
						"south": { "texture": "#ebony1", "uv": [ 0.0, 0.0, 11.0, 0.5 ] }
					}
				},
				{
					"name": "lidcorner",
					"from": [ -6.7, 0.0, -0.2 ],
					"to": [ -5.7, 0.4, 11.2 ],
					"rotationOrigin": [ -6.7, 0.0, -0.2 ],
					"faces": {
						"north": { "texture": "#iron5", "uv": [ 6.0, 4.0, 7.0, 4.5 ] },
						"east": { "texture": "#iron5", "uv": [ 3.0, 6.5, 14.0, 7.0 ] },
						"south": { "texture": "#iron5", "uv": [ 5.5, 5.5, 6.5, 6.0 ] },
						"west": { "texture": "#iron5", "uv": [ 0.5, 8.0, 11.5, 8.5 ] },
						"up": { "texture": "#iron5", "uv": [ 5.5, 1.0, 6.5, 12.0 ] },
						"down": { "texture": "#iron5", "uv": [ 10.0, 2.0, 11.0, 13.0 ] }
					}
				},
				{
					"name": "lidside9",
					"from": [ -6.48, 0.2, 0.8 ],
					"to": [ -5.48, 1.2, 11.2 ],
					"rotationOrigin": [ -6.4, 0.2, 0.8 ],
					"faces": {
						"east": { "texture": "#ebony1", "uv": [ 6.0, 5.0, 16.0, 6.0 ] },
						"west": { "texture": "#ebony1", "uv": [ 6.0, 5.0, 16.0, 6.0 ] }
					}
				},
				{
					"name": "lidside10",
					"from": [ -6.48, 1.2, 1.5 ],
					"to": [ -5.48, 1.7, 10.5 ],
					"rotationOrigin": [ -6.4, 1.2, 1.5 ],
					"faces": {
						"east": { "texture": "#ebony1", "uv": [ 0.0, 0.0, 9.0, 0.5 ] },
						"west": { "texture": "#ebony1", "uv": [ 0.5, 1.5, 9.5, 2.0 ] }
					}
				},
				{
					"name": "lidside11",
					"from": [ -6.48, 1.7, 2.0 ],
					"to": [ -5.48, 2.2, 10.0 ],
					"rotationOrigin": [ -6.4, 1.7, 2.0 ],
					"faces": {
						"east": { "texture": "#ebony1", "uv": [ 0.0, 0.0, 8.0, 0.5 ] },
						"west": { "texture": "#ebony1", "uv": [ 7.5, 4.5, 15.5, 5.0 ] }
					}
				},
				{
					"name": "lidside12",
					"from": [ -6.48, 2.2, 2.5 ],
					"to": [ -5.48, 2.7, 9.5 ],
					"rotationOrigin": [ -6.4, 2.2, 2.5 ],
					"faces": {
						"east": { "texture": "#ebony1", "uv": [ 0.0, 0.0, 7.0, 0.5 ] },
						"west": { "texture": "#ebony1", "uv": [ 3.5, 1.5, 10.5, 2.0 ] }
					}
				},
				{
					"name": "lidside13",
					"from": [ -6.48, 2.7, 3.5 ],
					"to": [ -5.48, 3.2, 8.5 ],
					"rotationOrigin": [ -6.4, 2.7, 3.5 ],
					"faces": {
						"east": { "texture": "#ebony1", "uv": [ 0.0, 0.0, 5.0, 0.5 ] },
						"west": { "texture": "#ebony1", "uv": [ 0.0, 0.0, 5.0, 0.5 ] }
					}
				},
				{
					"name": "lidside14",
					"from": [ -6.48, 3.2, 4.5 ],
					"to": [ -5.48, 3.7, 7.5 ],
					"rotationOrigin": [ -6.4, 3.2, 4.5 ],
					"faces": {
						"east": { "texture": "#ebony1", "uv": [ 0.0, 0.0, 3.0, 0.5 ] },
						"west": { "texture": "#ebony1", "uv": [ 0.0, 0.0, 3.0, 0.5 ] }
					}
				},
				{
					"name": "lidcorner2",
					"from": [ -6.7, 0.0, 11.2 ],
					"to": [ 5.7, 0.4, 12.2 ],
					"rotationOrigin": [ -6.7, 0.0, 11.2 ],
					"faces": {
						"north": { "texture": "#iron5", "uv": [ 2.0, 8.0, 14.0, 8.5 ] },
						"east": { "texture": "#iron5", "uv": [ 5.5, 6.5, 6.5, 7.0 ] },
						"south": { "texture": "#iron5", "uv": [ 2.5, 7.5, 14.5, 8.0 ] },
						"west": { "texture": "#iron5", "uv": [ 5.0, 6.0, 6.0, 6.5 ] },
						"up": { "texture": "#iron5", "uv": [ 1.5, 7.5, 13.5, 8.5 ] },
						"down": { "texture": "#iron5", "uv": [ 1.5, 7.0, 13.5, 8.0 ] }
					}
				},
				{
					"name": "lidcorner3",
					"from": [ 5.7, 0.0, 0.8 ],
					"to": [ 6.7, 0.4, 12.2 ],
					"rotationOrigin": [ 5.7, 0.0, 0.8 ],
					"faces": {
						"north": { "texture": "#iron5", "uv": [ 7.5, 7.5, 8.5, 8.0 ] },
						"east": { "texture": "#iron5", "uv": [ 3.0, 9.0, 14.0, 9.5 ] },
						"south": { "texture": "#iron5", "uv": [ 6.5, 7.0, 7.5, 7.5 ] },
						"west": { "texture": "#iron5", "uv": [ 2.0, 8.0, 13.0, 8.5 ] },
						"up": { "texture": "#iron5", "uv": [ 9.0, 2.5, 10.0, 13.5 ] },
						"down": { "texture": "#iron5", "uv": [ 8.0, 2.5, 9.0, 13.5 ] }
					}
				},
				{
					"name": "lidcorner4",
					"from": [ -5.7, 0.0, -0.2 ],
					"to": [ 6.7, 0.4, 0.8 ],
					"rotationOrigin": [ -5.7, 0.0, -0.2 ],
					"faces": {
						"north": { "texture": "#iron5", "uv": [ 2.0, 9.0, 14.0, 9.5 ] },
						"east": { "texture": "#iron5", "uv": [ 7.5, 6.0, 8.5, 6.5 ] },
						"south": { "texture": "#iron5", "uv": [ 2.5, 7.5, 14.5, 8.0 ] },
						"west": { "texture": "#iron5", "uv": [ 5.0, 7.5, 6.0, 8.0 ] },
						"up": { "texture": "#iron5", "uv": [ 2.0, 7.5, 14.0, 8.5 ] },
						"down": { "texture": "#iron5", "uv": [ 3.0, 7.0, 15.0, 8.0 ] }
					}
				},
				{
					"name": "lidside15",
					"from": [ 5.49, 3.2, 4.5 ],
					"to": [ 6.49, 3.7, 7.5 ],
					"rotationOrigin": [ 5.6, 3.2, 4.5 ],
					"faces": {
						"east": { "texture": "#ebony1", "uv": [ 0.0, 0.0, 3.0, 0.5 ] },
						"west": { "texture": "#ebony1", "uv": [ 0.0, 0.0, 3.0, 0.5 ] }
					}
				},
				{
					"name": "lidside16",
					"from": [ 5.49, 2.7, 3.5 ],
					"to": [ 6.49, 3.2, 8.5 ],
					"rotationOrigin": [ 5.6, 2.7, 3.5 ],
					"faces": {
						"east": { "texture": "#ebony1", "uv": [ 2.0, 3.0, 7.0, 3.5 ] },
						"west": { "texture": "#ebony1", "uv": [ 0.0, 0.0, 5.0, 0.5 ] }
					}
				},
				{
					"name": "lidside17",
					"from": [ 5.49, 2.2, 2.5 ],
					"to": [ 6.49, 2.7, 9.5 ],
					"rotationOrigin": [ 5.6, 2.2, 2.5 ],
					"faces": {
						"east": { "texture": "#ebony1", "uv": [ 2.5, 5.0, 9.5, 5.5 ] },
						"west": { "texture": "#ebony1", "uv": [ 0.0, 0.0, 7.0, 0.5 ] }
					}
				},
				{
					"name": "lidside18",
					"from": [ 5.49, 1.7, 2.0 ],
					"to": [ 6.49, 2.2, 10.0 ],
					"rotationOrigin": [ 5.6, 1.7, 2.0 ],
					"faces": {
						"east": { "texture": "#ebony1", "uv": [ 6.5, 3.0, 14.5, 3.5 ] },
						"west": { "texture": "#ebony1", "uv": [ 0.0, 0.0, 8.0, 0.5 ] }
					}
				},
				{
					"name": "lidside19",
					"from": [ 5.49, 1.2, 1.5 ],
					"to": [ 6.49, 1.7, 10.5 ],
					"rotationOrigin": [ 5.6, 1.2, 1.5 ],
					"faces": {
						"east": { "texture": "#ebony1", "uv": [ 7.0, 7.0, 16.0, 7.5 ] },
						"west": { "texture": "#ebony1", "uv": [ 0.5, 0.0, 9.5, 0.5 ] }
					}
				},
				{
					"name": "lidside20",
					"from": [ 5.49, 0.2, 0.8 ],
					"to": [ 6.49, 1.2, 11.2 ],
					"rotationOrigin": [ 5.6, 0.2, 0.8 ],
					"faces": {
						"east": { "texture": "#ebony1", "uv": [ 6.0, 10.5, 16.0, 11.5 ] },
						"west": { "texture": "#ebony1", "uv": [ 0.0, 0.0, 10.0, 1.0 ] }
					}
				},
				{
					"name": "goldlock",
					"from": [ -0.75, -1.5, 12.5 ],
					"to": [ 0.75, 0.5, 13.0 ],
					"rotationOrigin": [ -0.7, -1.5, 12.5 ],
					"faces": {
						"north": { "texture": "#gold2", "uv": [ 0.0, 0.0, 1.5, 2.0 ], "windMode": [-1,-1,-1,-1] },
						"east": { "texture": "#gold2", "uv": [ 0.0, 0.0, 0.5, 2.0 ], "windMode": [-1,-1,-1,-1] },
						"south": { "texture": "#gold2", "uv": [ 8.5, 12.5, 10.0, 14.5 ] },
						"west": { "texture": "#gold2", "uv": [ 15.0, 0.0, 15.5, 2.0 ] },
						"up": { "texture": "#gold2", "uv": [ 0.0, 0.0, 1.5, 0.5 ] },
						"down": { "texture": "#gold2", "uv": [ 0.0, 0.0, 1.5, 0.5 ] }
					}
				},
				{
					"name": "ironlock",
					"from": [ -0.5, 0.0, 11.5 ],
					"to": [ 0.5, 0.4, 12.5 ],
					"rotationOrigin": [ -0.5, 0.0, 11.5 ],
					"faces": {
						"north": { "texture": "#iron5", "uv": [ 5.5, 6.0, 6.5, 6.5 ] },
						"east": { "texture": "#iron5", "uv": [ 5.5, 6.5, 6.5, 7.0 ] },
						"south": { "texture": "#iron5", "uv": [ 7.0, 6.0, 8.0, 6.5 ] },
						"west": { "texture": "#iron5", "uv": [ 5.0, 6.0, 6.0, 6.5 ] },
						"up": { "texture": "#iron5", "uv": [ 4.5, 8.0, 5.5, 9.0 ] },
						"down": { "texture": "#iron5", "uv": [ 5.0, 7.0, 6.0, 8.0 ] }
					}
				},
				{
					"name": "ironlidpart",
					"from": [ -0.51, 0.0, 8.5 ],
					"to": [ 0.49, 0.6, 12.0 ],
					"rotationOrigin": [ -0.51, 0.0, 12.0 ],
					"rotationX": 45.0,
					"faces": {
						"east": { "texture": "#iron5", "uv": [ 7.0, 6.0, 10.5, 6.5 ] },
						"west": { "texture": "#iron5", "uv": [ 3.5, 8.0, 7.0, 8.5 ] },
						"up": { "texture": "#iron5", "uv": [ 5.5, 8.0, 6.5, 11.5 ] },
						"down": { "texture": "#iron5", "uv": [ 7.0, 4.5, 8.0, 8.0 ] }
					}
				},
				{
					"name": "ironlidpart2",
					"from": [ -0.5, 2.46, 5.75 ],
					"to": [ 0.5, 3.06, 9.75 ],
					"rotationOrigin": [ -0.5, 2.46, 9.5 ],
					"rotationX": 22.5,
					"faces": {
						"east": { "texture": "#iron5", "uv": [ 3.0, 4.5, 7.0, 5.0 ] },
						"south": { "texture": "#iron5", "uv": [ 7.0, 7.0, 8.0, 7.5 ], "windMode": [-1,-1,-1,-1] },
						"west": { "texture": "#iron5", "uv": [ 3.5, 10.5, 7.5, 11.0 ] },
						"up": { "texture": "#iron5", "uv": [ 5.5, 5.5, 6.5, 9.5 ] },
						"down": { "texture": "#iron5", "uv": [ 5.5, 3.5, 6.5, 7.5 ] }
					}
				},
				{
					"name": "ironlidpart3",
					"from": [ -0.51, 0.0, -0.1 ],
					"to": [ 0.49, 0.6, 3.4 ],
					"rotationOrigin": [ -0.41, 0.0, -0.1 ],
					"rotationX": -45.0,
					"faces": {
						"east": { "texture": "#iron5", "uv": [ 7.0, 7.0, 10.5, 7.5 ] },
						"west": { "texture": "#iron5", "uv": [ 3.5, 5.5, 7.0, 6.0 ] },
						"up": { "texture": "#iron5", "uv": [ 6.0, 5.0, 7.0, 8.5 ] },
						"down": { "texture": "#iron5", "uv": [ 3.5, 4.0, 4.5, 7.5 ] }
					}
				},
				{
					"name": "ironlidpart4",
					"from": [ -0.5, 2.35, 2.25 ],
					"to": [ 0.5, 2.95, 6.3 ],
					"rotationOrigin": [ -0.5, 2.2, 2.2 ],
					"rotationX": -22.5,
					"faces": {
						"north": { "texture": "#iron5", "uv": [ 6.5, 6.0, 7.5, 6.5 ], "windMode": [-1,-1,-1,-1] },
						"east": { "texture": "#iron5", "uv": [ 7.5, 4.5, 11.5, 5.0 ] },
						"west": { "texture": "#iron5", "uv": [ 4.5, 7.5, 8.5, 8.0 ] },
						"up": { "texture": "#iron5", "uv": [ 7.0, 6.5, 8.0, 10.5 ] },
						"down": { "texture": "#iron5", "uv": [ 8.0, 7.0, 9.0, 11.0 ] }
					}
				},
				{
					"name": "ironup",
					"from": [ -0.51, 4.05, 5.69 ],
					"to": [ 0.51, 4.55, 6.31 ],
					"rotationOrigin": [ -0.5, 4.0, 5.69 ],
					"faces": {
						"north": { "texture": "#gold2", "uv": [ 8.0, 6.5, 9.0, 7.0 ] },
						"east": { "texture": "#gold2", "uv": [ 4.5, 5.0, 5.0, 5.5 ] },
						"south": { "texture": "#gold2", "uv": [ 6.5, 5.5, 7.5, 6.0 ] },
						"west": { "texture": "#gold2", "uv": [ 10.0, 7.5, 10.5, 8.0 ] },
						"up": { "texture": "#gold2", "uv": [ 7.5, 7.0, 8.5, 7.5 ] }
					}
				},
				{
					"name": "ironlidpart5",
					"from": [ -6.51, 0.0, 8.2 ],
					"to": [ -6.01, 0.6, 11.7 ],
					"rotationOrigin": [ -6.51, 0.0, 11.7 ],
					"rotationX": 45.0,
					"faces": {
						"east": { "texture": "#iron5", "uv": [ 7.0, 6.0, 10.5, 6.5 ] },
						"west": { "texture": "#iron5", "uv": [ 3.5, 8.0, 7.0, 8.5 ] },
						"up": { "texture": "#iron5", "uv": [ 5.5, 8.0, 6.0, 11.5 ] },
						"down": { "texture": "#iron5", "uv": [ 7.0, 4.5, 7.5, 8.0 ] }
					}
				},
				{
					"name": "ironlidpart6",
					"from": [ -6.52, 2.46, 5.55 ],
					"to": [ -6.02, 3.06, 9.45 ],
					"rotationOrigin": [ -6.5, 2.46, 9.2 ],
					"rotationX": 22.5,
					"faces": {
						"east": { "texture": "#iron5", "uv": [ 3.0, 4.5, 6.5, 5.0 ] },
						"south": { "texture": "#iron5", "uv": [ 7.0, 7.0, 7.5, 7.5 ], "windMode": [-1,-1,-1,-1] },
						"west": { "texture": "#iron5", "uv": [ 3.5, 10.5, 7.0, 11.0 ] },
						"up": { "texture": "#iron5", "uv": [ 5.5, 5.5, 6.0, 9.0 ] },
						"down": { "texture": "#iron5", "uv": [ 5.5, 3.5, 6.0, 7.0 ] }
					}
				},
				{
					"name": "ironlidpart7",
					"from": [ -6.51, 0.0, 0.3 ],
					"to": [ -6.01, 0.6, 3.8 ],
					"rotationOrigin": [ -6.41, 0.0, 0.3 ],
					"rotationX": -45.0,
					"faces": {
						"east": { "texture": "#iron5", "uv": [ 7.0, 7.0, 10.5, 7.5 ] },
						"west": { "texture": "#iron5", "uv": [ 3.5, 5.5, 7.0, 6.0 ] },
						"up": { "texture": "#iron5", "uv": [ 6.0, 5.0, 6.5, 8.5 ] },
						"down": { "texture": "#iron5", "uv": [ 3.5, 4.0, 4.0, 7.5 ] }
					}
				},
				{
					"name": "ironlidpart8",
					"from": [ -6.53, 2.35, 2.65 ],
					"to": [ -6.03, 2.95, 6.6 ],
					"rotationOrigin": [ -6.5, 2.2, 2.6 ],
					"rotationX": -22.5,
					"faces": {
						"north": { "texture": "#iron5", "uv": [ 6.5, 6.0, 7.0, 6.5 ], "windMode": [-1,-1,-1,-1] },
						"east": { "texture": "#iron5", "uv": [ 7.5, 4.5, 11.0, 5.0 ] },
						"west": { "texture": "#iron5", "uv": [ 4.5, 7.5, 8.0, 8.0 ] },
						"up": { "texture": "#iron5", "uv": [ 7.0, 6.5, 7.5, 10.0 ] },
						"down": { "texture": "#iron5", "uv": [ 8.0, 7.0, 8.5, 10.5 ] }
					}
				},
				{
					"name": "ironup2",
					"from": [ -6.5, 4.05, 5.7 ],
					"to": [ 6.1, 4.45, 6.3 ],
					"rotationOrigin": [ -6.5, 4.0, 5.7 ],
					"faces": {
						"north": { "texture": "#iron5", "uv": [ 1.5, 8.5, 14.0, 9.0 ] },
						"east": { "texture": "#iron5", "uv": [ 8.0, 7.0, 8.5, 7.5 ] },
						"south": { "texture": "#iron5", "uv": [ 1.5, 8.5, 14.0, 9.0 ] },
						"west": { "texture": "#iron5", "uv": [ 8.0, 8.0, 8.5, 8.5 ] },
						"up": { "texture": "#iron5", "uv": [ 1.0, 7.5, 13.5, 8.0 ] }
					}
				},
				{
					"name": "ironlidpart9",
					"from": [ 6.09, 0.0, 0.3 ],
					"to": [ 6.59, 0.6, 3.8 ],
					"rotationOrigin": [ 6.19, 0.0, 0.3 ],
					"rotationX": -45.0,
					"faces": {
						"east": { "texture": "#iron5", "uv": [ 7.0, 7.0, 10.5, 7.5 ] },
						"west": { "texture": "#iron5", "uv": [ 3.5, 5.5, 7.0, 6.0 ] },
						"up": { "texture": "#iron5", "uv": [ 6.0, 5.0, 6.5, 8.5 ] },
						"down": { "texture": "#iron5", "uv": [ 3.5, 4.0, 4.0, 7.5 ] }
					}
				},
				{
					"name": "ironup3",
					"from": [ 6.1, 4.05, 5.7 ],
					"to": [ 6.6, 4.45, 6.3 ],
					"rotationOrigin": [ 6.1, 4.0, 5.7 ],
					"faces": {
						"north": { "texture": "#iron5", "uv": [ 8.0, 6.5, 8.5, 7.0 ] },
						"east": { "texture": "#iron5", "uv": [ 4.5, 5.0, 5.0, 5.5 ] },
						"south": { "texture": "#iron5", "uv": [ 6.5, 5.5, 7.0, 6.0 ] },
						"west": { "texture": "#iron5", "uv": [ 10.0, 7.5, 10.5, 8.0 ] },
						"up": { "texture": "#iron5", "uv": [ 7.5, 7.0, 8.0, 7.5 ] }
					}
				},
				{
					"name": "ironlidpart10",
					"from": [ 6.07, 2.35, 2.65 ],
					"to": [ 6.57, 2.95, 6.6 ],
					"rotationOrigin": [ 6.1, 2.2, 2.6 ],
					"rotationX": -22.5,
					"faces": {
						"north": { "texture": "#iron5", "uv": [ 6.5, 6.0, 7.0, 6.5 ], "windMode": [-1,-1,-1,-1] },
						"east": { "texture": "#iron5", "uv": [ 7.5, 4.5, 11.0, 5.0 ] },
						"west": { "texture": "#iron5", "uv": [ 4.5, 7.5, 8.0, 8.0 ] },
						"up": { "texture": "#iron5", "uv": [ 7.0, 6.5, 7.5, 10.0 ] },
						"down": { "texture": "#iron5", "uv": [ 8.0, 7.0, 8.5, 10.5 ] }
					}
				},
				{
					"name": "ironlidpart11",
					"from": [ 6.08, 2.46, 5.55 ],
					"to": [ 6.58, 3.06, 9.45 ],
					"rotationOrigin": [ 6.1, 2.46, 9.2 ],
					"rotationX": 22.5,
					"faces": {
						"east": { "texture": "#iron5", "uv": [ 3.0, 4.5, 6.5, 5.0 ] },
						"south": { "texture": "#iron5", "uv": [ 7.0, 7.0, 7.5, 7.5 ], "windMode": [-1,-1,-1,-1] },
						"west": { "texture": "#iron5", "uv": [ 3.5, 10.5, 7.0, 11.0 ] },
						"up": { "texture": "#iron5", "uv": [ 5.5, 5.5, 6.0, 9.0 ] },
						"down": { "texture": "#iron5", "uv": [ 5.5, 3.5, 6.0, 7.0 ] }
					}
				},
				{
					"name": "ironlidpart12",
					"from": [ 6.09, 0.0, 8.2 ],
					"to": [ 6.59, 0.6, 11.7 ],
					"rotationOrigin": [ 6.09, 0.0, 11.7 ],
					"rotationX": 45.0,
					"faces": {
						"east": { "texture": "#iron5", "uv": [ 7.0, 6.0, 10.5, 6.5 ] },
						"west": { "texture": "#iron5", "uv": [ 3.5, 8.0, 7.0, 8.5 ] },
						"up": { "texture": "#iron5", "uv": [ 5.5, 8.0, 6.0, 11.5 ] },
						"down": { "texture": "#iron5", "uv": [ 7.0, 4.5, 7.5, 8.0 ] }
					}
				},
				{
					"name": "ironlidpart13",
					"from": [ 4.79, 0.1, 8.22 ],
					"to": [ 5.29, 0.6, 11.72 ],
					"rotationOrigin": [ 4.79, 0.1, 11.7 ],
					"rotationX": 45.0,
					"rotationY": -22.0,
					"faces": {
						"east": { "texture": "#iron5", "uv": [ 7.0, 6.0, 10.5, 6.5 ] },
						"west": { "texture": "#iron5", "uv": [ 3.5, 8.0, 7.0, 8.5 ] },
						"up": { "texture": "#iron5", "uv": [ 5.5, 8.0, 6.0, 11.5 ] },
						"down": { "texture": "#iron5", "uv": [ 7.0, 4.5, 7.5, 8.0 ] }
					}
				},
				{
					"name": "ironlidpart14",
					"from": [ -5.21, -0.1, 8.4 ],
					"to": [ -4.71, 0.4, 11.85 ],
					"rotationOrigin": [ -5.21, -0.1, 11.9 ],
					"rotationX": 45.0,
					"rotationY": 22.0,
					"faces": {
						"east": { "texture": "#iron5", "uv": [ 7.0, 6.0, 10.0, 6.5 ] },
						"west": { "texture": "#iron5", "uv": [ 3.5, 8.0, 6.5, 8.5 ] },
						"up": { "texture": "#iron5", "uv": [ 5.5, 8.0, 6.0, 11.0 ] },
						"down": { "texture": "#iron5", "uv": [ 7.0, 4.5, 7.5, 7.5 ] }
					}
				},
				{
					"name": "ironlidpart15",
					"from": [ -5.21, -0.1, 0.3 ],
					"to": [ -4.71, 0.5, 3.7 ],
					"rotationOrigin": [ -5.11, -0.1, 0.3 ],
					"rotationX": -45.0,
					"rotationY": -22.0,
					"faces": {
						"east": { "texture": "#iron5", "uv": [ 7.0, 7.0, 10.0, 7.5 ] },
						"west": { "texture": "#iron5", "uv": [ 3.5, 5.5, 6.5, 6.0 ] },
						"up": { "texture": "#iron5", "uv": [ 6.0, 5.0, 6.5, 8.0 ] },
						"down": { "texture": "#iron5", "uv": [ 3.5, 4.0, 4.0, 7.0 ] }
					}
				},
				{
					"name": "ironlidpart16",
					"from": [ 4.79, -0.1, 0.3 ],
					"to": [ 5.29, 0.5, 3.7 ],
					"rotationOrigin": [ 4.89, -0.1, 0.3 ],
					"rotationX": -45.0,
					"rotationY": 22.0,
					"faces": {
						"east": { "texture": "#iron5", "uv": [ 7.0, 7.0, 10.0, 7.5 ] },
						"west": { "texture": "#iron5", "uv": [ 3.5, 5.5, 6.5, 6.0 ] },
						"up": { "texture": "#iron5", "uv": [ 6.0, 5.0, 6.5, 8.0 ] },
						"down": { "texture": "#iron5", "uv": [ 3.5, 4.0, 4.0, 7.0 ] }
					}
				}
			]
		}
	],
	"animations": [
		{
			"name": "lidopen",
			"code": "lidopen",
			"quantityframes": 30,
			"onActivityStopped": "Rewind",
			"onAnimationEnd": "Hold",
			"keyframes": [
				{
					"frame": 0,
					"elements": {
						"lidorigin": { "rotationX": 0.0, "rotationY": 0.0, "rotationZ": 0.0 }
					}
				},
				{
					"frame": 29,
					"elements": {
						"lidorigin": { "rotationX": -22.5, "rotationY": 0.0, "rotationZ": 0.0 }
					}
				}
			]
		}
	]
}