{
	"editor": {
		"allAngles": false,
		"entityTextureMode": false
	},
	"textureWidth": 16,
	"textureHeight": 16,
	"textureSizes": {
	},
	"textures": {
		"plain": "game:block/cloth/linen/plain",
		"ebony": "game:block/wood/bark/ebony",
		"ebony-h": "game:block/wood/bark/ebony-h"
	},
	"elements": [
		{
			"name": "origin1",
			"from": [ 8.0, 0.0, 8.0 ],
			"to": [ 8.0, 0.0, 8.0 ],
			"rotationOrigin": [ 8.0, 0.0, 8.0 ],
			"faces": {
			},
			"children": [
				{
					"name": "bottom",
					"from": [ -3.0, 1.0, -6.0 ],
					"to": [ 8.0, 1.2, 6.0 ],
					"rotationOrigin": [ -3.0, 1.0, -6.0 ],
					"faces": {
						"up": { "texture": "#plain", "uv": [ 2.5, 2.0, 13.5, 14.0 ] },
						"down": { "texture": "#plain", "uv": [ 3.0, 2.0, 14.0, 14.0 ] }
					}
				},
				{
					"name": "corner1",
					"from": [ -4.0, 0.0, -7.0 ],
					"to": [ -2.5, 10.0, -5.5 ],
					"rotationOrigin": [ -4.0, 0.0, -7.0 ],
					"faces": {
						"north": { "texture": "#ebony", "uv": [ 0.0, 0.0, 1.5, 10.0 ] },
						"east": { "texture": "#ebony", "uv": [ 0.0, 0.0, 1.5, 10.0 ] },
						"south": { "texture": "#ebony", "uv": [ 0.0, 0.0, 1.5, 10.0 ] },
						"west": { "texture": "#ebony", "uv": [ 0.0, 0.0, 1.5, 10.0 ] },
						"up": { "texture": "#ebony", "uv": [ 0.0, 0.0, 1.5, 1.5 ] },
						"down": { "texture": "#ebony", "uv": [ 0.0, 0.0, 1.5, 1.5 ] }
					}
				},
				{
					"name": "corner2",
					"from": [ -4.0, 0.0, 5.5 ],
					"to": [ -2.5, 10.0, 7.0 ],
					"rotationOrigin": [ -4.0, 0.0, 5.5 ],
					"faces": {
						"north": { "texture": "#ebony", "uv": [ 0.0, 0.0, 1.5, 10.0 ] },
						"east": { "texture": "#ebony", "uv": [ 0.0, 0.0, 1.5, 10.0 ] },
						"south": { "texture": "#ebony", "uv": [ 0.0, 0.0, 1.5, 10.0 ] },
						"west": { "texture": "#ebony", "uv": [ 0.0, 0.0, 1.5, 10.0 ] },
						"up": { "texture": "#ebony", "uv": [ 0.0, 0.0, 1.5, 1.5 ] },
						"down": { "texture": "#ebony", "uv": [ 0.0, 0.0, 1.5, 1.5 ] }
					}
				},
				{
					"name": "linenside1",
					"from": [ -3.35, 0.6, -7.0 ],
					"to": [ -3.15, 9.6, 6.5 ],
					"rotationOrigin": [ -3.3, 0.6, -7.0 ],
					"faces": {
						"east": { "texture": "#plain", "uv": [ 1.0, 3.5, 14.5, 12.5 ] },
						"west": { "texture": "#plain", "uv": [ 1.0, 6.0, 14.5, 15.0 ] }
					}
				},
				{
					"name": "linenside3",
					"from": [ -4.0, 0.6, -6.35 ],
					"to": [ 8.0, 9.6, -6.15 ],
					"rotationOrigin": [ -3.7, 0.6, -6.3 ],
					"faces": {
						"north": { "texture": "#plain", "uv": [ 1.5, 3.5, 13.5, 12.5 ] },
						"south": { "texture": "#plain", "uv": [ 2.0, 3.0, 14.0, 12.0 ] }
					}
				},
				{
					"name": "linenside6",
					"from": [ -4.0, 0.6, 6.15 ],
					"to": [ 8.0, 9.6, 6.35 ],
					"rotationOrigin": [ -3.9, 0.6, 6.1 ],
					"faces": {
						"north": { "texture": "#plain", "uv": [ 1.5, 3.0, 13.5, 12.0 ] },
						"south": { "texture": "#plain", "uv": [ 2.0, 3.0, 14.0, 12.0 ] }
					}
				},
				{
					"name": "edge1",
					"from": [ -3.85, 0.5, -7.5 ],
					"to": [ -2.6, 1.75, 7.5 ],
					"rotationOrigin": [ -3.8, 0.5, -7.5 ],
					"faces": {
						"north": { "texture": "#ebony-h", "uv": [ 0.0, 0.0, 1.0, 1.0 ] },
						"east": { "texture": "#ebony-h", "uv": [ 0.0, 0.0, 15.0, 1.0 ] },
						"south": { "texture": "#ebony-h", "uv": [ 0.0, 0.0, 1.0, 1.0 ] },
						"west": { "texture": "#ebony-h", "uv": [ 0.0, 0.0, 15.0, 1.0 ] },
						"up": { "texture": "#ebony-h", "uv": [ 13.0, 1.0, 14.0, 16.0 ] },
						"down": { "texture": "#ebony-h", "uv": [ 13.0, 0.5, 14.0, 15.5 ] }
					}
				},
				{
					"name": "edge2",
					"from": [ -3.85, 8.5, -7.5 ],
					"to": [ -2.6, 9.75, 7.5 ],
					"rotationOrigin": [ -3.8, 8.5, -7.5 ],
					"faces": {
						"north": { "texture": "#ebony-h", "uv": [ 0.0, 0.0, 1.0, 1.0 ] },
						"east": { "texture": "#ebony-h", "uv": [ 0.0, 0.0, 15.0, 1.0 ] },
						"south": { "texture": "#ebony-h", "uv": [ 0.0, 0.0, 1.0, 1.0 ] },
						"west": { "texture": "#ebony-h", "uv": [ 0.0, 0.0, 15.0, 1.0 ] },
						"up": { "texture": "#ebony-h", "uv": [ 13.0, 0.5, 14.0, 15.5 ] },
						"down": { "texture": "#ebony-h", "uv": [ 11.5, 0.5, 12.5, 15.5 ] }
					}
				},
				{
					"name": "edge5",
					"from": [ -4.5, 0.5, -6.85 ],
					"to": [ 8.0, 1.75, -5.6 ],
					"rotationOrigin": [ -4.4, 0.5, -6.8 ],
					"faces": {
						"north": { "texture": "#ebony-h", "uv": [ 0.0, 0.0, 12.5, 1.0 ] },
						"south": { "texture": "#ebony-h", "uv": [ 0.0, 0.0, 12.5, 1.0 ] },
						"west": { "texture": "#ebony-h", "uv": [ 0.0, 0.0, 1.0, 1.0 ] },
						"up": { "texture": "#ebony-h", "uv": [ 0.0, 0.0, 12.5, 1.0 ] },
						"down": { "texture": "#ebony-h", "uv": [ 0.0, 0.0, 12.5, 1.0 ] }
					}
				},
				{
					"name": "edge6",
					"from": [ -4.5, 0.5, 5.6 ],
					"to": [ 8.0, 1.75, 6.85 ],
					"rotationOrigin": [ -4.4, 0.5, 5.7 ],
					"faces": {
						"north": { "texture": "#ebony-h", "uv": [ 0.0, 0.0, 12.5, 1.0 ] },
						"south": { "texture": "#ebony-h", "uv": [ 0.0, 0.0, 12.5, 1.0 ] },
						"west": { "texture": "#ebony-h", "uv": [ 0.0, 0.0, 1.0, 1.0 ] },
						"up": { "texture": "#ebony-h", "uv": [ 0.0, 0.0, 12.5, 1.0 ] },
						"down": { "texture": "#ebony-h", "uv": [ 0.0, 0.0, 12.5, 1.0 ] }
					}
				},
				{
					"name": "edge7",
					"from": [ -4.5, 8.5, 5.6 ],
					"to": [ 8.0, 9.75, 6.85 ],
					"rotationOrigin": [ -4.4, 8.5, 5.7 ],
					"faces": {
						"north": { "texture": "#ebony-h", "uv": [ 0.0, 0.0, 12.5, 1.0 ] },
						"south": { "texture": "#ebony-h", "uv": [ 0.0, 0.0, 12.5, 1.0 ] },
						"west": { "texture": "#ebony-h", "uv": [ 0.0, 0.0, 1.0, 1.0 ] },
						"up": { "texture": "#ebony-h", "uv": [ 0.0, 0.0, 12.5, 1.0 ] },
						"down": { "texture": "#ebony-h", "uv": [ 0.0, 0.0, 12.5, 1.0 ] }
					}
				},
				{
					"name": "edge8",
					"from": [ -4.5, 8.5, -6.85 ],
					"to": [ 8.0, 9.75, -5.6 ],
					"rotationOrigin": [ -4.4, 8.5, -6.8 ],
					"faces": {
						"north": { "texture": "#ebony-h", "uv": [ 0.0, 0.0, 12.5, 1.0 ] },
						"south": { "texture": "#ebony-h", "uv": [ 0.0, 0.0, 12.5, 1.0 ] },
						"west": { "texture": "#ebony-h", "uv": [ 0.0, 0.0, 1.0, 1.0 ] },
						"up": { "texture": "#ebony-h", "uv": [ 0.0, 0.0, 12.5, 1.0 ] },
						"down": { "texture": "#ebony-h", "uv": [ 0.0, 0.0, 12.5, 1.0 ] }
					}
				}
			]
		},
		{
			"name": "origin2",
			"from": [ 24.0, 0.0, 8.0 ],
			"to": [ 24.0, 0.0, 8.0 ],
			"rotationOrigin": [ 24.0, 0.0, 8.0 ],
			"faces": {
			},
			"children": [
				{
					"name": "bottom2",
					"from": [ -8.0, 1.0, -6.0 ],
					"to": [ 3.0, 1.2, 6.0 ],
					"rotationOrigin": [ -8.0, 1.0, -6.0 ],
					"faces": {
						"up": { "texture": "#plain", "uv": [ 2.0, 2.0, 13.0, 14.0 ] },
						"down": { "texture": "#plain", "uv": [ 2.5, 1.5, 13.5, 13.5 ] }
					}
				},
				{
					"name": "corner3",
					"from": [ 2.5, 0.0, 5.5 ],
					"to": [ 4.0, 10.0, 7.0 ],
					"rotationOrigin": [ 2.5, 0.0, 5.5 ],
					"faces": {
						"north": { "texture": "#ebony", "uv": [ 0.0, 0.0, 1.5, 10.0 ] },
						"east": { "texture": "#ebony", "uv": [ 0.0, 0.0, 1.5, 10.0 ] },
						"south": { "texture": "#ebony", "uv": [ 0.0, 0.0, 1.5, 10.0 ] },
						"west": { "texture": "#ebony", "uv": [ 0.0, 0.0, 1.5, 10.0 ] },
						"up": { "texture": "#ebony", "uv": [ 0.0, 0.0, 1.5, 1.5 ] },
						"down": { "texture": "#ebony", "uv": [ 0.0, 0.0, 1.5, 1.5 ] }
					}
				},
				{
					"name": "corner4",
					"from": [ 2.5, 0.0, -7.0 ],
					"to": [ 4.0, 10.0, -5.5 ],
					"rotationOrigin": [ 2.5, 0.0, -7.0 ],
					"faces": {
						"north": { "texture": "#ebony", "uv": [ 0.0, 0.0, 1.5, 10.0 ] },
						"east": { "texture": "#ebony", "uv": [ 0.0, 0.0, 1.5, 10.0 ] },
						"south": { "texture": "#ebony", "uv": [ 0.0, 0.0, 1.5, 10.0 ] },
						"west": { "texture": "#ebony", "uv": [ 0.0, 0.0, 1.5, 10.0 ] },
						"up": { "texture": "#ebony", "uv": [ 0.0, 0.0, 1.5, 1.5 ] },
						"down": { "texture": "#ebony", "uv": [ 0.0, 0.0, 1.5, 1.5 ] }
					}
				},
				{
					"name": "linenside2",
					"from": [ 3.15, 0.6, -7.0 ],
					"to": [ 3.35, 9.6, 6.5 ],
					"rotationOrigin": [ 3.2, 0.6, -7.0 ],
					"faces": {
						"east": { "texture": "#plain", "uv": [ 1.5, 3.0, 15.0, 12.0 ] },
						"west": { "texture": "#plain", "uv": [ 1.5, 4.0, 15.0, 13.0 ] }
					}
				},
				{
					"name": "linenside4",
					"from": [ -8.0, 0.6, -6.35 ],
					"to": [ 3.5, 9.6, -6.15 ],
					"rotationOrigin": [ -8.0, 0.6, -6.3 ],
					"faces": {
						"north": { "texture": "#plain", "uv": [ 1.5, 3.0, 13.0, 12.0 ] },
						"south": { "texture": "#plain", "uv": [ 1.5, 2.5, 13.0, 11.5 ] }
					}
				},
				{
					"name": "linenside5",
					"from": [ -8.0, 0.6, 6.15 ],
					"to": [ 3.5, 9.6, 6.35 ],
					"rotationOrigin": [ -7.9, 0.6, 6.1 ],
					"faces": {
						"north": { "texture": "#plain", "uv": [ 1.5, 1.5, 13.0, 10.5 ] },
						"south": { "texture": "#plain", "uv": [ 1.5, 1.5, 13.0, 10.5 ] }
					}
				},
				{
					"name": "edge3",
					"from": [ 2.65, 0.5, -7.5 ],
					"to": [ 3.9, 1.75, 7.5 ],
					"rotationOrigin": [ 2.7, 0.5, -7.5 ],
					"faces": {
						"north": { "texture": "#ebony-h", "uv": [ 9.5, 0.5, 10.5, 1.5 ] },
						"east": { "texture": "#ebony-h", "uv": [ 1.0, 1.0, 16.0, 2.0 ] },
						"south": { "texture": "#ebony-h", "uv": [ 1.0, 0.0, 2.0, 1.0 ] },
						"west": { "texture": "#ebony-h", "uv": [ 0.5, 0.5, 15.5, 1.5 ] },
						"up": { "texture": "#ebony-h", "uv": [ 13.0, 1.0, 14.0, 16.0 ] },
						"down": { "texture": "#ebony-h", "uv": [ 13.0, 1.0, 14.0, 16.0 ] }
					}
				},
				{
					"name": "edge4",
					"from": [ 2.65, 8.5, -7.5 ],
					"to": [ 3.9, 9.75, 7.5 ],
					"rotationOrigin": [ 2.7, 8.5, -7.5 ],
					"faces": {
						"north": { "texture": "#ebony-h", "uv": [ 13.0, 0.0, 14.0, 1.0 ] },
						"east": { "texture": "#ebony-h", "uv": [ 0.5, 0.0, 15.5, 1.0 ] },
						"south": { "texture": "#ebony-h", "uv": [ 1.0, 1.5, 2.0, 2.5 ] },
						"west": { "texture": "#ebony-h", "uv": [ 1.0, 15.0, 16.0, 16.0 ] },
						"up": { "texture": "#ebony-h", "uv": [ 13.0, 0.5, 14.0, 15.5 ] },
						"down": { "texture": "#ebony-h", "uv": [ 13.5, 1.5, 14.5, 16.5 ] }
					}
				},
				{
					"name": "edge9",
					"from": [ -8.0, 8.5, -6.85 ],
					"to": [ 4.5, 9.75, -5.6 ],
					"rotationOrigin": [ -7.9, 8.5, -6.8 ],
					"faces": {
						"north": { "texture": "#ebony-h", "uv": [ 3.0, 15.0, 15.5, 16.0 ] },
						"east": { "texture": "#ebony-h", "uv": [ 13.0, 0.5, 14.0, 1.5 ] },
						"south": { "texture": "#ebony-h", "uv": [ 1.5, 0.0, 14.0, 1.0 ] },
						"up": { "texture": "#ebony-h", "uv": [ 1.5, 0.0, 14.0, 1.0 ] },
						"down": { "texture": "#ebony-h", "uv": [ 1.0, 0.0, 13.5, 1.0 ] }
					}
				},
				{
					"name": "edge10",
					"from": [ -8.0, 8.5, 5.6 ],
					"to": [ 4.5, 9.75, 6.85 ],
					"rotationOrigin": [ -7.9, 8.5, 5.7 ],
					"faces": {
						"north": { "texture": "#ebony-h", "uv": [ 0.0, 0.0, 12.5, 1.0 ] },
						"east": { "texture": "#ebony-h", "uv": [ 0.0, 0.0, 1.0, 1.0 ] },
						"south": { "texture": "#ebony-h", "uv": [ 0.0, 0.0, 12.5, 1.0 ] },
						"up": { "texture": "#ebony-h", "uv": [ 0.0, 0.0, 12.5, 1.0 ] },
						"down": { "texture": "#ebony-h", "uv": [ 0.0, 0.0, 12.5, 1.0 ] }
					}
				},
				{
					"name": "edge11",
					"from": [ -8.0, 0.5, 5.6 ],
					"to": [ 4.5, 1.75, 6.85 ],
					"rotationOrigin": [ -7.9, 0.5, 5.7 ],
					"faces": {
						"north": { "texture": "#ebony-h", "uv": [ 0.0, 0.0, 12.5, 1.0 ] },
						"east": { "texture": "#ebony-h", "uv": [ 0.0, 0.0, 1.0, 1.0 ] },
						"south": { "texture": "#ebony-h", "uv": [ 0.0, 0.0, 12.5, 1.0 ] },
						"up": { "texture": "#ebony-h", "uv": [ 0.0, 0.0, 12.5, 1.0 ] },
						"down": { "texture": "#ebony-h", "uv": [ 0.0, 0.0, 12.5, 1.0 ] }
					}
				},
				{
					"name": "edge12",
					"from": [ -8.0, 0.5, -6.85 ],
					"to": [ 4.5, 1.75, -5.6 ],
					"rotationOrigin": [ -7.9, 0.5, -6.7 ],
					"faces": {
						"north": { "texture": "#ebony-h", "uv": [ 0.0, 0.0, 12.5, 1.0 ] },
						"east": { "texture": "#ebony-h", "uv": [ 0.0, 0.0, 1.0, 1.0 ] },
						"south": { "texture": "#ebony-h", "uv": [ 0.0, 0.0, 12.5, 1.0 ] },
						"up": { "texture": "#ebony-h", "uv": [ 0.0, 0.0, 12.5, 1.0 ] },
						"down": { "texture": "#ebony-h", "uv": [ 0.0, 0.0, 12.5, 1.0 ] }
					}
				}
			]
		}
	]}