{
	"editor": {
		"allAngles": false,
		"entityTextureMode": false
	},
	"textureWidth": 16,
	"textureHeight": 16,
	"textureSizes": {
	},
	"textures": {
		"oak-inside": "game:block/wood/crate/oak-inside",
		"oak1": "game:block/wood/planks/oak1"
	},
	"elements": [
		{
			"name": "origin1",
			"from": [ 8.0, 0.0, 8.0 ],
			"to": [ 8.0, 0.0, 8.0 ],
			"rotationOrigin": [ 8.0, 0.0, 8.0 ],
			"faces": {
			},
			"children": [
				{
					"name": "bottom",
					"from": [ -5.0, 0.2, -5.0 ],
					"to": [ 8.0, 1.2, 5.0 ],
					"rotationOrigin": [ -5.0, 0.2, -5.0 ],
					"faces": {
						"up": { "texture": "#oak1", "uv": [ 1.5, 0.5, 14.5, 10.5 ] },
						"down": { "texture": "#oak1", "uv": [ 2.0, 1.5, 15.0, 11.5 ] }
					}
				},
				{
					"name": "crateside",
					"from": [ -5.0, 0.0, -6.0 ],
					"to": [ 8.0, 5.0, -5.0 ],
					"rotationOrigin": [ -5.0, 0.0, -6.0 ],
					"faces": {
						"north": { "texture": "#oak1", "uv": [ 0.0, 1.0, 13.0, 6.0 ] },
						"south": { "texture": "#oak1", "uv": [ 0.0, 7.5, 13.0, 12.5 ] },
						"up": { "texture": "#oak1", "uv": [ 0.0, 9.0, 13.0, 10.0 ] },
						"down": { "texture": "#oak1", "uv": [ 0.0, 0.0, 13.0, 1.0 ] }
					}
				},
				{
					"name": "crateside2",
					"from": [ -5.0, 0.0, 5.0 ],
					"to": [ 8.0, 5.0, 6.0 ],
					"rotationOrigin": [ -5.0, 0.0, 5.0 ],
					"faces": {
						"north": { "texture": "#oak1", "uv": [ 1.0, 2.0, 14.0, 7.0 ] },
						"south": { "texture": "#oak1", "uv": [ 1.0, 6.5, 14.0, 11.5 ] },
						"up": { "texture": "#oak1", "uv": [ 0.5, 10.0, 13.5, 11.0 ] },
						"down": { "texture": "#oak1", "uv": [ 2.5, 5.5, 15.5, 6.5 ] }
					}
				},
				{
					"name": "crateside3",
					"from": [ -6.0, 0.0, -5.0 ],
					"to": [ -5.0, 5.0, 5.0 ],
					"rotationOrigin": [ -6.0, 0.0, -5.0 ],
					"faces": {
						"east": { "texture": "#oak1", "uv": [ 1.0, 2.0, 11.0, 7.0 ] },
						"west": { "texture": "#oak1", "uv": [ 3.5, 1.0, 13.5, 6.0 ] },
						"up": { "texture": "#oak1", "uv": [ 0.0, 0.0, 1.0, 10.0 ] },
						"down": { "texture": "#oak1", "uv": [ 5.5, 1.5, 6.5, 11.5 ] }
					}
				},
				{
					"name": "corner",
					"from": [ -6.1, 0.0, -6.1 ],
					"to": [ -5.0, 5.1, -5.0 ],
					"rotationOrigin": [ -6.1, 0.0, -6.1 ],
					"faces": {
						"north": { "texture": "#oak-inside", "uv": [ 3.0, 11.0, 4.0, 16.0 ] },
						"east": { "texture": "#oak-inside", "uv": [ 8.5, 6.0, 9.5, 11.0 ] },
						"south": { "texture": "#oak-inside", "uv": [ 3.0, 3.0, 4.0, 8.0 ] },
						"west": { "texture": "#oak-inside", "uv": [ 8.5, 11.0, 9.5, 16.0 ] },
						"up": { "texture": "#oak-inside", "uv": [ 0.0, 0.0, 1.0, 1.0 ] },
						"down": { "texture": "#oak-inside", "uv": [ 0.0, 0.0, 1.0, 1.0 ] }
					}
				},
				{
					"name": "corner2",
					"from": [ -6.1, 0.0, 5.0 ],
					"to": [ -5.0, 5.1, 6.1 ],
					"rotationOrigin": [ -6.1, 0.0, 5.0 ],
					"faces": {
						"north": { "texture": "#oak-inside", "uv": [ 4.0, 7.0, 5.0, 12.0 ] },
						"east": { "texture": "#oak-inside", "uv": [ 9.0, 6.0, 10.0, 11.0 ] },
						"south": { "texture": "#oak-inside", "uv": [ 12.0, 10.5, 13.0, 15.5 ] },
						"west": { "texture": "#oak-inside", "uv": [ 12.0, 0.5, 13.0, 5.5 ] },
						"up": { "texture": "#oak-inside", "uv": [ 0.0, 0.0, 1.0, 1.0 ] },
						"down": { "texture": "#oak-inside", "uv": [ 0.0, 0.0, 1.0, 1.0 ] }
					}
				},
				{
					"name": "handle",
					"from": [ -5.95, 3.8, -4.1 ],
					"to": [ -5.05, 5.3, -0.5 ],
					"rotationOrigin": [ -5.9, 3.8, -4.1 ],
					"rotationX": -45.0,
					"faces": {
						"east": { "texture": "#oak1", "uv": [ 5.0, 9.0, 8.5, 10.5 ] },
						"south": { "texture": "#oak1", "uv": [ 4.0, 2.5, 4.5, 4.0 ] },
						"west": { "texture": "#oak1", "uv": [ 10.5, 0.5, 14.0, 2.0 ] },
						"up": { "texture": "#oak1", "uv": [ 7.0, 6.5, 7.5, 10.0 ], "autoUv": false },
						"down": { "texture": "#oak1", "uv": [ 4.5, 7.0, 5.0, 10.5 ] }
					}
				},
				{
					"name": "handle1",
					"from": [ -5.945, 6.3, -2.6 ],
					"to": [ -5.055, 7.4, 2.6 ],
					"rotationOrigin": [ -5.9, 6.3, -2.6 ],
					"faces": {
						"east": { "texture": "#oak1", "uv": [ 6.5, 4.0, 11.5, 5.0 ] },
						"west": { "texture": "#oak1", "uv": [ 1.5, 2.0, 6.5, 3.0 ] },
						"up": { "texture": "#oak1", "uv": [ 7.0, 6.0, 7.5, 11.0 ] },
						"down": { "texture": "#oak1", "uv": [ 9.5, 0.5, 10.0, 5.5 ] }
					}
				},
				{
					"name": "handle2",
					"from": [ -5.95, 3.8, 0.5 ],
					"to": [ -5.05, 5.3, 4.1 ],
					"rotationOrigin": [ -5.9, 3.8, 4.1 ],
					"rotationX": 45.0,
					"faces": {
						"north": { "texture": "#oak1", "uv": [ 2.0, 2.0, 2.5, 3.5 ] },
						"east": { "texture": "#oak1", "uv": [ 4.5, 2.5, 8.0, 4.0 ] },
						"west": { "texture": "#oak1", "uv": [ 3.0, 3.0, 6.5, 4.5 ] },
						"up": { "texture": "#oak1", "uv": [ 7.5, 6.5, 8.0, 10.0 ] },
						"down": { "texture": "#oak1", "uv": [ 7.5, 1.0, 8.0, 4.5 ] }
					}
				},
				{
					"name": "handle3",
					"from": [ -5.945, 2.3, -4.5 ],
					"to": [ -5.055, 3.8, -0.9 ],
					"rotationOrigin": [ -5.9, 2.3, -0.9 ],
					"rotationX": 45.0,
					"faces": {
						"east": { "texture": "#oak1", "uv": [ 5.5, 2.0, 9.0, 3.5 ] },
						"west": { "texture": "#oak1", "uv": [ 2.0, 2.5, 5.5, 4.0 ] },
						"up": { "texture": "#oak1", "uv": [ 4.0, 1.5, 4.5, 5.0 ] }
					}
				},
				{
					"name": "handle4",
					"from": [ -5.945, 2.4, 0.9 ],
					"to": [ -5.055, 3.9, 4.5 ],
					"rotationOrigin": [ -5.9, 2.4, 0.9 ],
					"rotationX": -45.0,
					"faces": {
						"east": { "texture": "#oak1", "uv": [ 2.5, 3.5, 6.0, 5.0 ] },
						"west": { "texture": "#oak1", "uv": [ 2.5, 3.0, 6.0, 4.5 ] },
						"up": { "texture": "#oak1", "uv": [ 2.5, 6.0, 3.0, 9.5 ] }
					}
				}
			]
		},
		{
			"name": "origin2",
			"from": [ 24.0, 0.0, 8.0 ],
			"to": [ 24.0, 0.0, 8.0 ],
			"rotationOrigin": [ 24.0, 0.0, 8.0 ],
			"faces": {
			},
			"children": [
				{
					"name": "crateside4",
					"from": [ -8.0, 0.0, 5.0 ],
					"to": [ 5.0, 5.0, 6.0 ],
					"rotationOrigin": [ -8.0, 0.0, 5.0 ],
					"faces": {
						"north": { "texture": "#oak1", "uv": [ 3.0, 2.0, 16.0, 7.0 ] },
						"south": { "texture": "#oak1", "uv": [ 0.0, 6.5, 13.0, 11.5 ] },
						"up": { "texture": "#oak1", "uv": [ 0.5, 1.5, 13.5, 2.5 ] },
						"down": { "texture": "#oak1", "uv": [ 1.5, 5.0, 14.5, 6.0 ] }
					}
				},
				{
					"name": "crateside5",
					"from": [ -8.0, 0.0, -6.0 ],
					"to": [ 5.0, 5.0, -5.0 ],
					"rotationOrigin": [ -8.0, 0.0, -6.0 ],
					"faces": {
						"north": { "texture": "#oak1", "uv": [ 3.0, 6.5, 16.0, 11.5 ] },
						"south": { "texture": "#oak1", "uv": [ 1.0, 7.5, 14.0, 12.5 ] },
						"up": { "texture": "#oak1", "uv": [ 1.5, 2.0, 14.5, 3.0 ] },
						"down": { "texture": "#oak1", "uv": [ 1.5, 2.0, 14.5, 3.0 ] }
					}
				},
				{
					"name": "corner3",
					"from": [ 5.0, 0.0, 5.0 ],
					"to": [ 6.1, 5.1, 6.1 ],
					"rotationOrigin": [ 5.0, 0.0, 5.0 ],
					"faces": {
						"north": { "texture": "#oak-inside", "uv": [ 0.0, 0.0, 1.0, 5.0 ] },
						"east": { "texture": "#oak-inside", "uv": [ 0.0, 0.0, 1.0, 5.0 ] },
						"south": { "texture": "#oak-inside", "uv": [ 0.0, 0.0, 1.0, 5.0 ] },
						"west": { "texture": "#oak-inside", "uv": [ 0.0, 0.0, 1.0, 5.0 ] },
						"up": { "texture": "#oak-inside", "uv": [ 0.0, 0.0, 1.0, 1.0 ] },
						"down": { "texture": "#oak-inside", "uv": [ 0.0, 0.0, 1.0, 1.0 ] }
					}
				},
				{
					"name": "corner4",
					"from": [ 5.0, 0.0, -6.1 ],
					"to": [ 6.1, 5.1, -5.0 ],
					"rotationOrigin": [ 5.0, 0.0, -6.1 ],
					"faces": {
						"north": { "texture": "#oak-inside", "uv": [ 0.0, 0.0, 1.0, 5.0 ] },
						"east": { "texture": "#oak-inside", "uv": [ 0.0, 0.0, 1.0, 5.0 ] },
						"south": { "texture": "#oak-inside", "uv": [ 0.0, 0.0, 1.0, 5.0 ] },
						"west": { "texture": "#oak-inside", "uv": [ 0.0, 0.0, 1.0, 5.0 ] },
						"up": { "texture": "#oak-inside", "uv": [ 0.0, 0.0, 1.0, 1.0 ] },
						"down": { "texture": "#oak-inside", "uv": [ 0.0, 0.0, 1.0, 1.0 ] }
					}
				},
				{
					"name": "crateside6",
					"from": [ 5.0, 0.0, -5.0 ],
					"to": [ 6.0, 5.0, 5.0 ],
					"rotationOrigin": [ 5.0, 0.0, -5.0 ],
					"faces": {
						"east": { "texture": "#oak1", "uv": [ 5.0, 6.5, 15.0, 11.5 ] },
						"west": { "texture": "#oak1", "uv": [ 3.0, 7.5, 13.0, 12.5 ] },
						"up": { "texture": "#oak1", "uv": [ 6.0, 3.0, 7.0, 13.0 ] },
						"down": { "texture": "#oak1", "uv": [ 2.0, 1.0, 3.0, 11.0 ] }
					}
				},
				{
					"name": "bottom2",
					"from": [ -8.0, 0.2, -5.0 ],
					"to": [ 5.0, 1.2, 5.0 ],
					"rotationOrigin": [ -8.0, 0.2, -5.0 ],
					"faces": {
						"up": { "texture": "#oak1", "uv": [ 3.0, 0.5, 16.0, 10.5 ] },
						"down": { "texture": "#oak1", "uv": [ 2.0, 1.5, 15.0, 11.5 ] }
					}
				},
				{
					"name": "handle5",
					"from": [ 5.051, 2.4, 0.9 ],
					"to": [ 5.941, 3.9, 4.5 ],
					"rotationOrigin": [ 5.1, 2.4, 0.9 ],
					"rotationX": -45.0,
					"faces": {
						"east": { "texture": "#oak1", "uv": [ 2.5, 3.5, 6.0, 5.0 ] },
						"west": { "texture": "#oak1", "uv": [ 2.5, 3.0, 6.0, 4.5 ] },
						"up": { "texture": "#oak1", "uv": [ 2.5, 6.0, 3.0, 9.5 ] }
					}
				},
				{
					"name": "handle6",
					"from": [ 5.051, 2.3, -4.5 ],
					"to": [ 5.941, 3.8, -0.9 ],
					"rotationOrigin": [ 5.1, 2.3, -0.9 ],
					"rotationX": 45.0,
					"faces": {
						"east": { "texture": "#oak1", "uv": [ 5.5, 2.0, 9.0, 3.5 ] },
						"west": { "texture": "#oak1", "uv": [ 2.0, 2.5, 5.5, 4.0 ] },
						"up": { "texture": "#oak1", "uv": [ 4.0, 1.5, 4.5, 5.0 ] }
					}
				},
				{
					"name": "handle7",
					"from": [ 5.05, 3.8, 0.5 ],
					"to": [ 5.95, 5.3, 4.1 ],
					"rotationOrigin": [ 5.1, 3.8, 4.1 ],
					"rotationX": 45.0,
					"faces": {
						"north": { "texture": "#oak1", "uv": [ 2.0, 2.0, 2.5, 3.5 ] },
						"east": { "texture": "#oak1", "uv": [ 4.5, 2.5, 8.0, 4.0 ] },
						"west": { "texture": "#oak1", "uv": [ 3.0, 3.0, 6.5, 4.5 ] },
						"up": { "texture": "#oak1", "uv": [ 7.5, 6.5, 8.0, 10.0 ] },
						"down": { "texture": "#oak1", "uv": [ 7.5, 1.0, 8.0, 4.5 ] }
					}
				},
				{
					"name": "handle8",
					"from": [ 5.055, 6.3, -2.6 ],
					"to": [ 5.945, 7.4, 2.6 ],
					"rotationOrigin": [ 5.1, 6.3, -2.6 ],
					"faces": {
						"east": { "texture": "#oak1", "uv": [ 6.5, 4.0, 11.5, 5.0 ] },
						"west": { "texture": "#oak1", "uv": [ 1.5, 2.0, 6.5, 3.0 ] },
						"up": { "texture": "#oak1", "uv": [ 7.0, 6.0, 7.5, 11.0 ] },
						"down": { "texture": "#oak1", "uv": [ 9.5, 0.5, 10.0, 5.5 ] }
					}
				},
				{
					"name": "handle9",
					"from": [ 5.05, 3.8, -4.1 ],
					"to": [ 5.95, 5.3, -0.5 ],
					"rotationOrigin": [ 5.1, 3.8, -4.1 ],
					"rotationX": -45.0,
					"faces": {
						"east": { "texture": "#oak1", "uv": [ 5.0, 9.0, 8.5, 10.5 ] },
						"south": { "texture": "#oak1", "uv": [ 4.0, 2.5, 4.5, 4.0 ] },
						"west": { "texture": "#oak1", "uv": [ 10.5, 0.5, 14.0, 2.0 ] },
						"up": { "texture": "#oak1", "uv": [ 7.0, 6.5, 7.5, 10.0 ], "autoUv": false },
						"down": { "texture": "#oak1", "uv": [ 4.5, 7.0, 5.0, 10.5 ] }
					}
				}
			]
		}
	]}