{
	"editor": {
		"allAngles": false,
		"entityTextureMode": false
	},
	"textureWidth": 16,
	"textureHeight": 16,
	"textureSizes": {
	},
	"textures": {
		"bark": "game:block/wood/firewood/bark"
	},
	"elements": [
		{
			"name": "origin",
			"from": [ 8.0, 0.0, 8.0 ],
			"to": [ 8.0, 0.0, 8.0 ],
			"rotationOrigin": [ 8.0, 0.0, 8.0 ],
			"faces": {
			},
			"children": [
				{
					"name": "bottom",
					"from": [ -4.0, 0.0, -4.0 ],
					"to": [ 4.0, 1.0, 4.0 ],
					"rotationOrigin": [ -4.0, 0.0, -4.0 ],
					"faces": {
						"north": { "texture": "#bark", "uv": [ 0.0, 0.0, 8.0, 1.0 ] },
						"east": { "texture": "#bark", "uv": [ 0.0, 0.0, 8.0, 1.0 ] },
						"south": { "texture": "#bark", "uv": [ 0.0, 0.0, 8.0, 1.0 ] },
						"west": { "texture": "#bark", "uv": [ 0.0, 0.0, 8.0, 1.0 ] },
						"up": { "texture": "#bark", "uv": [ 0.0, 0.0, 8.0, 8.0 ] },
						"down": { "texture": "#bark", "uv": [ 0.0, 0.0, 8.0, 8.0 ] }
					}
				},
				{
					"name": "basketside1",
					"from": [ -5.0, 0.0, -5.0 ],
					"to": [ -4.0, 2.0, 4.0 ],
					"rotationOrigin": [ -5.0, 0.0, -5.0 ],
					"faces": {
						"north": { "texture": "#bark", "uv": [ 2.0, 1.0, 3.0, 3.0 ] },
						"east": { "texture": "#bark", "uv": [ 0.5, 5.0, 9.5, 7.0 ] },
						"south": { "texture": "#bark", "uv": [ 1.5, 3.5, 2.5, 5.5 ] },
						"west": { "texture": "#bark", "uv": [ 1.0, 4.0, 10.0, 6.0 ] },
						"up": { "texture": "#bark", "uv": [ 2.5, 2.5, 3.5, 11.5 ] },
						"down": { "texture": "#bark", "uv": [ 1.5, 1.0, 2.5, 10.0 ] }
					}
				},
				{
					"name": "basketside2",
					"from": [ 5.0, 0.0, -5.0 ],
					"to": [ 6.0, 2.0, 4.0 ],
					"rotationOrigin": [ 5.0, 0.0, -5.0 ],
					"rotationY": -90.0,
					"faces": {
						"north": { "texture": "#bark", "uv": [ 3.0, 5.5, 4.0, 7.5 ] },
						"east": { "texture": "#bark", "uv": [ 4.5, 4.0, 13.5, 6.0 ] },
						"south": { "texture": "#bark", "uv": [ 4.5, 7.0, 5.5, 9.0 ] },
						"west": { "texture": "#bark", "uv": [ 3.5, 14.0, 12.5, 16.0 ] },
						"up": { "texture": "#bark", "uv": [ 8.0, 0.0, 9.0, 9.0 ] },
						"down": { "texture": "#bark", "uv": [ 7.5, 3.5, 8.5, 12.5 ] }
					}
				},
				{
					"name": "basketside3",
					"from": [ 5.0, 0.0, 5.0 ],
					"to": [ 6.0, 2.0, 14.0 ],
					"rotationOrigin": [ 5.0, 0.0, 5.0 ],
					"rotationY": -180.0,
					"faces": {
						"north": { "texture": "#bark", "uv": [ 3.5, 6.0, 4.5, 8.0 ] },
						"east": { "texture": "#bark", "uv": [ 2.0, 8.5, 11.0, 10.5 ] },
						"south": { "texture": "#bark", "uv": [ 3.5, 6.5, 4.5, 8.5 ] },
						"west": { "texture": "#bark", "uv": [ 2.0, 14.0, 11.0, 16.0 ] },
						"up": { "texture": "#bark", "uv": [ 3.5, 3.0, 4.5, 12.0 ] },
						"down": { "texture": "#bark", "uv": [ 5.5, 1.5, 6.5, 10.5 ] }
					}
				},
				{
					"name": "basketside4",
					"from": [ -5.0, 0.0, 5.0 ],
					"to": [ -4.0, 3.0, 14.0 ],
					"rotationOrigin": [ -5.0, 0.0, 5.0 ],
					"rotationY": 90.0,
					"faces": {
						"north": { "texture": "#bark", "uv": [ 6.0, 4.0, 7.0, 7.0 ] },
						"east": { "texture": "#bark", "uv": [ 4.0, 6.0, 13.0, 9.0 ] },
						"south": { "texture": "#bark", "uv": [ 4.0, 4.5, 5.0, 7.5 ] },
						"west": { "texture": "#bark", "uv": [ 4.0, 13.0, 13.0, 16.0 ] },
						"up": { "texture": "#bark", "uv": [ 3.5, 2.5, 4.5, 11.5 ] },
						"down": { "texture": "#bark", "uv": [ 5.0, 2.5, 6.0, 11.5 ] }
					}
				},
				{
					"name": "basketside5",
					"from": [ 5.0, 2.2, 5.0 ],
					"to": [ 6.0, 3.2, 14.1 ],
					"rotationOrigin": [ 5.0, 2.2, 5.0 ],
					"rotationX": -1.0,
					"rotationY": -180.0,
					"faces": {
						"north": { "texture": "#bark", "uv": [ 3.0, 1.5, 4.0, 2.5 ] },
						"east": { "texture": "#bark", "uv": [ 2.5, 2.0, 11.5, 3.0 ] },
						"south": { "texture": "#bark", "uv": [ 1.5, 1.0, 2.5, 2.0 ] },
						"west": { "texture": "#bark", "uv": [ 5.5, 0.0, 14.5, 1.0 ] },
						"up": { "texture": "#bark", "uv": [ 6.5, 2.0, 7.5, 11.0 ] },
						"down": { "texture": "#bark", "uv": [ 4.5, 0.0, 5.5, 9.0 ] }
					}
				},
				{
					"name": "basketside6",
					"from": [ 5.0, 3.2, 5.0 ],
					"to": [ 6.0, 4.2, 14.3 ],
					"rotationOrigin": [ 5.0, 3.2, 5.0 ],
					"rotationY": -180.0,
					"rotationZ": 5.0,
					"faces": {
						"north": { "texture": "#bark", "uv": [ 5.5, 6.0, 6.5, 7.0 ] },
						"east": { "texture": "#bark", "uv": [ 3.0, 5.0, 12.0, 6.0 ] },
						"south": { "texture": "#bark", "uv": [ 5.5, 2.5, 6.5, 3.5 ] },
						"west": { "texture": "#bark", "uv": [ 3.5, 12.5, 12.5, 13.5 ] },
						"up": { "texture": "#bark", "uv": [ 5.0, 3.0, 6.0, 12.0 ] },
						"down": { "texture": "#bark", "uv": [ 5.5, 0.5, 6.5, 9.5 ] }
					}
				},
				{
					"name": "basketside7",
					"from": [ 5.0, 4.3, 5.0 ],
					"to": [ 6.0, 5.3, 14.5 ],
					"rotationOrigin": [ 5.0, 4.3, 5.0 ],
					"rotationY": -180.0,
					"rotationZ": -6.0,
					"faces": {
						"north": { "texture": "#bark", "uv": [ 3.0, 1.0, 4.0, 2.0 ] },
						"east": { "texture": "#bark", "uv": [ 1.5, 3.0, 11.0, 4.0 ] },
						"south": { "texture": "#bark", "uv": [ 3.5, 4.5, 4.5, 5.5 ] },
						"west": { "texture": "#bark", "uv": [ 3.0, 8.5, 12.5, 9.5 ] },
						"up": { "texture": "#bark", "uv": [ 4.0, 3.0, 5.0, 12.5 ] },
						"down": { "texture": "#bark", "uv": [ 9.0, 1.0, 10.0, 10.5 ] }
					}
				},
				{
					"name": "basketside8",
					"from": [ 5.0, 5.4, 5.0 ],
					"to": [ 6.0, 6.4, 14.1 ],
					"rotationOrigin": [ 5.0, 5.4, 5.0 ],
					"rotationX": -1.0,
					"rotationY": -180.0,
					"faces": {
						"north": { "texture": "#bark", "uv": [ 10.5, 6.0, 11.5, 7.0 ] },
						"east": { "texture": "#bark", "uv": [ 3.0, 7.0, 12.0, 8.0 ] },
						"south": { "texture": "#bark", "uv": [ 4.5, 6.5, 5.5, 7.5 ] },
						"west": { "texture": "#bark", "uv": [ 4.0, 5.0, 13.0, 6.0 ] },
						"up": { "texture": "#bark", "uv": [ 6.0, 2.5, 7.0, 11.5 ] },
						"down": { "texture": "#bark", "uv": [ 5.0, 2.0, 6.0, 11.0 ] }
					}
				},
				{
					"name": "basketside9",
					"from": [ 5.0, 2.3, -5.1 ],
					"to": [ 6.0, 3.3, 4.2 ],
					"rotationOrigin": [ 5.2, 2.3, -5.0 ],
					"rotationY": -90.0,
					"rotationZ": -10.0,
					"faces": {
						"north": { "texture": "#bark", "uv": [ 4.0, 4.5, 5.0, 5.5 ] },
						"east": { "texture": "#bark", "uv": [ 1.5, 8.5, 10.5, 9.5 ] },
						"south": { "texture": "#bark", "uv": [ 2.5, 1.5, 3.5, 2.5 ] },
						"west": { "texture": "#bark", "uv": [ 3.5, 6.0, 12.5, 7.0 ] },
						"up": { "texture": "#bark", "uv": [ 6.0, 3.0, 7.0, 12.0 ] },
						"down": { "texture": "#bark", "uv": [ 5.5, 3.5, 6.5, 12.5 ] }
					}
				},
				{
					"name": "basketside10",
					"from": [ 5.0, 3.3, -5.0 ],
					"to": [ 6.0, 4.3, 4.0 ],
					"rotationOrigin": [ 5.0, 3.3, -5.0 ],
					"rotationX": -5.0,
					"rotationY": -90.0,
					"faces": {
						"north": { "texture": "#bark", "uv": [ 8.5, 6.5, 9.5, 7.5 ] },
						"east": { "texture": "#bark", "uv": [ 6.5, 8.0, 15.5, 9.0 ] },
						"south": { "texture": "#bark", "uv": [ 6.5, 7.0, 7.5, 8.0 ] },
						"west": { "texture": "#bark", "uv": [ 3.0, 9.0, 12.0, 10.0 ] },
						"up": { "texture": "#bark", "uv": [ 4.0, 3.0, 5.0, 12.0 ] },
						"down": { "texture": "#bark", "uv": [ 6.0, 3.0, 7.0, 12.0 ] }
					}
				},
				{
					"name": "basketside11",
					"from": [ 5.1, 4.2, -4.9 ],
					"to": [ 6.1, 5.2, 4.6 ],
					"rotationOrigin": [ 5.1, 4.2, -4.9 ],
					"rotationY": -90.0,
					"faces": {
						"north": { "texture": "#bark", "uv": [ 0.5, 6.5, 1.5, 7.5 ] },
						"east": { "texture": "#bark", "uv": [ 2.0, 7.0, 11.5, 8.0 ] },
						"south": { "texture": "#bark", "uv": [ 5.0, 6.0, 6.0, 7.0 ] },
						"west": { "texture": "#bark", "uv": [ 3.0, 13.5, 12.5, 14.5 ] },
						"up": { "texture": "#bark", "uv": [ 3.5, 4.5, 4.5, 14.0 ] },
						"down": { "texture": "#bark", "uv": [ 6.5, 3.5, 7.5, 13.0 ] }
					}
				},
				{
					"name": "basketside12",
					"from": [ 4.9, 5.3, -5.0 ],
					"to": [ 5.9, 6.3, 4.0 ],
					"rotationOrigin": [ 4.9, 5.3, -5.0 ],
					"rotationY": -91.0,
					"faces": {
						"north": { "texture": "#bark", "uv": [ 2.5, 4.0, 3.5, 5.0 ] },
						"east": { "texture": "#bark", "uv": [ 2.0, 6.0, 11.0, 7.0 ] },
						"south": { "texture": "#bark", "uv": [ 6.5, 8.5, 7.5, 9.5 ] },
						"west": { "texture": "#bark", "uv": [ 7.0, 10.0, 16.0, 11.0 ] },
						"up": { "texture": "#bark", "uv": [ 2.5, 6.0, 3.5, 15.0 ] },
						"down": { "texture": "#bark", "uv": [ 13.5, 5.0, 14.5, 14.0 ] }
					}
				},
				{
					"name": "basketside13",
					"from": [ -5.0, 2.1, -5.0 ],
					"to": [ -4.0, 3.1, 4.0 ],
					"rotationOrigin": [ -5.0, 2.1, -4.0 ],
					"rotationX": 1.0,
					"rotationZ": 2.0,
					"faces": {
						"north": { "texture": "#bark", "uv": [ 2.0, 3.0, 3.0, 4.0 ] },
						"east": { "texture": "#bark", "uv": [ 2.5, 3.5, 11.5, 4.5 ] },
						"south": { "texture": "#bark", "uv": [ 3.5, 5.5, 4.5, 6.5 ] },
						"west": { "texture": "#bark", "uv": [ 3.0, 7.5, 12.0, 8.5 ] },
						"up": { "texture": "#bark", "uv": [ 3.5, 5.5, 4.5, 14.5 ] },
						"down": { "texture": "#bark", "uv": [ 6.0, 2.5, 7.0, 11.5 ] }
					}
				},
				{
					"name": "basketside14",
					"from": [ -5.0, 3.0, -4.9 ],
					"to": [ -4.0, 4.0, 4.1 ],
					"rotationOrigin": [ -5.0, 3.0, -3.9 ],
					"rotationY": 2.0,
					"rotationZ": -4.0,
					"faces": {
						"north": { "texture": "#bark", "uv": [ 1.0, 3.5, 2.0, 4.5 ] },
						"east": { "texture": "#bark", "uv": [ 2.0, 6.0, 11.0, 7.0 ] },
						"south": { "texture": "#bark", "uv": [ 3.0, 5.0, 4.0, 6.0 ] },
						"west": { "texture": "#bark", "uv": [ 2.0, 9.5, 11.0, 10.5 ] },
						"up": { "texture": "#bark", "uv": [ 3.5, 3.0, 4.5, 12.0 ] },
						"down": { "texture": "#bark", "uv": [ 3.0, 4.5, 4.0, 13.5 ] }
					}
				},
				{
					"name": "basketside15",
					"from": [ -4.8, 4.0, -5.1 ],
					"to": [ -3.8, 5.0, 4.4 ],
					"rotationOrigin": [ -4.8, 4.0, -4.1 ],
					"rotationY": -2.0,
					"rotationZ": 4.0,
					"faces": {
						"north": { "texture": "#bark", "uv": [ 4.0, 3.5, 5.0, 4.5 ] },
						"east": { "texture": "#bark", "uv": [ 1.0, 11.5, 10.5, 12.5 ] },
						"south": { "texture": "#bark", "uv": [ 3.5, 4.5, 4.5, 5.5 ] },
						"west": { "texture": "#bark", "uv": [ 2.5, 11.5, 12.0, 12.5 ] },
						"up": { "texture": "#bark", "uv": [ 4.5, 4.5, 5.5, 14.0 ] },
						"down": { "texture": "#bark", "uv": [ 3.5, 3.5, 4.5, 13.0 ] }
					}
				},
				{
					"name": "basketside16",
					"from": [ -4.8, 5.2, -5.1 ],
					"to": [ -3.8, 6.2, 4.4 ],
					"rotationOrigin": [ -4.8, 5.2, -4.1 ],
					"rotationZ": -3.0,
					"faces": {
						"north": { "texture": "#bark", "uv": [ 3.0, 3.5, 4.0, 4.5 ] },
						"east": { "texture": "#bark", "uv": [ 1.0, 5.5, 10.5, 6.5 ] },
						"south": { "texture": "#bark", "uv": [ 3.5, 7.0, 4.5, 8.0 ] },
						"west": { "texture": "#bark", "uv": [ 4.0, 11.5, 13.5, 12.5 ] },
						"up": { "texture": "#bark", "uv": [ 4.5, 4.5, 5.5, 14.0 ] },
						"down": { "texture": "#bark", "uv": [ 4.0, 2.5, 5.0, 12.0 ] }
					}
				},
				{
					"name": "basketside17",
					"from": [ -5.0, 3.2, 5.0 ],
					"to": [ -4.0, 4.2, 14.0 ],
					"rotationOrigin": [ -5.0, 3.2, 5.0 ],
					"rotationY": 91.0,
					"rotationZ": 3.0,
					"faces": {
						"north": { "texture": "#bark", "uv": [ 3.0, 1.5, 4.0, 2.5 ] },
						"east": { "texture": "#bark", "uv": [ 3.0, 4.5, 12.0, 5.5 ] },
						"south": { "texture": "#bark", "uv": [ 4.5, 3.5, 5.5, 4.5 ] },
						"west": { "texture": "#bark", "uv": [ 2.0, 7.5, 11.0, 8.5 ] },
						"up": { "texture": "#bark", "uv": [ 4.0, 4.5, 5.0, 13.5 ] },
						"down": { "texture": "#bark", "uv": [ 4.5, 3.5, 5.5, 12.5 ] }
					}
				},
				{
					"name": "basketside18",
					"from": [ -4.9, 4.3, 4.8 ],
					"to": [ -3.9, 5.3, 13.8 ],
					"rotationOrigin": [ -4.9, 4.3, 4.8 ],
					"rotationY": 88.0,
					"rotationZ": 3.0,
					"faces": {
						"north": { "texture": "#bark", "uv": [ 3.5, 1.0, 4.5, 2.0 ] },
						"east": { "texture": "#bark", "uv": [ 3.5, 4.0, 12.5, 5.0 ] },
						"south": { "texture": "#bark", "uv": [ 3.0, 7.5, 4.0, 8.5 ] },
						"west": { "texture": "#bark", "uv": [ 6.5, 10.0, 15.5, 11.0 ] },
						"up": { "texture": "#bark", "uv": [ 8.5, 4.5, 9.5, 13.5 ] },
						"down": { "texture": "#bark", "uv": [ 8.5, 3.5, 9.5, 12.5 ] }
					}
				},
				{
					"name": "basketside19",
					"from": [ -4.9, 5.3, 4.8 ],
					"to": [ -3.9, 6.3, 13.8 ],
					"rotationOrigin": [ -4.9, 5.3, 4.8 ],
					"rotationY": 90.0,
					"faces": {
						"north": { "texture": "#bark", "uv": [ 5.0, 2.0, 6.0, 3.0 ] },
						"east": { "texture": "#bark", "uv": [ 3.5, 4.0, 12.5, 5.0 ] },
						"south": { "texture": "#bark", "uv": [ 5.5, 5.5, 6.5, 6.5 ] },
						"west": { "texture": "#bark", "uv": [ 5.0, 5.0, 14.0, 6.0 ] },
						"up": { "texture": "#bark", "uv": [ 4.0, 7.0, 5.0, 16.0 ] },
						"down": { "texture": "#bark", "uv": [ 4.5, 3.5, 5.5, 12.5 ] }
					}
				},
				{
					"name": "basketcorner1",
					"from": [ -5.2, 0.0, -5.2 ],
					"to": [ -4.2, 6.4, -4.2 ],
					"rotationOrigin": [ -5.2, 0.0, -5.2 ],
					"faces": {
						"north": { "texture": "#bark", "uv": [ 4.5, 10.0, 5.5, 16.0 ] },
						"east": { "texture": "#bark", "uv": [ 5.5, 10.0, 6.5, 16.0 ] },
						"south": { "texture": "#bark", "uv": [ 6.0, 10.0, 7.0, 16.0 ] },
						"west": { "texture": "#bark", "uv": [ 6.5, 10.0, 7.5, 16.0 ] },
						"up": { "texture": "#bark", "uv": [ 15.0, 0.0, 16.0, 1.0 ] },
						"down": { "texture": "#bark", "uv": [ 15.0, 0.0, 16.0, 1.0 ] }
					}
				},
				{
					"name": "basketcorner2",
					"from": [ -5.2, 0.0, 4.2 ],
					"to": [ -4.2, 6.4, 5.2 ],
					"rotationOrigin": [ -5.2, 0.0, 4.2 ],
					"faces": {
						"north": { "texture": "#bark", "uv": [ 6.5, 10.0, 7.5, 16.0 ] },
						"east": { "texture": "#bark", "uv": [ 7.0, 10.0, 8.0, 16.0 ] },
						"south": { "texture": "#bark", "uv": [ 5.0, 10.0, 6.0, 16.0 ] },
						"west": { "texture": "#bark", "uv": [ 3.5, 10.0, 4.5, 16.0 ] },
						"up": { "texture": "#bark", "uv": [ 15.0, 0.0, 16.0, 1.0 ] },
						"down": { "texture": "#bark", "uv": [ 15.0, 0.0, 16.0, 1.0 ] }
					}
				},
				{
					"name": "basketcorner3",
					"from": [ 4.2, 0.0, 4.2 ],
					"to": [ 5.2, 6.4, 5.2 ],
					"rotationOrigin": [ 4.2, 0.0, 4.2 ],
					"faces": {
						"north": { "texture": "#bark", "uv": [ 4.5, 10.0, 5.5, 16.0 ] },
						"east": { "texture": "#bark", "uv": [ 5.0, 10.0, 6.0, 16.0 ] },
						"south": { "texture": "#bark", "uv": [ 5.0, 10.0, 6.0, 16.0 ] },
						"west": { "texture": "#bark", "uv": [ 7.5, 10.0, 8.5, 16.0 ] },
						"up": { "texture": "#bark", "uv": [ 5.0, 10.0, 6.0, 11.0 ] },
						"down": { "texture": "#bark", "uv": [ 5.0, 5.5, 6.0, 6.5 ] }
					}
				},
				{
					"name": "basketcorner4",
					"from": [ 4.2, 0.0, -5.2 ],
					"to": [ 5.2, 6.4, -4.2 ],
					"rotationOrigin": [ 4.2, 0.0, -5.2 ],
					"faces": {
						"north": { "texture": "#bark", "uv": [ 6.0, 10.0, 7.0, 16.0 ] },
						"east": { "texture": "#bark", "uv": [ 6.5, 10.0, 7.5, 16.0 ] },
						"south": { "texture": "#bark", "uv": [ 10.5, 10.0, 11.5, 16.0 ] },
						"west": { "texture": "#bark", "uv": [ 3.5, 10.0, 4.5, 16.0 ] },
						"up": { "texture": "#bark", "uv": [ 14.0, 1.0, 15.0, 2.0 ] },
						"down": { "texture": "#bark", "uv": [ 15.0, 0.0, 16.0, 1.0 ] }
					}
				}
			]
		},
		{
			"name": "origin2",
			"from": [ 8.0, 6.3, 8.0 ],
			"to": [ 8.0, 6.3, 8.0 ],
			"rotationOrigin": [ 8.0, 6.3, 8.0 ],
			"faces": {
			},
			"children": [
				{
					"name": "roofside1",
					"from": [ -5.5, 0.0, 3.9 ],
					"to": [ 5.5, 1.0, 4.9 ],
					"rotationOrigin": [ -5.5, 0.0, 3.9 ],
					"faces": {
						"north": { "texture": "#bark", "uv": [ 4.5, 1.5, 15.5, 2.5 ] },
						"east": { "texture": "#bark", "uv": [ 5.5, 0.5, 6.5, 1.5 ] },
						"south": { "texture": "#bark", "uv": [ 5.0, 0.5, 16.0, 1.5 ] },
						"west": { "texture": "#bark", "uv": [ 13.5, 2.0, 14.5, 3.0 ] },
						"up": { "texture": "#bark", "uv": [ 5.0, 0.0, 16.0, 1.0 ] },
						"down": { "texture": "#bark", "uv": [ 5.0, 12.5, 16.0, 13.5 ] }
					}
				},
				{
					"name": "roofside2",
					"from": [ -5.5, 0.1, 2.0 ],
					"to": [ 5.5, 1.1, 3.0 ],
					"rotationOrigin": [ -5.5, 0.1, 2.0 ],
					"faces": {
						"north": { "texture": "#bark", "uv": [ 4.5, 1.0, 15.5, 2.0 ] },
						"east": { "texture": "#bark", "uv": [ 10.5, 2.5, 11.5, 3.5 ] },
						"south": { "texture": "#bark", "uv": [ 4.5, 0.5, 15.5, 1.5 ] },
						"west": { "texture": "#bark", "uv": [ 11.0, 3.5, 12.0, 4.5 ] },
						"up": { "texture": "#bark", "uv": [ 4.5, 1.5, 15.5, 2.5 ] },
						"down": { "texture": "#bark", "uv": [ 4.0, 1.5, 15.0, 2.5 ] }
					}
				},
				{
					"name": "roofside3",
					"from": [ -5.8, 0.1, -0.5 ],
					"to": [ 5.5, 1.1, 0.5 ],
					"rotationOrigin": [ -5.8, 0.1, -0.5 ],
					"faces": {
						"north": { "texture": "#bark", "uv": [ 3.5, 4.5, 14.5, 5.5 ] },
						"east": { "texture": "#bark", "uv": [ 7.0, 4.0, 8.0, 5.0 ] },
						"south": { "texture": "#bark", "uv": [ 3.5, 0.5, 14.5, 1.5 ] },
						"west": { "texture": "#bark", "uv": [ 8.0, 0.0, 9.0, 1.0 ] },
						"up": { "texture": "#bark", "uv": [ 5.0, 1.0, 16.0, 2.0 ] },
						"down": { "texture": "#bark", "uv": [ 4.5, 2.5, 15.5, 3.5 ] }
					}
				},
				{
					"name": "roofside4",
					"from": [ -5.9, 0.1, -2.8 ],
					"to": [ 5.4, 1.1, -1.8 ],
					"rotationOrigin": [ -5.9, 0.1, -2.8 ],
					"faces": {
						"north": { "texture": "#bark", "uv": [ 2.5, 15.0, 13.5, 16.0 ] },
						"east": { "texture": "#bark", "uv": [ 2.5, 1.5, 3.5, 2.5 ] },
						"south": { "texture": "#bark", "uv": [ 5.0, 1.5, 16.0, 2.5 ] },
						"west": { "texture": "#bark", "uv": [ 12.5, 4.0, 13.5, 5.0 ] },
						"up": { "texture": "#bark", "uv": [ 5.0, 1.0, 16.0, 2.0 ] },
						"down": { "texture": "#bark", "uv": [ 5.0, 0.5, 16.0, 1.5 ] }
					}
				},
				{
					"name": "roofside5",
					"from": [ -5.9, 0.1, -5.4 ],
					"to": [ 5.4, 1.1, -4.4 ],
					"rotationOrigin": [ -5.9, 0.1, -5.4 ],
					"faces": {
						"north": { "texture": "#bark", "uv": [ 5.0, 0.0, 16.0, 1.0 ] },
						"east": { "texture": "#bark", "uv": [ 7.0, 3.5, 8.0, 4.5 ] },
						"south": { "texture": "#bark", "uv": [ 5.0, 0.5, 16.0, 1.5 ] },
						"west": { "texture": "#bark", "uv": [ 10.5, 3.0, 11.5, 4.0 ] },
						"up": { "texture": "#bark", "uv": [ 0.0, 5.5, 11.0, 6.5 ] },
						"down": { "texture": "#bark", "uv": [ 4.5, 8.0, 15.5, 9.0 ] }
					}
				},
				{
					"name": "roofside6",
					"from": [ -3.9, 0.3, 5.6 ],
					"to": [ 7.6, 1.3, 6.6 ],
					"rotationOrigin": [ -3.9, 0.3, 5.6 ],
					"rotationY": 90.0,
					"rotationZ": -1.0,
					"faces": {
						"north": { "texture": "#bark", "uv": [ 4.5, 1.5, 16.0, 2.5 ] },
						"east": { "texture": "#bark", "uv": [ 12.5, 3.0, 13.5, 4.0 ] },
						"south": { "texture": "#bark", "uv": [ 4.0, 2.0, 15.5, 3.0 ] },
						"west": { "texture": "#bark", "uv": [ 6.0, 3.5, 7.0, 4.5 ] },
						"up": { "texture": "#bark", "uv": [ 4.5, 3.0, 16.0, 4.0 ] },
						"down": { "texture": "#bark", "uv": [ 4.5, 9.5, 16.0, 10.5 ] }
					}
				},
				{
					"name": "roofside7",
					"from": [ -1.2, 0.2, 5.7 ],
					"to": [ 10.5, 1.2, 6.7 ],
					"rotationOrigin": [ -1.2, 0.2, 5.7 ],
					"rotationX": 1.0,
					"rotationY": 90.0,
					"faces": {
						"north": { "texture": "#bark", "uv": [ 4.5, 3.0, 16.0, 4.0 ] },
						"east": { "texture": "#bark", "uv": [ 3.0, 5.5, 4.0, 6.5 ] },
						"south": { "texture": "#bark", "uv": [ 4.5, 3.5, 16.0, 4.5 ] },
						"west": { "texture": "#bark", "uv": [ 7.0, 4.0, 8.0, 5.0 ] },
						"up": { "texture": "#bark", "uv": [ 4.0, 0.5, 15.5, 1.5 ] },
						"down": { "texture": "#bark", "uv": [ 2.0, 1.0, 13.5, 2.0 ] }
					}
				},
				{
					"name": "roofside8",
					"from": [ 1.2, 0.4, 5.6 ],
					"to": [ 12.9, 1.4, 6.6 ],
					"rotationOrigin": [ 1.2, 0.4, 5.6 ],
					"rotationX": -1.0,
					"rotationY": 91.0,
					"faces": {
						"north": { "texture": "#bark", "uv": [ 0.5, 8.5, 12.0, 9.5 ] },
						"east": { "texture": "#bark", "uv": [ 2.5, 1.0, 3.5, 2.0 ] },
						"south": { "texture": "#bark", "uv": [ 1.5, 1.0, 13.0, 2.0 ] },
						"west": { "texture": "#bark", "uv": [ 3.0, 3.0, 4.0, 4.0 ] },
						"up": { "texture": "#bark", "uv": [ 1.0, 1.5, 12.5, 2.5 ] },
						"down": { "texture": "#bark", "uv": [ 0.0, 3.5, 11.5, 4.5 ] }
					}
				},
				{
					"name": "roofside9",
					"from": [ 3.4, 0.4, 5.6 ],
					"to": [ 15.1, 1.4, 6.6 ],
					"rotationOrigin": [ 3.4, 0.4, 5.6 ],
					"rotationY": 91.0,
					"faces": {
						"north": { "texture": "#bark", "uv": [ 3.0, 0.5, 14.5, 1.5 ] },
						"east": { "texture": "#bark", "uv": [ 4.0, 3.5, 5.0, 4.5 ] },
						"south": { "texture": "#bark", "uv": [ 3.0, 12.0, 14.5, 13.0 ] },
						"west": { "texture": "#bark", "uv": [ 1.0, 7.5, 2.0, 8.5 ] },
						"up": { "texture": "#bark", "uv": [ 1.0, 14.5, 12.5, 15.5 ] },
						"down": { "texture": "#bark", "uv": [ 0.0, 6.0, 11.5, 7.0 ] }
					}
				}
			]
		}
	],
	"animations": [
		{
			"name": "lidopen",
			"code": "lidopen",
			"quantityframes": 17,
			"onActivityStopped": "Rewind",
			"onAnimationEnd": "Hold",
			"keyframes": [
				{
					"frame": 0,
					"elements": {
						"origin2": { "offsetX": 0.0, "offsetY": 0.0, "offsetZ": 0.0, "rotationX": 0.0, "rotationY": 0.0, "rotationZ": 0.0 }
					}
				},
				{
					"frame": 2,
					"elements": {
						"origin2": { "offsetX": 0.0, "offsetY": 0.5, "offsetZ": 0.0 }
					}
				},
				{
					"frame": 15,
					"elements": {
						"origin2": { "offsetX": -2.3, "offsetY": 4.7, "offsetZ": 0.0 }
					}
				},
				{
					"frame": 16,
					"elements": {
						"origin2": { "offsetX": -3.3333, "offsetY": 4.7667, "offsetZ": 0.0, "rotationX": 0.0, "rotationY": 0.0, "rotationZ": 67.5 }
					}
				}
			]
		}
	]
}