{
	"editor": {
		"allAngles": false,
		"entityTextureMode": false
	},
	"textureWidth": 16,
	"textureHeight": 16,
	"textureSizes": {
	},
	"textures": {
		"pine": "game:block/wood/bark/pine",
		"birch": "game:block/wood/debarked/birch",
		"pine2": "game:block/wood/treetrunk/pine"
	},
	"elements": [
		{
			"name": "origin",
			"from": [ 8.0, 0.0, 8.0 ],
			"to": [ 8.0, 0.0, 8.0 ],
			"rotationOrigin": [ 8.0, 0.0, 8.0 ],
			"faces": {
			},
			"children": [
				{
					"name": "bottom",
					"from": [ -4.0, 0.2, -4.0 ],
					"to": [ 4.0, 1.2, 4.0 ],
					"rotationOrigin": [ -4.0, 0.2, -4.0 ],
					"faces": {
						"up": { "texture": "#birch", "uv": [ 4.0, 3.5, 12.0, 11.5 ] },
						"down": { "texture": "#birch", "uv": [ 3.0, 4.0, 11.0, 12.0 ] }
					}
				},
				{
					"name": "boxside1",
					"from": [ -5.0, 0.1, -4.0 ],
					"to": [ -4.0, 7.1, 4.0 ],
					"rotationOrigin": [ -5.0, 0.1, -4.0 ],
					"faces": {
						"east": { "texture": "#birch", "uv": [ 4.0, 2.0, 12.0, 9.0 ] },
						"west": { "texture": "#birch", "uv": [ 1.5, 2.5, 9.5, 9.5 ] },
						"up": { "texture": "#birch", "uv": [ 4.0, 3.5, 5.0, 11.5 ] },
						"down": { "texture": "#birch", "uv": [ 3.5, 4.5, 4.5, 12.5 ] }
					}
				},
				{
					"name": "corner1",
					"from": [ -5.25, 0.0, -5.25 ],
					"to": [ -3.75, 8.0, -3.75 ],
					"rotationOrigin": [ -5.2, 0.0, -5.2 ],
					"faces": {
						"north": { "texture": "#pine", "uv": [ 14.5, 0.0, 16.0, 8.0 ] },
						"east": { "texture": "#pine", "uv": [ 14.5, 0.0, 16.0, 8.0 ] },
						"south": { "texture": "#pine", "uv": [ 0.0, 0.0, 1.5, 8.0 ] },
						"west": { "texture": "#pine", "uv": [ 0.0, 0.0, 1.5, 8.0 ] },
						"up": { "texture": "#pine2", "uv": [ 7.0, 7.0, 8.5, 8.5 ] },
						"down": { "texture": "#pine2", "uv": [ 7.0, 7.0, 8.5, 8.5 ] }
					}
				},
				{
					"name": "corner2",
					"from": [ 3.75, 0.0, -5.25 ],
					"to": [ 5.25, 8.0, -3.75 ],
					"rotationOrigin": [ 3.8, 0.0, -5.2 ],
					"faces": {
						"north": { "texture": "#pine", "uv": [ 0.0, 0.5, 1.5, 8.5 ] },
						"east": { "texture": "#pine", "uv": [ 14.5, 0.0, 16.0, 8.0 ] },
						"south": { "texture": "#pine", "uv": [ 14.5, 0.0, 16.0, 8.0 ] },
						"west": { "texture": "#pine", "uv": [ 0.0, 0.0, 1.5, 8.0 ] },
						"up": { "texture": "#pine2", "uv": [ 7.0, 7.0, 8.5, 8.5 ] },
						"down": { "texture": "#pine2", "uv": [ 7.0, 7.0, 8.5, 8.5 ] }
					}
				},
				{
					"name": "corner3",
					"from": [ 3.75, 0.0, 3.75 ],
					"to": [ 5.25, 8.0, 5.25 ],
					"rotationOrigin": [ 3.8, 0.0, 3.8 ],
					"faces": {
						"north": { "texture": "#pine", "uv": [ 0.0, 0.0, 1.5, 8.0 ] },
						"east": { "texture": "#pine", "uv": [ 0.0, 0.0, 1.5, 8.0 ] },
						"south": { "texture": "#pine", "uv": [ 14.5, 0.0, 16.0, 8.0 ] },
						"west": { "texture": "#pine", "uv": [ 14.5, 0.0, 16.0, 8.0 ] },
						"up": { "texture": "#pine2", "uv": [ 7.0, 7.0, 8.5, 8.5 ] },
						"down": { "texture": "#pine2", "uv": [ 7.0, 7.0, 8.5, 8.5 ] }
					}
				},
				{
					"name": "corner4",
					"from": [ -5.25, 0.0, 3.75 ],
					"to": [ -3.75, 8.0, 5.25 ],
					"rotationOrigin": [ -5.2, 0.0, 3.8 ],
					"faces": {
						"north": { "texture": "#pine", "uv": [ 14.5, 0.0, 16.0, 8.0 ] },
						"east": { "texture": "#pine", "uv": [ 0.0, 0.0, 1.5, 8.0 ] },
						"south": { "texture": "#pine", "uv": [ 0.0, 0.0, 1.5, 8.0 ] },
						"west": { "texture": "#pine", "uv": [ 14.5, 0.0, 16.0, 8.0 ] },
						"up": { "texture": "#pine2", "uv": [ 7.0, 7.0, 8.5, 8.5 ] },
						"down": { "texture": "#pine2", "uv": [ 7.0, 7.0, 8.5, 8.5 ] }
					}
				},
				{
					"name": "boxside2",
					"from": [ 4.0, 0.1, -4.0 ],
					"to": [ 5.0, 7.1, 4.0 ],
					"rotationOrigin": [ 4.0, 0.1, -4.0 ],
					"faces": {
						"east": { "texture": "#birch", "uv": [ 2.5, 2.5, 10.5, 9.5 ] },
						"west": { "texture": "#birch", "uv": [ 4.0, 4.0, 12.0, 11.0 ] },
						"up": { "texture": "#birch", "uv": [ 4.0, 3.0, 5.0, 11.0 ] },
						"down": { "texture": "#birch", "uv": [ 3.0, 1.5, 4.0, 9.5 ] }
					}
				},
				{
					"name": "boxside3",
					"from": [ 4.0, 0.1, -5.0 ],
					"to": [ 5.0, 7.1, 3.0 ],
					"rotationOrigin": [ 4.0, 0.1, -5.0 ],
					"rotationY": -90.0,
					"faces": {
						"east": { "texture": "#birch", "uv": [ 4.5, 3.5, 12.5, 10.5 ] },
						"west": { "texture": "#birch", "uv": [ 1.0, 5.5, 9.0, 12.5 ] },
						"up": { "texture": "#birch", "uv": [ 14.5, 0.0, 15.5, 8.0 ] },
						"down": { "texture": "#birch", "uv": [ 2.0, 3.5, 3.0, 11.5 ] }
					}
				},
				{
					"name": "boxside4",
					"from": [ 4.0, 0.1, 4.0 ],
					"to": [ 5.0, 7.1, 12.0 ],
					"rotationOrigin": [ 4.0, 0.1, 4.0 ],
					"rotationY": -90.0,
					"faces": {
						"east": { "texture": "#birch", "uv": [ 5.0, 4.5, 13.0, 11.5 ] },
						"west": { "texture": "#birch", "uv": [ 1.5, 5.0, 9.5, 12.0 ] },
						"up": { "texture": "#birch", "uv": [ 6.0, 3.5, 7.0, 11.5 ] },
						"down": { "texture": "#birch", "uv": [ 4.0, 5.0, 5.0, 13.0 ] }
					}
				}
			]
		}
	]}