{
	"editor": {
		"collapsedPaths": "Root/origin/holder,Root/origin/Spatha Blade Anchor/Northern Fuller,Root/origin,Root/origin/handle/hilt/blademiddle1,Root/origin/handle/hilt/Southern Fuller,Root/origin/holder2/connector2,Root/origin/ricasso,Root/origin/Anchor/Southern Fuller,Root/origin/handle/hilt/Northern Fuller,Root/origin/Anchor/Northern Fuller,Root/origin/handle/hilt/blademiddle1/blade-middle3,Root/origin/handle 1,Root/origin/handle/pommel,Root/Anchor,Root/origin/handle/hilt,Root/Blade Anchor",
		"allAngles": false,
		"entityTextureMode": false
	},
	"textureWidth": 16,
	"textureHeight": 16,
	"textureSizes": {
		"metal": [16,16],
		"wood": [16,16],
		"handle": [16,16]
	},
	"textures": {
	},
	"elements": [
		{
			"name": "Anchor",
			"from": [ 6.0, 0.0, 8.0 ],
			"to": [ 6.0, 0.0, 8.0 ],
			"rotationOrigin": [ 6.0, 0.0, 8.0 ],
			"faces": {
			},
			"children": [
				{
					"name": "handle",
					"from": [ -6.0, -0.5, -0.75 ],
					"to": [ -1.0, 0.5, 0.75 ],
					"rotationOrigin": [ 1.0, 0.0, 0.0 ],
					"faces": {
						"north": { "texture": "#handle", "uv": [ 3.5, 10.0, 8.5, 11.0 ] },
						"south": { "texture": "#handle", "uv": [ 5.0, 5.0, 10.0, 6.0 ] },
						"up": { "texture": "#handle", "uv": [ 6.5, 2.0, 11.5, 3.5 ] },
						"down": { "texture": "#handle", "uv": [ 5.0, 7.5, 10.0, 9.0 ] }
					},
					"children": [
						{
							"name": "pommel1",
							"from": [ -2.0, -0.25, -0.25 ],
							"to": [ 0.0, 1.15, 1.75 ],
							"rotationOrigin": [ -1.0, 0.7, 0.7 ],
							"faces": {
								"north": { "texture": "#cgp", "uv": [ 2.5, 8.0, 4.5, 9.0 ] },
								"east": { "texture": "#cgp", "uv": [ 0.0, 7.5, 2.0, 8.5 ] },
								"south": { "texture": "#cgp", "uv": [ 2.0, 1.0, 4.0, 2.0 ] },
								"west": { "texture": "#cgp", "uv": [ 10.0, 11.0, 12.0, 12.0 ] },
								"up": { "texture": "#cgp", "uv": [ 10.5, 12.0, 12.5, 14.0 ] },
								"down": { "texture": "#cgp", "uv": [ 11.0, 7.5, 13.0, 9.5 ] }
							},
							"children": [
								{
									"name": "pommel2",
									"from": [ 0.0, 0.1, 0.0 ],
									"to": [ 2.0, 1.3, 2.0 ],
									"rotationOrigin": [ 1.0, 1.0, 1.0 ],
									"rotationY": -45.0,
									"faces": {
										"north": { "texture": "#cgp", "uv": [ 0.5, 14.5, 2.5, 15.5 ] },
										"east": { "texture": "#cgp", "uv": [ 5.5, 11.5, 7.5, 12.5 ] },
										"south": { "texture": "#cgp", "uv": [ 10.5, 10.5, 12.5, 11.5 ] },
										"west": { "texture": "#cgp", "uv": [ 12.0, 10.0, 14.0, 11.0 ] },
										"up": { "texture": "#cgp", "uv": [ 9.5, 6.0, 11.5, 8.0 ] },
										"down": { "texture": "#cgp", "uv": [ 6.0, 10.0, 8.0, 12.0 ] }
									}
								},
								{
									"name": "stone1",
									"from": [ 0.5, -0.1, 0.5 ],
									"to": [ 1.5, 1.5, 1.5 ],
									"rotationOrigin": [ 1.0, 0.8, 1.0 ],
									"faces": {
										"north": { "texture": "#gem", "uv": [ 7.0, 1.5, 8.0, 3.0 ] },
										"east": { "texture": "#gem", "uv": [ 6.0, 7.5, 7.0, 9.0 ] },
										"south": { "texture": "#gem", "uv": [ 3.5, 6.0, 4.5, 7.5 ] },
										"west": { "texture": "#gem", "uv": [ 11.0, 13.5, 12.0, 15.0 ] },
										"up": { "texture": "#gem", "uv": [ 3.0, 11.5, 4.0, 12.5 ] },
										"down": { "texture": "#gem", "uv": [ 1.5, 13.5, 2.5, 14.5 ] }
									}
								}
							]
						}
					]
				},
				{
					"name": "hilt",
					"from": [ -1.2, -0.7, -2.0 ],
					"to": [ 0.0, 0.7, 2.0 ],
					"rotationOrigin": [ -0.2, 0.0, 0.0 ],
					"faces": {
						"north": { "texture": "#cgp", "uv": [ 1.0, 1.0, 2.0, 2.0 ] },
						"east": { "texture": "#cgp", "uv": [ 10.5, 9.0, 14.5, 10.0 ] },
						"south": { "texture": "#cgp", "uv": [ 9.5, 14.5, 10.5, 15.5 ] },
						"west": { "texture": "#cgp", "uv": [ 10.5, 11.5, 14.5, 12.5 ] },
						"up": { "texture": "#cgp", "uv": [ 10.5, 5.5, 14.5, 6.5 ], "rotation": 90 },
						"down": { "texture": "#cgp", "uv": [ 6.5, 10.5, 10.5, 11.5 ], "rotation": 90 }
					},
					"children": [
						{
							"name": "chappe",
							"from": [ 0.4, 0.1, 1.2 ],
							"to": [ 2.0, 1.3, 2.8 ],
							"rotationOrigin": [ 1.2, 0.7, 2.0 ],
							"rotationY": -45.0,
							"faces": {
								"north": { "texture": "#chappe", "uv": [ 4.5, 2.0, 6.0, 3.0 ] },
								"east": { "texture": "#chappe", "uv": [ 11.5, 7.5, 13.0, 8.5 ] },
								"south": { "texture": "#chappe", "uv": [ 9.5, 9.0, 11.0, 10.0 ] },
								"west": { "texture": "#chappe", "uv": [ 1.0, 14.0, 2.5, 15.0 ] },
								"up": { "texture": "#chappe", "uv": [ 9.0, 2.5, 10.5, 4.0 ] },
								"down": { "texture": "#chappe", "uv": [ 10.5, 11.0, 12.0, 12.5 ] }
							}
						},
						{
							"name": "crossguard1",
							"from": [ 0.0, 0.2, -2.0 ],
							"to": [ 1.0, 1.2, 0.0 ],
							"rotationOrigin": [ 0.0, 0.7, 0.0 ],
							"faces": {
								"north": { "texture": "#cgp", "uv": [ 5.0, 14.0, 6.0, 15.0 ] },
								"east": { "texture": "#cgp", "uv": [ 9.5, 6.5, 11.5, 7.5 ] },
								"west": { "texture": "#cgp", "uv": [ 8.5, 10.5, 10.5, 11.5 ] },
								"up": { "texture": "#cgp", "uv": [ 10.0, 5.0, 11.0, 7.0 ] },
								"down": { "texture": "#cgp", "uv": [ 10.0, 5.5, 11.0, 7.5 ] }
							},
							"children": [
								{
									"name": "quillon2N",
									"from": [ 0.0, 0.01, -2.0 ],
									"to": [ 1.0, 1.01, 0.0 ],
									"rotationOrigin": [ 0.0, 0.5, 0.0 ],
									"rotationY": -22.5,
									"faces": {
										"north": { "texture": "#cgp", "uv": [ 13.0, 12.5, 14.0, 13.5 ] },
										"east": { "texture": "#cgp", "uv": [ 8.0, 1.5, 10.0, 2.5 ] },
										"west": { "texture": "#cgp", "uv": [ 9.0, 5.5, 11.0, 6.5 ] },
										"up": { "texture": "#cgp", "uv": [ 2.0, 7.5, 3.0, 9.5 ] },
										"down": { "texture": "#cgp", "uv": [ 3.5, 4.0, 4.5, 6.0 ] }
									}
								}
							]
						},
						{
							"name": "crossguard2",
							"from": [ 0.0, 0.2, 4.0 ],
							"to": [ 1.0, 1.2, 6.0 ],
							"rotationOrigin": [ 0.0, 0.7, 4.0 ],
							"faces": {
								"east": { "texture": "#cgp", "uv": [ 1.0, 6.5, 3.0, 7.5 ] },
								"south": { "texture": "#cgp", "uv": [ 9.5, 11.5, 10.5, 12.5 ] },
								"west": { "texture": "#cgp", "uv": [ 0.5, 7.5, 2.5, 8.5 ] },
								"up": { "texture": "#cgp", "uv": [ 1.0, 1.5, 2.0, 3.5 ] },
								"down": { "texture": "#cgp", "uv": [ 10.0, 9.0, 11.0, 11.0 ] }
							},
							"children": [
								{
									"name": "quillon2S",
									"from": [ 0.0, 0.01, 2.0 ],
									"to": [ 1.0, 1.01, 4.0 ],
									"rotationOrigin": [ 0.0, 0.5, 2.0 ],
									"rotationY": 22.5,
									"faces": {
										"north": { "texture": "#cgp", "uv": [ 11.5, 3.0, 12.5, 4.0 ] },
										"east": { "texture": "#cgp", "uv": [ 3.5, 12.0, 5.5, 13.0 ] },
										"south": { "texture": "#cgp", "uv": [ 3.0, 9.5, 4.0, 10.5 ] },
										"west": { "texture": "#cgp", "uv": [ 4.5, 3.0, 6.5, 4.0 ] },
										"up": { "texture": "#cgp", "uv": [ 3.0, 11.5, 4.0, 13.5 ] },
										"down": { "texture": "#cgp", "uv": [ 4.5, 13.5, 5.5, 15.5 ] }
									}
								}
							]
						}
					]
				},
				{
					"name": "hilt2",
					"from": [ 0.0, -0.4, -1.7 ],
					"to": [ 1.0, 0.3, 1.7 ],
					"rotationOrigin": [ 1.0, 0.3, 0.3 ],
					"faces": {
						"north": { "texture": "#metal", "uv": [ 1.0, 1.0, 2.0, 1.5 ] },
						"east": { "texture": "#metal", "uv": [ 10.5, 9.0, 13.5, 9.5 ] },
						"south": { "texture": "#metal", "uv": [ 9.5, 14.5, 10.5, 15.0 ] },
						"west": { "texture": "#metal", "uv": [ 10.5, 11.5, 13.5, 12.0 ] },
						"up": { "texture": "#metal", "uv": [ 10.5, 5.5, 13.5, 6.5 ], "rotation": 90 },
						"down": { "texture": "#metal", "uv": [ 6.5, 10.5, 9.5, 11.5 ], "rotation": 90 }
					}
				}
			]
		},
		{
			"name": "Blade Anchor",
			"from": [ 6.0, 0.0, 8.0 ],
			"to": [ 6.0, 0.0, 8.0 ],
			"rotationOrigin": [ 6.0, 0.0, 8.0 ],
			"faces": {
			},
			"children": [
				{
					"name": "blademiddle1",
					"from": [ 0.0, -0.2, -0.5 ],
					"to": [ 12.0, 0.3, 0.5 ],
					"faces": {
						"north": { "texture": "#metal", "uv": [ 0.0, 7.0, 12.0, 7.5 ] },
						"east": { "texture": "#metal", "uv": [ 4.5, 1.0, 5.5, 1.5 ] },
						"south": { "texture": "#metal", "uv": [ 0.0, 12.0, 12.0, 12.5 ] },
						"up": { "texture": "#metal", "uv": [ 0.0, 4.5, 12.0, 5.5 ] },
						"down": { "texture": "#metal", "uv": [ 0.0, 11.0, 12.0, 12.0 ] }
					},
					"children": [
						{
							"name": "blademiddle2",
							"from": [ 12.0, 0.0, 0.0 ],
							"to": [ 22.0, 0.5, 1.0 ],
							"rotationOrigin": [ 12.0, 0.0, 0.5 ],
							"faces": {
								"north": { "texture": "#metal", "uv": [ 3.0, 12.5, 13.0, 13.0 ] },
								"east": { "texture": "#metal", "uv": [ 3.5, 14.5, 4.5, 15.0 ] },
								"south": { "texture": "#metal", "uv": [ 4.5, 11.0, 14.5, 11.5 ] },
								"up": { "texture": "#metal", "uv": [ 4.5, 8.5, 14.5, 9.5 ] },
								"down": { "texture": "#metal", "uv": [ 3.0, 0.0, 13.0, 1.0 ] }
							}
						},
						{
							"name": "blademiddle3",
							"from": [ 22.0, 0.0, 0.2 ],
							"to": [ 24.5, 0.5, 0.8 ],
							"rotationOrigin": [ 22.0, 0.0, 0.5 ],
							"faces": {
								"north": { "texture": "#metal", "uv": [ 5.0, 2.0, 7.5, 2.5 ] },
								"east": { "texture": "#metal", "uv": [ 14.5, 4.5, 15.0, 5.0 ] },
								"south": { "texture": "#metal", "uv": [ 8.5, 10.0, 11.0, 10.5 ] },
								"up": { "texture": "#metal", "uv": [ 8.0, 8.5, 10.5, 9.0 ] },
								"down": { "texture": "#metal", "uv": [ 1.0, 5.0, 3.5, 5.5 ] }
							},
							"children": [
								{
									"name": "tip",
									"from": [ 2.59, 0.1, 0.3 ],
									"to": [ 3.09, 0.3, 0.8 ],
									"rotationOrigin": [ 2.6, 0.2, 0.3 ],
									"rotationY": 45.0,
									"faces": {
										"north": { "texture": "#metal", "uv": [ 10.5, 3.0, 11.0, 3.5 ] },
										"east": { "texture": "#metal", "uv": [ 11.0, 2.5, 11.5, 3.0 ] },
										"south": { "texture": "#metal", "uv": [ 14.5, 13.0, 15.0, 13.5 ] },
										"west": { "texture": "#metal", "uv": [ 1.0, 1.5, 1.5, 2.0 ] },
										"up": { "texture": "#metal", "uv": [ 3.5, 0.0, 4.0, 0.5 ] },
										"down": { "texture": "#metal", "uv": [ 12.5, 2.5, 13.0, 3.0 ] }
									}
								}
							]
						}
					]
				},
				{
					"name": "blade1",
					"from": [ 0.0, -0.1, -1.5 ],
					"to": [ 10.0, 0.1, 1.5 ],
					"faces": {
						"north": { "texture": "#metal", "uv": [ 1.0, 7.5, 11.0, 8.0 ] },
						"east": { "texture": "#metal", "uv": [ 2.0, 6.5, 5.0, 7.0 ] },
						"south": { "texture": "#metal", "uv": [ 0.0, 4.0, 10.0, 4.5 ] },
						"up": { "texture": "#metal", "uv": [ 0.5, 3.5, 10.5, 6.5 ] },
						"down": { "texture": "#metal", "uv": [ 0.0, 4.5, 10.0, 7.5 ] }
					}
				},
				{
					"name": "blade2N",
					"from": [ 10.0, -0.09, -1.5 ],
					"to": [ 21.0, 0.11, -0.5 ],
					"rotationOrigin": [ 10.0, 0.0, -1.5 ],
					"rotationY": -3.0,
					"faces": {
						"north": { "texture": "#metal", "uv": [ 2.0, 1.0, 13.0, 1.5 ] },
						"east": { "texture": "#metal", "uv": [ 0.0, 10.5, 1.0, 11.0 ] },
						"up": { "texture": "#metal", "uv": [ 2.0, 5.5, 13.0, 6.5 ] },
						"down": { "texture": "#metal", "uv": [ 2.0, 2.5, 13.0, 3.5 ] }
					},
					"children": [
						{
							"name": "blade3N",
							"from": [ 11.0, 0.0, 0.0 ],
							"to": [ 15.0, 0.2, 0.5 ],
							"rotationOrigin": [ 11.0, 0.1, 0.0 ],
							"rotationY": -5.0,
							"faces": {
								"north": { "texture": "#metal", "uv": [ 2.0, 6.0, 6.0, 6.5 ] },
								"east": { "texture": "#metal", "uv": [ 8.0, 13.0, 8.5, 13.5 ] },
								"south": { "texture": "#metal", "uv": [ 7.5, 13.5, 11.5, 14.0 ] },
								"west": { "texture": "#metal", "uv": [ 11.0, 8.0, 11.5, 8.5 ] },
								"up": { "texture": "#metal", "uv": [ 6.5, 6.5, 10.5, 7.0 ] },
								"down": { "texture": "#metal", "uv": [ 4.0, 14.0, 8.0, 14.5 ] }
							}
						}
					]
				},
				{
					"name": "blade2S",
					"from": [ 10.0, -0.11, 0.5 ],
					"to": [ 21.0, 0.09, 1.5 ],
					"rotationOrigin": [ 10.0, 0.0, 1.5 ],
					"rotationY": 3.0,
					"faces": {
						"east": { "texture": "#metal", "uv": [ 9.5, 0.0, 10.5, 0.5 ] },
						"south": { "texture": "#metal", "uv": [ 1.5, 15.0, 12.5, 15.5 ], "windMode": [-1,-1,-1,-1] },
						"up": { "texture": "#metal", "uv": [ 2.5, 5.5, 13.5, 6.5 ] },
						"down": { "texture": "#metal", "uv": [ 0.0, 11.5, 11.0, 12.5 ] }
					},
					"children": [
						{
							"name": "blade3S",
							"from": [ 11.0, 0.0, 0.5 ],
							"to": [ 15.0, 0.2, 1.0 ],
							"rotationOrigin": [ 11.0, 0.1, 1.0 ],
							"rotationY": 5.0,
							"faces": {
								"north": { "texture": "#metal", "uv": [ 3.0, 14.5, 7.0, 15.0 ] },
								"east": { "texture": "#metal", "uv": [ 5.5, 5.5, 6.0, 6.0 ] },
								"south": { "texture": "#metal", "uv": [ 4.5, 7.0, 8.5, 7.5 ] },
								"west": { "texture": "#metal", "uv": [ 4.0, 12.5, 4.5, 13.0 ] },
								"up": { "texture": "#metal", "uv": [ 0.0, 8.0, 4.0, 8.5 ] },
								"down": { "texture": "#metal", "uv": [ 0.0, 0.0, 4.0, 0.5 ] }
							}
						}
					]
				}
			]
		}
	]}