{
	"editor": {
		"collapsedPaths": "Root/origin/handle1/hilt1,Root/origin/blademiddle1/blade1S,Root/origin/blademiddle1/fuller1S,Root/origin/blademiddle1/fuller1N,Root/origin/blademiddle1/blade1N,Root/origin/Ricasso/Central Band,Root/origin/hilt/blademiddle1,Root/origin/handle/hilt,Root/origin/blademiddle1/blade1S/blade2S,Root/origin/blademiddle1/blade1N/blade2N",
		"allAngles": false,
		"entityTextureMode": false
	},
	"textureWidth": 16,
	"textureHeight": 16,
	"textureSizes": {
		"blackbronze": [16,16],
		"metal": [16,16],
		"wood": [16,16],
		"handle": [16,16]
	},
	"textures": {
	},
	"elements": [
		{
			"name": "origin",
			"from": [ 8.0, 0.0, 8.0 ],
			"to": [ 8.0, 0.0, 8.0 ],
			"rotationOrigin": [ 8.0, 0.0, 8.0 ],
			"faces": {
			},
			"children": [
				{
					"name": "handle1",
					"from": [ -4.0, -0.51, -0.75 ],
					"to": [ 0.0, 0.59, 0.35 ],
					"rotationOrigin": [ 0.0, 0.2, 0.0 ],
					"faces": {
						"north": { "texture": "#handle", "uv": [ 6.5, 6.0, 10.5, 7.0 ] },
						"south": { "texture": "#handle", "uv": [ 2.0, 14.0, 6.0, 15.0 ] },
						"west": { "texture": "#handle", "uv": [ 10.5, 3.5, 11.5, 4.5 ], "windMode": [-1,-1,-1,-1] },
						"up": { "texture": "#handle", "uv": [ 3.5, 6.5, 7.5, 7.5 ] },
						"down": { "texture": "#handle", "uv": [ 10.5, 9.5, 14.5, 10.5 ] }
					},
					"children": [
						{
							"name": "handle2",
							"from": [ -3.8, 0.05, 0.1 ],
							"to": [ 0.2, 1.05, 1.1 ],
							"rotationOrigin": [ 0.2, 0.75, 0.85 ],
							"rotationY": -17.0,
							"faces": {
								"north": { "texture": "#handle", "uv": [ 0.0, 13.0, 4.0, 14.0 ] },
								"south": { "texture": "#handle", "uv": [ 7.5, 7.0, 11.5, 8.0 ] },
								"west": { "texture": "#handle", "uv": [ 11.5, 6.0, 12.5, 7.0 ] },
								"up": { "texture": "#handle", "uv": [ 8.0, 8.5, 12.0, 9.5 ] },
								"down": { "texture": "#handle", "uv": [ 3.0, 9.5, 7.0, 10.5 ] }
							},
							"children": [
								{
									"name": "pommel",
									"from": [ -1.0, -0.2, -0.1 ],
									"to": [ 0.4, 1.2, 1.3 ],
									"rotationOrigin": [ 1.0, 0.75, 0.85 ],
									"rotationY": -10.0,
									"faces": {
										"north": { "texture": "#brass", "uv": [ 2.5, 2.0, 3.5, 3.0 ] },
										"east": { "texture": "#brass", "uv": [ 14.0, 0.5, 15.0, 1.5 ] },
										"south": { "texture": "#brass", "uv": [ 13.5, 1.0, 14.5, 2.0 ] },
										"west": { "texture": "#brass", "uv": [ 9.5, 11.5, 10.5, 12.5 ] },
										"up": { "texture": "#brass", "uv": [ 1.5, 2.0, 2.5, 3.0 ] },
										"down": { "texture": "#brass", "uv": [ 7.5, 9.0, 8.5, 10.0 ] }
									},
									"children": [
										{
											"name": "pommelcap",
											"from": [ -0.3, 0.35, 0.25 ],
											"to": [ 0.1, 1.15, 1.05 ],
											"rotationOrigin": [ 0.2, 0.8, 0.7 ],
											"rotationX": -45.0,
											"faces": {
												"north": { "texture": "#brass", "uv": [ 11.0, 9.0, 11.5, 9.5 ] },
												"south": { "texture": "#brass", "uv": [ 7.5, 5.5, 8.0, 6.0 ] },
												"west": { "texture": "#brass", "uv": [ 0.0, 13.5, 0.5, 14.0 ] },
												"up": { "texture": "#brass", "uv": [ 13.5, 10.0, 14.0, 10.5 ] },
												"down": { "texture": "#brass", "uv": [ 4.5, 13.5, 5.0, 14.0 ] }
											}
										}
									]
								}
							]
						}
					]
				},
				{
					"name": "hilt1",
					"from": [ -0.2, -0.7, -2.25 ],
					"to": [ 0.8, 0.8, 2.25 ],
					"rotationOrigin": [ -0.2, 0.25, 0.0 ],
					"rotationY": 5.0,
					"faces": {
						"north": { "texture": "#brass", "uv": [ 7.5, 9.0, 8.5, 10.5 ] },
						"east": { "texture": "#brass", "uv": [ 3.0, 10.5, 7.5, 12.0 ] },
						"south": { "texture": "#brass", "uv": [ 11.0, 1.0, 12.0, 2.5 ] },
						"west": { "texture": "#brass", "uv": [ 9.0, 0.5, 13.5, 2.0 ] },
						"up": { "texture": "#brass", "uv": [ 3.0, 9.0, 4.0, 13.5 ] },
						"down": { "texture": "#brass", "uv": [ 11.5, 2.5, 12.5, 7.0 ] }
					},
					"children": [
						{
							"name": "crossguard north",
							"from": [ 0.0995, 0.35, -1.9913 ],
							"to": [ 0.8995, 1.15, 0.0087 ],
							"rotationOrigin": [ 1.0996, 0.9, 0.0087 ],
							"faces": {
								"north": { "texture": "#brass", "uv": [ 9.0, 9.5, 9.5, 10.0 ] },
								"east": { "texture": "#brass", "uv": [ 9.5, 3.0, 11.5, 3.5 ] },
								"west": { "texture": "#brass", "uv": [ 13.0, 13.0, 15.0, 13.5 ] },
								"up": { "texture": "#brass", "uv": [ 8.0, 10.0, 8.5, 12.0 ] },
								"down": { "texture": "#brass", "uv": [ 3.0, 0.5, 3.5, 2.5 ] }
							},
							"children": [
								{
									"name": "crossguard north decoration",
									"from": [ -0.3, -0.1, 0.0 ],
									"to": [ 0.7, 0.9, 1.0 ],
									"rotationOrigin": [ -0.3, -0.1, 0.0 ],
									"rotationY": 45.0,
									"faces": {
										"north": { "texture": "#brass", "uv": [ 0.0, 0.0, 1.0, 1.0 ] },
										"east": { "texture": "#brass", "uv": [ 0.0, 0.0, 1.0, 1.0 ] },
										"south": { "texture": "#brass", "uv": [ 0.0, 0.0, 1.0, 1.0 ] },
										"west": { "texture": "#brass", "uv": [ 0.0, 0.0, 1.0, 1.0 ] },
										"up": { "texture": "#brass", "uv": [ 0.0, 0.0, 1.0, 1.0 ] },
										"down": { "texture": "#brass", "uv": [ 0.0, 0.0, 1.0, 1.0 ] }
									}
								}
							]
						},
						{
							"name": "crossguard south",
							"from": [ 0.1035, 0.35, 4.5073 ],
							"to": [ 0.9035, 1.15, 6.5073 ],
							"rotationOrigin": [ 0.0996, 1.05, 4.5087 ],
							"faces": {
								"east": { "texture": "#brass", "uv": [ 4.5, 12.0, 6.5, 12.5 ] },
								"south": { "texture": "#brass", "uv": [ 11.5, 7.5, 12.0, 8.0 ] },
								"west": { "texture": "#brass", "uv": [ 12.0, 1.0, 14.0, 1.5 ] },
								"up": { "texture": "#brass", "uv": [ 0.5, 1.5, 1.0, 3.5 ] },
								"down": { "texture": "#brass", "uv": [ 10.0, 12.0, 10.5, 14.0 ] }
							},
							"children": [
								{
									"name": "crossguard south decoration",
									"from": [ -0.304, -0.1, 2.0014 ],
									"to": [ 0.696, 0.9, 3.0014 ],
									"rotationOrigin": [ -0.304, -0.1, 2.0014 ],
									"rotationY": 45.0,
									"faces": {
										"north": { "texture": "#brass", "uv": [ 0.0, 0.0, 1.0, 1.0 ] },
										"east": { "texture": "#brass", "uv": [ 0.0, 0.0, 1.0, 1.0 ] },
										"south": { "texture": "#brass", "uv": [ 0.0, 0.0, 1.0, 1.0 ] },
										"west": { "texture": "#brass", "uv": [ 0.0, 0.0, 1.0, 1.0 ] },
										"up": { "texture": "#brass", "uv": [ 0.0, 0.0, 1.0, 1.0 ] },
										"down": { "texture": "#brass", "uv": [ 0.0, 0.0, 1.0, 1.0 ] }
									}
								}
							]
						}
					]
				},
				{
					"name": "blademiddle1",
					"from": [ 0.5388, -0.15, -0.247 ],
					"to": [ 8.7888, 0.225, 0.878 ],
					"rotationOrigin": [ 0.5388, 0.0375, 0.128 ],
					"rotationY": 2.0,
					"faces": {
						"north": { "texture": "#blackbronze", "uv": [ 0.0, 6.5, 8.0, 7.0 ] },
						"east": { "texture": "#blackbronze", "uv": [ 8.5, 0.5, 9.5, 1.0 ] },
						"south": { "texture": "#blackbronze", "uv": [ 0.0, 8.5, 8.0, 9.0 ] },
						"west": { "texture": "#blackbronze", "uv": [ 0.0, 0.0, 1.0, 0.5 ], "windMode": [-1,-1,-1,-1] },
						"up": { "texture": "#blackbronze", "uv": [ 0.0, 4.5, 8.0, 5.5 ] },
						"down": { "texture": "#blackbronze", "uv": [ 0.0, 8.0, 8.0, 9.0 ] }
					},
					"children": [
						{
							"name": "blademiddle2",
							"from": [ 8.25, 0.0075, 0.0 ],
							"to": [ 14.0, 0.3825, 1.125 ],
							"rotationOrigin": [ 8.25, 0.1875, 0.0 ],
							"rotationY": -4.0,
							"faces": {
								"north": { "texture": "#blackbronze", "uv": [ 0.0, 3.5, 5.5, 4.0 ] },
								"east": { "texture": "#blackbronze", "uv": [ 13.0, 3.0, 14.0, 3.5 ] },
								"south": { "texture": "#blackbronze", "uv": [ 0.0, 5.5, 5.5, 6.0 ] },
								"up": { "texture": "#blackbronze", "uv": [ 0.0, 7.5, 5.5, 8.5 ] },
								"down": { "texture": "#blackbronze", "uv": [ 0.0, 14.0, 5.5, 15.0 ] }
							},
							"children": [
								{
									"name": "blademiddle3",
									"from": [ 7.35, -0.01, 0.3 ],
									"to": [ 10.95, 0.365, 1.77 ],
									"rotationOrigin": [ 7.35, 0.0, 0.3 ],
									"rotationY": -13.8,
									"faces": {
										"north": { "texture": "#blackbronze", "uv": [ 1.0, 5.5, 4.5, 6.0 ] },
										"east": { "texture": "#blackbronze", "uv": [ 5.5, 8.0, 6.5, 8.5 ] },
										"south": { "texture": "#blackbronze", "uv": [ 3.5, 6.5, 7.0, 7.0 ] },
										"up": { "texture": "#blackbronze", "uv": [ 0.5, 11.5, 4.0, 12.5 ] },
										"down": { "texture": "#blackbronze", "uv": [ 6.0, 9.0, 9.5, 10.0 ] }
									},
									"children": [
										{
											"name": "blademiddle5",
											"from": [ -0.38, 0.01, 0.75 ],
											"to": [ 0.32, 0.385, 1.15 ],
											"rotationOrigin": [ -0.375, 0.1875, 0.75 ],
											"rotationY": -32.0,
											"faces": {
												"north": { "texture": "#blackbronze", "uv": [ 4.0, 7.5, 4.5, 8.0 ] },
												"east": { "texture": "#blackbronze", "uv": [ 9.5, 12.5, 10.0, 13.0 ] },
												"south": { "texture": "#blackbronze", "uv": [ 5.5, 13.5, 6.0, 14.0 ] },
												"west": { "texture": "#blackbronze", "uv": [ 5.5, 7.5, 6.0, 8.0 ] },
												"up": { "texture": "#blackbronze", "uv": [ 11.5, 3.5, 12.0, 4.0 ] },
												"down": { "texture": "#blackbronze", "uv": [ 6.0, 14.5, 6.5, 15.0 ] }
											}
										}
									]
								},
								{
									"name": "blademiddle6",
									"from": [ 5.75, -0.015, 0.0 ],
									"to": [ 7.65, 0.37, 1.125 ],
									"rotationOrigin": [ 5.75, 0.0, 0.0 ],
									"rotationY": -11.0,
									"faces": {
										"north": { "texture": "#blackbronze", "uv": [ 1.0, 5.5, 2.5, 6.0 ] },
										"east": { "texture": "#blackbronze", "uv": [ 5.5, 8.0, 6.5, 8.5 ] },
										"south": { "texture": "#blackbronze", "uv": [ 3.5, 6.5, 5.0, 7.0 ] },
										"up": { "texture": "#blackbronze", "uv": [ 0.5, 11.5, 2.0, 12.5 ] },
										"down": { "texture": "#blackbronze", "uv": [ 6.0, 9.0, 7.5, 10.0 ] }
									}
								}
							]
						},
						{
							"name": "blade1",
							"from": [ 0.0, 0.1125, -0.75 ],
							"to": [ 4.5, 0.2625, 0.0 ],
							"rotationOrigin": [ 0.0, 0.1875, -0.75 ],
							"rotationY": -1.0,
							"faces": {
								"north": { "texture": "#blackbronze", "uv": [ 2.5, 8.5, 7.0, 8.875 ] },
								"west": { "texture": "#blackbronze", "uv": [ 7.5, 9.0, 8.25, 9.375 ] },
								"up": { "texture": "#blackbronze", "uv": [ 1.0, 5.0, 5.5, 5.75 ] },
								"down": { "texture": "#blackbronze", "uv": [ 1.0, 11.0, 5.5, 11.75 ] }
							},
							"children": [
								{
									"name": "blade2",
									"from": [ 4.5, 0.0075, 0.0 ],
									"to": [ 10.5, 0.1575, 0.75 ],
									"rotationOrigin": [ 4.5, 0.075, 0.0 ],
									"rotationY": -2.5,
									"faces": {
										"north": { "texture": "#blackbronze", "uv": [ 2.5, 2.5, 8.5, 2.875 ] },
										"east": { "texture": "#blackbronze", "uv": [ 3.5, 1.0, 4.25, 1.375 ] },
										"up": { "texture": "#blackbronze", "uv": [ 2.5, 12.5, 8.5, 13.25 ] },
										"down": { "texture": "#blackbronze", "uv": [ 0.5, 13.5, 6.5, 14.25 ] }
									},
									"children": [
										{
											"name": "blade3",
											"from": [ 6.0, -0.0075, 0.0 ],
											"to": [ 9.75, 0.1425, 0.75 ],
											"rotationOrigin": [ 6.0, 0.075, 0.0 ],
											"rotationY": -1.5,
											"faces": {
												"north": { "texture": "#blackbronze", "uv": [ 0.5, 5.0, 4.25, 5.375 ] },
												"east": { "texture": "#blackbronze", "uv": [ 2.5, 5.0, 3.25, 5.375 ] },
												"up": { "texture": "#blackbronze", "uv": [ 3.5, 7.5, 7.25, 8.25 ] },
												"down": { "texture": "#blackbronze", "uv": [ 2.5, 11.0, 6.25, 11.75 ] }
											},
											"children": [
												{
													"name": "blade4",
													"from": [ 3.75, 0.0075, 0.0 ],
													"to": [ 8.25, 0.1575, 0.75 ],
													"rotationOrigin": [ 3.75, 0.075, 0.0 ],
													"rotationY": -10.0,
													"faces": {
														"north": { "texture": "#blackbronze", "uv": [ 5.0, 11.0, 9.5, 11.375 ] },
														"east": { "texture": "#blackbronze", "uv": [ 2.0, 14.0, 2.75, 14.375 ] },
														"up": { "texture": "#blackbronze", "uv": [ 8.5, 14.5, 13.0, 15.25 ] },
														"down": { "texture": "#blackbronze", "uv": [ 3.5, 6.5, 8.0, 7.25 ] }
													},
													"children": [
														{
															"name": "blade5",
															"from": [ 4.5, -0.0075, 0.0 ],
															"to": [ 6.75, 0.1425, 0.75 ],
															"rotationOrigin": [ 4.5, 0.0, 0.0 ],
															"rotationY": -4.0,
															"faces": {
																"north": { "texture": "#blackbronze", "uv": [ 1.0, 3.5, 3.25, 3.875 ] },
																"east": { "texture": "#blackbronze", "uv": [ 2.0, 10.0, 2.75, 10.375 ] },
																"up": { "texture": "#blackbronze", "uv": [ 4.5, 1.5, 6.75, 2.25 ] },
																"down": { "texture": "#blackbronze", "uv": [ 6.5, 10.5, 8.75, 11.25 ] }
															},
															"children": [
																{
																	"name": "blade6",
																	"from": [ 2.25, 0.0075, 0.0 ],
																	"to": [ 4.5, 0.1575, 0.75 ],
																	"rotationOrigin": [ 2.25, 0.0, 0.0 ],
																	"rotationY": -5.0,
																	"faces": {
																		"north": { "texture": "#blackbronze", "uv": [ 12.0, 8.5, 14.25, 8.875 ] },
																		"east": { "texture": "#blackbronze", "uv": [ 1.0, 11.5, 1.75, 11.875 ] },
																		"up": { "texture": "#blackbronze", "uv": [ 1.5, 13.5, 3.75, 14.25 ] },
																		"down": { "texture": "#blackbronze", "uv": [ 5.5, 4.0, 7.75, 4.75 ] }
																	},
																	"children": [
																		{
																			"name": "blade7",
																			"from": [ 2.25, -0.0075, 0.0 ],
																			"to": [ 3.75, 0.1425, 1.35 ],
																			"rotationOrigin": [ 2.25, 0.075, 0.0 ],
																			"rotationY": -15.0,
																			"faces": {
																				"north": { "texture": "#blackbronze", "uv": [ 3.5, 1.5, 5.0, 1.875 ] },
																				"east": { "texture": "#blackbronze", "uv": [ 7.0, 1.0, 8.125, 1.375 ] },
																				"south": { "texture": "#blackbronze", "uv": [ 2.5, 14.5, 4.0, 14.875 ] },
																				"up": { "texture": "#blackbronze", "uv": [ 11.5, 4.5, 13.0, 5.625 ] },
																				"down": { "texture": "#blackbronze", "uv": [ 2.0, 11.0, 3.5, 12.125 ] }
																			},
																			"children": [
																				{
																					"name": "blade8",
																					"from": [ 1.4, 0.0075, 0.0 ],
																					"to": [ 2.525, 0.1575, 1.2 ],
																					"rotationOrigin": [ 1.4, 0.0, 0.0 ],
																					"rotationY": -30.0,
																					"faces": {
																						"north": { "texture": "#blackbronze", "uv": [ 7.0, 13.0, 8.0, 13.5 ] },
																						"east": { "texture": "#blackbronze", "uv": [ 1.5, 4.5, 2.5, 5.0 ] },
																						"south": { "texture": "#blackbronze", "uv": [ 9.0, 6.0, 10.0, 6.5 ] },
																						"up": { "texture": "#blackbronze", "uv": [ 5.0, 4.0, 6.0, 5.0 ] },
																						"down": { "texture": "#blackbronze", "uv": [ 4.0, 7.0, 5.0, 8.0 ] }
																					},
																					"children": [
																						{
																							"name": "bladetip",
																							"from": [ 0.65, 0.03, 0.15 ],
																							"to": [ 1.55, 0.105, 1.05 ],
																							"rotationOrigin": [ 1.025, 0.075, 0.525 ],
																							"rotationY": -45.0,
																							"faces": {
																								"north": { "texture": "#blackbronze", "uv": [ 9.0, 14.0, 9.5, 14.5 ] },
																								"east": { "texture": "#blackbronze", "uv": [ 2.0, 10.0, 2.5, 10.5 ] },
																								"south": { "texture": "#blackbronze", "uv": [ 14.5, 11.0, 15.0, 11.5 ] },
																								"west": { "texture": "#blackbronze", "uv": [ 6.5, 11.0, 7.0, 11.5 ] },
																								"up": { "texture": "#blackbronze", "uv": [ 6.5, 1.0, 7.0, 1.5 ] },
																								"down": { "texture": "#blackbronze", "uv": [ 14.5, 3.5, 15.0, 4.0 ] }
																							}
																						}
																					]
																				}
																			]
																		}
																	]
																}
															]
														}
													]
												}
											]
										}
									]
								}
							]
						},
						{
							"name": "blademiddle4",
							"from": [ 18.8074, 0.0075, 1.8505 ],
							"to": [ 24.0574, 0.3825, 3.3255 ],
							"rotationOrigin": [ 18.8124, 0.185, 1.8505 ],
							"rotationY": -22.0,
							"faces": {
								"north": { "texture": "#blackbronze", "uv": [ 4.0, 7.5, 9.0, 8.0 ] },
								"east": { "texture": "#blackbronze", "uv": [ 9.5, 12.5, 10.5, 13.0 ], "windMode": [-1,-1,-1,-1] },
								"south": { "texture": "#blackbronze", "uv": [ 5.5, 13.5, 10.5, 14.0 ], "windMode": [-1,-1,-1,-1] },
								"west": { "texture": "#blackbronze", "uv": [ 5.5, 7.5, 6.5, 8.0 ] },
								"up": { "texture": "#blackbronze", "uv": [ 11.5, 3.5, 16.5, 4.5 ] },
								"down": { "texture": "#blackbronze", "uv": [ 6.0, 14.5, 11.0, 15.5 ] }
							}
						}
					]
				},
				{
					"name": "tang",
					"from": [ -4.26, -0.05, -0.55 ],
					"to": [ 0.74, 0.15, -0.05 ],
					"rotationOrigin": [ -4.2612, 0.1375, -0.172 ],
					"rotationY": -4.0,
					"faces": {
						"north": { "texture": "#blackbronze", "uv": [ 0.0, 6.5, 5.0, 7.0 ] },
						"east": { "texture": "#blackbronze", "uv": [ 8.5, 0.5, 9.0, 1.0 ] },
						"south": { "texture": "#blackbronze", "uv": [ 0.0, 8.5, 5.0, 9.0 ] },
						"west": { "texture": "#blackbronze", "uv": [ 0.0, 0.0, 0.5, 0.5 ], "windMode": [-1,-1,-1,-1] },
						"up": { "texture": "#blackbronze", "uv": [ 0.0, 4.5, 5.0, 5.0 ] },
						"down": { "texture": "#blackbronze", "uv": [ 0.0, 8.0, 5.0, 8.5 ] }
					}
				}
			]
		}
	]}