{
	"editor": {
		"collapsedPaths": "Root/origin/holder,Root/origin/Spatha Blade Anchor/Northern Fuller,Root/origin/handle,Root/origin/handle/hilt/blademiddle1,Root/origin/handle/hilt/Southern Fuller,Root/origin/holder2/connector2,Root/origin/ricasso,Root/origin/Anchor/Southern Fuller,Root/origin/handle/hilt/Northern Fuller,Root/origin/hilt,Root/origin/pommel,Root/origin/Anchor/Northern Fuller,Root/origin/handle/hilt/blademiddle1/blade-middle3,Root/origin/handle 1,Root/origin/handle/pommel,Root/origin/handle/hilt",
		"allAngles": false,
		"entityTextureMode": false
	},
	"textureWidth": 16,
	"textureHeight": 16,
	"textureSizes": {
		"metal": [16,16],
		"handle": [16,16],
		"brass": [16,16]
	},
	"textures": {
	},
	"elements": [
		{
			"name": "origin",
			"from": [ 8.0, 0.0, 8.0 ],
			"to": [ 8.0, 0.0, 8.0 ],
			"rotationOrigin": [ 8.0, 0.0, 8.0 ],
			"faces": {
			},
			"children": [
				{
					"name": "handle",
					"from": [ -7.0, -0.65, -0.75 ],
					"to": [ -1.1, 0.65, 0.75 ],
					"rotationOrigin": [ -5.0, 0.1, 0.0 ],
					"faces": {
						"north": { "texture": "#handle", "uv": [ 3.5, 0.0, 9.0, 1.0 ] },
						"south": { "texture": "#handle", "uv": [ 0.0, 7.0, 5.5, 8.0 ] },
						"up": { "texture": "#handle", "uv": [ 2.0, 7.0, 7.5, 8.5 ] },
						"down": { "texture": "#handle", "uv": [ 4.5, 13.0, 10.0, 14.5 ] }
					},
					"children": [
						{
							"name": "pommel",
							"from": [ -1.3, -0.1, -0.5 ],
							"to": [ -0.3, 1.4, 2.0 ],
							"rotationOrigin": [ -0.8, 0.65, 0.75 ],
							"faces": {
								"north": { "texture": "#brass", "uv": [ 13.0, 4.0, 14.0, 5.5 ] },
								"east": { "texture": "#brass", "uv": [ 10.0, 14.0, 12.5, 15.5 ] },
								"south": { "texture": "#brass", "uv": [ 0.0, 4.5, 1.0, 6.0 ] },
								"west": { "texture": "#brass", "uv": [ 12.0, 2.0, 14.5, 3.5 ] },
								"up": { "texture": "#brass", "uv": [ 10.0, 3.0, 12.5, 4.0 ], "rotation": 90 },
								"down": { "texture": "#brass", "uv": [ 7.0, 4.5, 9.5, 5.5 ], "rotation": 90 }
							},
							"children": [
								{
									"name": "pommel-taper1",
									"from": [ 1.0, 0.1, 0.0 ],
									"to": [ 2.0, 1.4, 1.0 ],
									"rotationOrigin": [ 1.0, 0.7, 0.0 ],
									"rotationY": -45.0,
									"faces": {
										"north": { "texture": "#brass", "uv": [ 1.5, 8.5, 2.5, 9.5 ] },
										"up": { "texture": "#brass", "uv": [ 5.5, 10.5, 6.5, 11.5 ] },
										"down": { "texture": "#brass", "uv": [ 11.5, 5.5, 12.5, 6.5 ] }
									}
								},
								{
									"name": "pommel-taper2",
									"from": [ 0.0, 0.1, 2.5 ],
									"to": [ 1.0, 1.4, 3.5 ],
									"rotationOrigin": [ 1.0, 0.7, 2.5 ],
									"rotationY": -135.0,
									"faces": {
										"north": { "texture": "#brass", "uv": [ 4.0, 8.5, 5.0, 9.5 ] },
										"up": { "texture": "#brass", "uv": [ 14.0, 0.5, 15.0, 1.5 ] },
										"down": { "texture": "#brass", "uv": [ 2.0, 1.5, 3.0, 2.5 ] }
									}
								},
								{
									"name": "pommeltip",
									"from": [ -0.9, 0.1, 0.35 ],
									"to": [ 0.9, 1.4, 2.15 ],
									"rotationOrigin": [ 0.0, 0.75, 1.25 ],
									"rotationY": -45.0,
									"faces": {
										"south": { "texture": "#brass", "uv": [ 5.5, 6.5, 7.0, 7.5 ] },
										"west": { "texture": "#brass", "uv": [ 4.5, 0.0, 6.0, 1.0 ] },
										"up": { "texture": "#brass", "uv": [ 2.0, 1.5, 3.5, 3.0 ] },
										"down": { "texture": "#brass", "uv": [ 7.0, 3.0, 8.5, 4.5 ] }
									}
								},
								{
									"name": "pommel2",
									"from": [ 1.0, 0.0, 0.5 ],
									"to": [ 1.7, 1.5, 2.0 ],
									"rotationOrigin": [ 1.5, 0.75, 1.75 ],
									"faces": {
										"north": { "texture": "#brass", "uv": [ 13.0, 4.0, 13.5, 5.5 ] },
										"east": { "texture": "#brass", "uv": [ 10.0, 14.0, 11.5, 15.5 ] },
										"south": { "texture": "#brass", "uv": [ 0.0, 4.5, 0.5, 6.0 ] },
										"west": { "texture": "#brass", "uv": [ 12.0, 2.0, 13.5, 3.5 ] },
										"up": { "texture": "#brass", "uv": [ 10.0, 3.0, 11.5, 3.5 ], "rotation": 90 },
										"down": { "texture": "#brass", "uv": [ 7.0, 4.5, 8.5, 5.0 ], "rotation": 90 }
									}
								}
							]
						}
					]
				},
				{
					"name": "hilt",
					"from": [ -0.5, -0.75, -1.75 ],
					"to": [ 0.5, 0.75, 1.75 ],
					"rotationOrigin": [ 0.5, 0.0, 0.0 ],
					"faces": {
						"north": { "texture": "#brass", "uv": [ 0.5, 7.0, 1.5, 8.5 ] },
						"east": { "texture": "#brass", "uv": [ 7.5, 14.0, 11.0, 15.5 ] },
						"south": { "texture": "#brass", "uv": [ 8.5, 4.5, 9.5, 6.0 ] },
						"west": { "texture": "#brass", "uv": [ 7.5, 14.0, 11.0, 15.5 ] },
						"up": { "texture": "#brass", "uv": [ 1.0, 3.5, 4.5, 4.5 ], "rotation": 90 },
						"down": { "texture": "#brass", "uv": [ 10.0, 4.5, 13.5, 5.5 ], "rotation": 90 }
					},
					"children": [
						{
							"name": "hilt-taper2",
							"from": [ -2.0, 0.1, 2.5 ],
							"to": [ 0.0, 1.4, 3.5 ],
							"rotationOrigin": [ 0.0, 0.75, 3.5 ],
							"rotationY": -45.0,
							"faces": {
								"south": { "texture": "#brass", "uv": [ 2.0, 6.0, 4.0, 7.0 ], "windMode": [-1,-1,-1,-1] },
								"up": { "texture": "#brass", "uv": [ 2.0, 7.0, 4.0, 8.0 ] },
								"down": { "texture": "#brass", "uv": [ 3.0, 13.0, 5.0, 14.0 ] }
							}
						},
						{
							"name": "hilt-taper1",
							"from": [ -2.0, 0.1, 0.0 ],
							"to": [ 0.0, 1.4, 1.0 ],
							"rotationOrigin": [ 0.0, 0.75, 0.0 ],
							"rotationY": 45.0,
							"faces": {
								"north": { "texture": "#brass", "uv": [ 9.5, 5.5, 11.5, 6.5 ] },
								"up": { "texture": "#brass", "uv": [ 11.0, 2.0, 13.0, 3.0 ] },
								"down": { "texture": "#brass", "uv": [ 7.0, 4.0, 9.0, 5.0 ] }
							}
						},
						{
							"name": "hilt2",
							"from": [ -1.5, 0.0, 0.7 ],
							"to": [ 0.0, 1.5, 2.9 ],
							"rotationOrigin": [ -1.0, 0.75, 1.95 ],
							"faces": {
								"north": { "texture": "#brass", "uv": [ 13.0, 4.0, 14.5, 5.5 ] },
								"east": { "texture": "#brass", "uv": [ 10.0, 14.0, 12.0, 15.5 ] },
								"south": { "texture": "#brass", "uv": [ 0.0, 4.5, 1.5, 6.0 ] },
								"west": { "texture": "#brass", "uv": [ 12.0, 2.0, 14.0, 3.5 ] },
								"up": { "texture": "#brass", "uv": [ 10.0, 3.0, 12.0, 4.5 ], "rotation": 90 },
								"down": { "texture": "#brass", "uv": [ 7.0, 4.5, 9.0, 6.0 ], "rotation": 90 }
							}
						}
					]
				},
				{
					"name": "ricasso",
					"from": [ 0.1, -0.5, -0.95 ],
					"to": [ 1.1, 0.5, 1.05 ],
					"rotationOrigin": [ 1.1, 0.3, 0.8 ],
					"faces": {
						"north": { "texture": "#metal", "uv": [ 0.5, 7.0, 1.5, 8.0 ] },
						"east": { "texture": "#metal", "uv": [ 7.5, 14.0, 9.5, 15.0 ] },
						"south": { "texture": "#metal", "uv": [ 8.5, 4.5, 9.5, 5.5 ] },
						"west": { "texture": "#metal", "uv": [ 7.5, 14.0, 9.5, 15.0 ] },
						"up": { "texture": "#metal", "uv": [ 1.0, 3.5, 3.0, 4.5 ], "rotation": 90 },
						"down": { "texture": "#metal", "uv": [ 10.0, 4.5, 12.0, 5.5 ], "rotation": 90 }
					},
					"children": [
						{
							"name": "Spatha Blade Anchor",
							"from": [ 2.0, -0.3, -0.8 ],
							"to": [ 2.0, -0.3, -0.8 ],
							"rotationOrigin": [ 2.0, -0.3, -0.8 ],
							"faces": {
								"north": { "texture": "#null", "uv": [ 0.0, 0.0, 0.5, 0.5 ] },
								"east": { "texture": "#null", "uv": [ 0.0, 0.0, 0.5, 0.5 ] },
								"south": { "texture": "#null", "uv": [ 0.0, 0.0, 0.5, 0.5 ] },
								"west": { "texture": "#null", "uv": [ 0.0, 0.0, 0.5, 0.5 ] },
								"up": { "texture": "#null", "uv": [ 0.0, 0.0, 0.5, 0.5 ] },
								"down": { "texture": "#null", "uv": [ 0.0, 0.0, 0.5, 0.5 ] }
							},
							"children": [
								{
									"name": "Northern Fuller",
									"from": [ -1.0, 0.35, 1.0 ],
									"to": [ 19.0, 0.75, 1.8 ],
									"rotationOrigin": [ -1.0, 0.55, 1.75 ],
									"rotationX": 20.0,
									"faces": {
										"north": { "texture": "#metal", "uv": [ 2.5, 2.5, 12.5, 3.0 ], "autoUv": false },
										"east": { "texture": "#metal", "uv": [ 11.5, 1.5, 12.0, 2.0 ] },
										"south": { "texture": "#metal", "uv": [ 0.0, 4.0, 20.0, 4.5 ] },
										"up": { "texture": "#metal", "uv": [ 0.0, 0.0, 20.0, 0.5 ] },
										"down": { "texture": "#metal", "uv": [ 0.0, 0.5, 20.0, 1.0 ] }
									},
									"children": [
										{
											"name": "Blade1",
											"from": [ 0.0, -0.1, 0.11 ],
											"to": [ 20.0, 0.2, 0.41 ],
											"rotationOrigin": [ 0.0, -0.08, 0.02 ],
											"rotationX": -65.0,
											"faces": {
												"north": { "texture": "#metal", "uv": [ 2.0, 0.0, 22.0, 0.5 ] },
												"east": { "texture": "#metal", "uv": [ 14.0, 7.0, 14.5, 7.5 ] },
												"south": { "texture": "#metal", "uv": [ 0.0, 9.0, 20.0, 9.5 ] },
												"west": { "texture": "#metal", "uv": [ 3.5, 12.0, 4.0, 12.5 ] },
												"up": { "texture": "#metal", "uv": [ 2.5, 15.0, 22.5, 15.5 ] },
												"down": { "texture": "#metal", "uv": [ 1.5, 13.0, 21.5, 13.5 ] }
											}
										},
										{
											"name": "blademiddle5",
											"from": [ 0.0, 0.4698, -0.171 ],
											"to": [ 20.0, 0.8698, 0.629 ],
											"rotationOrigin": [ 0.0, 0.6698, 0.579 ],
											"rotationX": -40.0,
											"faces": {
												"north": { "texture": "#metal", "uv": [ 2.5, 2.5, 12.5, 3.0 ], "autoUv": false },
												"east": { "texture": "#metal", "uv": [ 11.5, 1.5, 12.0, 2.0 ] },
												"south": { "texture": "#metal", "uv": [ 0.0, 4.0, 20.0, 4.5 ] },
												"up": { "texture": "#metal", "uv": [ 0.0, 0.0, 20.0, 0.5 ] },
												"down": { "texture": "#metal", "uv": [ 0.0, 0.5, 20.0, 1.0 ] }
											}
										}
									]
								},
								{
									"name": "Southern Fuller",
									"from": [ -1.0, 0.85, 1.0 ],
									"to": [ 19.0, 1.25, 1.8 ],
									"rotationOrigin": [ -1.0, 1.05, 1.75 ],
									"rotationX": -160.0,
									"faces": {
										"north": { "texture": "#metal", "uv": [ 2.5, 2.5, 12.5, 3.0 ], "autoUv": false },
										"east": { "texture": "#metal", "uv": [ 11.5, 1.5, 12.0, 2.0 ] },
										"south": { "texture": "#metal", "uv": [ 0.0, 4.0, 20.0, 4.5 ] },
										"up": { "texture": "#metal", "uv": [ 0.0, 0.0, 20.0, 0.5 ] },
										"down": { "texture": "#metal", "uv": [ 0.0, 0.5, 20.0, 1.0 ] }
									},
									"children": [
										{
											"name": "blademiddle6",
											"from": [ 0.0, 0.4698, -0.171 ],
											"to": [ 20.0, 0.8698, 0.629 ],
											"rotationOrigin": [ 0.0, 0.6698, 0.579 ],
											"rotationX": -40.0,
											"faces": {
												"north": { "texture": "#metal", "uv": [ 2.5, 2.5, 12.5, 3.0 ], "autoUv": false },
												"east": { "texture": "#metal", "uv": [ 11.5, 1.5, 12.0, 2.0 ] },
												"south": { "texture": "#metal", "uv": [ 0.0, 4.0, 20.0, 4.5 ] },
												"up": { "texture": "#metal", "uv": [ 0.0, 0.0, 20.0, 0.5 ] },
												"down": { "texture": "#metal", "uv": [ 0.0, 0.5, 20.0, 1.0 ] }
											}
										},
										{
											"name": "Blade2",
											"from": [ 0.0, 0.3898, 0.099 ],
											"to": [ 20.0, 0.6898, 0.399 ],
											"rotationOrigin": [ 0.0, 0.4498, 0.009 ],
											"rotationX": 115.0,
											"faces": {
												"north": { "texture": "#metal", "uv": [ 2.0, 0.0, 21.0, 0.5 ] },
												"east": { "texture": "#metal", "uv": [ 14.0, 7.0, 14.5, 7.5 ] },
												"south": { "texture": "#metal", "uv": [ 0.0, 9.0, 19.0, 9.5 ] },
												"west": { "texture": "#metal", "uv": [ 3.5, 12.0, 4.0, 12.5 ] },
												"up": { "texture": "#metal", "uv": [ 2.5, 15.0, 21.5, 15.5 ] },
												"down": { "texture": "#metal", "uv": [ 1.5, 13.0, 20.5, 13.5 ] }
											}
										}
									]
								},
								{
									"name": "Blade tippytip",
									"from": [ 19.7, 0.65, 1.75 ],
									"to": [ 20.0, 0.9, 2.05 ],
									"rotationOrigin": [ 19.7, 0.7, 1.75 ],
									"rotationY": 45.0,
									"faces": {
										"north": { "texture": "#metal", "uv": [ 2.0, 0.0, 2.5, 0.5 ] },
										"east": { "texture": "#metal", "uv": [ 14.0, 7.0, 14.5, 7.5 ] },
										"south": { "texture": "#metal", "uv": [ 0.0, 9.0, 0.5, 9.5 ] },
										"west": { "texture": "#metal", "uv": [ 3.5, 12.0, 4.0, 12.5 ] },
										"up": { "texture": "#metal", "uv": [ 2.5, 15.0, 3.0, 15.5 ] },
										"down": { "texture": "#metal", "uv": [ 1.5, 13.0, 2.0, 13.5 ] }
									}
								},
								{
									"name": "Blade interior tip",
									"from": [ 18.5, 0.5, 1.75 ],
									"to": [ 19.3, 1.0, 2.55 ],
									"rotationOrigin": [ 18.5, 0.55, 1.8 ],
									"rotationY": 45.0,
									"faces": {
										"north": { "texture": "#metal", "uv": [ 2.0, 0.0, 2.5, 0.5 ] },
										"east": { "texture": "#metal", "uv": [ 14.0, 7.0, 14.5, 7.5 ] },
										"south": { "texture": "#metal", "uv": [ 0.0, 9.0, 0.5, 9.5 ] },
										"west": { "texture": "#metal", "uv": [ 3.5, 12.0, 4.0, 12.5 ] },
										"up": { "texture": "#metal", "uv": [ 2.5, 15.0, 3.0, 15.5 ] },
										"down": { "texture": "#metal", "uv": [ 1.5, 13.0, 2.0, 13.5 ] }
									}
								},
								{
									"name": "Blade Tip1",
									"from": [ 18.8, 0.5, 2.4509 ],
									"to": [ 20.1, 0.8, 2.7509 ],
									"rotationOrigin": [ 18.8, 0.5618, 2.3609 ],
									"rotationX": -45.0,
									"rotationY": 26.5,
									"rotationZ": 24.5,
									"faces": {
										"north": { "texture": "#metal", "uv": [ 2.0, 0.0, 3.0, 0.5 ] },
										"east": { "texture": "#metal", "uv": [ 14.0, 7.0, 14.5, 7.5 ] },
										"south": { "texture": "#metal", "uv": [ 0.0, 9.0, 1.0, 9.5 ] },
										"west": { "texture": "#metal", "uv": [ 3.5, 12.0, 4.0, 12.5 ] },
										"up": { "texture": "#metal", "uv": [ 2.5, 15.0, 3.5, 15.5 ] },
										"down": { "texture": "#metal", "uv": [ 1.5, 13.0, 2.5, 13.5 ] }
									}
								},
								{
									"name": "Blade Tip2",
									"from": [ 18.9, 0.51, 1.0401 ],
									"to": [ 20.2, 0.81, 1.3401 ],
									"rotationOrigin": [ 18.9, 0.5617, 0.9609 ],
									"rotationX": -45.0,
									"rotationY": -25.5,
									"rotationZ": -22.5,
									"faces": {
										"north": { "texture": "#metal", "uv": [ 2.0, 0.0, 3.0, 0.5 ] },
										"east": { "texture": "#metal", "uv": [ 14.0, 7.0, 14.5, 7.5 ] },
										"south": { "texture": "#metal", "uv": [ 0.0, 9.0, 1.0, 9.5 ] },
										"west": { "texture": "#metal", "uv": [ 3.5, 12.0, 4.0, 12.5 ] },
										"up": { "texture": "#metal", "uv": [ 2.5, 15.0, 3.5, 15.5 ] },
										"down": { "texture": "#metal", "uv": [ 1.5, 13.0, 2.5, 13.5 ] }
									}
								}
							]
						}
					]
				},
				{
					"name": "tang",
					"from": [ -5.8, -0.25, -0.25 ],
					"to": [ 0.2, 0.25, 0.25 ],
					"rotationOrigin": [ -4.8, 0.5, 1.5 ],
					"faces": {
						"north": { "texture": "#metal", "uv": [ 0.5, 7.0, 6.5, 7.5 ] },
						"east": { "texture": "#metal", "uv": [ 7.5, 14.0, 8.0, 14.5 ] },
						"south": { "texture": "#metal", "uv": [ 8.5, 4.5, 14.5, 5.0 ] },
						"west": { "texture": "#metal", "uv": [ 7.5, 14.0, 8.0, 14.5 ] },
						"up": { "texture": "#metal", "uv": [ 1.0, 3.5, 1.5, 9.5 ], "rotation": 90 },
						"down": { "texture": "#metal", "uv": [ 10.0, 4.5, 10.5, 10.5 ], "rotation": 90 }
					}
				}
			]
		}
	]}