{
	"editor": {
		"allAngles": false,
		"entityTextureMode": false
	},
	"textureWidth": 16,
	"textureHeight": 16,
	"textureSizes": {
	},
	"textures": {
	},
	"elements": [
		{
			"name": "Cube1",
			"from": [ 3.0, 0.0, 3.0 ],
			"to": [ 13.0, 1.0, 13.0 ],
			"faces": {
				"up": { "texture": "#floor", "uv": [ 0.0, 3.0, 10.0, 13.0 ] },
				"down": { "texture": "#other", "uv": [ 0.0, 3.0, 10.0, 13.0 ], "autoUv": false }
			},
			"children": [
				{
					"name": "Cube2",
					"from": [ 0.0, 0.0, -2.0 ],
					"to": [ 10.0, 2.0, 0.0 ],
					"faces": {
						"north": { "texture": "#other", "uv": [ 0.0, 9.0, 10.0, 11.0 ] },
						"south": { "texture": "#other", "uv": [ 0.0, 9.0, 10.0, 11.0 ], "autoUv": false },
						"up": { "texture": "#other", "uv": [ 0.0, 7.0, 10.0, 9.0 ] },
						"down": { "texture": "#other", "uv": [ 0.0, 7.0, 10.0, 9.0 ], "autoUv": false }
					}
				},
				{
					"name": "Cube3",
					"from": [ 0.0, 0.0, 10.0 ],
					"to": [ 10.0, 2.0, 12.0 ],
					"faces": {
						"north": { "texture": "#other", "uv": [ 0.0, 9.0, 10.0, 11.0 ] },
						"south": { "texture": "#other", "uv": [ 0.0, 9.0, 10.0, 11.0 ], "autoUv": false },
						"up": { "texture": "#other", "uv": [ 0.0, 7.0, 10.0, 9.0 ] },
						"down": { "texture": "#other", "uv": [ 0.0, 7.0, 10.0, 9.0 ], "autoUv": false }
					}
				},
				{
					"name": "Cube4",
					"from": [ -2.0, 0.0, -2.0 ],
					"to": [ 0.0, 2.0, 12.0 ],
					"faces": {
						"north": { "texture": "#other", "uv": [ 10.0, 11.0, 12.0, 13.0 ], "autoUv": false },
						"east": { "texture": "#other", "uv": [ 0.0, 14.0, 14.0, 16.0 ] },
						"south": { "texture": "#other", "uv": [ 14.0, 14.0, 16.0, 16.0 ] },
						"west": { "texture": "#other", "uv": [ 2.0, 14.0, 16.0, 16.0 ], "autoUv": false },
						"up": { "texture": "#other", "uv": [ 0.0, 0.0, 2.0, 14.0 ] },
						"down": { "texture": "#other", "uv": [ 2.0, 0.0, 4.0, 14.0 ] }
					}
				},
				{
					"name": "Cube5",
					"from": [ 10.0, 0.0, -2.0 ],
					"to": [ 12.0, 2.0, 12.0 ],
					"faces": {
						"north": { "texture": "#other", "uv": [ 0.0, 14.0, 2.0, 16.0 ] },
						"east": { "texture": "#other", "uv": [ 2.0, 14.0, 16.0, 16.0 ] },
						"south": { "texture": "#other", "uv": [ 10.0, 11.0, 12.0, 13.0 ], "autoUv": false },
						"west": { "texture": "#other", "uv": [ 2.0, 14.0, 16.0, 16.0 ], "autoUv": false },
						"up": { "texture": "#other", "uv": [ 0.0, 0.0, 2.0, 14.0 ] },
						"down": { "texture": "#other", "uv": [ 2.0, 0.0, 4.0, 14.0 ] }
					}
				},
				{
					"name": "Cube11",
					"from": [ 6.0, 1.0, 2.0 ],
					"to": [ 8.0, 2.0, 4.0 ],
					"rotationOrigin": [ 6.0, 0.0, 2.0 ],
					"faces": {
						"north": { "texture": "#other", "uv": [ 4.5, 6.0, 6.5, 7.0 ], "windMode": [-1,-1,-1,-1] },
						"east": { "texture": "#other", "uv": [ 0.0, 0.0, 2.0, 1.0 ], "windMode": [-1,-1,-1,-1] },
						"south": { "texture": "#other", "uv": [ 4.0, 6.0, 6.0, 7.0 ], "windMode": [-1,-1,-1,-1] },
						"west": { "texture": "#other", "uv": [ 2.0, 4.0, 4.0, 5.0 ], "windMode": [-1,-1,-1,-1] },
						"up": { "texture": "#other", "uv": [ 8.5, 3.0, 10.5, 5.0 ] }
					}
				},
				{
					"name": "Cube12",
					"from": [ 6.0, 1.0, 6.0 ],
					"to": [ 8.0, 2.0, 8.0 ],
					"rotationOrigin": [ 6.0, 0.0, 6.0 ],
					"faces": {
						"north": { "texture": "#other", "uv": [ 4.0, 5.5, 6.0, 6.5 ], "windMode": [-1,-1,-1,-1] },
						"east": { "texture": "#other", "uv": [ 0.0, 0.0, 2.0, 1.0 ], "windMode": [-1,-1,-1,-1] },
						"south": { "texture": "#other", "uv": [ 4.0, 6.0, 6.0, 7.0 ], "windMode": [-1,-1,-1,-1] },
						"west": { "texture": "#other", "uv": [ 4.0, 5.5, 6.0, 6.5 ], "windMode": [-1,-1,-1,-1] },
						"up": { "texture": "#other", "uv": [ 8.5, 3.0, 10.5, 5.0 ] }
					}
				},
				{
					"name": "Cube19",
					"from": [ 3.0, 1.0, 9.0 ],
					"to": [ 4.0, 2.0, 10.0 ],
					"rotationOrigin": [ 3.0, 0.0, 9.0 ],
					"faces": {
						"north": { "texture": "#other", "uv": [ 6.0, 7.5, 7.0, 8.5 ], "windMode": [-1,-1,-1,-1] },
						"east": { "texture": "#other", "uv": [ 0.0, 0.0, 1.0, 1.0 ], "windMode": [-1,-1,-1,-1] },
						"south": { "texture": "#other", "uv": [ 0.0, 0.0, 1.0, 1.0 ], "windMode": [-1,-1,-1,-1] },
						"west": { "texture": "#other", "uv": [ 4.0, 5.5, 5.0, 6.5 ] },
						"up": { "texture": "#other", "uv": [ 8.5, 3.0, 9.5, 4.0 ] }
					}
				},
				{
					"name": "Cube21",
					"from": [ 2.0, 1.0, 6.0 ],
					"to": [ 4.0, 2.0, 8.0 ],
					"rotationOrigin": [ 2.0, 0.0, 6.0 ],
					"faces": {
						"north": { "texture": "#other", "uv": [ 0.0, 0.0, 2.0, 1.0 ], "windMode": [-1,-1,-1,-1] },
						"east": { "texture": "#other", "uv": [ 0.0, 0.0, 2.0, 1.0 ], "windMode": [-1,-1,-1,-1] },
						"south": { "texture": "#other", "uv": [ 0.0, 0.0, 2.0, 1.0 ], "windMode": [-1,-1,-1,-1] },
						"west": { "texture": "#other", "uv": [ 4.0, 5.5, 6.0, 6.5 ], "windMode": [-1,-1,-1,-1] },
						"up": { "texture": "#other", "uv": [ 8.5, 3.0, 10.5, 5.0 ], "windMode": [-1,-1,-1,-1] }
					}
				},
				{
					"name": "Cube22",
					"from": [ 2.0, 1.0, 2.0 ],
					"to": [ 4.0, 2.0, 4.0 ],
					"rotationOrigin": [ 2.0, 0.0, 2.0 ],
					"faces": {
						"north": { "texture": "#other", "uv": [ 4.0, 5.5, 6.0, 6.5 ] },
						"east": { "texture": "#other", "uv": [ 0.0, 0.0, 2.0, 1.0 ], "windMode": [-1,-1,-1,-1] },
						"south": { "texture": "#other", "uv": [ 4.0, 6.0, 6.0, 7.0 ] },
						"west": { "texture": "#other", "uv": [ 4.0, 5.5, 6.0, 6.5 ] },
						"up": { "texture": "#other", "uv": [ 8.5, 3.0, 10.5, 5.0 ] }
					}
				},
				{
					"name": "Cube24",
					"from": [ 3.0, 1.0, 5.0 ],
					"to": [ 4.0, 2.0, 6.0 ],
					"rotationOrigin": [ 3.0, 0.0, 5.0 ],
					"faces": {
						"north": { "texture": "#other", "uv": [ 6.0, 7.5, 7.0, 8.5 ] },
						"east": { "texture": "#other", "uv": [ 0.0, 0.0, 1.0, 1.0 ] },
						"south": { "texture": "#other", "uv": [ 0.0, 0.0, 1.0, 1.0 ] },
						"west": { "texture": "#other", "uv": [ 4.0, 5.5, 5.0, 6.5 ] },
						"up": { "texture": "#other", "uv": [ 8.5, 3.0, 9.5, 4.0 ] }
					}
				},
				{
					"name": "Cube25",
					"from": [ 3.0, 1.0, 1.0 ],
					"to": [ 4.0, 2.0, 2.0 ],
					"rotationOrigin": [ 3.0, 0.0, 1.0 ],
					"faces": {
						"north": { "texture": "#other", "uv": [ 6.0, 7.5, 7.0, 8.5 ] },
						"east": { "texture": "#other", "uv": [ 0.0, 0.0, 1.0, 1.0 ] },
						"south": { "texture": "#other", "uv": [ 0.0, 0.0, 1.0, 1.0 ] },
						"west": { "texture": "#other", "uv": [ 4.0, 5.5, 5.0, 6.5 ] },
						"up": { "texture": "#other", "uv": [ 8.5, 3.0, 9.5, 4.0 ] }
					}
				},
				{
					"name": "Cube26",
					"from": [ 0.0, 1.0, 0.0 ],
					"to": [ 2.0, 2.0, 10.0 ],
					"faces": {
						"north": { "texture": "#other", "uv": [ 6.0, 7.5, 8.0, 8.5 ] },
						"east": { "texture": "#other", "uv": [ 0.0, 0.0, 10.0, 1.0 ] },
						"south": { "texture": "#other", "uv": [ 0.0, 0.0, 2.0, 1.0 ] },
						"west": { "texture": "#other", "uv": [ 4.0, 5.5, 14.0, 6.5 ] },
						"up": { "texture": "#other", "uv": [ 8.5, 3.0, 10.5, 13.0 ] }
					}
				},
				{
					"name": "Cube27",
					"from": [ 4.0, 1.0, 0.0 ],
					"to": [ 6.0, 2.0, 10.0 ],
					"rotationOrigin": [ 4.0, 0.0, 0.0 ],
					"faces": {
						"north": { "texture": "#other", "uv": [ 6.0, 7.5, 8.0, 8.5 ] },
						"east": { "texture": "#other", "uv": [ 0.0, 0.0, 10.0, 1.0 ] },
						"south": { "texture": "#other", "uv": [ 0.0, 0.0, 2.0, 1.0 ] },
						"west": { "texture": "#other", "uv": [ 4.0, 5.5, 14.0, 6.5 ] },
						"up": { "texture": "#other", "uv": [ 8.5, 3.0, 10.5, 13.0 ] }
					}
				},
				{
					"name": "Cube28",
					"from": [ 8.0, 1.0, 0.0 ],
					"to": [ 10.0, 2.0, 10.0 ],
					"rotationOrigin": [ 8.0, 0.0, 0.0 ],
					"faces": {
						"north": { "texture": "#other", "uv": [ 6.0, 7.5, 8.0, 8.5 ] },
						"east": { "texture": "#other", "uv": [ 0.0, 0.0, 10.0, 1.0 ] },
						"south": { "texture": "#other", "uv": [ 0.0, 0.0, 2.0, 1.0 ] },
						"west": { "texture": "#other", "uv": [ 4.0, 5.5, 14.0, 6.5 ] },
						"up": { "texture": "#other", "uv": [ 8.5, 3.0, 10.5, 13.0 ] }
					}
				},
				{
					"name": "Cube20",
					"from": [ 6.0, 1.0, 9.0 ],
					"to": [ 7.0, 2.0, 10.0 ],
					"rotationOrigin": [ 6.0, 0.0, 9.0 ],
					"faces": {
						"north": { "texture": "#other", "uv": [ 6.0, 7.5, 7.0, 8.5 ] },
						"east": { "texture": "#other", "uv": [ 0.0, 0.0, 1.0, 1.0 ] },
						"south": { "texture": "#other", "uv": [ 0.0, 0.0, 1.0, 1.0 ] },
						"west": { "texture": "#other", "uv": [ 4.0, 5.5, 5.0, 6.5 ] },
						"up": { "texture": "#other", "uv": [ 8.5, 3.0, 9.5, 4.0 ] }
					}
				},
				{
					"name": "Cube23",
					"from": [ 6.0, 1.0, 5.0 ],
					"to": [ 7.0, 2.0, 6.0 ],
					"rotationOrigin": [ 6.0, 0.0, 5.0 ],
					"faces": {
						"north": { "texture": "#other", "uv": [ 6.0, 7.5, 7.0, 8.5 ] },
						"east": { "texture": "#other", "uv": [ 0.0, 0.0, 1.0, 1.0 ] },
						"south": { "texture": "#other", "uv": [ 0.0, 0.0, 1.0, 1.0 ] },
						"west": { "texture": "#other", "uv": [ 4.0, 5.5, 5.0, 6.5 ] },
						"up": { "texture": "#other", "uv": [ 8.5, 3.0, 9.5, 4.0 ] }
					}
				},
				{
					"name": "Cube29",
					"from": [ 6.0, 1.0, 1.0 ],
					"to": [ 7.0, 2.0, 2.0 ],
					"rotationOrigin": [ 6.0, 0.0, 1.0 ],
					"faces": {
						"north": { "texture": "#other", "uv": [ 6.0, 7.5, 7.0, 8.5 ] },
						"east": { "texture": "#other", "uv": [ 0.0, 0.0, 1.0, 1.0 ] },
						"south": { "texture": "#other", "uv": [ 0.0, 0.0, 1.0, 1.0 ] },
						"west": { "texture": "#other", "uv": [ 4.0, 5.5, 5.0, 6.5 ] },
						"up": { "texture": "#other", "uv": [ 8.5, 3.0, 9.5, 4.0 ] }
					}
				}
			]
		}
	]}