{
	"editor": {
		"allAngles": false,
		"entityTextureMode": false
	},
	"textureWidth": 16,
	"textureHeight": 16,
	"textureSizes": {
	},
	"textures": {
	},
	"elements": [
		{
			"name": "Cube1",
			"from": [ 3.0, 0.0, 3.0 ],
			"to": [ 13.0, 1.0, 13.0 ],
			"faces": {
				"up": { "texture": "#floor", "uv": [ 0.0, 3.0, 10.0, 13.0 ] },
				"down": { "texture": "#other", "uv": [ 0.0, 3.0, 10.0, 13.0 ], "autoUv": false }
			},
			"children": [
				{
					"name": "Cube2",
					"from": [ 0.0, 0.0, -2.0 ],
					"to": [ 10.0, 2.0, 0.0 ],
					"faces": {
						"north": { "texture": "#other", "uv": [ 0.0, 9.0, 10.0, 11.0 ] },
						"south": { "texture": "#other", "uv": [ 0.0, 9.0, 10.0, 11.0 ], "autoUv": false },
						"up": { "texture": "#other", "uv": [ 0.0, 7.0, 10.0, 9.0 ] },
						"down": { "texture": "#other", "uv": [ 0.0, 7.0, 10.0, 9.0 ], "autoUv": false }
					}
				},
				{
					"name": "Cube3",
					"from": [ 0.0, 0.0, 10.0 ],
					"to": [ 10.0, 2.0, 12.0 ],
					"faces": {
						"north": { "texture": "#other", "uv": [ 0.0, 9.0, 10.0, 11.0 ] },
						"south": { "texture": "#other", "uv": [ 0.0, 9.0, 10.0, 11.0 ], "autoUv": false },
						"up": { "texture": "#other", "uv": [ 0.0, 7.0, 10.0, 9.0 ] },
						"down": { "texture": "#other", "uv": [ 0.0, 7.0, 10.0, 9.0 ], "autoUv": false }
					}
				},
				{
					"name": "Cube4",
					"from": [ -2.0, 0.0, -2.0 ],
					"to": [ 0.0, 2.0, 12.0 ],
					"faces": {
						"north": { "texture": "#other", "uv": [ 10.0, 11.0, 12.0, 13.0 ], "autoUv": false },
						"east": { "texture": "#other", "uv": [ 0.0, 14.0, 14.0, 16.0 ] },
						"south": { "texture": "#other", "uv": [ 14.0, 14.0, 16.0, 16.0 ] },
						"west": { "texture": "#other", "uv": [ 2.0, 14.0, 16.0, 16.0 ], "autoUv": false },
						"up": { "texture": "#other", "uv": [ 0.0, 0.0, 2.0, 14.0 ] },
						"down": { "texture": "#other", "uv": [ 2.0, 0.0, 4.0, 14.0 ] }
					}
				},
				{
					"name": "Cube5",
					"from": [ 10.0, 0.0, -2.0 ],
					"to": [ 12.0, 2.0, 12.0 ],
					"faces": {
						"north": { "texture": "#other", "uv": [ 0.0, 14.0, 2.0, 16.0 ] },
						"east": { "texture": "#other", "uv": [ 2.0, 14.0, 16.0, 16.0 ] },
						"south": { "texture": "#other", "uv": [ 10.0, 11.0, 12.0, 13.0 ], "autoUv": false },
						"west": { "texture": "#other", "uv": [ 2.0, 14.0, 16.0, 16.0 ], "autoUv": false },
						"up": { "texture": "#other", "uv": [ 0.0, 0.0, 2.0, 14.0 ] },
						"down": { "texture": "#other", "uv": [ 2.0, 0.0, 4.0, 14.0 ] }
					}
				},
				{
					"name": "Cube6",
					"from": [ 0.0, 1.0, 0.0 ],
					"to": [ 10.0, 2.0, 2.0 ],
					"faces": {
						"east": { "texture": "#other", "uv": [ 1.0, 6.0, 3.0, 7.0 ] },
						"south": { "texture": "#other", "uv": [ 4.0, 6.0, 14.0, 7.0 ], "windMode": [-1,-1,-1,-1] },
						"west": { "texture": "#other", "uv": [ 4.5, 4.0, 6.5, 5.0 ], "autoUv": false, "windMode": [-1,-1,-1,-1] },
						"up": { "texture": "#other", "uv": [ 4.5, 4.5, 14.5, 6.5 ] }
					}
				},
				{
					"name": "Cube8",
					"from": [ 0.0, 1.0, 8.0 ],
					"to": [ 10.0, 2.0, 10.0 ],
					"rotationOrigin": [ 0.0, 0.0, 8.0 ],
					"faces": {
						"north": { "texture": "#other", "uv": [ 2.5, 6.0, 12.5, 7.0 ], "windMode": [-1,-1,-1,-1] },
						"east": { "texture": "#other", "uv": [ 1.0, 6.0, 3.0, 7.0 ] },
						"west": { "texture": "#other", "uv": [ 4.0, 6.5, 6.0, 7.5 ], "windMode": [-1,-1,-1,-1] },
						"up": { "texture": "#other", "uv": [ 3.5, 3.5, 13.5, 5.5 ] }
					}
				},
				{
					"name": "Cube9",
					"from": [ 0.0, 1.0, 6.0 ],
					"to": [ 2.0, 2.0, 8.0 ],
					"rotationOrigin": [ 0.0, 0.0, 6.0 ],
					"faces": {
						"north": { "texture": "#other", "uv": [ 2.5, 4.5, 4.5, 5.5 ], "windMode": [-1,-1,-1,-1] },
						"east": { "texture": "#other", "uv": [ 4.0, 3.0, 6.0, 4.0 ], "windMode": [-1,-1,-1,-1] },
						"south": { "texture": "#other", "uv": [ 4.0, 6.0, 6.0, 7.0 ], "windMode": [-1,-1,-1,-1] },
						"up": { "texture": "#other", "uv": [ 5.0, 4.5, 7.0, 6.5 ] }
					}
				},
				{
					"name": "Cube10",
					"from": [ 0.0, 1.0, 2.0 ],
					"to": [ 10.0, 2.0, 4.0 ],
					"rotationOrigin": [ 0.0, 0.0, 2.0 ],
					"faces": {
						"north": { "texture": "#other", "uv": [ 3.0, 5.0, 13.0, 6.0 ], "windMode": [-1,-1,-1,-1] },
						"east": { "texture": "#other", "uv": [ 4.5, 6.0, 6.5, 7.0 ], "windMode": [-1,-1,-1,-1] },
						"south": { "texture": "#other", "uv": [ 4.0, 6.0, 14.0, 7.0 ], "windMode": [-1,-1,-1,-1] },
						"up": { "texture": "#other", "uv": [ 4.0, 5.5, 14.0, 7.5 ] }
					}
				},
				{
					"name": "Cube12",
					"from": [ 9.0, 1.0, 6.0 ],
					"to": [ 10.0, 2.0, 8.0 ],
					"rotationOrigin": [ 9.0, 0.0, 6.0 ],
					"faces": {
						"north": { "texture": "#other", "uv": [ 4.0, 5.5, 5.0, 6.5 ], "windMode": [-1,-1,-1,-1] },
						"south": { "texture": "#other", "uv": [ 4.0, 6.0, 5.0, 7.0 ], "windMode": [-1,-1,-1,-1] },
						"west": { "texture": "#other", "uv": [ 4.0, 5.5, 6.0, 6.5 ], "windMode": [-1,-1,-1,-1] },
						"up": { "texture": "#other", "uv": [ 8.5, 3.0, 9.5, 5.0 ] }
					}
				},
				{
					"name": "Cube17",
					"from": [ 5.0, 1.0, 4.0 ],
					"to": [ 8.0, 2.0, 6.0 ],
					"rotationOrigin": [ 5.0, 0.0, 4.0 ],
					"faces": {
						"north": { "texture": "#other", "uv": [ 6.0, 7.5, 9.0, 8.5 ] },
						"south": { "texture": "#other", "uv": [ 0.0, 0.0, 3.0, 1.0 ], "windMode": [-1,-1,-1,-1] },
						"west": { "texture": "#other", "uv": [ 4.0, 5.5, 6.0, 6.5 ] },
						"up": { "texture": "#other", "uv": [ 8.5, 3.0, 11.5, 5.0 ] }
					}
				},
				{
					"name": "Cube18",
					"from": [ 2.0, 1.0, 7.0 ],
					"to": [ 3.0, 2.0, 8.0 ],
					"rotationOrigin": [ 2.0, 0.0, 7.0 ],
					"faces": {
						"north": { "texture": "#other", "uv": [ 6.0, 7.5, 7.0, 8.5 ] },
						"west": { "texture": "#other", "uv": [ 4.0, 5.5, 5.0, 6.5 ] },
						"up": { "texture": "#other", "uv": [ 8.5, 3.0, 9.5, 4.0 ] }
					}
				},
				{
					"name": "Cube19",
					"from": [ 0.0, 1.0, 4.0 ],
					"to": [ 6.0, 2.0, 5.0 ],
					"rotationOrigin": [ 0.0, 0.0, 4.0 ],
					"faces": {
						"north": { "texture": "#other", "uv": [ 6.0, 7.5, 12.0, 8.5 ] },
						"south": { "texture": "#other", "uv": [ 0.0, 0.0, 6.0, 1.0 ], "windMode": [-1,-1,-1,-1] },
						"west": { "texture": "#other", "uv": [ 4.0, 5.5, 5.0, 6.5 ] },
						"up": { "texture": "#other", "uv": [ 8.5, 3.0, 14.5, 4.0 ] }
					}
				},
				{
					"name": "Cube20",
					"from": [ 4.0, 1.0, 5.0 ],
					"to": [ 5.0, 2.0, 6.0 ],
					"rotationOrigin": [ 4.0, 0.0, 5.0 ],
					"faces": {
						"north": { "texture": "#other", "uv": [ 6.0, 7.5, 7.0, 8.5 ] },
						"south": { "texture": "#other", "uv": [ 0.0, 0.0, 1.0, 1.0 ], "windMode": [-1,-1,-1,-1] },
						"west": { "texture": "#other", "uv": [ 4.0, 5.5, 5.0, 6.5 ] },
						"up": { "texture": "#other", "uv": [ 8.5, 3.0, 9.5, 4.0 ] }
					}
				},
				{
					"name": "Cube21",
					"from": [ 8.0, 1.0, 4.0 ],
					"to": [ 10.0, 2.0, 5.0 ],
					"rotationOrigin": [ 8.0, 0.0, 4.0 ],
					"faces": {
						"north": { "texture": "#other", "uv": [ 6.0, 7.5, 8.0, 8.5 ] },
						"south": { "texture": "#other", "uv": [ 0.0, 0.0, 2.0, 1.0 ], "windMode": [-1,-1,-1,-1] },
						"west": { "texture": "#other", "uv": [ 4.0, 5.5, 5.0, 6.5 ] },
						"up": { "texture": "#other", "uv": [ 8.5, 3.0, 10.5, 4.0 ] }
					}
				},
				{
					"name": "Cube22",
					"from": [ 3.0, 1.0, 7.0 ],
					"to": [ 9.0, 2.0, 8.0 ],
					"rotationOrigin": [ 3.0, 0.0, 7.0 ],
					"faces": {
						"north": { "texture": "#other", "uv": [ 6.0, 7.5, 12.0, 8.5 ] },
						"south": { "texture": "#other", "uv": [ 0.0, 0.0, 6.0, 1.0 ] },
						"west": { "texture": "#other", "uv": [ 4.0, 5.5, 5.0, 6.5 ] },
						"up": { "texture": "#other", "uv": [ 8.5, 3.0, 14.5, 4.0 ] }
					}
				}
			]
		}
	]}