{
	code: "gladiusblade",
	variantgroups: [ 
		{ code: "metal", states: ["iron"] },
		{ code: "sharpness", states: ["blunt","dull","sharp","honed"]}, ],
	shape: { base: "shapes/swords/gladius" },
	
	textures: { 
	"metal": {base: "game:block/metal/plate/iron"},
	"brass": {base: "game:block/transparent"},
	"handle": {base: "game:block/transparent"},
	},

	creativeinventory: { "general": ["*"], "swordz": ["*"]},
	fpHandTransform: {
		translation: { x: -0.2, y: -0.5, z: 0 },
		rotation: { x: -21, y: 15, z: 90 },
		scale: 3.2
	},
	guiTransform: {
			translation: { x: 0, y: 0, z: 0 },
			rotation: { x: -90, y: 50, z: -13 },
			origin: { x: 0.65, y: 0.1, z: 0.45 },
			scale: 1.65
	},
	groundTransform: {
			translation: { x: 0, y: 0, z: 0 },
			rotation: { x: 0, y: 0, z: 0 },
			origin: { x: 0.5, y: 0, z: 0.5 },
			scale: 3.2
	},
	tpHandTransform: {
			translation: { x: -0.83, y: 0.05, z: -0.6 },
			rotation: { x: -90, y: 0, z: 0 },
			origin: { x: 0.5, y: 0, z: 0.5 },
			scale: 0.8
	}
}