{
	code: "kilijblade",
	variantgroups: [ 
	{ code: "metal", states: ["iron","meteoriciron","steel"]}, 
	{ code: "sharpness", states: ["blunt","dull","sharp","honed"]}, ],
	shape: { base: "shapes/swords/kilij" },
	textures: { 
	"blackbronze": {base: "game:block/metal/ingot/{metal}"},
	"brass": {base: "game:block/transparent"},
	"handle": {base: "game:block/transparent"},
	},
	creativeinventory: { "general": ["*"], "swordz": ["*"]},
	fpHandTransform: {
		translation: { x: 0.8, y: -0.5, z: -0.4 },
		rotation: { x: -16, y: -13, z: 89 },
		scaleXyz: { x: -2.4, y: 2.4, z: 2.4 }
	},
	guiTransform: {
		translation: { x: -10, y: 19, z: 0 },
		rotation: { x: 90, y: -40, z: 0 },
		origin: { x: 0.65, y: 0.1, z: 0.45 },
		scale: 1.33
	},
	tpHandTransform: {
		translation: { x: 0.4, y: -0.39, z: -0.04 },
		rotation: { x: 90, y: 8, z: 8 },
		origin: { x: 0, y: 0, z: 0 },
		scale: 0.8
	},
	groundTransform: {
		translation: { x: 0, y: -0.3, z: 0 },
		rotation: { x: 180, y: 0, z: 0 },
		origin: { x: 0.5, y: 0.5, z: 0.5299 },
		scale: 3.2
	}
}