{
	code: "longswordblade",
	variantgroups: [ 
	{ code: "metal", states: ["iron","meteoriciron","steel"]}, 
	{ code: "sharpness", states: ["blunt","dull","sharp","honed"]}, ],
	shape: { base: "shapes/swords/longsword" },
	textures: { 
	"metal": {base: "game:block/metal/ingot/{metal}"},
	"metaltwo": {base: "game:block/transparent"},
	"grip": {base: "game:block/transparent"},
	"chappe": {base: "game:block/transparent"},
	"gem": {base: "game:block/transparent"},
	"brass": {base: "game:block/transparent"}
	},
	creativeinventory: { "general": ["*"], "swordz": ["*"]},
	fpHandTransform: {
		translation: { x: 0.7, y: 0, z: 0 },
		rotation: { x: -13, y: 85, z: 65 },
		scale: 3.2
	},
	guiTransform: {
		translation: { x: 5, y: 2, z: 0 },
		rotation: { x: -90, y: 45, z: 0 },
		origin: { x: 0.65, y: 0.1, z: 0.45 },
		scaleXyz: { x: -1.98, y: 1.98, z: 1.98 }
	},
	tpHandTransform: {
		translation: { x: -0.2, y: -0.49, z: 0 },
		rotation: { x: 90, y: 0, z: 8 },
		origin: { x: 0, y: 0, z: 0 },
		scale: 0.63
	},
	groundTransform: {
		translation: { x: 0, y: 0, z: 0 },
		rotation: { x: 90, y: 0, z: 0 },
		origin: { x: 0.5, y: 0.5, z: 0.5299 },
		scale: 3.2
	}
}