[
  {
    "file": "casuariidae:entities/land/anatidae",
    "op": "add",
    "path": "/server/behaviors/10/aitasks/-",
    "value": {
      "code": "bola.immobilizedcommand",
      "priority": 5,
      "priorityForCancel": 4.9,
      "animation": "Sleep"
    }
  },
  {
    "file": "casuariidae:entities/land/anatidae",
    "op": "add",
    "path": "/server/behaviors/-",
    "value": { "code": "bola.immobilizable" }
  },
  {
    "file": "casuariidae:entities/land/anatidae",
    "op": "add",
    "path": "/client/behaviors/-",
    "value": { "code": "bola.immobilizable" }
  },



  {
    "file": "casuariidae:entities/land/casuariidae",
    "op": "add",
    "path": "/server/behaviors/11/aitasks/-",
    "value": {
      "code": "bola.immobilizedcommand",
      "priority": 5,
      "priorityForCancel": 4.9,
      "animation": "Sleep"
    }
  },
  {
    "file": "casuariidae:entities/land/casuariidae",
    "op": "add",
    "path": "/server/behaviors/-",
    "value": { "code": "bola.immobilizable" }
  },
  {
    "file": "casuariidae:entities/land/casuariidae",
    "op": "add",
    "path": "/client/behaviors/-",
    "value": { "code": "bola.immobilizable" }
  }
]