[
  {
    "file": "equus:entities/wildhorse",
    "op": "add",
    "path": "/server/behaviors/14/aitasks/-",
    "value": {
      "code": "bola.immobilizedcommand",
      "priority": 5,
      "priorityForCancel": 4.9,
      "animation": "Sleep"
    }
  },
  {
    "file": "equus:entities/wildhorse",
    "op": "add",
    "path": "/server/behaviors/-",
    "value": { "code": "bola.immobilizable" }
  },
  {
    "file": "equus:entities/wildhorse",
    "op": "add",
    "path": "/client/behaviors/-",
    "value": { "code": "bola.immobilizable" }
  }
]