[
  {
    "file": "machairodontinae:entities/land/machairodontinae-adult",
    "op": "add",
    "path": "/server/behaviors/10/aitasks/-",
    "value": {
      "code": "bola.immobilizedcommand",
      "priority": 5,
      "priorityForCancel": 4.9,
      "animation": "Sleep"
    }
  },
  {
    "file": "machairodontinae:entities/land/machairodontinae-adult",
    "op": "add",
    "path": "/server/behaviors/-",
    "value": { "code": "bola.immobilizable" }
  },
  {
    "file": "machairodontinae:entities/land/machairodontinae-adult",
    "op": "add",
    "path": "/client/behaviors/-",
    "value": { "code": "bola.immobilizable" }
  },



  {
    "file": "machairodontinae:entities/land/machairodontinae-baby",
    "op": "add",
    "path": "/server/behaviors/10/aitasks/-",
    "value": {
      "code": "bola.immobilizedcommand",
      "priority": 5,
      "priorityForCancel": 4.9,
      "animation": "Sleep"
    }
  },
  {
    "file": "machairodontinae:entities/land/machairodontinae-baby",
    "op": "add",
    "path": "/server/behaviors/-",
    "value": { "code": "bola.immobilizable" }
  },
  {
    "file": "machairodontinae:entities/land/machairodontinae-baby",
    "op": "add",
    "path": "/client/behaviors/-",
    "value": { "code": "bola.immobilizable" }
  }
]