[
  {
    "file": "monoceros:entities/monoceros",
    "op": "add",
    "path": "/server/behaviors/13/aitasks/-",
    "value": {
      "code": "bola.immobilizedcommand",
      "priority": 5,
      "priorityForCancel": 4.9,
      "animation": "Sleep"
    }
  },
  {
    "file": "monoceros:entities/monoceros",
    "op": "add",
    "path": "/server/behaviors/-",
    "value": { "code": "bola.immobilizable" }
  },
  {
    "file": "monoceros:entities/monoceros",
    "op": "add",
    "path": "/client/behaviors/-",
    "value": { "code": "bola.immobilizable" }
  },

  {
    "file": "monoceros:entities/monoceros-indicus-baby",
    "op": "add",
    "path": "/server/behaviors/10/aitasks/-",
    "value": {
      "code": "bola.immobilizedcommand",
      "priority": 5,
      "priorityForCancel": 4.9,
      "animation": "Sleep"
    }
  },
  {
    "file": "monoceros:entities/monoceros-indicus-baby",
    "op": "add",
    "path": "/server/behaviors/-",
    "value": { "code": "bola.immobilizable" }
  },
  {
    "file": "monoceros:entities/monoceros-indicus-baby",
    "op": "add",
    "path": "/client/behaviors/-",
    "value": { "code": "bola.immobilizable" }
  },

  {
    "file": "monoceros:entities/monoceros-indicus-female",
    "op": "add",
    "path": "/server/behaviors/10/aitasks/-",
    "value": {
      "code": "bola.immobilizedcommand",
      "priority": 5,
      "priorityForCancel": 4.9,
      "animation": "Sleep"
    }
  },
  {
    "file": "monoceros:entities/monoceros-indicus-female",
    "op": "add",
    "path": "/server/behaviors/-",
    "value": { "code": "bola.immobilizable" }
  },
  {
    "file": "monoceros:entities/monoceros-indicus-female",
    "op": "add",
    "path": "/client/behaviors/-",
    "value": { "code": "bola.immobilizable" }
  },

  {
    "file": "monoceros:entities/monoceros-indicus-male",
    "op": "add",
    "path": "/server/behaviors/9/aitasks/-",
    "value": {
      "code": "bola.immobilizedcommand",
      "priority": 5,
      "priorityForCancel": 4.9,
      "animation": "Sleep"
    }
  },
  {
    "file": "monoceros:entities/monoceros-indicus-male",
    "op": "add",
    "path": "/server/behaviors/-",
    "value": { "code": "bola.immobilizable" }
  },
  {
    "file": "monoceros:entities/monoceros-indicus-male",
    "op": "add",
    "path": "/client/behaviors/-",
    "value": { "code": "bola.immobilizable" }
  }
]