{
	"code": "wool",
	"behaviors": [ {
		"name": "Decor", "properties": { "sides": [ "north", "east", "south", "west", "up", "down" ], "thickness": 0.0156, "removable": true } }
	],
	"attributes": {
		"handbook": { "groupBy": [ "wool-*" ], "extraSections": [ { "title": "game:handbook-item-usage", "text": "wool:handbook-block-wool" } ] },
		"clothingRepairStrength": 0.4
	},
	"variantgroups": [
		{ "code": "color", "states": [ "plain", "black", "blue", "brown", "gray", "green", "orange", "pink", "purple", "red", "white", "yellow", "darkblue", "darkbrown", "darkgreen", "darkred" ] }
	],
	"shape": { "base": "game:block/basic/layers/1voxel" },
	"sidesolid": { "all": false, "down": true },
	"sideopaque": { "all": false, "down": true },
	"combustibleProps": { "burnTemperature": 400, "burnDuration": 6 },
	"blockmaterial": "Cloth",
        "maxstacksize": 32,
	"creativeinventory": { "general": [ "*" ], "decorative": [ "*" ] },
	"materialDensity": 150,
	"replaceable": 900,
	"resistance": 1,
	"lightAbsorption": 1,
	"emitSideAo": { "all": false },
	"textures": { "all": { "base": "wool:block/cloth/wool/{color}" } },
	"sounds": {
		"place": "game:block/cloth",
		"break": "game:block/cloth",
		"hit": "game:block/cloth",
		"walk": "game:block/cloth"
	},
	"vertexFlags": { "zOffset": 1 },
	"selectionbox": { "x1": 0, "y1": 0, "z1": 0, "x2": 1, "y2": 0.0156, "z2": 1 },
	"collisionbox": { "x1": 0, "y1": 0, "z1": 0, "x2": 1, "y2": 0.0156, "z2": 1 },
	"guiTransform": {
		"translation": { "x": 0, "y": 3, "z": 0 },
		"origin": { "x": 0.5, "y": 0.0312, "z": 0.5 }
	},
	"tpHandTransform": {
		"translation": { "x": -1.6, "y": -1.19, "z": -1.69 },
		"rotation": { "x": 66, "y": 89, "z": 154 },
		"scale": 0.45
	},
	"groundTransform": { "scale": 3.5 }
}
