[
	{//0	***************************** МІНІ *************************
//Крафт міцного МІНІ рюкзака з рюкзака ваніль з шкіри
		ingredientPattern: "KTS,BMH,LG_",
		enabled: true,
		ingredients: {
			"K": { type: "item", code: "game:knife-*", isTool: true, toolDurabilityCost: 10 },			
			"T": { type: "item", code: "game:gear-temporal", quantity: 1 },
				"S": { type: "block", code: "game:torch-basic-lit-up", quantity: 1 },
			"B": { type: "item", code: "game:backpack-normal", quantity: 1 },
			"M": { type: "item", code: "game:metalbit-*", name: "material", allowedVariants: [ "copper", "tinbronze", "bismuthbronze", "blackbronze", "gold", "silver", "iron", "meteoriciron", "steel"], quantity: 1 },
				"H": { type: "block", code: "game:torchholder-*", quantity: 1 },
			"L": { type: "item", code: "game:leather-sturdy-plain", quantity: 3 },
			"G": { type: "block", code: "game:jug-*-fired", quantity: 1 }
		},	
		width: 3,
		height: 3,
		recipeGroup: 2,
		output: { type: "item", code: "fendragonbcs:fbcs-sturdy-{material}-mini", quantity: 1 }
	},	
	{//1
//Крафт міцного МІНІ рюкзака з рюкзака ваніль з полотна
		ingredientPattern: "KTS,BMH,LG_",
		enabled: true,
		ingredients: {
			"K": { type: "item", code: "game:knife-*", isTool: true, toolDurabilityCost: 10 },			
			"T": { type: "item", code: "game:gear-temporal", quantity: 1 },
				"S": { type: "block", code: "game:torch-basic-lit-up", quantity: 1 },
			"B": { type: "item", code: "game:linensack", quantity: 1 },
			"M": { type: "item", code: "game:metalbit-*", name: "material", allowedVariants: [ "copper", "tinbronze", "bismuthbronze", "blackbronze", "gold", "silver", "iron", "meteoriciron", "steel"], quantity: 1 },
				"H": { type: "block", code: "game:torchholder-*", quantity: 1 },
			"L": { type: "item", code: "game:leather-sturdy-plain", quantity: 3 },
			"G": { type: "block", code: "game:jug-*-fired", quantity: 1 }
		},	
		width: 3,
		height: 3,
		recipeGroup: 2,
		output: { type: "item", code: "fendragonbcs:fbcs-sturdy-{material}-mini", quantity: 1 }
	},	
	{//2	******************** Крафт ВИСОКОГО рюкзака з ліхтарями з кварцу ******** є нище крафти тільки з ліхтарів зі склянних блоків ******************	
//Крафт міцного ВИСОКОГО рюкзака мідь (ліхтар з кварцу)
		ingredientPattern: "KFN,PBA,L_L",
		enabled: true,
		ingredients: {
			"K": { type: "item", code: "game:shears-*", isTool: true, toolDurabilityCost: 10 },
			"F": { type: "block", code: "game:lantern-up", attributes: { material: "copper", lining: "plain", glass: "quartz" }, quantity: 1 },
			"N": { type: "item", code: "game:sewingkit", quantity: 1 },			
			"P": { type: "item", code: "game:pickaxe-copper", quantity: 1 },
			"B": { type: "item", code: "fendragonbcs:fbcs-sturdy-copper-mini", quantity: 1 },
			"A": { type: "item", code: "game:axe-felling-copper", quantity: 1 },
			"L": { type: "item", code: "game:leather-sturdy-plain", quantity: 4 }			
		},	
		width: 3,
		height: 3,
		recipeGroup: 1,
		output: { type: "item", code: "fendragonbcs:fbcs-sturdy-copper-tall", quantity: 1 }
	},
	{//3
//Крафт міцного ВИСОКОГО рюкзака бронза (ліхтар з кварцу)
		ingredientPattern: "KFN,PBA,L_L",
		enabled: true,
		ingredients: {
			"K": { type: "item", code: "game:shears-*", isTool: true, toolDurabilityCost: 10 },
			"F": { type: "block", code: "game:lantern-up", attributes: { material: "tinbronze", lining: "plain", glass: "quartz" }, quantity: 1 },
			"N": { type: "item", code: "game:sewingkit", quantity: 1 },			
			"P": { type: "item", code: "game:pickaxe-tinbronze", quantity: 1 },
			"B": { type: "item", code: "fendragonbcs:fbcs-sturdy-tinbronze-mini", quantity: 1 },
			"A": { type: "item", code: "game:axe-felling-tinbronze", quantity: 1 },
			"L": { type: "item", code: "game:leather-sturdy-plain", quantity: 4 }		
		},	
		width: 3,
		height: 3,
		recipeGroup: 1,
		output: { type: "item", code: "fendragonbcs:fbcs-sturdy-tinbronze-tall", quantity: 1 }
	},
	{//4
//Крафт міцного ВИСОКОГО рюкзака бронза (ліхтар з кварцу)
		ingredientPattern: "KFN,PBA,L_L",
		enabled: true,
		ingredients: {
			"K": { type: "item", code: "game:shears-*", isTool: true, toolDurabilityCost: 10 },
			"F": { type: "block", code: "game:lantern-up", attributes: { material: "bismuthbronze", lining: "plain", glass: "quartz" }, quantity: 1 },
			"N": { type: "item", code: "game:sewingkit", quantity: 1 },			
			"P": { type: "item", code: "game:pickaxe-bismuthbronze", quantity: 1 },
			"B": { type: "item", code: "fendragonbcs:fbcs-sturdy-bismuthbronze-mini", quantity: 1 },
			"A": { type: "item", code: "game:axe-felling-bismuthbronze", quantity: 1 },
			"L": { type: "item", code: "game:leather-sturdy-plain", quantity: 4 }		
		},	
		width: 3,
		height: 3,
		recipeGroup: 1,
		output: { type: "item", code: "fendragonbcs:fbcs-sturdy-bismuthbronze-tall", quantity: 1 }
	},
	{//5	
//Крафт міцного ВИСОКОГО рюкзака бронза (ліхтар з кварцу)
		ingredientPattern: "KFN,PBA,L_L",
		enabled: true,
		ingredients: {
			"K": { type: "item", code: "game:shears-*", isTool: true, toolDurabilityCost: 10 },
			"F": { type: "block", code: "game:lantern-up", attributes: { material: "blackbronze", lining: "plain", glass: "quartz" }, quantity: 1 },
			"N": { type: "item", code: "game:sewingkit", quantity: 1 },			
			"P": { type: "item", code: "game:pickaxe-blackbronze", quantity: 1 },
			"B": { type: "item", code: "fendragonbcs:fbcs-sturdy-blackbronze-mini", quantity: 1 },
			"A": { type: "item", code: "game:axe-felling-blackbronze", quantity: 1 },
			"L": { type: "item", code: "game:leather-sturdy-plain", quantity: 4 }		
		},	
		width: 3,
		height: 3,
		recipeGroup: 1,
		output: { type: "item", code: "fendragonbcs:fbcs-sturdy-blackbronze-tall", quantity: 1 }
	},
	{//6	
//Крафт міцного ВИСОКОГО рюкзака золото (ліхтар з кварцу)
		ingredientPattern: "KFN,PBA,L_L",
		enabled: true,
		ingredients: {
			"K": { type: "item", code: "game:shears-*", isTool: true, toolDurabilityCost: 10 },
			"F": { type: "block", code: "game:lantern-up", attributes: { material: "gold", lining: "plain", glass: "quartz" }, quantity: 1 },
			"N": { type: "item", code: "game:sewingkit", quantity: 1 },			
			"P": { type: "item", code: "game:pickaxe-gold", quantity: 1 },
			"B": { type: "item", code: "fendragonbcs:fbcs-sturdy-gold-mini", quantity: 1 },
			"A": { type: "item", code: "game:axe-felling-gold", quantity: 1 },
			"L": { type: "item", code: "game:leather-sturdy-plain", quantity: 4 }		
		},	
		width: 3,
		height: 3,
		recipeGroup: 1,
		output: { type: "item", code: "fendragonbcs:fbcs-sturdy-gold-tall", quantity: 1 }
	},
	{//7
//Крафт міцного ВИСОКОГО рюкзака срібло (ліхтар з кварцу)
		ingredientPattern: "KFN,PBA,L_L",
		enabled: true,
		ingredients: {
			"K": { type: "item", code: "game:shears-*", isTool: true, toolDurabilityCost: 10 },
			"F": { type: "block", code: "game:lantern-up", attributes: { material: "silver", lining: "plain", glass: "quartz" }, quantity: 1 },
			"N": { type: "item", code: "game:sewingkit", quantity: 1 },			
			"P": { type: "item", code: "game:pickaxe-silver", quantity: 1 },
			"B": { type: "item", code: "fendragonbcs:fbcs-sturdy-silver-mini", quantity: 1 },
			"A": { type: "item", code: "game:axe-felling-silver", quantity: 1 },
			"L": { type: "item", code: "game:leather-sturdy-plain", quantity: 4 }		
		},	
		width: 3,
		height: 3,
		recipeGroup: 1,
		output: { type: "item", code: "fendragonbcs:fbcs-sturdy-silver-tall", quantity: 1 }
	},
	{//8
//Крафт міцного ВИСОКОГО рюкзака залізо (ліхтар з кварцу)
		ingredientPattern: "KFN,PBA,L_L",
		enabled: true,
		ingredients: {
			"K": { type: "item", code: "game:shears-*", isTool: true, toolDurabilityCost: 10 },
			"F": { type: "block", code: "game:lantern-up", attributes: { material: "iron", lining: "plain", glass: "quartz" }, quantity: 1 },
			"N": { type: "item", code: "game:sewingkit", quantity: 1 },			
			"P": { type: "item", code: "game:pickaxe-iron", quantity: 1 },
			"B": { type: "item", code: "fendragonbcs:fbcs-sturdy-iron-mini", quantity: 1 },
			"A": { type: "item", code: "game:axe-felling-iron", quantity: 1 },
			"L": { type: "item", code: "game:leather-sturdy-plain", quantity: 4 }		
		},	
		width: 3,
		height: 3,
		recipeGroup: 1,
		output: { type: "item", code: "fendragonbcs:fbcs-sturdy-iron-tall", quantity: 1 }
	},
	{//9
//Крафт міцного ВИСОКОГО рюкзака метеор.залізо (ліхтар з кварцу)
		ingredientPattern: "KFN,PBA,L_L",
		enabled: true,
		ingredients: {
			"K": { type: "item", code: "game:shears-*", isTool: true, toolDurabilityCost: 10 },
			"F": { type: "block", code: "game:lantern-up", attributes: { material: "meteoriciron", lining: "plain", glass: "quartz" }, quantity: 1 },
			"N": { type: "item", code: "game:sewingkit", quantity: 1 },			
			"P": { type: "item", code: "game:pickaxe-meteoriciron", quantity: 1 },
			"B": { type: "item", code: "fendragonbcs:fbcs-sturdy-meteoriciron-mini", quantity: 1 },
			"A": { type: "item", code: "game:axe-felling-meteoriciron", quantity: 1 },
			"L": { type: "item", code: "game:leather-sturdy-plain", quantity: 4 }		
		},	
		width: 3,
		height: 3,
		recipeGroup: 1,
		output: { type: "item", code: "fendragonbcs:fbcs-sturdy-meteoriciron-tall", quantity: 1 }
	},
	{//10	
//Крафт міцного ВИСОКОГО рюкзака сталь (ліхтар з кварцу)
		ingredientPattern: "KFN,PBA,L_L",
		enabled: true,
		ingredients: {
			"K": { type: "item", code: "game:shears-*", isTool: true, toolDurabilityCost: 10 },
			"F": { type: "block", code: "game:lantern-up", attributes: { material: "steel", lining: "plain", glass: "quartz" }, quantity: 1 },
			"N": { type: "item", code: "game:sewingkit", quantity: 1 },			
			"P": { type: "item", code: "game:pickaxe-steel", quantity: 1 },
			"B": { type: "item", code: "fendragonbcs:fbcs-sturdy-steel-mini", quantity: 1 },
			"A": { type: "item", code: "game:axe-felling-steel", quantity: 1 },
			"L": { type: "item", code: "game:leather-sturdy-plain", quantity: 4 }		
		},	
		width: 3,
		height: 3,
		recipeGroup: 1,
		output: { type: "item", code: "fendragonbcs:fbcs-sturdy-steel-tall", quantity: 1 }
	},	
	{//11	***************************** БАЗОВИЙ *************************
//Крафт міцного БАЗОВОГО рюкзака	
		ingredientPattern: "K_N,LBL,QMQ",
		enabled: true,
		ingredients: {
			"K": { type: "item", code: "game:shears-*", isTool: true, toolDurabilityCost: 10 },
			"N": { type: "item", code: "game:sewingkit", quantity: 1 },
			"L": { type: "item", code: "game:leather-sturdy-plain", quantity: 4 },					
			"B": { type: "item", code: "fendragonbcs:fbcs-sturdy-*-tall", name: "material", allowedVariants: [ "copper", "tinbronze", "bismuthbronze", "blackbronze", "gold", "silver", "iron", "meteoriciron", "steel"], quantity: 1 },
			"Q": { type: "item", code: "game:clearquartz", quantity: 1 },
			"M": { type: "item", code: "game:metalplate-molybdochalkos", quantity: 1 }
		},	
		width: 3,
		height: 3,
		recipeGroup: 1,
		output: { type: "item", code: "fendragonbcs:fbcs-sturdy-{material}-basic", quantity: 1 }
	},
	{//12	***************************** СУПЕР *************************
//Крафт міцного СУПЕР рюкзака
		ingredientPattern: "K_N,LBL,QMQ",
		enabled: true,
		ingredients: {
			"K": { type: "item", code: "game:shears-*", isTool: true, toolDurabilityCost: 10 },
			"N": { type: "item", code: "game:sewingkit", quantity: 1 },
			"L": { type: "item", code: "game:leather-sturdy-plain", quantity: 4 },					
			"B": { type: "item", code: "fendragonbcs:fbcs-sturdy-*-basic", name: "material", allowedVariants: [ "copper", "tinbronze", "bismuthbronze", "blackbronze", "gold", "silver", "iron", "meteoriciron", "steel"], quantity: 1 },
			"Q": { type: "item", code: "game:ore-lapislazuli", quantity: 1 },
			"M": { type: "item", code: "game:metalplate-blackbronze", quantity: 1 }
		},	
		width: 3,
		height: 3,
		recipeGroup: 1,
		output: { type: "item", code: "fendragonbcs:fbcs-sturdy-{material}-super", quantity: 1 }
	},
	{//13	***************************** МЕГА *************************
//Крафт міцного МЕГА рюкзака	
		ingredientPattern: "K_N,LBL,QMQ",
		enabled: true,
		ingredients: {
			"K": { type: "item", code: "game:shears-*", isTool: true, toolDurabilityCost: 10 },
			"N": { type: "item", code: "game:sewingkit", quantity: 1 },
			"L": { type: "item", code: "game:leather-sturdy-plain", quantity: 4 },					
			"B": { type: "item", code: "fendragonbcs:fbcs-sturdy-*-super", name: "material", allowedVariants: [ "copper", "tinbronze", "bismuthbronze", "blackbronze", "gold", "silver", "iron", "meteoriciron", "steel"], quantity: 1 },
			"Q": { type: "item", code: "game:gem-emerald-rough", quantity: 1 },
			"M": { type: "item", code: "game:metalplate-meteoriciron", quantity: 1 }
		},	
		width: 3,
		height: 3,
		recipeGroup: 1,
		output: { type: "item", code: "fendragonbcs:fbcs-sturdy-{material}-mega", quantity: 1 }
	},
	{//14	***************************** УЛЬТРА *************************
//Крафт міцного УЛЬТРА рюкзака
		ingredientPattern: "K_N,LBL,QMQ",
		enabled: true,
		ingredients: {
			"K": { type: "item", code: "game:shears-*", isTool: true, toolDurabilityCost: 10 },
			"N": { type: "item", code: "game:sewingkit", quantity: 1 },
			"L": { type: "item", code: "game:leather-sturdy-plain", quantity: 4 },					
			"B": { type: "item", code: "fendragonbcs:fbcs-sturdy-*-mega", name: "material", allowedVariants: [ "copper", "tinbronze", "bismuthbronze", "blackbronze", "gold", "silver", "iron", "meteoriciron", "steel"], quantity: 1 },
			"Q": { type: "item", code: "game:gem-diamond-rough", quantity: 1 },
			"M": { type: "item", code: "game:metalplate-steel", quantity: 1 }
		},	
		width: 3,
		height: 3,
		recipeGroup: 1,
		output: { type: "item", code: "fendragonbcs:fbcs-sturdy-{material}-ultra", quantity: 1 }
	},
	{//15	******************** Крафт Високго рюкзака з ліхтарями зі склянних блоків ******** є вище крафти тільки з ліхтарів з кварцу ******************
//Крафт міцного ВИСОКОГО рюкзака мідь (ліхтар зі скляних блоків)
		ingredientPattern: "KFN,PBA,L_L",
		enabled: true,
		ingredients: {
			"K": { type: "item", code: "game:shears-*", isTool: true, toolDurabilityCost: 10 },
			"F": { type: "block", code: "game:lantern-up", attributes: { material: "copper", lining: "plain", glass: "plain" }, quantity: 1 },
			"N": { type: "item", code: "game:sewingkit", quantity: 1 },			
			"P": { type: "item", code: "game:pickaxe-copper", quantity: 1 },
			"B": { type: "item", code: "fendragonbcs:fbcs-sturdy-copper-mini", quantity: 1 },
			"A": { type: "item", code: "game:axe-felling-copper", quantity: 1 },
			"L": { type: "item", code: "game:leather-sturdy-plain", quantity: 4 }			
		},	
		width: 3,
		height: 3,
		recipeGroup: 1,
		output: { type: "item", code: "fendragonbcs:fbcs-sturdy-copper-tall", quantity: 1 }
	},
	{//16
//Крафт міцного ВИСОКОГО рюкзака бронза (ліхтар зі скляних блоків)
		ingredientPattern: "KFN,PBA,L_L",
		enabled: true,
		ingredients: {
			"K": { type: "item", code: "game:shears-*", isTool: true, toolDurabilityCost: 10 },
			"F": { type: "block", code: "game:lantern-up", attributes: { material: "tinbronze", lining: "plain", glass: "plain" }, quantity: 1 },
			"N": { type: "item", code: "game:sewingkit", quantity: 1 },			
			"P": { type: "item", code: "game:pickaxe-tinbronze", quantity: 1 },
			"B": { type: "item", code: "fendragonbcs:fbcs-sturdy-tinbronze-mini", quantity: 1 },
			"A": { type: "item", code: "game:axe-felling-tinbronze", quantity: 1 },
			"L": { type: "item", code: "game:leather-sturdy-plain", quantity: 4 }		
		},	
		width: 3,
		height: 3,
		recipeGroup: 1,
		output: { type: "item", code: "fendragonbcs:fbcs-sturdy-tinbronze-tall", quantity: 1 }
	},
	{//17
//Крафт міцного ВИСОКОГО рюкзака бронза (ліхтар зі скляних блоків)
		ingredientPattern: "KFN,PBA,L_L",
		enabled: true,
		ingredients: {
			"K": { type: "item", code: "game:shears-*", isTool: true, toolDurabilityCost: 10 },
			"F": { type: "block", code: "game:lantern-up", attributes: { material: "bismuthbronze", lining: "plain", glass: "plain" }, quantity: 1 },
			"N": { type: "item", code: "game:sewingkit", quantity: 1 },			
			"P": { type: "item", code: "game:pickaxe-bismuthbronze", quantity: 1 },
			"B": { type: "item", code: "fendragonbcs:fbcs-sturdy-bismuthbronze-mini", quantity: 1 },
			"A": { type: "item", code: "game:axe-felling-bismuthbronze", quantity: 1 },
			"L": { type: "item", code: "game:leather-sturdy-plain", quantity: 4 }		
		},	
		width: 3,
		height: 3,
		recipeGroup: 1,
		output: { type: "item", code: "fendragonbcs:fbcs-sturdy-bismuthbronze-tall", quantity: 1 }
	},
	{//18	
//Крафт міцного ВИСОКОГО рюкзака бронза (ліхтар зі скляних блоків)
		ingredientPattern: "KFN,PBA,L_L",
		enabled: true,
		ingredients: {
			"K": { type: "item", code: "game:shears-*", isTool: true, toolDurabilityCost: 10 },
			"F": { type: "block", code: "game:lantern-up", attributes: { material: "blackbronze", lining: "plain", glass: "plain" }, quantity: 1 },
			"N": { type: "item", code: "game:sewingkit", quantity: 1 },			
			"P": { type: "item", code: "game:pickaxe-blackbronze", quantity: 1 },
			"B": { type: "item", code: "fendragonbcs:fbcs-sturdy-blackbronze-mini", quantity: 1 },
			"A": { type: "item", code: "game:axe-felling-blackbronze", quantity: 1 },
			"L": { type: "item", code: "game:leather-sturdy-plain", quantity: 4 }		
		},	
		width: 3,
		height: 3,
		recipeGroup: 1,
		output: { type: "item", code: "fendragonbcs:fbcs-sturdy-blackbronze-tall", quantity: 1 }
	},
	{//19	
//Крафт міцного ВИСОКОГО рюкзака золото (ліхтар зі скляних блоків)
		ingredientPattern: "KFN,PBA,L_L",
		enabled: true,
		ingredients: {
			"K": { type: "item", code: "game:shears-*", isTool: true, toolDurabilityCost: 10 },
			"F": { type: "block", code: "game:lantern-up", attributes: { material: "gold", lining: "plain", glass: "plain" }, quantity: 1 },
			"N": { type: "item", code: "game:sewingkit", quantity: 1 },			
			"P": { type: "item", code: "game:pickaxe-gold", quantity: 1 },
			"B": { type: "item", code: "fendragonbcs:fbcs-sturdy-gold-mini", quantity: 1 },
			"A": { type: "item", code: "game:axe-felling-gold", quantity: 1 },
			"L": { type: "item", code: "game:leather-sturdy-plain", quantity: 4 }		
		},	
		width: 3,
		height: 3,
		recipeGroup: 1,
		output: { type: "item", code: "fendragonbcs:fbcs-sturdy-gold-tall", quantity: 1 }
	},
	{//20
//Крафт міцного ВИСОКОГО рюкзака срібло (ліхтар зі скляних блоків)
		ingredientPattern: "KFN,PBA,L_L",
		enabled: true,
		ingredients: {
			"K": { type: "item", code: "game:shears-*", isTool: true, toolDurabilityCost: 10 },
			"F": { type: "block", code: "game:lantern-up", attributes: { material: "silver", lining: "plain", glass: "plain" }, quantity: 1 },
			"N": { type: "item", code: "game:sewingkit", quantity: 1 },			
			"P": { type: "item", code: "game:pickaxe-silver", quantity: 1 },
			"B": { type: "item", code: "fendragonbcs:fbcs-sturdy-silver-mini", quantity: 1 },
			"A": { type: "item", code: "game:axe-felling-silver", quantity: 1 },
			"L": { type: "item", code: "game:leather-sturdy-plain", quantity: 4 }		
		},	
		width: 3,
		height: 3,
		recipeGroup: 1,
		output: { type: "item", code: "fendragonbcs:fbcs-sturdy-silver-tall", quantity: 1 }
	},
	{//21
//Крафт міцного ВИСОКОГО рюкзака залізо (ліхтар зі скляних блоків)
		ingredientPattern: "KFN,PBA,L_L",
		enabled: true,
		ingredients: {
			"K": { type: "item", code: "game:shears-*", isTool: true, toolDurabilityCost: 10 },
			"F": { type: "block", code: "game:lantern-up", attributes: { material: "iron", lining: "plain", glass: "plain" }, quantity: 1 },
			"N": { type: "item", code: "game:sewingkit", quantity: 1 },			
			"P": { type: "item", code: "game:pickaxe-iron", quantity: 1 },
			"B": { type: "item", code: "fendragonbcs:fbcs-sturdy-iron-mini", quantity: 1 },
			"A": { type: "item", code: "game:axe-felling-iron", quantity: 1 },
			"L": { type: "item", code: "game:leather-sturdy-plain", quantity: 4 }		
		},	
		width: 3,
		height: 3,
		recipeGroup: 1,
		output: { type: "item", code: "fendragonbcs:fbcs-sturdy-iron-tall", quantity: 1 }
	},
	{//22
//Крафт міцного ВИСОКОГО рюкзака метеор.залізо (ліхтар зі скляних блоків)
		ingredientPattern: "KFN,PBA,L_L",
		enabled: true,
		ingredients: {
			"K": { type: "item", code: "game:shears-*", isTool: true, toolDurabilityCost: 10 },
			"F": { type: "block", code: "game:lantern-up", attributes: { material: "meteoriciron", lining: "plain", glass: "plain" }, quantity: 1 },
			"N": { type: "item", code: "game:sewingkit", quantity: 1 },			
			"P": { type: "item", code: "game:pickaxe-meteoriciron", quantity: 1 },
			"B": { type: "item", code: "fendragonbcs:fbcs-sturdy-meteoriciron-mini", quantity: 1 },
			"A": { type: "item", code: "game:axe-felling-meteoriciron", quantity: 1 },
			"L": { type: "item", code: "game:leather-sturdy-plain", quantity: 4 }		
		},	
		width: 3,
		height: 3,
		recipeGroup: 1,
		output: { type: "item", code: "fendragonbcs:fbcs-sturdy-meteoriciron-tall", quantity: 1 }
	},
	{//23
//Крафт міцного ВИСОКОГО рюкзака сталь (ліхтар зі скляних блоків)
		ingredientPattern: "KFN,PBA,L_L",
		enabled: true,
		ingredients: {
			"K": { type: "item", code: "game:shears-*", isTool: true, toolDurabilityCost: 10 },
			"F": { type: "block", code: "game:lantern-up", attributes: { material: "steel", lining: "plain", glass: "plain" }, quantity: 1 },
			"N": { type: "item", code: "game:sewingkit", quantity: 1 },			
			"P": { type: "item", code: "game:pickaxe-steel", quantity: 1 },
			"B": { type: "item", code: "fendragonbcs:fbcs-sturdy-steel-mini", quantity: 1 },
			"A": { type: "item", code: "game:axe-felling-steel", quantity: 1 },
			"L": { type: "item", code: "game:leather-sturdy-plain", quantity: 4 }		
		},	
		width: 3,
		height: 3,
		recipeGroup: 1,
		output: { type: "item", code: "fendragonbcs:fbcs-sturdy-steel-tall", quantity: 1 }
	},	
]