[
	{//1	
//Рекрафт ШКІРЯНОГО міні рюкзака
		ingredientPattern: "KB",
		enabled: true,
		ingredients: {
			"K": { type: "item", code: "game:knife-*", isTool: true, toolDurabilityCost: 10  },
			"B": { type: "item", code: "fendragonbcs:fbcs-sturdy-*-mini", name: "material", allowedVariants: [ "copper", "tinbronze", "bismuthbronze", "blackbronze", "gold", "silver", "iron", "meteoriciron", "steel"], quantity: 1 }
		},
		width: 1,
		height: 2,
		recipeGroup: 3,
		shapeless: false,		
		output: { type: "item", code: "game:leather-sturdy-plain", quantity: 3 }
	},
	{//2	
//Рекрафт ШКІРЯНОГО високого рюкзака
		ingredientPattern: "KB",
		enabled: true,
		ingredients: {
			"K": { type: "item", code: "game:knife-*", isTool: true, toolDurabilityCost: 10  },
			"B": { type: "item", code: "fendragonbcs:fbcs-sturdy-*-tall", name: "material", allowedVariants: [ "copper", "tinbronze", "bismuthbronze", "blackbronze", "gold", "silver", "iron", "meteoriciron", "steel"], returnedStack: { type: "item", code: "game:leather-sturdy-plain", quantity: 8 }, quantity: 1 }
		},
		width: 1,
		height: 2,
		recipeGroup: 3,
		shapeless: false,		
		output: { type: "item", code: "game:metalbit-{material}", quantity: 80}
	},
	{//3	
//Рекрафт ШКІРЯНОГО базового рюкзака
		ingredientPattern: "KB",
		enabled: true,
		ingredients: {
			"K": { type: "item", code: "game:knife-*", isTool: true, toolDurabilityCost: 10  },
			"B": { type: "item", code: "fendragonbcs:fbcs-sturdy-*-basic", name: "material", allowedVariants: [ "copper", "tinbronze", "bismuthbronze", "blackbronze", "gold", "silver", "iron", "meteoriciron", "steel"], quantity: 1, returnedStack: { type: "item", code: "game:leather-sturdy-plain", quantity: 8 } }
		},
		width: 1,
		height: 2,
		recipeGroup: 2,
		shapeless: false,		
		output: { type: "item", code: "fendragonbcs:fbcs-sturdy-{material}-tall", quantity: 1}
	},
	{//4	
//Рекрафт ШКІРЯНОГО супер рюкзака
		ingredientPattern: "KB",
		enabled: true,
		ingredients: {
			"K": { type: "item", code: "game:knife-*", isTool: true, toolDurabilityCost: 10  },
			"B": { type: "item", code: "fendragonbcs:fbcs-sturdy-*-super", name: "material", allowedVariants: [ "copper", "tinbronze", "bismuthbronze", "blackbronze", "gold", "silver", "iron", "meteoriciron", "steel"], returnedStack: { type: "item", code: "game:leather-sturdy-plain", quantity: 8 }, quantity: 1 }
		},
		width: 1,
		height: 2,
		recipeGroup: 2,
		shapeless: false,		
		output: { type: "item", code: "fendragonbcs:fbcs-sturdy-{material}-basic", quantity: 1}
	},
	{//5	
//Рекрафт ШКІРЯНОГО мега рюкзака
		ingredientPattern: "KB",
		enabled: true,
		ingredients: {
			"K": { type: "item", code: "game:knife-*", isTool: true, toolDurabilityCost: 10  },
			"B": { type: "item", code: "fendragonbcs:fbcs-sturdy-*-mega", name: "material", allowedVariants: [ "copper", "tinbronze", "bismuthbronze", "blackbronze", "gold", "silver", "iron", "meteoriciron", "steel"], returnedStack: { type: "item", code: "game:leather-sturdy-plain", quantity: 8 }, quantity: 1 }
		},
		width: 1,
		height: 2,
		recipeGroup: 2,
		shapeless: false,		
		output: { type: "item", code: "fendragonbcs:fbcs-sturdy-{material}-super", quantity: 1}
	},
	{//6	
//Рекрафт ШКІРЯНОГО ультра рюкзака
		ingredientPattern: "KB",
		enabled: true,
		ingredients: {
			"K": { type: "item", code: "game:knife-*", isTool: true, toolDurabilityCost: 10  },
			"B": { type: "item", code: "fendragonbcs:fbcs-sturdy-*-ultra", name: "material", allowedVariants: [ "copper", "tinbronze", "bismuthbronze", "blackbronze", "gold", "silver", "iron", "meteoriciron", "steel"], returnedStack: { type: "item", code: "game:leather-sturdy-plain", quantity: 8 }, quantity: 1 }
		},
		width: 1,
		height: 2,
		recipeGroup: 2,
		shapeless: false,		
		output: { type: "item", code: "fendragonbcs:fbcs-sturdy-{material}-mega", quantity: 1}
	}
]