[
	{//0	
//Крафт/апдейт міцного ВИСОКОГО рюкзака з шкіри
		ingredientPattern: "K_N,LBL,_L_",
		enabled: true,
		ingredients: {
			"K": { type: "item", code: "game:shears-*", isTool: true, toolDurabilityCost: 10 },
			"N": { type: "item", code: "game:sewingkit", quantity: 1 },
			"L": { type: "item", code: "game:leather-sturdy-plain", quantity: 3 },	
			"B": { type: "item", code: "fendragonbcs:fbcs-shkira-*-basic", name: "material", allowedVariants: [ "copper", "tinbronze", "bismuthbronze", "blackbronze", "gold", "silver", "iron", "meteoriciron", "steel"], quantity: 1 },		
		},	
		width: 3,
		height: 3,
		recipeGroup: 3,
		output: { type: "item", code: "fendragonbcs:fbcs-sturdy-{material}-basic", quantity: 1 }
	},
	{//1	
//Крафт/апдейт міцного ВИСОКОГО рюкзака з полотна
		ingredientPattern: "K_N,LBL,_L_",
		enabled: true,
		ingredients: {
			"K": { type: "item", code: "game:shears-*", isTool: true, toolDurabilityCost: 10 },
			"N": { type: "item", code: "game:sewingkit", quantity: 1 },
			"L": { type: "item", code: "game:leather-sturdy-plain", quantity: 3 },	
			"B": { type: "item", code: "fendragonbcs:fbcs-polotno-*-basic", name: "material", allowedVariants: [ "copper", "tinbronze", "bismuthbronze", "blackbronze", "gold", "silver", "iron", "meteoriciron", "steel"], quantity: 1 },		
		},	
		width: 3,
		height: 3,
		recipeGroup: 3,
		output: { type: "item", code: "fendragonbcs:fbcs-sturdy-{material}-basic", quantity: 1 }
	},
	
	{//2	
//Крафт/апдейт міцного СУПЕР рюкзака з шкіри
		ingredientPattern: "K_N,LBL,_L_",
		enabled: true,
		ingredients: {
			"K": { type: "item", code: "game:shears-*", isTool: true, toolDurabilityCost: 10 },
			"N": { type: "item", code: "game:sewingkit", quantity: 1 },
			"L": { type: "item", code: "game:leather-sturdy-plain", quantity: 3 },	
			"B": { type: "item", code: "fendragonbcs:fbcs-shkira-*-super", name: "material", allowedVariants: [ "copper", "tinbronze", "bismuthbronze", "blackbronze", "gold", "silver", "iron", "meteoriciron", "steel"], quantity: 1 },		
		},	
		width: 3,
		height: 3,
		recipeGroup: 3,
		output: { type: "item", code: "fendragonbcs:fbcs-sturdy-{material}-super", quantity: 1 }
	},
	{//3	
//Крафт/апдейт міцного СУПЕР рюкзака з полотна
		ingredientPattern: "K_N,LBL,_L_",
		enabled: true,
		ingredients: {
			"K": { type: "item", code: "game:shears-*", isTool: true, toolDurabilityCost: 10 },
			"N": { type: "item", code: "game:sewingkit", quantity: 1 },
			"L": { type: "item", code: "game:leather-sturdy-plain", quantity: 3 },	
			"B": { type: "item", code: "fendragonbcs:fbcs-polotno-*-super", name: "material", allowedVariants: [ "copper", "tinbronze", "bismuthbronze", "blackbronze", "gold", "silver", "iron", "meteoriciron", "steel"], quantity: 1 },		
		},	
		width: 3,
		height: 3,
		recipeGroup: 3,
		output: { type: "item", code: "fendragonbcs:fbcs-sturdy-{material}-super", quantity: 1 }
	},
	
	{//4	
//Крафт/апдейт міцного МЕГА рюкзака з шкіри
		ingredientPattern: "K_N,LBL,_L_",
		enabled: true,
		ingredients: {
			"K": { type: "item", code: "game:shears-*", isTool: true, toolDurabilityCost: 10 },
			"N": { type: "item", code: "game:sewingkit", quantity: 1 },
			"L": { type: "item", code: "game:leather-sturdy-plain", quantity: 3 },	
			"B": { type: "item", code: "fendragonbcs:fbcs-shkira-*-mega", name: "material", allowedVariants: [ "copper", "tinbronze", "bismuthbronze", "blackbronze", "gold", "silver", "iron", "meteoriciron", "steel"], quantity: 1 },		
		},	
		width: 3,
		height: 3,
		recipeGroup: 3,
		output: { type: "item", code: "fendragonbcs:fbcs-sturdy-{material}-mega", quantity: 1 }
	},
	{//5	
//Крафт/апдейт міцного МЕГА рюкзака з полотна
		ingredientPattern: "K_N,LBL,_L_",
		enabled: true,
		ingredients: {
			"K": { type: "item", code: "game:shears-*", isTool: true, toolDurabilityCost: 10 },
			"N": { type: "item", code: "game:sewingkit", quantity: 1 },
			"L": { type: "item", code: "game:leather-sturdy-plain", quantity: 3 },	
			"B": { type: "item", code: "fendragonbcs:fbcs-polotno-*-mega", name: "material", allowedVariants: [ "copper", "tinbronze", "bismuthbronze", "blackbronze", "gold", "silver", "iron", "meteoriciron", "steel"], quantity: 1 },		
		},	
		width: 3,
		height: 3,
		recipeGroup: 3,
		output: { type: "item", code: "fendragonbcs:fbcs-sturdy-{material}-mega", quantity: 1 }
	},	
	{//6	
//Крафт/апдейт міцного УЛЬТРА рюкзака з шкіри
		ingredientPattern: "K_N,LBL,_L_",
		enabled: true,
		ingredients: {
			"K": { type: "item", code: "game:shears-*", isTool: true, toolDurabilityCost: 10 },
			"N": { type: "item", code: "game:sewingkit", quantity: 1 },
			"L": { type: "item", code: "game:leather-sturdy-plain", quantity: 3 },	
			"B": { type: "item", code: "fendragonbcs:fbcs-shkira-*-ultra", name: "material", allowedVariants: [ "copper", "tinbronze", "bismuthbronze", "blackbronze", "gold", "silver", "iron", "meteoriciron", "steel"], quantity: 1 },		
		},	
		width: 3,
		height: 3,
		recipeGroup: 3,
		output: { type: "item", code: "fendragonbcs:fbcs-sturdy-{material}-ultra", quantity: 1 }
	},
	{//7	
//Крафт/апдейт міцного УЛЬТРА рюкзака з полотна
		ingredientPattern: "K_N,LBL,_L_",
		enabled: true,
		ingredients: {
			"K": { type: "item", code: "game:shears-*", isTool: true, toolDurabilityCost: 10 },
			"N": { type: "item", code: "game:sewingkit", quantity: 1 },
			"L": { type: "item", code: "game:leather-sturdy-plain", quantity: 3 },	
			"B": { type: "item", code: "fendragonbcs:fbcs-polotno-*-ultra", name: "material", allowedVariants: [ "copper", "tinbronze", "bismuthbronze", "blackbronze", "gold", "silver", "iron", "meteoriciron", "steel"], quantity: 1 },		
		},	
		width: 3,
		height: 3,
		recipeGroup: 3,
		output: { type: "item", code: "fendragonbcs:fbcs-sturdy-{material}-ultra", quantity: 1 }
	},
]