[
    {
        "Ingredients": [
            {
                "type": "item",
                "code": "hydrateordiedrate:distilledwaterportion",
                "quantity": 50
            },
            {
                "type": "item",
                "code": "expandedfoods:crabnugget-raw",
                "quantity": 1
            }
        ],
        "Simmering": {
            "meltingPoint": 200,
            "meltingDuration": 110,
            "smeltedRatio": 1,
            "smeltingType": "bake",
            "smeltedStack": {
                "type": "item",
                "code": "expandedfoods:crabnugget-cooked",
                "quantity": 1
            },
            "requiresContainer": false
        }
    },
    {
        "Ingredients": [
            {
                "type": "item",
                "code": "hydrateordiedrate:distilledwaterportion",
                "quantity": 50
            },
            {
                "type": "item",
                "code": "expandedfoods:crabnugget-partbaked",
                "quantity": 1
            }
        ],
        "Simmering": {
            "meltingPoint": 200,
            "meltingDuration": 110,
            "smeltedRatio": 1,
            "smeltingType": "bake",
            "smeltedStack": {
                "type": "item",
                "code": "expandedfoods:crabnugget-cooked",
                "quantity": 1
            },
            "requiresContainer": false
        }
    }
]