{
    "inheritFrom": "game:itemtypes/wearable/bag/glider",
    "code": "glider",
    "behaviors": [
        { "name": "GliderVanillaName" },
        {
            "name": "GroundStorable",
            "properties": {
                "layout": "SingleCenter",
                "collisionBox": {
                    "x1": 0.25,
                    "y1": 0,
                    "z1": 0.25,
                    "x2": 0.75,
                    "y2": 0.375,
                    "z2": 0.75
                }
            }
        },
        { "name": "HeldBag" }
    ],
    "variantgroups": [
        {
            "code": "type",
            "states": ["black", "blue", "brown", "gray", "green", "orange", "pink", "purple", "red", "white", "yellow"]
        },
        {
            "code": "type",
            "states": ["bat", "feather1"],
            "combine": "add"
        },
        {
            "code": "type",
            "states": ["dragon-black", "dragon-blue", "dragon-brown", "dragon-gray", "dragon-green", "dragon-orange", "dragon-pink", "dragon-purple", "dragon-red", "dragon-white", "dragon-yellow"],
            "combine": "add"
        }
    ],
    "shape": { "base": "game:item/bag/glider-backpack" },
    "textures": {
        "glider": { "base": "item/bag/glider/{type}" },
        "glider-plain": { "base": "item/bag/glider/{type}" }
    }
}
