{
	"editor": {
		"allAngles": false,
		"entityTextureMode": false
	},
	"textureWidth": 16,
	"textureHeight": 16,
	"textureSizes": {
	},
	"textures": {
	},
	"elements": [
		{
			"name": "handle",
			"from": [ -5.0, -0.5, 7.38 ],
			"to": [ 3.0, 0.5, 8.63 ],
			"rotationOrigin": [ -4.5, -8.8, 8.0 ],
			"faces": {
				"north": { "texture": "#handle", "uv": [ 0.0, 0.0, 8.0, 1.0 ] },
				"south": { "texture": "#handle", "uv": [ 0.0, 0.0, 8.0, 1.0 ] },
				"west": { "texture": "#handle", "uv": [ 3.0, 0.0, 4.0, 1.0 ] },
				"up": { "texture": "#handle", "uv": [ 0.0, 0.0, 8.0, 1.0 ] },
				"down": { "texture": "#handle", "uv": [ 2.5, 0.0, 10.5, 1.0 ] }
			},
			"children": [
				{
					"name": "haft",
					"from": [ 7.9, -0.25, -0.15 ],
					"to": [ 20.9, 1.25, 1.4 ],
					"rotationOrigin": [ 7.9, -0.6, -0.3 ],
					"faces": {
						"north": { "texture": "#haft", "uv": [ 1.5, 2.0, 14.5, 3.5 ] },
						"east": { "texture": "#haft", "uv": [ 3.5, 0.5, 5.0, 2.0 ], "windMode": [-1,-1,-1,-1] },
						"south": { "texture": "#haft", "uv": [ 2.5, 2.0, 15.5, 3.5 ] },
						"west": { "texture": "#haft", "uv": [ 5.0, 1.5, 6.5, 3.0 ] },
						"up": { "texture": "#haft", "uv": [ 1.0, 1.0, 14.0, 2.5 ] },
						"down": { "texture": "#haft", "uv": [ 1.0, 0.5, 14.0, 2.0 ] }
					},
					"children": [
						{
							"name": "blade6",
							"from": [ 9.0, 0.495, -0.32 ],
							"to": [ 10.25, 1.12, 0.93 ],
							"rotationOrigin": [ 9.5, -7.125, 0.3 ],
							"faces": {
								"north": { "texture": "#material", "uv": [ 0.0, 5.0, 1.0, 5.5 ] },
								"east": { "texture": "#material", "uv": [ 3.0, 0.0, 4.0, 0.5 ], "windMode": [-1,-1,-1,-1] },
								"south": { "texture": "#material", "uv": [ 0.0, 3.5, 1.0, 4.0 ], "windMode": [-1,-1,-1,-1] },
								"west": { "texture": "#material", "uv": [ 3.0, 0.0, 4.0, 0.5 ], "windMode": [-1,-1,-1,-1] },
								"up": { "texture": "#material", "uv": [ 0.0, 4.5, 1.0, 5.5 ], "windMode": [-1,-1,-1,-1] },
								"down": { "texture": "#material", "uv": [ 0.0, 5.0, 1.0, 6.0 ], "windMode": [-1,-1,-1,-1] }
							}
						},
						{
							"name": "blade7",
							"from": [ 7.0, 0.5, -0.32 ],
							"to": [ 8.25, 1.125, 0.93 ],
							"rotationOrigin": [ 7.5, -7.125, 0.3 ],
							"faces": {
								"north": { "texture": "#material", "uv": [ 0.0, 5.0, 1.0, 5.5 ] },
								"east": { "texture": "#material", "uv": [ 3.0, 0.0, 4.0, 0.5 ], "windMode": [-1,-1,-1,-1] },
								"south": { "texture": "#material", "uv": [ 0.0, 3.5, 1.0, 4.0 ], "windMode": [-1,-1,-1,-1] },
								"west": { "texture": "#material", "uv": [ 3.0, 0.0, 4.0, 0.5 ], "windMode": [-1,-1,-1,-1] },
								"up": { "texture": "#material", "uv": [ 0.0, 4.5, 1.0, 5.5 ], "windMode": [-1,-1,-1,-1] },
								"down": { "texture": "#material", "uv": [ 0.0, 5.0, 1.0, 6.0 ], "windMode": [-1,-1,-1,-1] }
							}
						},
						{
							"name": "blade8",
							"from": [ 5.0, 0.5, -0.32 ],
							"to": [ 6.25, 1.125, 0.93 ],
							"rotationOrigin": [ 5.5, -7.125, 0.3 ],
							"faces": {
								"north": { "texture": "#material", "uv": [ 0.0, 5.0, 1.0, 5.5 ] },
								"east": { "texture": "#material", "uv": [ 3.0, 0.0, 4.0, 0.5 ], "windMode": [-1,-1,-1,-1] },
								"south": { "texture": "#material", "uv": [ 0.0, 3.5, 1.0, 4.0 ], "windMode": [-1,-1,-1,-1] },
								"west": { "texture": "#material", "uv": [ 3.0, 0.0, 4.0, 0.5 ], "windMode": [-1,-1,-1,-1] },
								"up": { "texture": "#material", "uv": [ 0.0, 4.5, 1.0, 5.5 ], "windMode": [-1,-1,-1,-1] },
								"down": { "texture": "#material", "uv": [ 0.0, 5.0, 1.0, 6.0 ], "windMode": [-1,-1,-1,-1] }
							}
						},
						{
							"name": "blade9",
							"from": [ 3.0, 0.5, -0.32 ],
							"to": [ 4.25, 1.125, 0.93 ],
							"rotationOrigin": [ 3.5, -7.125, 0.3 ],
							"faces": {
								"north": { "texture": "#material", "uv": [ 0.0, 5.0, 1.0, 5.5 ] },
								"east": { "texture": "#material", "uv": [ 3.0, 0.0, 4.0, 0.5 ], "windMode": [-1,-1,-1,-1] },
								"south": { "texture": "#material", "uv": [ 0.0, 3.5, 1.0, 4.0 ], "windMode": [-1,-1,-1,-1] },
								"west": { "texture": "#material", "uv": [ 3.0, 0.0, 4.0, 0.5 ], "windMode": [-1,-1,-1,-1] },
								"up": { "texture": "#material", "uv": [ 0.0, 4.5, 1.0, 5.5 ], "windMode": [-1,-1,-1,-1] },
								"down": { "texture": "#material", "uv": [ 0.0, 5.0, 1.0, 6.0 ], "windMode": [-1,-1,-1,-1] }
							}
						},
						{
							"name": "blade10",
							"from": [ 1.0, 0.5, -0.32 ],
							"to": [ 2.25, 1.125, 0.93 ],
							"rotationOrigin": [ 1.5, -7.125, 0.3 ],
							"faces": {
								"north": { "texture": "#material", "uv": [ 0.0, 5.0, 1.0, 5.5 ], "windMode": [-1,-1,-1,-1] },
								"east": { "texture": "#material", "uv": [ 3.0, 0.0, 4.0, 0.5 ], "windMode": [-1,-1,-1,-1] },
								"south": { "texture": "#material", "uv": [ 0.0, 3.5, 1.0, 4.0 ], "windMode": [-1,-1,-1,-1] },
								"west": { "texture": "#material", "uv": [ 3.0, 0.0, 4.0, 0.5 ], "windMode": [-1,-1,-1,-1] },
								"up": { "texture": "#material", "uv": [ 0.0, 4.5, 1.0, 5.5 ], "windMode": [-1,-1,-1,-1] },
								"down": { "texture": "#material", "uv": [ 0.0, 5.0, 1.0, 6.0 ], "windMode": [-1,-1,-1,-1] }
							}
						},
						{
							"name": "blade11",
							"from": [ 11.0, 0.495, -0.32 ],
							"to": [ 12.25, 1.12, 0.93 ],
							"rotationOrigin": [ 11.5, -7.125, 0.3 ],
							"faces": {
								"north": { "texture": "#material", "uv": [ 0.0, 5.0, 1.0, 5.5 ] },
								"east": { "texture": "#material", "uv": [ 3.0, 0.0, 4.0, 0.5 ], "windMode": [-1,-1,-1,-1] },
								"south": { "texture": "#material", "uv": [ 0.0, 3.5, 1.0, 4.0 ], "windMode": [-1,-1,-1,-1] },
								"west": { "texture": "#material", "uv": [ 3.0, 0.0, 4.0, 0.5 ], "windMode": [-1,-1,-1,-1] },
								"up": { "texture": "#material", "uv": [ 0.0, 4.5, 1.0, 5.5 ], "windMode": [-1,-1,-1,-1] },
								"down": { "texture": "#material", "uv": [ 0.0, 5.0, 1.0, 6.0 ], "windMode": [-1,-1,-1,-1] }
							}
						}
					]
				},
				{
					"name": "blade12",
					"from": [ 16.9, 0.24, 0.53 ],
					"to": [ 18.15, 0.865, 1.78 ],
					"rotationOrigin": [ 17.4, -7.375, 1.15 ],
					"faces": {
						"north": { "texture": "#material", "uv": [ 0.0, 5.0, 1.0, 5.5 ] },
						"east": { "texture": "#material", "uv": [ 3.0, 0.0, 4.0, 0.5 ], "windMode": [-1,-1,-1,-1] },
						"south": { "texture": "#material", "uv": [ 0.0, 3.5, 1.0, 4.0 ], "windMode": [-1,-1,-1,-1] },
						"west": { "texture": "#material", "uv": [ 3.0, 0.0, 4.0, 0.5 ], "windMode": [-1,-1,-1,-1] },
						"up": { "texture": "#material", "uv": [ 0.0, 4.5, 1.0, 5.5 ], "windMode": [-1,-1,-1,-1] },
						"down": { "texture": "#material", "uv": [ 0.0, 5.0, 1.0, 6.0 ], "windMode": [-1,-1,-1,-1] }
					}
				},
				{
					"name": "blade13",
					"from": [ 14.9, 0.25, 0.53 ],
					"to": [ 16.15, 0.875, 1.78 ],
					"rotationOrigin": [ 15.4, -7.375, 1.15 ],
					"faces": {
						"north": { "texture": "#material", "uv": [ 0.0, 5.0, 1.0, 5.5 ] },
						"east": { "texture": "#material", "uv": [ 3.0, 0.0, 4.0, 0.5 ], "windMode": [-1,-1,-1,-1] },
						"south": { "texture": "#material", "uv": [ 0.0, 3.5, 1.0, 4.0 ], "windMode": [-1,-1,-1,-1] },
						"west": { "texture": "#material", "uv": [ 3.0, 0.0, 4.0, 0.5 ], "windMode": [-1,-1,-1,-1] },
						"up": { "texture": "#material", "uv": [ 0.0, 4.5, 1.0, 5.5 ], "windMode": [-1,-1,-1,-1] },
						"down": { "texture": "#material", "uv": [ 0.0, 5.0, 1.0, 6.0 ], "windMode": [-1,-1,-1,-1] }
					}
				},
				{
					"name": "blade14",
					"from": [ 12.9, 0.25, 0.53 ],
					"to": [ 14.15, 0.875, 1.78 ],
					"rotationOrigin": [ 13.4, -7.375, 1.15 ],
					"faces": {
						"north": { "texture": "#material", "uv": [ 0.0, 5.0, 1.0, 5.5 ] },
						"east": { "texture": "#material", "uv": [ 3.0, 0.0, 4.0, 0.5 ], "windMode": [-1,-1,-1,-1] },
						"south": { "texture": "#material", "uv": [ 0.0, 3.5, 1.0, 4.0 ], "windMode": [-1,-1,-1,-1] },
						"west": { "texture": "#material", "uv": [ 3.0, 0.0, 4.0, 0.5 ], "windMode": [-1,-1,-1,-1] },
						"up": { "texture": "#material", "uv": [ 0.0, 4.5, 1.0, 5.5 ], "windMode": [-1,-1,-1,-1] },
						"down": { "texture": "#material", "uv": [ 0.0, 5.0, 1.0, 6.0 ], "windMode": [-1,-1,-1,-1] }
					}
				},
				{
					"name": "blade15",
					"from": [ 10.9, 0.25, 0.53 ],
					"to": [ 12.15, 0.875, 1.78 ],
					"rotationOrigin": [ 11.4, -7.375, 1.15 ],
					"faces": {
						"north": { "texture": "#material", "uv": [ 0.0, 5.0, 1.0, 5.5 ] },
						"east": { "texture": "#material", "uv": [ 3.0, 0.0, 4.0, 0.5 ], "windMode": [-1,-1,-1,-1] },
						"south": { "texture": "#material", "uv": [ 0.0, 3.5, 1.0, 4.0 ], "windMode": [-1,-1,-1,-1] },
						"west": { "texture": "#material", "uv": [ 3.0, 0.0, 4.0, 0.5 ], "windMode": [-1,-1,-1,-1] },
						"up": { "texture": "#material", "uv": [ 0.0, 4.5, 1.0, 5.5 ], "windMode": [-1,-1,-1,-1] },
						"down": { "texture": "#material", "uv": [ 0.0, 5.0, 1.0, 6.0 ], "windMode": [-1,-1,-1,-1] }
					}
				},
				{
					"name": "blade16",
					"from": [ 8.9, 0.25, 0.53 ],
					"to": [ 10.15, 0.875, 1.78 ],
					"rotationOrigin": [ 9.4, -7.375, 1.15 ],
					"faces": {
						"north": { "texture": "#material", "uv": [ 0.0, 5.0, 1.0, 5.5 ], "windMode": [-1,-1,-1,-1] },
						"east": { "texture": "#material", "uv": [ 3.0, 0.0, 4.0, 0.5 ], "windMode": [-1,-1,-1,-1] },
						"south": { "texture": "#material", "uv": [ 0.0, 3.5, 1.0, 4.0 ], "windMode": [-1,-1,-1,-1] },
						"west": { "texture": "#material", "uv": [ 3.0, 0.0, 4.0, 0.5 ], "windMode": [-1,-1,-1,-1] },
						"up": { "texture": "#material", "uv": [ 0.0, 4.5, 1.0, 5.5 ], "windMode": [-1,-1,-1,-1] },
						"down": { "texture": "#material", "uv": [ 0.0, 5.0, 1.0, 6.0 ], "windMode": [-1,-1,-1,-1] }
					}
				},
				{
					"name": "blade17",
					"from": [ 18.9, 0.245, 0.53 ],
					"to": [ 20.15, 0.87, 1.78 ],
					"rotationOrigin": [ 19.4, -7.375, 1.15 ],
					"faces": {
						"north": { "texture": "#material", "uv": [ 0.0, 5.0, 1.0, 5.5 ] },
						"east": { "texture": "#material", "uv": [ 3.0, 0.0, 4.0, 0.5 ], "windMode": [-1,-1,-1,-1] },
						"south": { "texture": "#material", "uv": [ 0.0, 3.5, 1.0, 4.0 ], "windMode": [-1,-1,-1,-1] },
						"west": { "texture": "#material", "uv": [ 3.0, 0.0, 4.0, 0.5 ], "windMode": [-1,-1,-1,-1] },
						"up": { "texture": "#material", "uv": [ 0.0, 4.5, 1.0, 5.5 ], "windMode": [-1,-1,-1,-1] },
						"down": { "texture": "#material", "uv": [ 0.0, 5.0, 1.0, 6.0 ], "windMode": [-1,-1,-1,-1] }
					}
				},
				{
					"name": "pommel",
					"from": [ -0.7, -0.15, 0.1 ],
					"to": [ 0.55, 1.1, 1.35 ],
					"rotationOrigin": [ -0.2, -8.5, 0.72 ],
					"rotationY": 45.0,
					"faces": {
						"north": { "texture": "#pommel", "uv": [ 0.0, 0.0, 1.0, 1.0 ] },
						"south": { "texture": "#pommel", "uv": [ 0.0, 0.0, 1.0, 1.0 ] },
						"west": { "texture": "#pommel", "uv": [ 3.0, 0.0, 4.0, 1.0 ] },
						"up": { "texture": "#pommel", "uv": [ 0.0, 0.0, 1.0, 1.0 ] },
						"down": { "texture": "#pommel", "uv": [ 2.5, 0.0, 3.5, 1.0 ] }
					}
				}
			]
		}
	]}