{
	"editor": {
		"allAngles": false,
		"entityTextureMode": false
	},
	"textureWidth": 16,
	"textureHeight": 16,
	"textureSizes": {
	},
	"textures": {
	},
	"elements": [
		{
			"name": "handle",
			"from": [ -4.0, -0.5, 7.38 ],
			"to": [ 6.0, 0.5, 8.63 ],
			"rotationOrigin": [ -3.5, -8.8, 8.0 ],
			"faces": {
				"north": { "texture": "#handle", "uv": [ 0.0, 0.0, 10.0, 1.0 ] },
				"south": { "texture": "#handle", "uv": [ 0.0, 0.0, 10.0, 1.0 ] },
				"west": { "texture": "#handle", "uv": [ 3.0, 0.0, 4.0, 1.0 ] },
				"up": { "texture": "#handle", "uv": [ 0.0, 0.0, 10.0, 1.0 ] },
				"down": { "texture": "#handle", "uv": [ 2.5, 0.0, 12.5, 1.0 ] }
			},
			"children": [
				{
					"name": "haft",
					"from": [ 9.9, -0.25, -0.55 ],
					"to": [ 20.7, 1.25, 0.65 ],
					"rotationOrigin": [ 9.9, -0.6, -0.7 ],
					"rotationY": -3.0,
					"faces": {
						"north": { "texture": "#haft", "uv": [ 1.5, 2.0, 12.0, 3.5 ] },
						"east": { "texture": "#haft", "uv": [ 3.5, 0.5, 4.5, 2.0 ], "windMode": [-1,-1,-1,-1] },
						"south": { "texture": "#haft", "uv": [ 2.5, 2.0, 13.0, 3.5 ] },
						"west": { "texture": "#haft", "uv": [ 5.0, 1.5, 6.0, 3.0 ] },
						"up": { "texture": "#haft", "uv": [ 1.0, 1.0, 11.5, 2.0 ] },
						"down": { "texture": "#haft", "uv": [ 1.0, 0.5, 11.5, 1.5 ] }
					},
					"children": [
						{
							"name": "blade6",
							"from": [ 6.2, 0.49, -0.32 ],
							"to": [ 7.45, 0.99, 0.13 ],
							"rotationOrigin": [ 6.7, -7.125, 0.3 ],
							"faces": {
								"north": { "texture": "#material", "uv": [ 0.0, 5.0, 1.0, 5.5 ] },
								"east": { "texture": "#material", "uv": [ 3.0, 0.0, 3.5, 0.5 ], "windMode": [-1,-1,-1,-1] },
								"south": { "texture": "#material", "uv": [ 0.0, 3.5, 1.0, 4.0 ], "windMode": [-1,-1,-1,-1] },
								"west": { "texture": "#material", "uv": [ 3.0, 0.0, 3.5, 0.5 ], "windMode": [-1,-1,-1,-1] },
								"up": { "texture": "#material", "uv": [ 0.0, 4.5, 1.0, 5.0 ], "windMode": [-1,-1,-1,-1] },
								"down": { "texture": "#material", "uv": [ 0.0, 5.0, 1.0, 5.5 ], "windMode": [-1,-1,-1,-1] }
							}
						},
						{
							"name": "blade7",
							"from": [ 4.9, 0.5, -0.32 ],
							"to": [ 6.15, 1.0, 0.13 ],
							"rotationOrigin": [ 5.4, -7.125, 0.3 ],
							"faces": {
								"north": { "texture": "#material", "uv": [ 0.0, 5.0, 1.0, 5.5 ] },
								"east": { "texture": "#material", "uv": [ 3.0, 0.0, 3.5, 0.5 ], "windMode": [-1,-1,-1,-1] },
								"south": { "texture": "#material", "uv": [ 0.0, 3.5, 1.0, 4.0 ], "windMode": [-1,-1,-1,-1] },
								"west": { "texture": "#material", "uv": [ 3.0, 0.0, 3.5, 0.5 ], "windMode": [-1,-1,-1,-1] },
								"up": { "texture": "#material", "uv": [ 0.0, 4.5, 1.0, 5.0 ], "windMode": [-1,-1,-1,-1] },
								"down": { "texture": "#material", "uv": [ 0.0, 5.0, 1.0, 5.5 ], "windMode": [-1,-1,-1,-1] }
							}
						},
						{
							"name": "blade8",
							"from": [ 3.6, 0.5, -0.32 ],
							"to": [ 4.85, 1.0, 0.13 ],
							"rotationOrigin": [ 4.1, -7.125, 0.3 ],
							"faces": {
								"north": { "texture": "#material", "uv": [ 0.0, 5.0, 1.0, 5.5 ] },
								"east": { "texture": "#material", "uv": [ 3.0, 0.0, 3.5, 0.5 ], "windMode": [-1,-1,-1,-1] },
								"south": { "texture": "#material", "uv": [ 0.0, 3.5, 1.0, 4.0 ], "windMode": [-1,-1,-1,-1] },
								"west": { "texture": "#material", "uv": [ 3.0, 0.0, 3.5, 0.5 ], "windMode": [-1,-1,-1,-1] },
								"up": { "texture": "#material", "uv": [ 0.0, 4.5, 1.0, 5.0 ], "windMode": [-1,-1,-1,-1] },
								"down": { "texture": "#material", "uv": [ 0.0, 5.0, 1.0, 5.5 ], "windMode": [-1,-1,-1,-1] }
							}
						},
						{
							"name": "blade9",
							"from": [ 2.3, 0.5, -0.32 ],
							"to": [ 3.55, 1.0, 0.13 ],
							"rotationOrigin": [ 2.8, -7.125, 0.3 ],
							"faces": {
								"north": { "texture": "#material", "uv": [ 0.0, 5.0, 1.0, 5.5 ] },
								"east": { "texture": "#material", "uv": [ 3.0, 0.0, 3.5, 0.5 ], "windMode": [-1,-1,-1,-1] },
								"south": { "texture": "#material", "uv": [ 0.0, 3.5, 1.0, 4.0 ], "windMode": [-1,-1,-1,-1] },
								"west": { "texture": "#material", "uv": [ 3.0, 0.0, 3.5, 0.5 ], "windMode": [-1,-1,-1,-1] },
								"up": { "texture": "#material", "uv": [ 0.0, 4.5, 1.0, 5.0 ], "windMode": [-1,-1,-1,-1] },
								"down": { "texture": "#material", "uv": [ 0.0, 5.0, 1.0, 5.5 ], "windMode": [-1,-1,-1,-1] }
							}
						},
						{
							"name": "blade10",
							"from": [ 1.0, 0.5, -0.32 ],
							"to": [ 2.25, 1.0, 0.13 ],
							"rotationOrigin": [ 1.5, -7.125, 0.3 ],
							"faces": {
								"north": { "texture": "#material", "uv": [ 0.0, 5.0, 1.0, 5.5 ], "windMode": [-1,-1,-1,-1] },
								"east": { "texture": "#material", "uv": [ 3.0, 0.0, 3.5, 0.5 ], "windMode": [-1,-1,-1,-1] },
								"south": { "texture": "#material", "uv": [ 0.0, 3.5, 1.0, 4.0 ], "windMode": [-1,-1,-1,-1] },
								"west": { "texture": "#material", "uv": [ 3.0, 0.0, 3.5, 0.5 ], "windMode": [-1,-1,-1,-1] },
								"up": { "texture": "#material", "uv": [ 0.0, 4.5, 1.0, 5.0 ], "windMode": [-1,-1,-1,-1] },
								"down": { "texture": "#material", "uv": [ 0.0, 5.0, 1.0, 5.5 ], "windMode": [-1,-1,-1,-1] }
							}
						},
						{
							"name": "blade18",
							"from": [ 7.5, 0.49, -0.32 ],
							"to": [ 8.75, 0.99, 0.13 ],
							"rotationOrigin": [ 8.0, -7.125, 0.3 ],
							"faces": {
								"north": { "texture": "#material", "uv": [ 0.0, 5.0, 1.0, 5.5 ] },
								"east": { "texture": "#material", "uv": [ 3.0, 0.0, 3.5, 0.5 ], "windMode": [-1,-1,-1,-1] },
								"south": { "texture": "#material", "uv": [ 0.0, 3.5, 1.0, 4.0 ], "windMode": [-1,-1,-1,-1] },
								"west": { "texture": "#material", "uv": [ 3.0, 0.0, 3.5, 0.5 ], "windMode": [-1,-1,-1,-1] },
								"up": { "texture": "#material", "uv": [ 0.0, 4.5, 1.0, 5.0 ], "windMode": [-1,-1,-1,-1] },
								"down": { "texture": "#material", "uv": [ 0.0, 5.0, 1.0, 5.5 ], "windMode": [-1,-1,-1,-1] }
							}
						},
						{
							"name": "blade20",
							"from": [ 8.7, 0.49, -0.22 ],
							"to": [ 9.95, 0.99, 0.23 ],
							"rotationOrigin": [ 9.2, -7.125, 0.4 ],
							"faces": {
								"north": { "texture": "#material", "uv": [ 0.0, 5.0, 1.0, 5.5 ] },
								"east": { "texture": "#material", "uv": [ 3.0, 0.0, 3.5, 0.5 ], "windMode": [-1,-1,-1,-1] },
								"south": { "texture": "#material", "uv": [ 0.0, 3.5, 1.0, 4.0 ], "windMode": [-1,-1,-1,-1] },
								"west": { "texture": "#material", "uv": [ 3.0, 0.0, 3.5, 0.5 ], "windMode": [-1,-1,-1,-1] },
								"up": { "texture": "#material", "uv": [ 0.0, 4.5, 1.0, 5.0 ], "windMode": [-1,-1,-1,-1] },
								"down": { "texture": "#material", "uv": [ 0.0, 5.0, 1.0, 5.5 ], "windMode": [-1,-1,-1,-1] }
							}
						}
					]
				},
				{
					"name": "haft2",
					"from": [ 9.8, -0.2, 0.55 ],
					"to": [ 20.65, 1.2, 1.85 ],
					"rotationOrigin": [ 9.8, -0.6, 0.4 ],
					"rotationY": 3.0,
					"faces": {
						"north": { "texture": "#haft", "uv": [ 0.0, 1.5, 10.5, 2.5 ] },
						"east": { "texture": "#haft", "uv": [ 6.0, 0.5, 7.0, 1.5 ], "windMode": [-1,-1,-1,-1] },
						"south": { "texture": "#haft", "uv": [ 0.5, 1.5, 11.0, 2.5 ] },
						"west": { "texture": "#haft", "uv": [ 2.5, 1.5, 3.5, 2.5 ] },
						"up": { "texture": "#haft", "uv": [ 1.5, 0.0, 12.0, 1.0 ] },
						"down": { "texture": "#haft", "uv": [ 3.0, 6.5, 13.5, 7.5 ] }
					},
					"children": [
						{
							"name": "blade11",
							"from": [ 1.0, 0.5, 1.18 ],
							"to": [ 2.25, 1.0, 1.63 ],
							"rotationOrigin": [ 1.5, -7.125, 1.8 ],
							"faces": {
								"north": { "texture": "#material", "uv": [ 0.0, 5.0, 1.0, 5.5 ] },
								"east": { "texture": "#material", "uv": [ 3.0, 0.0, 3.5, 0.5 ], "windMode": [-1,-1,-1,-1] },
								"south": { "texture": "#material", "uv": [ 0.0, 3.5, 1.0, 4.0 ], "windMode": [-1,-1,-1,-1] },
								"west": { "texture": "#material", "uv": [ 3.0, 0.0, 3.5, 0.5 ], "windMode": [-1,-1,-1,-1] },
								"up": { "texture": "#material", "uv": [ 0.0, 4.5, 1.0, 5.0 ], "windMode": [-1,-1,-1,-1] },
								"down": { "texture": "#material", "uv": [ 0.0, 5.0, 1.0, 5.5 ], "windMode": [-1,-1,-1,-1] }
							}
						},
						{
							"name": "blade12",
							"from": [ 2.3, 0.5, 1.18 ],
							"to": [ 3.55, 1.0, 1.63 ],
							"rotationOrigin": [ 2.8, -7.125, 0.8 ],
							"faces": {
								"north": { "texture": "#material", "uv": [ 0.0, 5.0, 1.0, 5.5 ] },
								"east": { "texture": "#material", "uv": [ 3.0, 0.0, 3.5, 0.5 ], "windMode": [-1,-1,-1,-1] },
								"south": { "texture": "#material", "uv": [ 0.0, 3.5, 1.0, 4.0 ], "windMode": [-1,-1,-1,-1] },
								"west": { "texture": "#material", "uv": [ 3.0, 0.0, 3.5, 0.5 ], "windMode": [-1,-1,-1,-1] },
								"up": { "texture": "#material", "uv": [ 0.0, 4.5, 1.0, 5.0 ], "windMode": [-1,-1,-1,-1] },
								"down": { "texture": "#material", "uv": [ 0.0, 5.0, 1.0, 5.5 ], "windMode": [-1,-1,-1,-1] }
							}
						},
						{
							"name": "blade13",
							"from": [ 3.6, 0.5, 1.18 ],
							"to": [ 4.85, 1.0, 1.63 ],
							"rotationOrigin": [ 4.1, -7.125, 0.8 ],
							"faces": {
								"north": { "texture": "#material", "uv": [ 0.0, 5.0, 1.0, 5.5 ] },
								"east": { "texture": "#material", "uv": [ 3.0, 0.0, 3.5, 0.5 ], "windMode": [-1,-1,-1,-1] },
								"south": { "texture": "#material", "uv": [ 0.0, 3.5, 1.0, 4.0 ], "windMode": [-1,-1,-1,-1] },
								"west": { "texture": "#material", "uv": [ 3.0, 0.0, 3.5, 0.5 ], "windMode": [-1,-1,-1,-1] },
								"up": { "texture": "#material", "uv": [ 0.0, 4.5, 1.0, 5.0 ], "windMode": [-1,-1,-1,-1] },
								"down": { "texture": "#material", "uv": [ 0.0, 5.0, 1.0, 5.5 ], "windMode": [-1,-1,-1,-1] }
							}
						},
						{
							"name": "blade14",
							"from": [ 4.9, 0.5, 1.18 ],
							"to": [ 6.15, 1.0, 1.63 ],
							"rotationOrigin": [ 5.4, -7.125, 1.8 ],
							"faces": {
								"north": { "texture": "#material", "uv": [ 0.0, 5.0, 1.0, 5.5 ] },
								"east": { "texture": "#material", "uv": [ 3.0, 0.0, 3.5, 0.5 ], "windMode": [-1,-1,-1,-1] },
								"south": { "texture": "#material", "uv": [ 0.0, 3.5, 1.0, 4.0 ], "windMode": [-1,-1,-1,-1] },
								"west": { "texture": "#material", "uv": [ 3.0, 0.0, 3.5, 0.5 ], "windMode": [-1,-1,-1,-1] },
								"up": { "texture": "#material", "uv": [ 0.0, 4.5, 1.0, 5.0 ], "windMode": [-1,-1,-1,-1] },
								"down": { "texture": "#material", "uv": [ 0.0, 5.0, 1.0, 5.5 ], "windMode": [-1,-1,-1,-1] }
							}
						},
						{
							"name": "blade15",
							"from": [ 6.2, 0.5, 1.18 ],
							"to": [ 7.45, 1.0, 1.63 ],
							"rotationOrigin": [ 6.7, -7.125, 1.8 ],
							"faces": {
								"north": { "texture": "#material", "uv": [ 0.0, 5.0, 1.0, 5.5 ] },
								"east": { "texture": "#material", "uv": [ 3.0, 0.0, 3.5, 0.5 ], "windMode": [-1,-1,-1,-1] },
								"south": { "texture": "#material", "uv": [ 0.0, 3.5, 1.0, 4.0 ], "windMode": [-1,-1,-1,-1] },
								"west": { "texture": "#material", "uv": [ 3.0, 0.0, 3.5, 0.5 ], "windMode": [-1,-1,-1,-1] },
								"up": { "texture": "#material", "uv": [ 0.0, 4.5, 1.0, 5.0 ], "windMode": [-1,-1,-1,-1] },
								"down": { "texture": "#material", "uv": [ 0.0, 5.0, 1.0, 5.5 ], "windMode": [-1,-1,-1,-1] }
							}
						},
						{
							"name": "blade17",
							"from": [ 7.5, 0.5, 1.08 ],
							"to": [ 8.75, 1.0, 1.53 ],
							"rotationOrigin": [ 8.0, -7.125, 1.7 ],
							"faces": {
								"north": { "texture": "#material", "uv": [ 0.0, 5.0, 1.0, 5.5 ] },
								"east": { "texture": "#material", "uv": [ 3.0, 0.0, 3.5, 0.5 ], "windMode": [-1,-1,-1,-1] },
								"south": { "texture": "#material", "uv": [ 0.0, 3.5, 1.0, 4.0 ], "windMode": [-1,-1,-1,-1] },
								"west": { "texture": "#material", "uv": [ 3.0, 0.0, 3.5, 0.5 ], "windMode": [-1,-1,-1,-1] },
								"up": { "texture": "#material", "uv": [ 0.0, 4.5, 1.0, 5.0 ], "windMode": [-1,-1,-1,-1] },
								"down": { "texture": "#material", "uv": [ 0.0, 5.0, 1.0, 5.5 ], "windMode": [-1,-1,-1,-1] }
							}
						},
						{
							"name": "blade19",
							"from": [ 8.75, 0.5, 0.98 ],
							"to": [ 10.0, 1.0, 1.43 ],
							"rotationOrigin": [ 9.3, -7.125, 1.6 ],
							"faces": {
								"north": { "texture": "#material", "uv": [ 0.0, 5.0, 1.0, 5.5 ] },
								"east": { "texture": "#material", "uv": [ 3.0, 0.0, 3.5, 0.5 ], "windMode": [-1,-1,-1,-1] },
								"south": { "texture": "#material", "uv": [ 0.0, 3.5, 1.0, 4.0 ], "windMode": [-1,-1,-1,-1] },
								"west": { "texture": "#material", "uv": [ 3.0, 0.0, 3.5, 0.5 ], "windMode": [-1,-1,-1,-1] },
								"up": { "texture": "#material", "uv": [ 0.0, 4.5, 1.0, 5.0 ], "windMode": [-1,-1,-1,-1] },
								"down": { "texture": "#material", "uv": [ 0.0, 5.0, 1.0, 5.5 ], "windMode": [-1,-1,-1,-1] }
							}
						}
					]
				},
				{
					"name": "blade16",
					"from": [ 19.85, 0.3, -0.22 ],
					"to": [ 20.85, 0.8, 1.48 ],
					"rotationOrigin": [ 20.3458, -7.325, 0.3989 ],
					"faces": {
						"north": { "texture": "#material", "uv": [ 0.0, 5.0, 1.0, 5.5 ] },
						"east": { "texture": "#material", "uv": [ 3.0, 0.0, 4.5, 0.5 ], "windMode": [-1,-1,-1,-1] },
						"south": { "texture": "#material", "uv": [ 0.0, 3.5, 1.0, 4.0 ], "windMode": [-1,-1,-1,-1] },
						"west": { "texture": "#material", "uv": [ 3.0, 0.0, 4.5, 0.5 ], "windMode": [-1,-1,-1,-1] },
						"up": { "texture": "#material", "uv": [ 0.0, 4.5, 1.0, 6.0 ], "windMode": [-1,-1,-1,-1] },
						"down": { "texture": "#material", "uv": [ 0.0, 5.0, 1.0, 6.5 ], "windMode": [-1,-1,-1,-1] }
					}
				}
			]
		}
	]}