{
	"editor": {
		"collapsedPaths": "Root/handle",
		"allAngles": false,
		"entityTextureMode": false
	},
	"textureWidth": 16,
	"textureHeight": 16,
	"textureSizes": {
	},
	"textures": {
	},
	"elements": [
		{
			"name": "handle",
			"from": [ -10.0, -0.5, 7.38 ],
			"to": [ 6.0, 0.5, 8.63 ],
			"rotationOrigin": [ -9.5, -8.8, 8.0 ],
			"faces": {
				"north": { "texture": "#handle", "uv": [ 0.0, 0.0, 16.0, 1.0 ] },
				"south": { "texture": "#handle", "uv": [ 0.0, 0.0, 16.0, 1.0 ] },
				"west": { "texture": "#handle", "uv": [ 3.0, 0.0, 4.0, 1.0 ] },
				"up": { "texture": "#handle", "uv": [ 0.0, 0.0, 16.0, 1.0 ] },
				"down": { "texture": "#handle", "uv": [ 2.5, 0.0, 18.5, 1.0 ] }
			},
			"children": [
				{
					"name": "haft",
					"from": [ 15.8, -0.25, -0.55 ],
					"to": [ 25.6, 1.25, 1.75 ],
					"rotationOrigin": [ 14.8, -0.6, -0.7 ],
					"rotationY": 1.0,
					"faces": {
						"north": { "texture": "#haft", "uv": [ 1.5, 2.0, 11.0, 3.5 ] },
						"east": { "texture": "#haft", "uv": [ 3.5, 0.5, 5.5, 2.0 ], "windMode": [-1,-1,-1,-1] },
						"south": { "texture": "#haft", "uv": [ 2.5, 2.0, 12.0, 3.5 ] },
						"west": { "texture": "#haft", "uv": [ 5.0, 1.5, 7.0, 3.0 ] },
						"up": { "texture": "#haft", "uv": [ 1.0, 1.0, 10.5, 3.0 ] },
						"down": { "texture": "#haft", "uv": [ 1.0, 0.5, 10.5, 2.5 ] }
					},
					"children": [
						{
							"name": "blade8",
							"from": [ 5.3, 0.5, -0.32 ],
							"to": [ 9.55, 1.125, 0.93 ],
							"rotationOrigin": [ 5.8, -7.125, 0.3 ],
							"faces": {
								"north": { "texture": "#material", "uv": [ 0.0, 5.0, 4.0, 5.5 ] },
								"east": { "texture": "#material", "uv": [ 3.0, 0.0, 4.0, 0.5 ], "windMode": [-1,-1,-1,-1] },
								"south": { "texture": "#material", "uv": [ 0.0, 3.5, 4.0, 4.0 ], "windMode": [-1,-1,-1,-1] },
								"west": { "texture": "#material", "uv": [ 3.0, 0.0, 4.0, 0.5 ], "windMode": [-1,-1,-1,-1] },
								"up": { "texture": "#material", "uv": [ 0.0, 4.5, 4.0, 5.5 ], "windMode": [-1,-1,-1,-1] },
								"down": { "texture": "#material", "uv": [ 0.0, 5.0, 4.0, 6.0 ], "windMode": [-1,-1,-1,-1] }
							}
						},
						{
							"name": "blade10",
							"from": [ 1.0, 0.5, -0.32 ],
							"to": [ 5.25, 1.125, 0.93 ],
							"rotationOrigin": [ 1.5, -7.125, 0.3 ],
							"faces": {
								"north": { "texture": "#material", "uv": [ 0.0, 5.0, 4.0, 5.5 ], "windMode": [-1,-1,-1,-1] },
								"east": { "texture": "#material", "uv": [ 3.0, 0.0, 4.0, 0.5 ], "windMode": [-1,-1,-1,-1] },
								"south": { "texture": "#material", "uv": [ 0.0, 3.5, 4.0, 4.0 ], "windMode": [-1,-1,-1,-1] },
								"west": { "texture": "#material", "uv": [ 3.0, 0.0, 4.0, 0.5 ], "windMode": [-1,-1,-1,-1] },
								"up": { "texture": "#material", "uv": [ 0.0, 4.5, 4.0, 5.5 ], "windMode": [-1,-1,-1,-1] },
								"down": { "texture": "#material", "uv": [ 0.0, 5.0, 4.0, 6.0 ], "windMode": [-1,-1,-1,-1] }
							}
						}
					]
				},
				{
					"name": "haft2",
					"from": [ 15.8, -0.2, -0.55 ],
					"to": [ 25.65, 1.2, 1.75 ],
					"rotationOrigin": [ 15.8, -0.6, -0.7 ],
					"rotationY": -1.0,
					"faces": {
						"north": { "texture": "#haft", "uv": [ 0.0, 1.5, 9.5, 2.5 ] },
						"east": { "texture": "#haft", "uv": [ 6.0, 0.5, 8.0, 1.5 ], "windMode": [-1,-1,-1,-1] },
						"south": { "texture": "#haft", "uv": [ 0.5, 1.5, 10.0, 2.5 ] },
						"west": { "texture": "#haft", "uv": [ 2.5, 1.5, 4.5, 2.5 ] },
						"up": { "texture": "#haft", "uv": [ 1.5, 0.0, 11.0, 2.0 ] },
						"down": { "texture": "#haft", "uv": [ 3.0, 6.5, 12.5, 8.5 ] }
					},
					"children": [
						{
							"name": "blade11",
							"from": [ 1.0, 0.5, 1.38 ],
							"to": [ 5.25, 1.125, 2.63 ],
							"rotationOrigin": [ 1.5, -7.125, 2.0 ],
							"faces": {
								"north": { "texture": "#material", "uv": [ 0.0, 5.0, 4.0, 5.5 ] },
								"east": { "texture": "#material", "uv": [ 3.0, 0.0, 4.0, 0.5 ], "windMode": [-1,-1,-1,-1] },
								"south": { "texture": "#material", "uv": [ 0.0, 3.5, 4.0, 4.0 ], "windMode": [-1,-1,-1,-1] },
								"west": { "texture": "#material", "uv": [ 3.0, 0.0, 4.0, 0.5 ], "windMode": [-1,-1,-1,-1] },
								"up": { "texture": "#material", "uv": [ 0.0, 4.5, 4.0, 5.5 ], "windMode": [-1,-1,-1,-1] },
								"down": { "texture": "#material", "uv": [ 0.0, 5.0, 4.0, 6.0 ], "windMode": [-1,-1,-1,-1] }
							}
						},
						{
							"name": "blade13",
							"from": [ 5.3, 0.5, 1.38 ],
							"to": [ 9.55, 1.125, 2.63 ],
							"rotationOrigin": [ 5.8, -7.125, 1.0 ],
							"faces": {
								"north": { "texture": "#material", "uv": [ 0.0, 5.0, 4.0, 5.5 ] },
								"east": { "texture": "#material", "uv": [ 3.0, 0.0, 4.0, 0.5 ], "windMode": [-1,-1,-1,-1] },
								"south": { "texture": "#material", "uv": [ 0.0, 3.5, 4.0, 4.0 ], "windMode": [-1,-1,-1,-1] },
								"west": { "texture": "#material", "uv": [ 3.0, 0.0, 4.0, 0.5 ], "windMode": [-1,-1,-1,-1] },
								"up": { "texture": "#material", "uv": [ 0.0, 4.5, 4.0, 5.5 ], "windMode": [-1,-1,-1,-1] },
								"down": { "texture": "#material", "uv": [ 0.0, 5.0, 4.0, 6.0 ], "windMode": [-1,-1,-1,-1] }
							}
						}
					]
				},
				{
					"name": "haft3",
					"from": [ 15.6, -0.3, -0.65 ],
					"to": [ 16.6, 1.3, 1.85 ],
					"rotationOrigin": [ 15.6, -0.7, -0.8 ],
					"faces": {
						"north": { "texture": "#ebony", "uv": [ 0.0, 1.5, 1.0, 3.0 ] },
						"east": { "texture": "#ebony", "uv": [ 6.0, 0.5, 8.5, 2.0 ], "windMode": [-1,-1,-1,-1] },
						"south": { "texture": "#ebony", "uv": [ 0.5, 1.5, 1.5, 3.0 ] },
						"west": { "texture": "#ebony", "uv": [ 2.5, 1.5, 5.0, 3.0 ] },
						"up": { "texture": "#ebony", "uv": [ 1.5, 0.0, 2.5, 2.5 ] },
						"down": { "texture": "#ebony", "uv": [ 3.0, 6.5, 4.0, 9.0 ] }
					}
				}
			]
		},
		{
			"name": "FeatherHorizontal19",
			"from": [ 3.1, -1.8, 8.0 ],
			"to": [ 6.6, 2.2, 8.0 ],
			"shade": false,
			"rotationOrigin": [ 8.6, 0.1, 8.1 ],
			"rotationX": -45.0,
			"rotationY": -1.0,
			"rotationZ": 0.0,
			"faces": {
				"south": { "texture": "#feather1", "uv": [ 6.0, 10.0, 10.0, 13.5 ], "rotation": 270 }
			}
		},
		{
			"name": "FeatherHorizontal20",
			"from": [ 3.1, -2.0, 8.0 ],
			"to": [ 6.6, 2.0, 8.0 ],
			"shade": false,
			"rotationOrigin": [ 8.6, -0.1, 8.1 ],
			"rotationX": 45.0,
			"rotationY": -1.0,
			"rotationZ": 0.0,
			"faces": {
				"south": { "texture": "#feather1", "uv": [ 6.0, 10.0, 10.0, 13.5 ], "rotation": 270 }
			}
		}
	]}