{
	"editor": {
		"allAngles": false,
		"entityTextureMode": false
	},
	"textureWidth": 16,
	"textureHeight": 16,
	"textureSizes": {
	},
	"textures": {"material": "game:item/tool/material/obsidian"
	},
	"elements": [
		{
			"name": "handle",
			"from": [ 0.0, -0.5, 7.38 ],
			"to": [ 5.0, 0.5, 8.63 ],
			"rotationOrigin": [ 0.5, -8.8, 8.0 ],
			"faces": {
				"north": { "texture": "#handle", "uv": [ 0.0, 0.0, 5.0, 1.0 ] },
				"south": { "texture": "#handle", "uv": [ 0.0, 0.0, 5.0, 1.0 ] },
				"west": { "texture": "#handle", "uv": [ 3.0, 0.0, 4.0, 1.0 ] },
				"up": { "texture": "#handle", "uv": [ 0.0, 0.0, 5.0, 1.0 ] },
				"down": { "texture": "#handle", "uv": [ 2.5, 0.0, 7.5, 1.0 ] }
			},
			"children": [
				{
					"name": "haft",
					"from": [ 4.8, -0.25, -0.55 ],
					"to": [ 15.6, 1.25, 1.75 ],
					"rotationOrigin": [ 4.8, -0.6, -0.7 ],
					"rotationY": 3.0,
					"faces": {
						"north": { "texture": "#haft", "uv": [ 1.5, 2.0, 12.0, 3.5 ] },
						"east": { "texture": "#haft", "uv": [ 3.5, 0.5, 5.5, 2.0 ], "windMode": [-1,-1,-1,-1] },
						"south": { "texture": "#haft", "uv": [ 2.5, 2.0, 13.0, 3.5 ] },
						"west": { "texture": "#haft", "uv": [ 5.0, 1.5, 7.0, 3.0 ] },
						"up": { "texture": "#haft", "uv": [ 1.0, 1.0, 11.5, 3.0 ] },
						"down": { "texture": "#haft", "uv": [ 1.0, 0.5, 11.5, 2.5 ] }
					},
					"children": [
						{
							"name": "blade6",
							"from": [ 9.0, 0.495, -0.32 ],
							"to": [ 10.25, 1.12, 0.93 ],
							"rotationOrigin": [ 9.5, -7.125, 0.3 ],
							"faces": {
								"north": { "texture": "#material", "uv": [ 0.0, 5.0, 1.0, 5.5 ] },
								"east": { "texture": "#material", "uv": [ 3.0, 0.0, 4.0, 0.5 ], "windMode": [-1,-1,-1,-1] },
								"south": { "texture": "#material", "uv": [ 0.0, 3.5, 1.0, 4.0 ], "windMode": [-1,-1,-1,-1] },
								"west": { "texture": "#material", "uv": [ 3.0, 0.0, 4.0, 0.5 ], "windMode": [-1,-1,-1,-1] },
								"up": { "texture": "#material", "uv": [ 0.0, 4.5, 1.0, 5.5 ], "windMode": [-1,-1,-1,-1] },
								"down": { "texture": "#material", "uv": [ 0.0, 5.0, 1.0, 6.0 ], "windMode": [-1,-1,-1,-1] }
							}
						},
						{
							"name": "blade7",
							"from": [ 7.0, 0.5, -0.32 ],
							"to": [ 8.25, 1.125, 0.93 ],
							"rotationOrigin": [ 7.5, -7.125, 0.3 ],
							"faces": {
								"north": { "texture": "#material", "uv": [ 0.0, 5.0, 1.0, 5.5 ] },
								"east": { "texture": "#material", "uv": [ 3.0, 0.0, 4.0, 0.5 ], "windMode": [-1,-1,-1,-1] },
								"south": { "texture": "#material", "uv": [ 0.0, 3.5, 1.0, 4.0 ], "windMode": [-1,-1,-1,-1] },
								"west": { "texture": "#material", "uv": [ 3.0, 0.0, 4.0, 0.5 ], "windMode": [-1,-1,-1,-1] },
								"up": { "texture": "#material", "uv": [ 0.0, 4.5, 1.0, 5.5 ], "windMode": [-1,-1,-1,-1] },
								"down": { "texture": "#material", "uv": [ 0.0, 5.0, 1.0, 6.0 ], "windMode": [-1,-1,-1,-1] }
							}
						},
						{
							"name": "blade8",
							"from": [ 5.0, 0.5, -0.32 ],
							"to": [ 6.25, 1.125, 0.93 ],
							"rotationOrigin": [ 5.5, -7.125, 0.3 ],
							"faces": {
								"north": { "texture": "#material", "uv": [ 0.0, 5.0, 1.0, 5.5 ] },
								"east": { "texture": "#material", "uv": [ 3.0, 0.0, 4.0, 0.5 ], "windMode": [-1,-1,-1,-1] },
								"south": { "texture": "#material", "uv": [ 0.0, 3.5, 1.0, 4.0 ], "windMode": [-1,-1,-1,-1] },
								"west": { "texture": "#material", "uv": [ 3.0, 0.0, 4.0, 0.5 ], "windMode": [-1,-1,-1,-1] },
								"up": { "texture": "#material", "uv": [ 0.0, 4.5, 1.0, 5.5 ], "windMode": [-1,-1,-1,-1] },
								"down": { "texture": "#material", "uv": [ 0.0, 5.0, 1.0, 6.0 ], "windMode": [-1,-1,-1,-1] }
							}
						},
						{
							"name": "blade9",
							"from": [ 3.0, 0.5, -0.32 ],
							"to": [ 4.25, 1.125, 0.93 ],
							"rotationOrigin": [ 3.5, -7.125, 0.3 ],
							"faces": {
								"north": { "texture": "#material", "uv": [ 0.0, 5.0, 1.0, 5.5 ] },
								"east": { "texture": "#material", "uv": [ 3.0, 0.0, 4.0, 0.5 ], "windMode": [-1,-1,-1,-1] },
								"south": { "texture": "#material", "uv": [ 0.0, 3.5, 1.0, 4.0 ], "windMode": [-1,-1,-1,-1] },
								"west": { "texture": "#material", "uv": [ 3.0, 0.0, 4.0, 0.5 ], "windMode": [-1,-1,-1,-1] },
								"up": { "texture": "#material", "uv": [ 0.0, 4.5, 1.0, 5.5 ], "windMode": [-1,-1,-1,-1] },
								"down": { "texture": "#material", "uv": [ 0.0, 5.0, 1.0, 6.0 ], "windMode": [-1,-1,-1,-1] }
							}
						},
						{
							"name": "blade10",
							"from": [ 1.0, 0.5, -0.32 ],
							"to": [ 2.25, 1.125, 0.93 ],
							"rotationOrigin": [ 1.5, -7.125, 0.3 ],
							"faces": {
								"north": { "texture": "#material", "uv": [ 0.0, 5.0, 1.0, 5.5 ], "windMode": [-1,-1,-1,-1] },
								"east": { "texture": "#material", "uv": [ 3.0, 0.0, 4.0, 0.5 ], "windMode": [-1,-1,-1,-1] },
								"south": { "texture": "#material", "uv": [ 0.0, 3.5, 1.0, 4.0 ], "windMode": [-1,-1,-1,-1] },
								"west": { "texture": "#material", "uv": [ 3.0, 0.0, 4.0, 0.5 ], "windMode": [-1,-1,-1,-1] },
								"up": { "texture": "#material", "uv": [ 0.0, 4.5, 1.0, 5.5 ], "windMode": [-1,-1,-1,-1] },
								"down": { "texture": "#material", "uv": [ 0.0, 5.0, 1.0, 6.0 ], "windMode": [-1,-1,-1,-1] }
							}
						}
					]
				},
				{
					"name": "haft2",
					"from": [ 4.8, -0.2, -0.55 ],
					"to": [ 15.65, 1.2, 1.75 ],
					"rotationOrigin": [ 4.8, -0.6, -0.7 ],
					"rotationY": -3.0,
					"faces": {
						"north": { "texture": "#haft", "uv": [ 0.0, 1.5, 10.5, 2.5 ] },
						"east": { "texture": "#haft", "uv": [ 6.0, 0.5, 8.0, 1.5 ], "windMode": [-1,-1,-1,-1] },
						"south": { "texture": "#haft", "uv": [ 0.5, 1.5, 11.0, 2.5 ] },
						"west": { "texture": "#haft", "uv": [ 2.5, 1.5, 4.5, 2.5 ] },
						"up": { "texture": "#haft", "uv": [ 1.5, 0.0, 12.0, 2.0 ] },
						"down": { "texture": "#haft", "uv": [ 3.0, 6.5, 13.5, 8.5 ] }
					},
					"children": [
						{
							"name": "blade11",
							"from": [ 1.0, 0.5, 1.38 ],
							"to": [ 2.25, 1.125, 2.63 ],
							"rotationOrigin": [ 1.5, -7.125, 2.0 ],
							"faces": {
								"north": { "texture": "#material", "uv": [ 0.0, 5.0, 1.0, 5.5 ] },
								"east": { "texture": "#material", "uv": [ 3.0, 0.0, 4.0, 0.5 ], "windMode": [-1,-1,-1,-1] },
								"south": { "texture": "#material", "uv": [ 0.0, 3.5, 1.0, 4.0 ], "windMode": [-1,-1,-1,-1] },
								"west": { "texture": "#material", "uv": [ 3.0, 0.0, 4.0, 0.5 ], "windMode": [-1,-1,-1,-1] },
								"up": { "texture": "#material", "uv": [ 0.0, 4.5, 1.0, 5.5 ], "windMode": [-1,-1,-1,-1] },
								"down": { "texture": "#material", "uv": [ 0.0, 5.0, 1.0, 6.0 ], "windMode": [-1,-1,-1,-1] }
							}
						},
						{
							"name": "blade12",
							"from": [ 3.0, 0.5, 1.38 ],
							"to": [ 4.25, 1.125, 2.63 ],
							"rotationOrigin": [ 3.5, -7.125, 1.0 ],
							"faces": {
								"north": { "texture": "#material", "uv": [ 0.0, 5.0, 1.0, 5.5 ] },
								"east": { "texture": "#material", "uv": [ 3.0, 0.0, 4.0, 0.5 ], "windMode": [-1,-1,-1,-1] },
								"south": { "texture": "#material", "uv": [ 0.0, 3.5, 1.0, 4.0 ], "windMode": [-1,-1,-1,-1] },
								"west": { "texture": "#material", "uv": [ 3.0, 0.0, 4.0, 0.5 ], "windMode": [-1,-1,-1,-1] },
								"up": { "texture": "#material", "uv": [ 0.0, 4.5, 1.0, 5.5 ], "windMode": [-1,-1,-1,-1] },
								"down": { "texture": "#material", "uv": [ 0.0, 5.0, 1.0, 6.0 ], "windMode": [-1,-1,-1,-1] }
							}
						},
						{
							"name": "blade13",
							"from": [ 5.0, 0.5, 1.38 ],
							"to": [ 6.25, 1.125, 2.63 ],
							"rotationOrigin": [ 5.5, -7.125, 1.0 ],
							"faces": {
								"north": { "texture": "#material", "uv": [ 0.0, 5.0, 1.0, 5.5 ] },
								"east": { "texture": "#material", "uv": [ 3.0, 0.0, 4.0, 0.5 ], "windMode": [-1,-1,-1,-1] },
								"south": { "texture": "#material", "uv": [ 0.0, 3.5, 1.0, 4.0 ], "windMode": [-1,-1,-1,-1] },
								"west": { "texture": "#material", "uv": [ 3.0, 0.0, 4.0, 0.5 ], "windMode": [-1,-1,-1,-1] },
								"up": { "texture": "#material", "uv": [ 0.0, 4.5, 1.0, 5.5 ], "windMode": [-1,-1,-1,-1] },
								"down": { "texture": "#material", "uv": [ 0.0, 5.0, 1.0, 6.0 ], "windMode": [-1,-1,-1,-1] }
							}
						},
						{
							"name": "blade14",
							"from": [ 7.0, 0.5, 1.38 ],
							"to": [ 8.25, 1.125, 2.63 ],
							"rotationOrigin": [ 7.5, -7.125, 2.0 ],
							"faces": {
								"north": { "texture": "#material", "uv": [ 0.0, 5.0, 1.0, 5.5 ] },
								"east": { "texture": "#material", "uv": [ 3.0, 0.0, 4.0, 0.5 ], "windMode": [-1,-1,-1,-1] },
								"south": { "texture": "#material", "uv": [ 0.0, 3.5, 1.0, 4.0 ], "windMode": [-1,-1,-1,-1] },
								"west": { "texture": "#material", "uv": [ 3.0, 0.0, 4.0, 0.5 ], "windMode": [-1,-1,-1,-1] },
								"up": { "texture": "#material", "uv": [ 0.0, 4.5, 1.0, 5.5 ], "windMode": [-1,-1,-1,-1] },
								"down": { "texture": "#material", "uv": [ 0.0, 5.0, 1.0, 6.0 ], "windMode": [-1,-1,-1,-1] }
							}
						},
						{
							"name": "blade15",
							"from": [ 9.0, 0.5, 1.38 ],
							"to": [ 10.25, 1.125, 2.63 ],
							"rotationOrigin": [ 9.5, -7.125, 2.0 ],
							"faces": {
								"north": { "texture": "#material", "uv": [ 0.0, 5.0, 1.0, 5.5 ] },
								"east": { "texture": "#material", "uv": [ 3.0, 0.0, 4.0, 0.5 ], "windMode": [-1,-1,-1,-1] },
								"south": { "texture": "#material", "uv": [ 0.0, 3.5, 1.0, 4.0 ], "windMode": [-1,-1,-1,-1] },
								"west": { "texture": "#material", "uv": [ 3.0, 0.0, 4.0, 0.5 ], "windMode": [-1,-1,-1,-1] },
								"up": { "texture": "#material", "uv": [ 0.0, 4.5, 1.0, 5.5 ], "windMode": [-1,-1,-1,-1] },
								"down": { "texture": "#material", "uv": [ 0.0, 5.0, 1.0, 6.0 ], "windMode": [-1,-1,-1,-1] }
							}
						}
					]
				}
			]
		}
	]}