[
  {
    "dependsOn": [
      {
        "modId": "cervinae"
      }
    ],
    "file": "cervinae:entities/land/cervini.json",
    "op": "replace",
    "path": "/server/behaviors/11/drops/0/quantityByType/*-adult-female-megalocerosgiganteus/avg",
    "value": 17.75
  },
  {
    "dependsOn": [
      {
        "modId": "cervinae"
      }
    ],
    "file": "cervinae:entities/land/cervini.json",
    "op": "replace",
    "path": "/server/behaviors/11/drops/0/quantityByType/*-adult-female-megalocerosgiganteus/var",
    "value": 0.75
  },
  {
    "dependsOn": [
      {
        "modId": "cervinae"
      }
    ],
    "file": "cervinae:entities/land/cervini.json",
    "op": "replace",
    "path": "/server/behaviors/11/drops/0/quantityByType/*-adult-male-megalocerosgiganteus/avg",
    "value": 21.5
  },
  {
    "dependsOn": [
      {
        "modId": "cervinae"
      }
    ],
    "file": "cervinae:entities/land/cervini.json",
    "op": "replace",
    "path": "/server/behaviors/11/drops/0/quantityByType/*-adult-male-megalocerosgiganteus/var",
    "value": 1
  },
  {
    "dependsOn": [
      {
        "modId": "cervinae"
      }
    ],
    "file": "cervinae:entities/land/cervini.json",
    "op": "replace",
    "path": "/server/behaviors/11/drops/0/quantityByType/*-baby-*-megalocerosgiganteus/avg",
    "value": 3
  },
  {
    "dependsOn": [
      {
        "modId": "cervinae"
      }
    ],
    "file": "cervinae:entities/land/cervini.json",
    "op": "replace",
    "path": "/server/behaviors/11/drops/0/quantityByType/*-baby-*-megalocerosgiganteus/var",
    "value": 0.5
  },
  {
    "dependsOn": [
      {
        "modId": "cervinae"
      }
    ],
    "file": "cervinae:entities/land/cervini.json",
    "op": "replace",
    "path": "/server/behaviors/11/drops/1/quantityByType/*-adult-female-megalocerosgiganteus/avg",
    "value": 2.25
  },
  {
    "dependsOn": [
      {
        "modId": "cervinae"
      }
    ],
    "file": "cervinae:entities/land/cervini.json",
    "op": "replace",
    "path": "/server/behaviors/11/drops/1/quantityByType/*-adult-female-megalocerosgiganteus/var",
    "value": 0.25
  },
  {
    "dependsOn": [
      {
        "modId": "cervinae"
      }
    ],
    "file": "cervinae:entities/land/cervini.json",
    "op": "replace",
    "path": "/server/behaviors/11/drops/1/quantityByType/*-adult-male-megalocerosgiganteus/avg",
    "value": 2.75
  },
  {
    "dependsOn": [
      {
        "modId": "cervinae"
      }
    ],
    "file": "cervinae:entities/land/cervini.json",
    "op": "replace",
    "path": "/server/behaviors/11/drops/1/quantityByType/*-adult-male-megalocerosgiganteus/var",
    "value": 0.25
  },
  {
    "dependsOn": [
      {
        "modId": "cervinae"
      }
    ],
    "file": "cervinae:entities/land/cervini.json",
    "op": "replace",
    "path": "/server/behaviors/11/drops/1/quantityByType/*-baby-*-megalocerosgiganteus/avg",
    "value": 0.5
  },
  {
    "dependsOn": [
      {
        "modId": "cervinae"
      }
    ],
    "file": "cervinae:entities/land/cervini.json",
    "op": "replace",
    "path": "/server/behaviors/11/drops/1/quantityByType/*-baby-*-megalocerosgiganteus/var",
    "value": 0.15
  },
  {
    "dependsOn": [
      {
        "modId": "cervinae"
      }
    ],
    "file": "cervinae:entities/land/cervini.json",
    "op": "replace",
    "path": "/server/behaviors/11/drops/2/quantityByType/*-adult-*/avg",
    "value": 0.5
  },
  {
    "dependsOn": [
      {
        "modId": "cervinae"
      }
    ],
    "file": "cervinae:entities/land/cervini.json",
    "op": "replace",
    "path": "/server/behaviors/11/drops/3/quantityByType/*-baby-*/avg",
    "value": 0.5
  },
  {
    "dependsOn": [
      {
        "modId": "cervinae"
      }
    ],
    "file": "cervinae:entities/land/cervini.json",
    "op": "replace",
    "path": "/server/behaviors/15/hoursToGrowByType/*-megalocerosgiganteus",
    "value": 525
  },
  {
    "dependsOn": [
      {
        "modId": "cervinae"
      }
    ],
    "file": "cervinae:entities/land/cervini.json",
    "op": "replace",
    "path": "/server/behaviors/13/multiplyCooldownDaysMaxByType/*-cervini-*",
    "value": 11
  },
  {
    "dependsOn": [
      {
        "modId": "cervinae"
      }
    ],
    "file": "cervinae:entities/land/cervini.json",
    "op": "replace",
    "path": "/server/behaviors/13/multiplyCooldownDaysMinByType/*-cervini-*",
    "value": 4
  },
  {
    "dependsOn": [
      {
        "modId": "cervinae"
      }
    ],
    "file": "cervinae:entities/land/cervini.json",
    "op": "replace",
    "path": "/server/behaviors/13/pregnancyDaysByType/*-megalocerosgiganteus",
    "value": 25
  }
]
