[
  {
    "dependsOn": [
      {
        "modId": "rhinocerotidae"
      }
    ],
    "file": "rhinocerotidae:entities/land/rhinocerotidae-carcass.json",
    "op": "replace",
    "path": "/server/behaviors/5/drops/0/quantityByType/*/avg",
    "value": 2
  },
  {
    "dependsOn": [
      {
        "modId": "rhinocerotidae"
      }
    ],
    "file": "rhinocerotidae:entities/land/rhinocerotidae-carcass.json",
    "op": "replace",
    "path": "/server/behaviors/5/drops/0/quantityByType/*/var",
    "value": 1
  },
  {
    "dependsOn": [
      {
        "modId": "rhinocerotidae"
      }
    ],
    "file": "rhinocerotidae:entities/land/rhinocerotidae.json",
    "op": "replace",
    "path": "/server/behaviors/6/drops/0/quantityByType/*-adult-female-ceratotheriumsimum/avg",
    "value": 28
  },
  {
    "dependsOn": [
      {
        "modId": "rhinocerotidae"
      }
    ],
    "file": "rhinocerotidae:entities/land/rhinocerotidae.json",
    "op": "replace",
    "path": "/server/behaviors/6/drops/0/quantityByType/*-adult-female-ceratotheriumsimum/var",
    "value": 3
  },
  {
    "dependsOn": [
      {
        "modId": "rhinocerotidae"
      }
    ],
    "file": "rhinocerotidae:entities/land/rhinocerotidae.json",
    "op": "replace",
    "path": "/server/behaviors/6/drops/0/quantityByType/*-adult-female-coelodontaantiquitatis/avg",
    "value": 25
  },
  {
    "dependsOn": [
      {
        "modId": "rhinocerotidae"
      }
    ],
    "file": "rhinocerotidae:entities/land/rhinocerotidae.json",
    "op": "replace",
    "path": "/server/behaviors/6/drops/0/quantityByType/*-adult-female-coelodontaantiquitatis/var",
    "value": 2.5
  },
  {
    "dependsOn": [
      {
        "modId": "rhinocerotidae"
      }
    ],
    "file": "rhinocerotidae:entities/land/rhinocerotidae.json",
    "op": "replace",
    "path": "/server/behaviors/6/drops/0/quantityByType/*-adult-female-dicerorhinussumatrensis/avg",
    "value": 10
  },
  {
    "dependsOn": [
      {
        "modId": "rhinocerotidae"
      }
    ],
    "file": "rhinocerotidae:entities/land/rhinocerotidae.json",
    "op": "replace",
    "path": "/server/behaviors/6/drops/0/quantityByType/*-adult-female-dicerorhinussumatrensis/var",
    "value": 1
  },
  {
    "dependsOn": [
      {
        "modId": "rhinocerotidae"
      }
    ],
    "file": "rhinocerotidae:entities/land/rhinocerotidae.json",
    "op": "replace",
    "path": "/server/behaviors/6/drops/0/quantityByType/*-adult-female-dicerosbicornis/avg",
    "value": 19
  },
  {
    "dependsOn": [
      {
        "modId": "rhinocerotidae"
      }
    ],
    "file": "rhinocerotidae:entities/land/rhinocerotidae.json",
    "op": "replace",
    "path": "/server/behaviors/6/drops/0/quantityByType/*-adult-female-dicerosbicornis/var",
    "value": 2
  },
  {
    "dependsOn": [
      {
        "modId": "rhinocerotidae"
      }
    ],
    "file": "rhinocerotidae:entities/land/rhinocerotidae.json",
    "op": "replace",
    "path": "/server/behaviors/6/drops/0/quantityByType/*-adult-female-rhinocerossondaicus/avg",
    "value": 19
  },
  {
    "dependsOn": [
      {
        "modId": "rhinocerotidae"
      }
    ],
    "file": "rhinocerotidae:entities/land/rhinocerotidae.json",
    "op": "replace",
    "path": "/server/behaviors/6/drops/0/quantityByType/*-adult-female-rhinocerossondaicus/var",
    "value": 2
  },
  {
    "dependsOn": [
      {
        "modId": "rhinocerotidae"
      }
    ],
    "file": "rhinocerotidae:entities/land/rhinocerotidae.json",
    "op": "replace",
    "path": "/server/behaviors/6/drops/0/quantityByType/*-adult-female-rhinocerosunicornis/avg",
    "value": 27
  },
  {
    "dependsOn": [
      {
        "modId": "rhinocerotidae"
      }
    ],
    "file": "rhinocerotidae:entities/land/rhinocerotidae.json",
    "op": "replace",
    "path": "/server/behaviors/6/drops/0/quantityByType/*-adult-female-rhinocerosunicornis/var",
    "value": 3
  },
  {
    "dependsOn": [
      {
        "modId": "rhinocerotidae"
      }
    ],
    "file": "rhinocerotidae:entities/land/rhinocerotidae.json",
    "op": "replace",
    "path": "/server/behaviors/6/drops/0/quantityByType/*-adult-male-ceratotheriumsimum/avg",
    "value": 38
  },
  {
    "dependsOn": [
      {
        "modId": "rhinocerotidae"
      }
    ],
    "file": "rhinocerotidae:entities/land/rhinocerotidae.json",
    "op": "replace",
    "path": "/server/behaviors/6/drops/0/quantityByType/*-adult-male-ceratotheriumsimum/var",
    "value": 4
  },
  {
    "dependsOn": [
      {
        "modId": "rhinocerotidae"
      }
    ],
    "file": "rhinocerotidae:entities/land/rhinocerotidae.json",
    "op": "replace",
    "path": "/server/behaviors/6/drops/0/quantityByType/*-adult-male-coelodontaantiquitatis/avg",
    "value": 34
  },
  {
    "dependsOn": [
      {
        "modId": "rhinocerotidae"
      }
    ],
    "file": "rhinocerotidae:entities/land/rhinocerotidae.json",
    "op": "replace",
    "path": "/server/behaviors/6/drops/0/quantityByType/*-adult-male-coelodontaantiquitatis/var",
    "value": 3.5
  },
  {
    "dependsOn": [
      {
        "modId": "rhinocerotidae"
      }
    ],
    "file": "rhinocerotidae:entities/land/rhinocerotidae.json",
    "op": "replace",
    "path": "/server/behaviors/6/drops/0/quantityByType/*-adult-male-dicerorhinussumatrensis/avg",
    "value": 14
  },
  {
    "dependsOn": [
      {
        "modId": "rhinocerotidae"
      }
    ],
    "file": "rhinocerotidae:entities/land/rhinocerotidae.json",
    "op": "replace",
    "path": "/server/behaviors/6/drops/0/quantityByType/*-adult-male-dicerorhinussumatrensis/var",
    "value": 1.5
  },
  {
    "dependsOn": [
      {
        "modId": "rhinocerotidae"
      }
    ],
    "file": "rhinocerotidae:entities/land/rhinocerotidae.json",
    "op": "replace",
    "path": "/server/behaviors/6/drops/0/quantityByType/*-adult-male-dicerosbicornis/avg",
    "value": 24
  },
  {
    "dependsOn": [
      {
        "modId": "rhinocerotidae"
      }
    ],
    "file": "rhinocerotidae:entities/land/rhinocerotidae.json",
    "op": "replace",
    "path": "/server/behaviors/6/drops/0/quantityByType/*-adult-male-dicerosbicornis/var",
    "value": 2.5
  },
  {
    "dependsOn": [
      {
        "modId": "rhinocerotidae"
      }
    ],
    "file": "rhinocerotidae:entities/land/rhinocerotidae.json",
    "op": "replace",
    "path": "/server/behaviors/6/drops/0/quantityByType/*-adult-male-rhinocerossondaicus/avg",
    "value": 24
  },
  {
    "dependsOn": [
      {
        "modId": "rhinocerotidae"
      }
    ],
    "file": "rhinocerotidae:entities/land/rhinocerotidae.json",
    "op": "replace",
    "path": "/server/behaviors/6/drops/0/quantityByType/*-adult-male-rhinocerossondaicus/var",
    "value": 2
  },
  {
    "dependsOn": [
      {
        "modId": "rhinocerotidae"
      }
    ],
    "file": "rhinocerotidae:entities/land/rhinocerotidae.json",
    "op": "replace",
    "path": "/server/behaviors/6/drops/0/quantityByType/*-adult-male-rhinocerosunicornis/avg",
    "value": 35
  },
  {
    "dependsOn": [
      {
        "modId": "rhinocerotidae"
      }
    ],
    "file": "rhinocerotidae:entities/land/rhinocerotidae.json",
    "op": "replace",
    "path": "/server/behaviors/6/drops/0/quantityByType/*-adult-male-rhinocerosunicornis/var",
    "value": 4
  },
  {
    "dependsOn": [
      {
        "modId": "rhinocerotidae"
      }
    ],
    "file": "rhinocerotidae:entities/land/rhinocerotidae.json",
    "op": "replace",
    "path": "/server/behaviors/6/drops/0/quantityByType/*-baby-*-ceratotheriumsimum/avg",
    "value": 5
  },
  {
    "dependsOn": [
      {
        "modId": "rhinocerotidae"
      }
    ],
    "file": "rhinocerotidae:entities/land/rhinocerotidae.json",
    "op": "replace",
    "path": "/server/behaviors/6/drops/0/quantityByType/*-baby-*-ceratotheriumsimum/var",
    "value": 0.5
  },
  {
    "dependsOn": [
      {
        "modId": "rhinocerotidae"
      }
    ],
    "file": "rhinocerotidae:entities/land/rhinocerotidae.json",
    "op": "replace",
    "path": "/server/behaviors/6/drops/0/quantityByType/*-baby-*-coelodontaantiquitatis/avg",
    "value": 5
  },
  {
    "dependsOn": [
      {
        "modId": "rhinocerotidae"
      }
    ],
    "file": "rhinocerotidae:entities/land/rhinocerotidae.json",
    "op": "replace",
    "path": "/server/behaviors/6/drops/0/quantityByType/*-baby-*-coelodontaantiquitatis/var",
    "value": 0.5
  },
  {
    "dependsOn": [
      {
        "modId": "rhinocerotidae"
      }
    ],
    "file": "rhinocerotidae:entities/land/rhinocerotidae.json",
    "op": "replace",
    "path": "/server/behaviors/6/drops/0/quantityByType/*-baby-*-dicerorhinussumatrensis/avg",
    "value": 4
  },
  {
    "dependsOn": [
      {
        "modId": "rhinocerotidae"
      }
    ],
    "file": "rhinocerotidae:entities/land/rhinocerotidae.json",
    "op": "replace",
    "path": "/server/behaviors/6/drops/0/quantityByType/*-baby-*-dicerorhinussumatrensis/var",
    "value": 0.5
  },
  {
    "dependsOn": [
      {
        "modId": "rhinocerotidae"
      }
    ],
    "file": "rhinocerotidae:entities/land/rhinocerotidae.json",
    "op": "replace",
    "path": "/server/behaviors/6/drops/0/quantityByType/*-baby-*-dicerosbicornis/avg",
    "value": 5
  },
  {
    "dependsOn": [
      {
        "modId": "rhinocerotidae"
      }
    ],
    "file": "rhinocerotidae:entities/land/rhinocerotidae.json",
    "op": "replace",
    "path": "/server/behaviors/6/drops/0/quantityByType/*-baby-*-dicerosbicornis/var",
    "value": 0.5
  },
  {
    "dependsOn": [
      {
        "modId": "rhinocerotidae"
      }
    ],
    "file": "rhinocerotidae:entities/land/rhinocerotidae.json",
    "op": "replace",
    "path": "/server/behaviors/6/drops/0/quantityByType/*-baby-*-rhinocerossondaicus/avg",
    "value": 5
  },
  {
    "dependsOn": [
      {
        "modId": "rhinocerotidae"
      }
    ],
    "file": "rhinocerotidae:entities/land/rhinocerotidae.json",
    "op": "replace",
    "path": "/server/behaviors/6/drops/0/quantityByType/*-baby-*-rhinocerossondaicus/var",
    "value": 0.5
  },
  {
    "dependsOn": [
      {
        "modId": "rhinocerotidae"
      }
    ],
    "file": "rhinocerotidae:entities/land/rhinocerotidae.json",
    "op": "replace",
    "path": "/server/behaviors/6/drops/0/quantityByType/*-baby-*-rhinocerosunicornis/avg",
    "value": 5
  },
  {
    "dependsOn": [
      {
        "modId": "rhinocerotidae"
      }
    ],
    "file": "rhinocerotidae:entities/land/rhinocerotidae.json",
    "op": "replace",
    "path": "/server/behaviors/6/drops/0/quantityByType/*-baby-*-rhinocerosunicornis/var",
    "value": 0.5
  },
  {
    "dependsOn": [
      {
        "modId": "rhinocerotidae"
      }
    ],
    "file": "rhinocerotidae:entities/land/rhinocerotidae.json",
    "op": "replace",
    "path": "/server/behaviors/6/drops/1/quantityByType/*-adult-female-ceratotheriumsimum/avg",
    "value": 28
  },
  {
    "dependsOn": [
      {
        "modId": "rhinocerotidae"
      }
    ],
    "file": "rhinocerotidae:entities/land/rhinocerotidae.json",
    "op": "replace",
    "path": "/server/behaviors/6/drops/1/quantityByType/*-adult-female-ceratotheriumsimum/var",
    "value": 3
  },
  {
    "dependsOn": [
      {
        "modId": "rhinocerotidae"
      }
    ],
    "file": "rhinocerotidae:entities/land/rhinocerotidae.json",
    "op": "replace",
    "path": "/server/behaviors/6/drops/1/quantityByType/*-adult-female-coelodontaantiquitatis/avg",
    "value": 25
  },
  {
    "dependsOn": [
      {
        "modId": "rhinocerotidae"
      }
    ],
    "file": "rhinocerotidae:entities/land/rhinocerotidae.json",
    "op": "replace",
    "path": "/server/behaviors/6/drops/1/quantityByType/*-adult-female-coelodontaantiquitatis/var",
    "value": 2.5
  },
  {
    "dependsOn": [
      {
        "modId": "rhinocerotidae"
      }
    ],
    "file": "rhinocerotidae:entities/land/rhinocerotidae.json",
    "op": "replace",
    "path": "/server/behaviors/6/drops/1/quantityByType/*-adult-female-dicerorhinussumatrensis/avg",
    "value": 10
  },
  {
    "dependsOn": [
      {
        "modId": "rhinocerotidae"
      }
    ],
    "file": "rhinocerotidae:entities/land/rhinocerotidae.json",
    "op": "replace",
    "path": "/server/behaviors/6/drops/1/quantityByType/*-adult-female-dicerorhinussumatrensis/var",
    "value": 1
  },
  {
    "dependsOn": [
      {
        "modId": "rhinocerotidae"
      }
    ],
    "file": "rhinocerotidae:entities/land/rhinocerotidae.json",
    "op": "replace",
    "path": "/server/behaviors/6/drops/1/quantityByType/*-adult-female-dicerosbicornis/avg",
    "value": 19
  },
  {
    "dependsOn": [
      {
        "modId": "rhinocerotidae"
      }
    ],
    "file": "rhinocerotidae:entities/land/rhinocerotidae.json",
    "op": "replace",
    "path": "/server/behaviors/6/drops/1/quantityByType/*-adult-female-dicerosbicornis/var",
    "value": 2
  },
  {
    "dependsOn": [
      {
        "modId": "rhinocerotidae"
      }
    ],
    "file": "rhinocerotidae:entities/land/rhinocerotidae.json",
    "op": "replace",
    "path": "/server/behaviors/6/drops/1/quantityByType/*-adult-female-rhinocerossondaicus/avg",
    "value": 19
  },
  {
    "dependsOn": [
      {
        "modId": "rhinocerotidae"
      }
    ],
    "file": "rhinocerotidae:entities/land/rhinocerotidae.json",
    "op": "replace",
    "path": "/server/behaviors/6/drops/1/quantityByType/*-adult-female-rhinocerossondaicus/var",
    "value": 2
  },
  {
    "dependsOn": [
      {
        "modId": "rhinocerotidae"
      }
    ],
    "file": "rhinocerotidae:entities/land/rhinocerotidae.json",
    "op": "replace",
    "path": "/server/behaviors/6/drops/1/quantityByType/*-adult-female-rhinocerosunicornis/avg",
    "value": 27
  },
  {
    "dependsOn": [
      {
        "modId": "rhinocerotidae"
      }
    ],
    "file": "rhinocerotidae:entities/land/rhinocerotidae.json",
    "op": "replace",
    "path": "/server/behaviors/6/drops/1/quantityByType/*-adult-female-rhinocerosunicornis/var",
    "value": 3
  },
  {
    "dependsOn": [
      {
        "modId": "rhinocerotidae"
      }
    ],
    "file": "rhinocerotidae:entities/land/rhinocerotidae.json",
    "op": "replace",
    "path": "/server/behaviors/6/drops/1/quantityByType/*-adult-male-ceratotheriumsimum/avg",
    "value": 38
  },
  {
    "dependsOn": [
      {
        "modId": "rhinocerotidae"
      }
    ],
    "file": "rhinocerotidae:entities/land/rhinocerotidae.json",
    "op": "replace",
    "path": "/server/behaviors/6/drops/1/quantityByType/*-adult-male-ceratotheriumsimum/var",
    "value": 4
  },
  {
    "dependsOn": [
      {
        "modId": "rhinocerotidae"
      }
    ],
    "file": "rhinocerotidae:entities/land/rhinocerotidae.json",
    "op": "replace",
    "path": "/server/behaviors/6/drops/1/quantityByType/*-adult-male-coelodontaantiquitatis/avg",
    "value": 34
  },
  {
    "dependsOn": [
      {
        "modId": "rhinocerotidae"
      }
    ],
    "file": "rhinocerotidae:entities/land/rhinocerotidae.json",
    "op": "replace",
    "path": "/server/behaviors/6/drops/1/quantityByType/*-adult-male-coelodontaantiquitatis/var",
    "value": 3.5
  },
  {
    "dependsOn": [
      {
        "modId": "rhinocerotidae"
      }
    ],
    "file": "rhinocerotidae:entities/land/rhinocerotidae.json",
    "op": "replace",
    "path": "/server/behaviors/6/drops/1/quantityByType/*-adult-male-dicerorhinussumatrensis/avg",
    "value": 14
  },
  {
    "dependsOn": [
      {
        "modId": "rhinocerotidae"
      }
    ],
    "file": "rhinocerotidae:entities/land/rhinocerotidae.json",
    "op": "replace",
    "path": "/server/behaviors/6/drops/1/quantityByType/*-adult-male-dicerorhinussumatrensis/var",
    "value": 1.5
  },
  {
    "dependsOn": [
      {
        "modId": "rhinocerotidae"
      }
    ],
    "file": "rhinocerotidae:entities/land/rhinocerotidae.json",
    "op": "replace",
    "path": "/server/behaviors/6/drops/1/quantityByType/*-adult-male-dicerosbicornis/avg",
    "value": 24
  },
  {
    "dependsOn": [
      {
        "modId": "rhinocerotidae"
      }
    ],
    "file": "rhinocerotidae:entities/land/rhinocerotidae.json",
    "op": "replace",
    "path": "/server/behaviors/6/drops/1/quantityByType/*-adult-male-dicerosbicornis/var",
    "value": 2.5
  },
  {
    "dependsOn": [
      {
        "modId": "rhinocerotidae"
      }
    ],
    "file": "rhinocerotidae:entities/land/rhinocerotidae.json",
    "op": "replace",
    "path": "/server/behaviors/6/drops/1/quantityByType/*-adult-male-rhinocerossondaicus/avg",
    "value": 24
  },
  {
    "dependsOn": [
      {
        "modId": "rhinocerotidae"
      }
    ],
    "file": "rhinocerotidae:entities/land/rhinocerotidae.json",
    "op": "replace",
    "path": "/server/behaviors/6/drops/1/quantityByType/*-adult-male-rhinocerossondaicus/var",
    "value": 2
  },
  {
    "dependsOn": [
      {
        "modId": "rhinocerotidae"
      }
    ],
    "file": "rhinocerotidae:entities/land/rhinocerotidae.json",
    "op": "replace",
    "path": "/server/behaviors/6/drops/1/quantityByType/*-adult-male-rhinocerosunicornis/avg",
    "value": 35
  },
  {
    "dependsOn": [
      {
        "modId": "rhinocerotidae"
      }
    ],
    "file": "rhinocerotidae:entities/land/rhinocerotidae.json",
    "op": "replace",
    "path": "/server/behaviors/6/drops/1/quantityByType/*-adult-male-rhinocerosunicornis/var",
    "value": 4
  },
  {
    "dependsOn": [
      {
        "modId": "rhinocerotidae"
      }
    ],
    "file": "rhinocerotidae:entities/land/rhinocerotidae.json",
    "op": "replace",
    "path": "/server/behaviors/6/drops/1/quantityByType/*-baby-*-ceratotheriumsimum/avg",
    "value": 5
  },
  {
    "dependsOn": [
      {
        "modId": "rhinocerotidae"
      }
    ],
    "file": "rhinocerotidae:entities/land/rhinocerotidae.json",
    "op": "replace",
    "path": "/server/behaviors/6/drops/1/quantityByType/*-baby-*-ceratotheriumsimum/var",
    "value": 0.5
  },
  {
    "dependsOn": [
      {
        "modId": "rhinocerotidae"
      }
    ],
    "file": "rhinocerotidae:entities/land/rhinocerotidae.json",
    "op": "replace",
    "path": "/server/behaviors/6/drops/1/quantityByType/*-baby-*-coelodontaantiquitatis/avg",
    "value": 5
  },
  {
    "dependsOn": [
      {
        "modId": "rhinocerotidae"
      }
    ],
    "file": "rhinocerotidae:entities/land/rhinocerotidae.json",
    "op": "replace",
    "path": "/server/behaviors/6/drops/1/quantityByType/*-baby-*-coelodontaantiquitatis/var",
    "value": 0.5
  },
  {
    "dependsOn": [
      {
        "modId": "rhinocerotidae"
      }
    ],
    "file": "rhinocerotidae:entities/land/rhinocerotidae.json",
    "op": "replace",
    "path": "/server/behaviors/6/drops/1/quantityByType/*-baby-*-dicerorhinussumatrensis/avg",
    "value": 4
  },
  {
    "dependsOn": [
      {
        "modId": "rhinocerotidae"
      }
    ],
    "file": "rhinocerotidae:entities/land/rhinocerotidae.json",
    "op": "replace",
    "path": "/server/behaviors/6/drops/1/quantityByType/*-baby-*-dicerorhinussumatrensis/var",
    "value": 0.5
  },
  {
    "dependsOn": [
      {
        "modId": "rhinocerotidae"
      }
    ],
    "file": "rhinocerotidae:entities/land/rhinocerotidae.json",
    "op": "replace",
    "path": "/server/behaviors/6/drops/1/quantityByType/*-baby-*-dicerosbicornis/avg",
    "value": 5
  },
  {
    "dependsOn": [
      {
        "modId": "rhinocerotidae"
      }
    ],
    "file": "rhinocerotidae:entities/land/rhinocerotidae.json",
    "op": "replace",
    "path": "/server/behaviors/6/drops/1/quantityByType/*-baby-*-dicerosbicornis/var",
    "value": 0.5
  },
  {
    "dependsOn": [
      {
        "modId": "rhinocerotidae"
      }
    ],
    "file": "rhinocerotidae:entities/land/rhinocerotidae.json",
    "op": "replace",
    "path": "/server/behaviors/6/drops/1/quantityByType/*-baby-*-rhinocerossondaicus/avg",
    "value": 5
  },
  {
    "dependsOn": [
      {
        "modId": "rhinocerotidae"
      }
    ],
    "file": "rhinocerotidae:entities/land/rhinocerotidae.json",
    "op": "replace",
    "path": "/server/behaviors/6/drops/1/quantityByType/*-baby-*-rhinocerossondaicus/var",
    "value": 0.5
  },
  {
    "dependsOn": [
      {
        "modId": "rhinocerotidae"
      }
    ],
    "file": "rhinocerotidae:entities/land/rhinocerotidae.json",
    "op": "replace",
    "path": "/server/behaviors/6/drops/1/quantityByType/*-baby-*-rhinocerosunicornis/avg",
    "value": 5
  },
  {
    "dependsOn": [
      {
        "modId": "rhinocerotidae"
      }
    ],
    "file": "rhinocerotidae:entities/land/rhinocerotidae.json",
    "op": "replace",
    "path": "/server/behaviors/6/drops/1/quantityByType/*-baby-*-rhinocerosunicornis/var",
    "value": 0.5
  },
  {
    "dependsOn": [
      {
        "modId": "rhinocerotidae"
      }
    ],
    "file": "rhinocerotidae:entities/land/rhinocerotidae.json",
    "op": "replace",
    "path": "/server/behaviors/6/drops/2/quantityByType/*-adult-female-ceratotheriumsimum/avg",
    "value": 11.5
  },
  {
    "dependsOn": [
      {
        "modId": "rhinocerotidae"
      }
    ],
    "file": "rhinocerotidae:entities/land/rhinocerotidae.json",
    "op": "replace",
    "path": "/server/behaviors/6/drops/2/quantityByType/*-adult-female-ceratotheriumsimum/var",
    "value": 1
  },
  {
    "dependsOn": [
      {
        "modId": "rhinocerotidae"
      }
    ],
    "file": "rhinocerotidae:entities/land/rhinocerotidae.json",
    "op": "replace",
    "path": "/server/behaviors/6/drops/2/quantityByType/*-adult-female-coelodontaantiquitatis/avg",
    "value": 10
  },
  {
    "dependsOn": [
      {
        "modId": "rhinocerotidae"
      }
    ],
    "file": "rhinocerotidae:entities/land/rhinocerotidae.json",
    "op": "replace",
    "path": "/server/behaviors/6/drops/2/quantityByType/*-adult-female-coelodontaantiquitatis/var",
    "value": 1
  },
  {
    "dependsOn": [
      {
        "modId": "rhinocerotidae"
      }
    ],
    "file": "rhinocerotidae:entities/land/rhinocerotidae.json",
    "op": "replace",
    "path": "/server/behaviors/6/drops/2/quantityByType/*-adult-female-dicerorhinussumatrensis/avg",
    "value": 4
  },
  {
    "dependsOn": [
      {
        "modId": "rhinocerotidae"
      }
    ],
    "file": "rhinocerotidae:entities/land/rhinocerotidae.json",
    "op": "replace",
    "path": "/server/behaviors/6/drops/2/quantityByType/*-adult-female-dicerorhinussumatrensis/var",
    "value": 0.5
  },
  {
    "dependsOn": [
      {
        "modId": "rhinocerotidae"
      }
    ],
    "file": "rhinocerotidae:entities/land/rhinocerotidae.json",
    "op": "replace",
    "path": "/server/behaviors/6/drops/2/quantityByType/*-adult-female-dicerosbicornis/avg",
    "value": 7.5
  },
  {
    "dependsOn": [
      {
        "modId": "rhinocerotidae"
      }
    ],
    "file": "rhinocerotidae:entities/land/rhinocerotidae.json",
    "op": "replace",
    "path": "/server/behaviors/6/drops/2/quantityByType/*-adult-female-dicerosbicornis/var",
    "value": 0.5
  },
  {
    "dependsOn": [
      {
        "modId": "rhinocerotidae"
      }
    ],
    "file": "rhinocerotidae:entities/land/rhinocerotidae.json",
    "op": "replace",
    "path": "/server/behaviors/6/drops/2/quantityByType/*-adult-female-rhinocerossondaicus/avg",
    "value": 7.5
  },
  {
    "dependsOn": [
      {
        "modId": "rhinocerotidae"
      }
    ],
    "file": "rhinocerotidae:entities/land/rhinocerotidae.json",
    "op": "replace",
    "path": "/server/behaviors/6/drops/2/quantityByType/*-adult-female-rhinocerossondaicus/var",
    "value": 0.5
  },
  {
    "dependsOn": [
      {
        "modId": "rhinocerotidae"
      }
    ],
    "file": "rhinocerotidae:entities/land/rhinocerotidae.json",
    "op": "replace",
    "path": "/server/behaviors/6/drops/2/quantityByType/*-adult-female-rhinocerosunicornis/avg",
    "value": 10.5
  },
  {
    "dependsOn": [
      {
        "modId": "rhinocerotidae"
      }
    ],
    "file": "rhinocerotidae:entities/land/rhinocerotidae.json",
    "op": "replace",
    "path": "/server/behaviors/6/drops/2/quantityByType/*-adult-female-rhinocerosunicornis/var",
    "value": 1
  },
  {
    "dependsOn": [
      {
        "modId": "rhinocerotidae"
      }
    ],
    "file": "rhinocerotidae:entities/land/rhinocerotidae.json",
    "op": "replace",
    "path": "/server/behaviors/6/drops/2/quantityByType/*-adult-male-ceratotheriumsimum/avg",
    "value": 15.5
  },
  {
    "dependsOn": [
      {
        "modId": "rhinocerotidae"
      }
    ],
    "file": "rhinocerotidae:entities/land/rhinocerotidae.json",
    "op": "replace",
    "path": "/server/behaviors/6/drops/2/quantityByType/*-adult-male-ceratotheriumsimum/var",
    "value": 1.5
  },
  {
    "dependsOn": [
      {
        "modId": "rhinocerotidae"
      }
    ],
    "file": "rhinocerotidae:entities/land/rhinocerotidae.json",
    "op": "replace",
    "path": "/server/behaviors/6/drops/2/quantityByType/*-adult-male-coelodontaantiquitatis/avg",
    "value": 13.5
  },
  {
    "dependsOn": [
      {
        "modId": "rhinocerotidae"
      }
    ],
    "file": "rhinocerotidae:entities/land/rhinocerotidae.json",
    "op": "replace",
    "path": "/server/behaviors/6/drops/2/quantityByType/*-adult-male-coelodontaantiquitatis/var",
    "value": 1.5
  },
  {
    "dependsOn": [
      {
        "modId": "rhinocerotidae"
      }
    ],
    "file": "rhinocerotidae:entities/land/rhinocerotidae.json",
    "op": "replace",
    "path": "/server/behaviors/6/drops/2/quantityByType/*-adult-male-dicerorhinussumatrensis/avg",
    "value": 5
  },
  {
    "dependsOn": [
      {
        "modId": "rhinocerotidae"
      }
    ],
    "file": "rhinocerotidae:entities/land/rhinocerotidae.json",
    "op": "replace",
    "path": "/server/behaviors/6/drops/2/quantityByType/*-adult-male-dicerorhinussumatrensis/var",
    "value": 0.5
  },
  {
    "dependsOn": [
      {
        "modId": "rhinocerotidae"
      }
    ],
    "file": "rhinocerotidae:entities/land/rhinocerotidae.json",
    "op": "replace",
    "path": "/server/behaviors/6/drops/2/quantityByType/*-adult-male-dicerosbicornis/avg",
    "value": 9.5
  },
  {
    "dependsOn": [
      {
        "modId": "rhinocerotidae"
      }
    ],
    "file": "rhinocerotidae:entities/land/rhinocerotidae.json",
    "op": "replace",
    "path": "/server/behaviors/6/drops/2/quantityByType/*-adult-male-dicerosbicornis/var",
    "value": 1
  },
  {
    "dependsOn": [
      {
        "modId": "rhinocerotidae"
      }
    ],
    "file": "rhinocerotidae:entities/land/rhinocerotidae.json",
    "op": "replace",
    "path": "/server/behaviors/6/drops/2/quantityByType/*-adult-male-rhinocerossondaicus/avg",
    "value": 9.5
  },
  {
    "dependsOn": [
      {
        "modId": "rhinocerotidae"
      }
    ],
    "file": "rhinocerotidae:entities/land/rhinocerotidae.json",
    "op": "replace",
    "path": "/server/behaviors/6/drops/2/quantityByType/*-adult-male-rhinocerossondaicus/var",
    "value": 1
  },
  {
    "dependsOn": [
      {
        "modId": "rhinocerotidae"
      }
    ],
    "file": "rhinocerotidae:entities/land/rhinocerotidae.json",
    "op": "replace",
    "path": "/server/behaviors/6/drops/2/quantityByType/*-adult-male-rhinocerosunicornis/avg",
    "value": 14
  },
  {
    "dependsOn": [
      {
        "modId": "rhinocerotidae"
      }
    ],
    "file": "rhinocerotidae:entities/land/rhinocerotidae.json",
    "op": "replace",
    "path": "/server/behaviors/6/drops/2/quantityByType/*-adult-male-rhinocerosunicornis/var",
    "value": 1.5
  },
  {
    "dependsOn": [
      {
        "modId": "rhinocerotidae"
      }
    ],
    "file": "rhinocerotidae:entities/land/rhinocerotidae.json",
    "op": "replace",
    "path": "/server/behaviors/6/drops/2/quantityByType/*-baby-*-ceratotheriumsimum/avg",
    "value": 2.5
  },
  {
    "dependsOn": [
      {
        "modId": "rhinocerotidae"
      }
    ],
    "file": "rhinocerotidae:entities/land/rhinocerotidae.json",
    "op": "replace",
    "path": "/server/behaviors/6/drops/2/quantityByType/*-baby-*-ceratotheriumsimum/var",
    "value": 0.5
  },
  {
    "dependsOn": [
      {
        "modId": "rhinocerotidae"
      }
    ],
    "file": "rhinocerotidae:entities/land/rhinocerotidae.json",
    "op": "replace",
    "path": "/server/behaviors/6/drops/2/quantityByType/*-baby-*-coelodontaantiquitatis/avg",
    "value": 2.5
  },
  {
    "dependsOn": [
      {
        "modId": "rhinocerotidae"
      }
    ],
    "file": "rhinocerotidae:entities/land/rhinocerotidae.json",
    "op": "replace",
    "path": "/server/behaviors/6/drops/2/quantityByType/*-baby-*-coelodontaantiquitatis/var",
    "value": 0.5
  },
  {
    "dependsOn": [
      {
        "modId": "rhinocerotidae"
      }
    ],
    "file": "rhinocerotidae:entities/land/rhinocerotidae.json",
    "op": "replace",
    "path": "/server/behaviors/6/drops/2/quantityByType/*-baby-*-dicerorhinussumatrensis/avg",
    "value": 1.5
  },
  {
    "dependsOn": [
      {
        "modId": "rhinocerotidae"
      }
    ],
    "file": "rhinocerotidae:entities/land/rhinocerotidae.json",
    "op": "replace",
    "path": "/server/behaviors/6/drops/2/quantityByType/*-baby-*-dicerorhinussumatrensis/var",
    "value": 0.5
  },
  {
    "dependsOn": [
      {
        "modId": "rhinocerotidae"
      }
    ],
    "file": "rhinocerotidae:entities/land/rhinocerotidae.json",
    "op": "replace",
    "path": "/server/behaviors/6/drops/2/quantityByType/*-baby-*-dicerosbicornis/avg",
    "value": 2
  },
  {
    "dependsOn": [
      {
        "modId": "rhinocerotidae"
      }
    ],
    "file": "rhinocerotidae:entities/land/rhinocerotidae.json",
    "op": "replace",
    "path": "/server/behaviors/6/drops/2/quantityByType/*-baby-*-dicerosbicornis/var",
    "value": 0.5
  },
  {
    "dependsOn": [
      {
        "modId": "rhinocerotidae"
      }
    ],
    "file": "rhinocerotidae:entities/land/rhinocerotidae.json",
    "op": "replace",
    "path": "/server/behaviors/6/drops/2/quantityByType/*-baby-*-rhinocerossondaicus/avg",
    "value": 2
  },
  {
    "dependsOn": [
      {
        "modId": "rhinocerotidae"
      }
    ],
    "file": "rhinocerotidae:entities/land/rhinocerotidae.json",
    "op": "replace",
    "path": "/server/behaviors/6/drops/2/quantityByType/*-baby-*-rhinocerossondaicus/var",
    "value": 0.5
  },
  {
    "dependsOn": [
      {
        "modId": "rhinocerotidae"
      }
    ],
    "file": "rhinocerotidae:entities/land/rhinocerotidae.json",
    "op": "replace",
    "path": "/server/behaviors/6/drops/2/quantityByType/*-baby-*-rhinocerosunicornis/avg",
    "value": 2.5
  },
  {
    "dependsOn": [
      {
        "modId": "rhinocerotidae"
      }
    ],
    "file": "rhinocerotidae:entities/land/rhinocerotidae.json",
    "op": "replace",
    "path": "/server/behaviors/6/drops/2/quantityByType/*-baby-*-rhinocerosunicornis/var",
    "value": 0.5
  },
  {
    "dependsOn": [
      {
        "modId": "rhinocerotidae"
      }
    ],
    "file": "rhinocerotidae:entities/land/rhinocerotidae.json",
    "op": "replace",
    "path": "/server/behaviors/6/drops/3/quantityByType/*-adult-*/avg",
    "value": 0.5
  },
  {
    "dependsOn": [
      {
        "modId": "rhinocerotidae"
      }
    ],
    "file": "rhinocerotidae:entities/land/rhinocerotidae.json",
    "op": "replace",
    "path": "/server/behaviors/6/drops/4/quantityByType/*-baby-*/avg",
    "value": 0.5
  },
  {
    "dependsOn": [
      {
        "modId": "rhinocerotidae"
      }
    ],
    "file": "rhinocerotidae:entities/land/rhinocerotidae.json",
    "op": "replace",
    "path": "/server/behaviors/9/hoursToGrowByType/*-ceratotheriumsimum",
    "value": 525
  },
  {
    "dependsOn": [
      {
        "modId": "rhinocerotidae"
      }
    ],
    "file": "rhinocerotidae:entities/land/rhinocerotidae.json",
    "op": "replace",
    "path": "/server/behaviors/9/hoursToGrowByType/*-coelodontaantiquitatis",
    "value": 525
  },
  {
    "dependsOn": [
      {
        "modId": "rhinocerotidae"
      }
    ],
    "file": "rhinocerotidae:entities/land/rhinocerotidae.json",
    "op": "replace",
    "path": "/server/behaviors/9/hoursToGrowByType/*-dicerorhinussumatrensis",
    "value": 525
  },
  {
    "dependsOn": [
      {
        "modId": "rhinocerotidae"
      }
    ],
    "file": "rhinocerotidae:entities/land/rhinocerotidae.json",
    "op": "replace",
    "path": "/server/behaviors/9/hoursToGrowByType/*-dicerosbicornis",
    "value": 438
  },
  {
    "dependsOn": [
      {
        "modId": "rhinocerotidae"
      }
    ],
    "file": "rhinocerotidae:entities/land/rhinocerotidae.json",
    "op": "replace",
    "path": "/server/behaviors/9/hoursToGrowByType/*-rhinocerossondaicus",
    "value": 350
  },
  {
    "dependsOn": [
      {
        "modId": "rhinocerotidae"
      }
    ],
    "file": "rhinocerotidae:entities/land/rhinocerotidae.json",
    "op": "replace",
    "path": "/server/behaviors/9/hoursToGrowByType/*-rhinocerosunicornis",
    "value": 350
  },
  {
    "dependsOn": [
      {
        "modId": "rhinocerotidae"
      }
    ],
    "file": "rhinocerotidae:entities/land/rhinocerotidae.json",
    "op": "replace",
    "path": "/server/behaviors/8/multiplyCooldownDaysMaxByType/*",
    "value": 45
  },
  {
    "dependsOn": [
      {
        "modId": "rhinocerotidae"
      }
    ],
    "file": "rhinocerotidae:entities/land/rhinocerotidae.json",
    "op": "replace",
    "path": "/server/behaviors/8/multiplyCooldownDaysMinByType/*",
    "value": 27
  },
  {
    "dependsOn": [
      {
        "modId": "rhinocerotidae"
      }
    ],
    "file": "rhinocerotidae:entities/land/rhinocerotidae.json",
    "op": "replace",
    "path": "/server/behaviors/8/pregnancyDaysByType/*-ceratotheriumsimum",
    "value": 49
  },
  {
    "dependsOn": [
      {
        "modId": "rhinocerotidae"
      }
    ],
    "file": "rhinocerotidae:entities/land/rhinocerotidae.json",
    "op": "replace",
    "path": "/server/behaviors/8/pregnancyDaysByType/*-coelodontaantiquitatis",
    "value": 50
  },
  {
    "dependsOn": [
      {
        "modId": "rhinocerotidae"
      }
    ],
    "file": "rhinocerotidae:entities/land/rhinocerotidae.json",
    "op": "replace",
    "path": "/server/behaviors/8/pregnancyDaysByType/*-dicerorhinussumatrensis",
    "value": 46
  },
  {
    "dependsOn": [
      {
        "modId": "rhinocerotidae"
      }
    ],
    "file": "rhinocerotidae:entities/land/rhinocerotidae.json",
    "op": "replace",
    "path": "/server/behaviors/8/pregnancyDaysByType/*-dicerosbicornis",
    "value": 46
  },
  {
    "dependsOn": [
      {
        "modId": "rhinocerotidae"
      }
    ],
    "file": "rhinocerotidae:entities/land/rhinocerotidae.json",
    "op": "replace",
    "path": "/server/behaviors/8/pregnancyDaysByType/*-rhinocerossondaicus",
    "value": 46
  },
  {
    "dependsOn": [
      {
        "modId": "rhinocerotidae"
      }
    ],
    "file": "rhinocerotidae:entities/land/rhinocerotidae.json",
    "op": "replace",
    "path": "/server/behaviors/8/pregnancyDaysByType/*-rhinocerosunicornis",
    "value": 48
  }
]
