[
  {
    "dependsOn": [
      {
        "modId": "sirenia"
      }
    ],
    "file": "sirenia:entities/water/sirenia.json",
    "op": "replace",
    "path": "/server/behaviors/6/drops/0/quantityByType/sirenia-adult-female-dugon/avg",
    "value": 6.5
  },
  {
    "dependsOn": [
      {
        "modId": "sirenia"
      }
    ],
    "file": "sirenia:entities/water/sirenia.json",
    "op": "replace",
    "path": "/server/behaviors/6/drops/0/quantityByType/sirenia-adult-female-dugon/var",
    "value": 0.75
  },
  {
    "dependsOn": [
      {
        "modId": "sirenia"
      }
    ],
    "file": "sirenia:entities/water/sirenia.json",
    "op": "replace",
    "path": "/server/behaviors/6/drops/0/quantityByType/sirenia-adult-female-gigas/avg",
    "value": 169
  },
  {
    "dependsOn": [
      {
        "modId": "sirenia"
      }
    ],
    "file": "sirenia:entities/water/sirenia.json",
    "op": "replace",
    "path": "/server/behaviors/6/drops/0/quantityByType/sirenia-adult-female-gigas/var",
    "value": 19
  },
  {
    "dependsOn": [
      {
        "modId": "sirenia"
      }
    ],
    "file": "sirenia:entities/water/sirenia.json",
    "op": "replace",
    "path": "/server/behaviors/6/drops/0/quantityByType/sirenia-adult-female-inunguis/avg",
    "value": 6
  },
  {
    "dependsOn": [
      {
        "modId": "sirenia"
      }
    ],
    "file": "sirenia:entities/water/sirenia.json",
    "op": "replace",
    "path": "/server/behaviors/6/drops/0/quantityByType/sirenia-adult-female-inunguis/var",
    "value": 0.5
  },
  {
    "dependsOn": [
      {
        "modId": "sirenia"
      }
    ],
    "file": "sirenia:entities/water/sirenia.json",
    "op": "replace",
    "path": "/server/behaviors/6/drops/0/quantityByType/sirenia-adult-female-manatus/avg",
    "value": 10
  },
  {
    "dependsOn": [
      {
        "modId": "sirenia"
      }
    ],
    "file": "sirenia:entities/water/sirenia.json",
    "op": "replace",
    "path": "/server/behaviors/6/drops/0/quantityByType/sirenia-adult-female-manatus/var",
    "value": 1.25
  },
  {
    "dependsOn": [
      {
        "modId": "sirenia"
      }
    ],
    "file": "sirenia:entities/water/sirenia.json",
    "op": "replace",
    "path": "/server/behaviors/6/drops/0/quantityByType/sirenia-adult-female-senegalensis/avg",
    "value": 7.5
  },
  {
    "dependsOn": [
      {
        "modId": "sirenia"
      }
    ],
    "file": "sirenia:entities/water/sirenia.json",
    "op": "replace",
    "path": "/server/behaviors/6/drops/0/quantityByType/sirenia-adult-female-senegalensis/var",
    "value": 0.75
  },
  {
    "dependsOn": [
      {
        "modId": "sirenia"
      }
    ],
    "file": "sirenia:entities/water/sirenia.json",
    "op": "replace",
    "path": "/server/behaviors/6/drops/0/quantityByType/sirenia-adult-male-dugon/avg",
    "value": 5.5
  },
  {
    "dependsOn": [
      {
        "modId": "sirenia"
      }
    ],
    "file": "sirenia:entities/water/sirenia.json",
    "op": "replace",
    "path": "/server/behaviors/6/drops/0/quantityByType/sirenia-adult-male-dugon/var",
    "value": 0.5
  },
  {
    "dependsOn": [
      {
        "modId": "sirenia"
      }
    ],
    "file": "sirenia:entities/water/sirenia.json",
    "op": "replace",
    "path": "/server/behaviors/6/drops/0/quantityByType/sirenia-adult-male-gigas/avg",
    "value": 137.5
  },
  {
    "dependsOn": [
      {
        "modId": "sirenia"
      }
    ],
    "file": "sirenia:entities/water/sirenia.json",
    "op": "replace",
    "path": "/server/behaviors/6/drops/0/quantityByType/sirenia-adult-male-gigas/var",
    "value": 12.5
  },
  {
    "dependsOn": [
      {
        "modId": "sirenia"
      }
    ],
    "file": "sirenia:entities/water/sirenia.json",
    "op": "replace",
    "path": "/server/behaviors/6/drops/0/quantityByType/sirenia-adult-male-inunguis/avg",
    "value": 5
  },
  {
    "dependsOn": [
      {
        "modId": "sirenia"
      }
    ],
    "file": "sirenia:entities/water/sirenia.json",
    "op": "replace",
    "path": "/server/behaviors/6/drops/0/quantityByType/sirenia-adult-male-inunguis/var",
    "value": 0.5
  },
  {
    "dependsOn": [
      {
        "modId": "sirenia"
      }
    ],
    "file": "sirenia:entities/water/sirenia.json",
    "op": "replace",
    "path": "/server/behaviors/6/drops/0/quantityByType/sirenia-adult-male-manatus/avg",
    "value": 8
  },
  {
    "dependsOn": [
      {
        "modId": "sirenia"
      }
    ],
    "file": "sirenia:entities/water/sirenia.json",
    "op": "replace",
    "path": "/server/behaviors/6/drops/0/quantityByType/sirenia-adult-male-manatus/var",
    "value": 1
  },
  {
    "dependsOn": [
      {
        "modId": "sirenia"
      }
    ],
    "file": "sirenia:entities/water/sirenia.json",
    "op": "replace",
    "path": "/server/behaviors/6/drops/0/quantityByType/sirenia-adult-male-senegalensis/avg",
    "value": 7
  },
  {
    "dependsOn": [
      {
        "modId": "sirenia"
      }
    ],
    "file": "sirenia:entities/water/sirenia.json",
    "op": "replace",
    "path": "/server/behaviors/6/drops/0/quantityByType/sirenia-adult-male-senegalensis/var",
    "value": 0.75
  },
  {
    "dependsOn": [
      {
        "modId": "sirenia"
      }
    ],
    "file": "sirenia:entities/water/sirenia.json",
    "op": "replace",
    "path": "/server/behaviors/6/drops/0/quantityByType/sirenia-baby-*-dugon/avg",
    "value": 1.5
  },
  {
    "dependsOn": [
      {
        "modId": "sirenia"
      }
    ],
    "file": "sirenia:entities/water/sirenia.json",
    "op": "replace",
    "path": "/server/behaviors/6/drops/0/quantityByType/sirenia-baby-*-dugon/var",
    "value": 0.25
  },
  {
    "dependsOn": [
      {
        "modId": "sirenia"
      }
    ],
    "file": "sirenia:entities/water/sirenia.json",
    "op": "replace",
    "path": "/server/behaviors/6/drops/0/quantityByType/sirenia-baby-*-gigas/avg",
    "value": 8
  },
  {
    "dependsOn": [
      {
        "modId": "sirenia"
      }
    ],
    "file": "sirenia:entities/water/sirenia.json",
    "op": "replace",
    "path": "/server/behaviors/6/drops/0/quantityByType/sirenia-baby-*-gigas/var",
    "value": 1
  },
  {
    "dependsOn": [
      {
        "modId": "sirenia"
      }
    ],
    "file": "sirenia:entities/water/sirenia.json",
    "op": "replace",
    "path": "/server/behaviors/6/drops/0/quantityByType/sirenia-baby-*-inunguis/avg",
    "value": 0.75
  },
  {
    "dependsOn": [
      {
        "modId": "sirenia"
      }
    ],
    "file": "sirenia:entities/water/sirenia.json",
    "op": "replace",
    "path": "/server/behaviors/6/drops/0/quantityByType/sirenia-baby-*-inunguis/var",
    "value": 0.25
  },
  {
    "dependsOn": [
      {
        "modId": "sirenia"
      }
    ],
    "file": "sirenia:entities/water/sirenia.json",
    "op": "replace",
    "path": "/server/behaviors/6/drops/0/quantityByType/sirenia-baby-*-manatus/avg",
    "value": 1.5
  },
  {
    "dependsOn": [
      {
        "modId": "sirenia"
      }
    ],
    "file": "sirenia:entities/water/sirenia.json",
    "op": "replace",
    "path": "/server/behaviors/6/drops/0/quantityByType/sirenia-baby-*-manatus/var",
    "value": 0.25
  },
  {
    "dependsOn": [
      {
        "modId": "sirenia"
      }
    ],
    "file": "sirenia:entities/water/sirenia.json",
    "op": "replace",
    "path": "/server/behaviors/6/drops/0/quantityByType/sirenia-baby-*-senegalensis/avg",
    "value": 1.5
  },
  {
    "dependsOn": [
      {
        "modId": "sirenia"
      }
    ],
    "file": "sirenia:entities/water/sirenia.json",
    "op": "replace",
    "path": "/server/behaviors/6/drops/0/quantityByType/sirenia-baby-*-senegalensis/var",
    "value": 0.25
  },
  {
    "dependsOn": [
      {
        "modId": "sirenia"
      }
    ],
    "file": "sirenia:entities/water/sirenia.json",
    "op": "replace",
    "path": "/server/behaviors/6/drops/1/quantityByType/sirenia-adult-female-dugon/avg",
    "value": 6.5
  },
  {
    "dependsOn": [
      {
        "modId": "sirenia"
      }
    ],
    "file": "sirenia:entities/water/sirenia.json",
    "op": "replace",
    "path": "/server/behaviors/6/drops/1/quantityByType/sirenia-adult-female-dugon/var",
    "value": 0.75
  },
  {
    "dependsOn": [
      {
        "modId": "sirenia"
      }
    ],
    "file": "sirenia:entities/water/sirenia.json",
    "op": "replace",
    "path": "/server/behaviors/6/drops/1/quantityByType/sirenia-adult-female-gigas/avg",
    "value": 169
  },
  {
    "dependsOn": [
      {
        "modId": "sirenia"
      }
    ],
    "file": "sirenia:entities/water/sirenia.json",
    "op": "replace",
    "path": "/server/behaviors/6/drops/1/quantityByType/sirenia-adult-female-gigas/var",
    "value": 19
  },
  {
    "dependsOn": [
      {
        "modId": "sirenia"
      }
    ],
    "file": "sirenia:entities/water/sirenia.json",
    "op": "replace",
    "path": "/server/behaviors/6/drops/1/quantityByType/sirenia-adult-female-inunguis/avg",
    "value": 6
  },
  {
    "dependsOn": [
      {
        "modId": "sirenia"
      }
    ],
    "file": "sirenia:entities/water/sirenia.json",
    "op": "replace",
    "path": "/server/behaviors/6/drops/1/quantityByType/sirenia-adult-female-inunguis/var",
    "value": 0.5
  },
  {
    "dependsOn": [
      {
        "modId": "sirenia"
      }
    ],
    "file": "sirenia:entities/water/sirenia.json",
    "op": "replace",
    "path": "/server/behaviors/6/drops/1/quantityByType/sirenia-adult-female-manatus/avg",
    "value": 10
  },
  {
    "dependsOn": [
      {
        "modId": "sirenia"
      }
    ],
    "file": "sirenia:entities/water/sirenia.json",
    "op": "replace",
    "path": "/server/behaviors/6/drops/1/quantityByType/sirenia-adult-female-manatus/var",
    "value": 1.25
  },
  {
    "dependsOn": [
      {
        "modId": "sirenia"
      }
    ],
    "file": "sirenia:entities/water/sirenia.json",
    "op": "replace",
    "path": "/server/behaviors/6/drops/1/quantityByType/sirenia-adult-female-senegalensis/avg",
    "value": 7.5
  },
  {
    "dependsOn": [
      {
        "modId": "sirenia"
      }
    ],
    "file": "sirenia:entities/water/sirenia.json",
    "op": "replace",
    "path": "/server/behaviors/6/drops/1/quantityByType/sirenia-adult-female-senegalensis/var",
    "value": 0.75
  },
  {
    "dependsOn": [
      {
        "modId": "sirenia"
      }
    ],
    "file": "sirenia:entities/water/sirenia.json",
    "op": "replace",
    "path": "/server/behaviors/6/drops/1/quantityByType/sirenia-adult-male-dugon/avg",
    "value": 5.5
  },
  {
    "dependsOn": [
      {
        "modId": "sirenia"
      }
    ],
    "file": "sirenia:entities/water/sirenia.json",
    "op": "replace",
    "path": "/server/behaviors/6/drops/1/quantityByType/sirenia-adult-male-dugon/var",
    "value": 0.5
  },
  {
    "dependsOn": [
      {
        "modId": "sirenia"
      }
    ],
    "file": "sirenia:entities/water/sirenia.json",
    "op": "replace",
    "path": "/server/behaviors/6/drops/1/quantityByType/sirenia-adult-male-gigas/avg",
    "value": 137.5
  },
  {
    "dependsOn": [
      {
        "modId": "sirenia"
      }
    ],
    "file": "sirenia:entities/water/sirenia.json",
    "op": "replace",
    "path": "/server/behaviors/6/drops/1/quantityByType/sirenia-adult-male-gigas/var",
    "value": 12.5
  },
  {
    "dependsOn": [
      {
        "modId": "sirenia"
      }
    ],
    "file": "sirenia:entities/water/sirenia.json",
    "op": "replace",
    "path": "/server/behaviors/6/drops/1/quantityByType/sirenia-adult-male-inunguis/avg",
    "value": 5
  },
  {
    "dependsOn": [
      {
        "modId": "sirenia"
      }
    ],
    "file": "sirenia:entities/water/sirenia.json",
    "op": "replace",
    "path": "/server/behaviors/6/drops/1/quantityByType/sirenia-adult-male-inunguis/var",
    "value": 0.5
  },
  {
    "dependsOn": [
      {
        "modId": "sirenia"
      }
    ],
    "file": "sirenia:entities/water/sirenia.json",
    "op": "replace",
    "path": "/server/behaviors/6/drops/1/quantityByType/sirenia-adult-male-manatus/avg",
    "value": 8
  },
  {
    "dependsOn": [
      {
        "modId": "sirenia"
      }
    ],
    "file": "sirenia:entities/water/sirenia.json",
    "op": "replace",
    "path": "/server/behaviors/6/drops/1/quantityByType/sirenia-adult-male-manatus/var",
    "value": 1
  },
  {
    "dependsOn": [
      {
        "modId": "sirenia"
      }
    ],
    "file": "sirenia:entities/water/sirenia.json",
    "op": "replace",
    "path": "/server/behaviors/6/drops/1/quantityByType/sirenia-adult-male-senegalensis/avg",
    "value": 7
  },
  {
    "dependsOn": [
      {
        "modId": "sirenia"
      }
    ],
    "file": "sirenia:entities/water/sirenia.json",
    "op": "replace",
    "path": "/server/behaviors/6/drops/1/quantityByType/sirenia-adult-male-senegalensis/var",
    "value": 0.75
  },
  {
    "dependsOn": [
      {
        "modId": "sirenia"
      }
    ],
    "file": "sirenia:entities/water/sirenia.json",
    "op": "replace",
    "path": "/server/behaviors/6/drops/1/quantityByType/sirenia-baby-*-dugon/avg",
    "value": 1.5
  },
  {
    "dependsOn": [
      {
        "modId": "sirenia"
      }
    ],
    "file": "sirenia:entities/water/sirenia.json",
    "op": "replace",
    "path": "/server/behaviors/6/drops/1/quantityByType/sirenia-baby-*-dugon/var",
    "value": 0.25
  },
  {
    "dependsOn": [
      {
        "modId": "sirenia"
      }
    ],
    "file": "sirenia:entities/water/sirenia.json",
    "op": "replace",
    "path": "/server/behaviors/6/drops/1/quantityByType/sirenia-baby-*-gigas/avg",
    "value": 8
  },
  {
    "dependsOn": [
      {
        "modId": "sirenia"
      }
    ],
    "file": "sirenia:entities/water/sirenia.json",
    "op": "replace",
    "path": "/server/behaviors/6/drops/1/quantityByType/sirenia-baby-*-gigas/var",
    "value": 1
  },
  {
    "dependsOn": [
      {
        "modId": "sirenia"
      }
    ],
    "file": "sirenia:entities/water/sirenia.json",
    "op": "replace",
    "path": "/server/behaviors/6/drops/1/quantityByType/sirenia-baby-*-inunguis/avg",
    "value": 0.75
  },
  {
    "dependsOn": [
      {
        "modId": "sirenia"
      }
    ],
    "file": "sirenia:entities/water/sirenia.json",
    "op": "replace",
    "path": "/server/behaviors/6/drops/1/quantityByType/sirenia-baby-*-inunguis/var",
    "value": 0.25
  },
  {
    "dependsOn": [
      {
        "modId": "sirenia"
      }
    ],
    "file": "sirenia:entities/water/sirenia.json",
    "op": "replace",
    "path": "/server/behaviors/6/drops/1/quantityByType/sirenia-baby-*-manatus/avg",
    "value": 1.5
  },
  {
    "dependsOn": [
      {
        "modId": "sirenia"
      }
    ],
    "file": "sirenia:entities/water/sirenia.json",
    "op": "replace",
    "path": "/server/behaviors/6/drops/1/quantityByType/sirenia-baby-*-manatus/var",
    "value": 0.25
  },
  {
    "dependsOn": [
      {
        "modId": "sirenia"
      }
    ],
    "file": "sirenia:entities/water/sirenia.json",
    "op": "replace",
    "path": "/server/behaviors/6/drops/1/quantityByType/sirenia-baby-*-senegalensis/avg",
    "value": 1.5
  },
  {
    "dependsOn": [
      {
        "modId": "sirenia"
      }
    ],
    "file": "sirenia:entities/water/sirenia.json",
    "op": "replace",
    "path": "/server/behaviors/6/drops/1/quantityByType/sirenia-baby-*-senegalensis/var",
    "value": 0.25
  },
  {
    "dependsOn": [
      {
        "modId": "sirenia"
      }
    ],
    "file": "sirenia:entities/water/sirenia.json",
    "op": "replace",
    "path": "/server/behaviors/6/drops/2/quantityByType/*-baby-*/avg",
    "value": 0.5
  },
  {
    "dependsOn": [
      {
        "modId": "sirenia"
      }
    ],
    "file": "sirenia:entities/water/sirenia.json",
    "op": "replace",
    "path": "/server/behaviors/6/drops/3/quantityByType/*-adult-*/avg",
    "value": 0.5
  },
  {
    "dependsOn": [
      {
        "modId": "sirenia"
      }
    ],
    "file": "sirenia:entities/water/sirenia.json",
    "op": "replace",
    "path": "/server/behaviors/6/drops/4/quantityByType/sirenia-adult-female-dugon/avg",
    "value": 6.5
  },
  {
    "dependsOn": [
      {
        "modId": "sirenia"
      }
    ],
    "file": "sirenia:entities/water/sirenia.json",
    "op": "replace",
    "path": "/server/behaviors/6/drops/4/quantityByType/sirenia-adult-female-dugon/var",
    "value": 0.5
  },
  {
    "dependsOn": [
      {
        "modId": "sirenia"
      }
    ],
    "file": "sirenia:entities/water/sirenia.json",
    "op": "replace",
    "path": "/server/behaviors/6/drops/4/quantityByType/sirenia-adult-female-gigas/avg",
    "value": 168.5
  },
  {
    "dependsOn": [
      {
        "modId": "sirenia"
      }
    ],
    "file": "sirenia:entities/water/sirenia.json",
    "op": "replace",
    "path": "/server/behaviors/6/drops/4/quantityByType/sirenia-adult-female-gigas/var",
    "value": 18.5
  },
  {
    "dependsOn": [
      {
        "modId": "sirenia"
      }
    ],
    "file": "sirenia:entities/water/sirenia.json",
    "op": "replace",
    "path": "/server/behaviors/6/drops/4/quantityByType/sirenia-adult-female-inunguis/avg",
    "value": 6
  },
  {
    "dependsOn": [
      {
        "modId": "sirenia"
      }
    ],
    "file": "sirenia:entities/water/sirenia.json",
    "op": "replace",
    "path": "/server/behaviors/6/drops/4/quantityByType/sirenia-adult-female-inunguis/var",
    "value": 0.5
  },
  {
    "dependsOn": [
      {
        "modId": "sirenia"
      }
    ],
    "file": "sirenia:entities/water/sirenia.json",
    "op": "replace",
    "path": "/server/behaviors/6/drops/4/quantityByType/sirenia-adult-female-manatus/avg",
    "value": 10
  },
  {
    "dependsOn": [
      {
        "modId": "sirenia"
      }
    ],
    "file": "sirenia:entities/water/sirenia.json",
    "op": "replace",
    "path": "/server/behaviors/6/drops/4/quantityByType/sirenia-adult-female-manatus/var",
    "value": 1
  },
  {
    "dependsOn": [
      {
        "modId": "sirenia"
      }
    ],
    "file": "sirenia:entities/water/sirenia.json",
    "op": "replace",
    "path": "/server/behaviors/6/drops/4/quantityByType/sirenia-adult-female-senegalensis/avg",
    "value": 7.5
  },
  {
    "dependsOn": [
      {
        "modId": "sirenia"
      }
    ],
    "file": "sirenia:entities/water/sirenia.json",
    "op": "replace",
    "path": "/server/behaviors/6/drops/4/quantityByType/sirenia-adult-female-senegalensis/var",
    "value": 0.5
  },
  {
    "dependsOn": [
      {
        "modId": "sirenia"
      }
    ],
    "file": "sirenia:entities/water/sirenia.json",
    "op": "replace",
    "path": "/server/behaviors/6/drops/4/quantityByType/sirenia-adult-male-dugon/avg",
    "value": 5.5
  },
  {
    "dependsOn": [
      {
        "modId": "sirenia"
      }
    ],
    "file": "sirenia:entities/water/sirenia.json",
    "op": "replace",
    "path": "/server/behaviors/6/drops/4/quantityByType/sirenia-adult-male-dugon/var",
    "value": 0.5
  },
  {
    "dependsOn": [
      {
        "modId": "sirenia"
      }
    ],
    "file": "sirenia:entities/water/sirenia.json",
    "op": "replace",
    "path": "/server/behaviors/6/drops/4/quantityByType/sirenia-adult-male-gigas/avg",
    "value": 112.5
  },
  {
    "dependsOn": [
      {
        "modId": "sirenia"
      }
    ],
    "file": "sirenia:entities/water/sirenia.json",
    "op": "replace",
    "path": "/server/behaviors/6/drops/4/quantityByType/sirenia-adult-male-gigas/var",
    "value": 12.5
  },
  {
    "dependsOn": [
      {
        "modId": "sirenia"
      }
    ],
    "file": "sirenia:entities/water/sirenia.json",
    "op": "replace",
    "path": "/server/behaviors/6/drops/4/quantityByType/sirenia-adult-male-inunguis/avg",
    "value": 5
  },
  {
    "dependsOn": [
      {
        "modId": "sirenia"
      }
    ],
    "file": "sirenia:entities/water/sirenia.json",
    "op": "replace",
    "path": "/server/behaviors/6/drops/4/quantityByType/sirenia-adult-male-inunguis/var",
    "value": 0.5
  },
  {
    "dependsOn": [
      {
        "modId": "sirenia"
      }
    ],
    "file": "sirenia:entities/water/sirenia.json",
    "op": "replace",
    "path": "/server/behaviors/6/drops/4/quantityByType/sirenia-adult-male-manatus/avg",
    "value": 8
  },
  {
    "dependsOn": [
      {
        "modId": "sirenia"
      }
    ],
    "file": "sirenia:entities/water/sirenia.json",
    "op": "replace",
    "path": "/server/behaviors/6/drops/4/quantityByType/sirenia-adult-male-manatus/var",
    "value": 1
  },
  {
    "dependsOn": [
      {
        "modId": "sirenia"
      }
    ],
    "file": "sirenia:entities/water/sirenia.json",
    "op": "replace",
    "path": "/server/behaviors/6/drops/4/quantityByType/sirenia-adult-male-senegalensis/avg",
    "value": 7
  },
  {
    "dependsOn": [
      {
        "modId": "sirenia"
      }
    ],
    "file": "sirenia:entities/water/sirenia.json",
    "op": "replace",
    "path": "/server/behaviors/6/drops/4/quantityByType/sirenia-adult-male-senegalensis/var",
    "value": 0.5
  },
  {
    "dependsOn": [
      {
        "modId": "sirenia"
      }
    ],
    "file": "sirenia:entities/water/sirenia.json",
    "op": "replace",
    "path": "/server/behaviors/6/drops/4/quantityByType/sirenia-baby-*-dugon/avg",
    "value": 1.5
  },
  {
    "dependsOn": [
      {
        "modId": "sirenia"
      }
    ],
    "file": "sirenia:entities/water/sirenia.json",
    "op": "replace",
    "path": "/server/behaviors/6/drops/4/quantityByType/sirenia-baby-*-dugon/var",
    "value": 0.5
  },
  {
    "dependsOn": [
      {
        "modId": "sirenia"
      }
    ],
    "file": "sirenia:entities/water/sirenia.json",
    "op": "replace",
    "path": "/server/behaviors/6/drops/4/quantityByType/sirenia-baby-*-gigas/avg",
    "value": 8
  },
  {
    "dependsOn": [
      {
        "modId": "sirenia"
      }
    ],
    "file": "sirenia:entities/water/sirenia.json",
    "op": "replace",
    "path": "/server/behaviors/6/drops/4/quantityByType/sirenia-baby-*-gigas/var",
    "value": 1
  },
  {
    "dependsOn": [
      {
        "modId": "sirenia"
      }
    ],
    "file": "sirenia:entities/water/sirenia.json",
    "op": "replace",
    "path": "/server/behaviors/6/drops/4/quantityByType/sirenia-baby-*-inunguis/avg",
    "value": 0.5
  },
  {
    "dependsOn": [
      {
        "modId": "sirenia"
      }
    ],
    "file": "sirenia:entities/water/sirenia.json",
    "op": "replace",
    "path": "/server/behaviors/6/drops/4/quantityByType/sirenia-baby-*-inunguis/var",
    "value": 0.5
  },
  {
    "dependsOn": [
      {
        "modId": "sirenia"
      }
    ],
    "file": "sirenia:entities/water/sirenia.json",
    "op": "replace",
    "path": "/server/behaviors/6/drops/4/quantityByType/sirenia-baby-*-manatus/avg",
    "value": 1.5
  },
  {
    "dependsOn": [
      {
        "modId": "sirenia"
      }
    ],
    "file": "sirenia:entities/water/sirenia.json",
    "op": "replace",
    "path": "/server/behaviors/6/drops/4/quantityByType/sirenia-baby-*-manatus/var",
    "value": 0.5
  },
  {
    "dependsOn": [
      {
        "modId": "sirenia"
      }
    ],
    "file": "sirenia:entities/water/sirenia.json",
    "op": "replace",
    "path": "/server/behaviors/6/drops/4/quantityByType/sirenia-baby-*-senegalensis/avg",
    "value": 1.5
  },
  {
    "dependsOn": [
      {
        "modId": "sirenia"
      }
    ],
    "file": "sirenia:entities/water/sirenia.json",
    "op": "replace",
    "path": "/server/behaviors/6/drops/4/quantityByType/sirenia-baby-*-senegalensis/var",
    "value": 0.5
  },
  {
    "dependsOn": [
      {
        "modId": "sirenia"
      }
    ],
    "file": "sirenia:entities/water/sirenia.json",
    "op": "replace",
    "path": "/server/behaviors/8/hoursToGrowByType/*-dugon",
    "value": 700
  },
  {
    "dependsOn": [
      {
        "modId": "sirenia"
      }
    ],
    "file": "sirenia:entities/water/sirenia.json",
    "op": "replace",
    "path": "/server/behaviors/8/hoursToGrowByType/*-gigas",
    "value": 1100
  },
  {
    "dependsOn": [
      {
        "modId": "sirenia"
      }
    ],
    "file": "sirenia:entities/water/sirenia.json",
    "op": "replace",
    "path": "/server/behaviors/8/hoursToGrowByType/*-inunguis",
    "value": 876
  },
  {
    "dependsOn": [
      {
        "modId": "sirenia"
      }
    ],
    "file": "sirenia:entities/water/sirenia.json",
    "op": "replace",
    "path": "/server/behaviors/8/hoursToGrowByType/*-manatus",
    "value": 438
  },
  {
    "dependsOn": [
      {
        "modId": "sirenia"
      }
    ],
    "file": "sirenia:entities/water/sirenia.json",
    "op": "replace",
    "path": "/server/behaviors/8/hoursToGrowByType/*-senegalensis",
    "value": 438
  },
  {
    "dependsOn": [
      {
        "modId": "sirenia"
      }
    ],
    "file": "sirenia:entities/water/sirenia.json",
    "op": "replace",
    "path": "/server/behaviors/7/multiplyCooldownDaysMax",
    "value": 73
  },
  {
    "dependsOn": [
      {
        "modId": "sirenia"
      }
    ],
    "file": "sirenia:entities/water/sirenia.json",
    "op": "replace",
    "path": "/server/behaviors/7/multiplyCooldownDaysMin",
    "value": 37
  },
  {
    "dependsOn": [
      {
        "modId": "sirenia"
      }
    ],
    "file": "sirenia:entities/water/sirenia.json",
    "op": "replace",
    "path": "/server/behaviors/7/pregnancyDaysByType/*-dugon",
    "value": 43
  },
  {
    "dependsOn": [
      {
        "modId": "sirenia"
      }
    ],
    "file": "sirenia:entities/water/sirenia.json",
    "op": "replace",
    "path": "/server/behaviors/7/pregnancyDaysByType/*-gigas",
    "value": 43
  },
  {
    "dependsOn": [
      {
        "modId": "sirenia"
      }
    ],
    "file": "sirenia:entities/water/sirenia.json",
    "op": "replace",
    "path": "/server/behaviors/7/pregnancyDaysByType/*-inunguis",
    "value": 37
  },
  {
    "dependsOn": [
      {
        "modId": "sirenia"
      }
    ],
    "file": "sirenia:entities/water/sirenia.json",
    "op": "replace",
    "path": "/server/behaviors/7/pregnancyDaysByType/*-manatus",
    "value": 37
  },
  {
    "dependsOn": [
      {
        "modId": "sirenia"
      }
    ],
    "file": "sirenia:entities/water/sirenia.json",
    "op": "replace",
    "path": "/server/behaviors/7/pregnancyDaysByType/*-senegalensis",
    "value": 37
  }
]
