{
	"code": "repair-tools",
	"behaviors": [
		{ "name": "GroundStorable", "properties": { "layout": "SingleCenter" } }
	],
	"variantgroups": [
		{ "code": "metal", "states": [ "copper", "tinbronze", "bismuthbronze", "blackbronze", "iron", "meteoriciron", "steel" ] },
	],
	"attributes": {
		"groundStorageTransform": {
			"translation": { "x": 0.08, "y": -0.38, "z": 0.05 },
			"rotation": { "x": 0, "y": 5, "z": 0 },
			"scale": 0.93
		}
	},
	"shape": { "base": "fendragonsmp:item/repair/repair-kit" },
	"textures": {
		"ore": { "base": "game:block/metal/ingot/{metal}" }
	},
	"materialDensity": 500,
	"maxstacksize": 16,
	"durability": 1,
	"creativeinventory": { "general": [ "*" ], "items": [ "*" ], "tools": [ "*" ], "FendragonSMP": [ "*" ] },
	guiTransform: {
		translation: { x: -1.9, y: -3.8, z: 0 },
		rotation: { x: -11, y: -10, z: -180 },
		origin: { x: 0.6, y: 0.5, z: 0 },
		scale: 3.52
	},
	tpHandTransform: {
		translation: { x: -3, y: -4.7, z: -1.5 },
		rotation: { x: -85, y: 0, z: -92 },
		origin: { x: 0.5, y: 2.7, z: 1 },
		scale: 0.66
	},
	groundTransform: {
		translation: { x: 0, y: 0.1, z: 0 },
		rotation: { x: 0, y: -28, z: 0 },
		origin: { x: 0.5, y: 0.5, z: 0.5299 },
		scale: 3.9
	}
}