{
	code: "shingleform",
	shape: { base: "fendragonsmp:item/shingleform"	},
    creativeinventory: { "general": ["*"], "items": ["*"], "FendragonSMP": ["*"]  },
	behaviors: [
			{ name: "GroundStorable" }
	],
    attributes: {
		displaycaseable: true, 
		shelvable: true,
		onDisplayTransform: {
		translation: { x: -5, y: 10, z: 0 },
		rotation: { x: 30, y: -21, z: 3 },
		origin: { x: 0, y: 0, z: 0 },
		scale: 1.64
		}
	},
    maxstacksize: 1,
	durability: 100,
    materialDensity: 450,
	tpHandTransform: {
		rotation: { x: -12, y: -90, z: 20 }
	},
	guiTransform: {
		translation: { x: -5, y: 10, z: 0 },
		rotation: { x: 30, y: -21, z: 3 },
		origin: { x: 0, y: 0, z: 0 },
		scale: 1.64
	},
	sounds: {
		"place": "game:block/planks",
		"hit": "game:block/planks",
		"break": "game:block/planks",
		"walk": "game:walk/wood"
	}
}