{
	"editor": {
		"allAngles": false,
		"entityTextureMode": false
	},
	"textureWidth": 16,
	"textureHeight": 16,
	"textures": { },
	"elements": [
		{
			"name": "origin",
			"from": [ 0.0, 0.0, 0.0 ],
			"to": [ 0.0, 0.0, 0.0 ],
			"rotationOrigin": [ 8.0, 2.0171, 8.0 ],
			"faces": {
				"north": { "texture": "#fleece", "uv": [ 0.0, 0.0, 0.0, 0.0 ] },
				"east": { "texture": "#fleece", "uv": [ 0.0, 0.0, 0.0, 0.0 ] },
				"south": { "texture": "#fleece", "uv": [ 0.0, 0.0, 0.0, 0.0 ] },
				"west": { "texture": "#fleece", "uv": [ 0.0, 0.0, 0.0, 0.0 ] },
				"up": { "texture": "#fleece", "uv": [ 0.0, 0.0, 0.0, 0.0 ] },
				"down": { "texture": "#fleece", "uv": [ 0.0, 0.0, 0.0, 0.0 ] }
			},
			"children": [
				{
					"name": "cube0",
					"from": [ 3.0, 0.5412, 6.5 ],
					"to": [ 13.0, 3.5412, 9.5 ],
					"rotationOrigin": [ 8.0, 2.0412, 8.0 ],
					"rotationZ": 16.5,
					"faces": {
						"north": { "texture": "#fuzz", "uv": [ 0.0, 0.0, 3.0, 10.0 ], "rotation": 90, "autoUv": false },
						"east": { "texture": "#fuzz", "uv": [ 4.0, 3.0, 7.0, 6.0 ], "autoUv": false },
						"south": { "texture": "#fuzz", "uv": [ 0.0, 0.0, 3.0, 10.0 ], "rotation": 90, "autoUv": false },
						"west": { "texture": "#fuzz", "uv": [ 10.5, 4.5, 13.5, 7.5 ], "autoUv": false },
						"up": { "texture": "#fuzz", "uv": [ 0.0, 0.0, 3.0, 10.0 ], "rotation": 90, "autoUv": false },
						"down": { "texture": "#fuzz", "uv": [ 0.0, 0.0, 3.0, 10.0 ], "rotation": 90, "autoUv": false }
					}
				},
				{
					"name": "cube1",
					"from": [ 3.0, 0.5412, 6.5 ],
					"to": [ 13.0, 3.5412, 9.5 ],
					"rotationOrigin": [ 8.0, 2.0412, 8.0 ],
					"rotationZ": -16.5,
					"faces": {
						"north": { "texture": "#fuzz", "uv": [ 4.5, 3.0, 7.5, 13.0 ], "rotation": 90, "autoUv": false },
						"east": { "texture": "#fuzz", "uv": [ 3.5, 7.5, 6.5, 10.5 ], "autoUv": false },
						"south": { "texture": "#fuzz", "uv": [ 4.5, 3.0, 7.5, 13.0 ], "rotation": 90, "autoUv": false },
						"west": { "texture": "#fuzz", "uv": [ 8.5, 4.0, 11.5, 7.0 ], "autoUv": false },
						"up": { "texture": "#fuzz", "uv": [ 4.5, 3.0, 7.5, 13.0 ], "rotation": 90, "autoUv": false },
						"down": { "texture": "#fuzz", "uv": [ 4.5, 3.0, 7.5, 13.0 ], "rotation": 90, "autoUv": false }
					}
				},
				{
					"name": "cube2",
					"from": [ 3.0, 0.5, 6.5 ],
					"to": [ 13.0, 3.5, 9.5 ],
					"rotationOrigin": [ 8.0, 2.0, 8.0 ],
					"rotationY": 16.5,
					"faces": {
						"north": { "texture": "#fleece", "uv": [ 10.5, 2.0, 13.5, 12.0 ], "rotation": 90, "autoUv": false },
						"east": { "texture": "#fleece", "uv": [ 8.0, 4.5, 11.0, 7.5 ], "autoUv": false },
						"south": { "texture": "#fleece", "uv": [ 10.5, 2.0, 13.5, 12.0 ], "rotation": 90, "autoUv": false },
						"west": { "texture": "#fleece", "uv": [ 11.0, 8.0, 14.0, 11.0 ], "autoUv": false },
						"up": { "texture": "#fleece", "uv": [ 10.5, 2.0, 13.5, 12.0 ], "rotation": 90, "autoUv": false },
						"down": { "texture": "#fleece", "uv": [ 10.5, 2.0, 13.5, 12.0 ], "rotation": 90, "autoUv": false }
					}
				},
				{
					"name": "cube3",
					"from": [ 3.0, 0.51, 6.5 ],
					"to": [ 13.0, 3.51, 9.5 ],
					"rotationOrigin": [ 8.0, 2.01, 8.0 ],
					"rotationY": -16.5,
					"faces": {
						"north": { "texture": "#fleece", "uv": [ 12.5, 0.5, 15.5, 10.5 ], "rotation": 90, "autoUv": false },
						"east": { "texture": "#fleece", "uv": [ 2.5, 8.5, 5.5, 11.5 ], "autoUv": false },
						"south": { "texture": "#fleece", "uv": [ 12.5, 0.5, 15.5, 10.5 ], "rotation": 90, "autoUv": false },
						"west": { "texture": "#fleece", "uv": [ 12.5, 11.5, 15.5, 14.5 ], "autoUv": false },
						"up": { "texture": "#fleece", "uv": [ 12.5, 0.5, 15.5, 10.5 ], "rotation": 90, "autoUv": false },
						"down": { "texture": "#fleece", "uv": [ 12.5, 0.5, 15.5, 10.5 ], "rotation": 90, "autoUv": false }
					}
				},
				{
					"name": "cord1",
					"from": [ 7.75, 0.0, 6.0 ],
					"to": [ 8.25, 4.0, 10.0 ],
					"rotationOrigin": [ 8.0, 2.0021, 8.0 ],
					"rotationY": -15.0,
					"faces": {
						"north": { "texture": "#cord", "uv": [ 4.0, 12.0, 4.5, 16.0 ], "autoUv": false },
						"east": { "texture": "#cord", "uv": [ 4.0, 12.0, 8.0, 16.0 ], "autoUv": false },
						"south": { "texture": "#cord", "uv": [ 4.0, 12.0, 4.5, 16.0 ], "autoUv": false },
						"west": { "texture": "#cord", "uv": [ 4.0, 12.0, 8.0, 16.0 ], "autoUv": false },
						"up": { "texture": "#cord", "uv": [ 4.0, 12.0, 4.5, 16.0 ], "autoUv": false },
						"down": { "texture": "#cord", "uv": [ 4.0, 12.0, 4.5, 16.0 ], "autoUv": false }
					}
				},
				{
					"name": "cord2",
					"from": [ 7.75, 0.01, 6.0 ],
					"to": [ 8.25, 4.01, 10.0 ],
					"rotationOrigin": [ 8.0, 2.0021, 8.0 ],
					"rotationY": 10.0,
					"faces": {
						"north": { "texture": "#cord", "uv": [ 4.0, 12.0, 4.5, 16.0 ], "autoUv": false },
						"east": { "texture": "#cord", "uv": [ 4.0, 12.0, 8.0, 16.0 ], "autoUv": false },
						"south": { "texture": "#cord", "uv": [ 4.0, 12.0, 4.5, 16.0 ], "autoUv": false },
						"west": { "texture": "#cord", "uv": [ 4.0, 12.0, 8.0, 16.0 ], "autoUv": false },
						"up": { "texture": "#cord", "uv": [ 4.0, 12.0, 4.5, 16.0 ], "autoUv": false },
						"down": { "texture": "#cord", "uv": [ 4.0, 12.0, 4.5, 16.0 ], "autoUv": false }
					}
				}
			]
		}
	]}
