{
  "code": "thrownbola",
  "class": "bola.thrownbola",
  "attributes": {
    "isProjectile": true,
    "physics": {
      "groundDragFactor": 1,
      "airDragFactor": 0.1
    }
  },
  "hitboxSize": {
    "x": 0.4,
    "y": 0.4
  },
  "deadHitboxSize": {
    "x": 0.25,
    "y": 0.125
  },
  "client": {
    "renderer": "Shape",
    "shape": { "base": "bola:item/tool/bola-thrown" },
    "textures": {
      "reedrope": { "base": "game:block/cloth/reedrope" },
      "ropedcloth": { "base": "game:block/cloth/ropedcloth" },
      "material": { "base": "game:block/stone/rock/granite1" }
    },
    "size": 1,
    "behaviors": [
      { "code": "passivephysics" },
      { "code": "interpolateposition" }
    ]
  },
  "server": {
    "behaviors": [
      { "code": "passivephysics" },
      {
        "code": "despawn",
        "minSeconds": 100
      }
    ]
  },
  "sounds": {
  }

}