{
	code: "bochka",
	//class: "Block",
	classByType: {
		"*-50l": "BlockLiquidContainerTopOpened", 
		"*-15l": "BlockLiquidContainerTopOpened"
	},
	variantgroups: [
		{ code: "size", states: ["50l", "15l"] }
	],
	shape: { base: "fendragonsmp:block/wood/bochechka" },
	behaviorsByType: {
		"*-50l": [
			{ name: "GroundStorable", properties: { layout: "SingleCenter", collisionBox: { x1: 0.0441, y1: 0.126, z1: 0.1323, x2: 0.9055, y2: 0.8047, z2: 0.811 } } },
			{ name: "Unplaceable", "__comment": "The ground storable obsoletes this being a block. Should be an item, but is kept a block for backwards compatibility" }, 
			{ name: "RightClickPickup" }, 
			{ name: "MilkingContainer" }

		],
		"*-15l": [
		    { name: "GroundStorable", properties: { layout: "Quadrants", collisionBox: { x1: 0, y1: 0, z1: 0, x2: 1, y2: 0.2, z2: 1 } } },
			{ name: "Unplaceable", "__comment": "The ground storable obsoletes this being a block. Should be an item, but is kept a block for backwards compatibility" },
			{ name: "RightClickPickup"},
			{ name: "MilkingContainer" }			
		]
	},
	attributes: {
		groundStorageTransformByType: {
			"*-50l": {
				origin: { x: -0.5, y: 0.5, z: 0.5 }
			},
			"*-15l": {
				translation: { x: 0.55, y: -0.25, z: 0.05 },
				origin: { x: -0.5, y: 0.5, z: 0.5 },
				scale: 0.45
			}
		},
		liquidContainerPropsByType: {
			"*-50l": {
				capacityLitres: 50,
				transferSizeLitres: 0.1,
				emptyShapeLoc: "fendragonsmp:block/wood/bochechka",
				opaqueContentShapeLoc: "game:shapes/block/basic/nothing",
				liquidContentShapeLoc: "game:shapes/block/basic/nothing",
				liquidMaxYTranslate: 0.05
			},
			"*-15l": {
				capacityLitres: 15,
				transferSizeLitres: 0.1,
				emptyShapeLoc: "fendragonsmp:block/wood/bochechka",
				opaqueContentShapeLoc: "game:shapes/block/basic/nothing",
				liquidContentShapeLoc: "game:shapes/block/basic/nothing",
				liquidMaxYTranslate: 0.05
			}
		}
	},	
	creativeinventory: { "general": ["*"], "decorative": ["*"], "FendragonSMP": ["*"] },
	blockmaterial: "Wood",
	replaceable: 900,
	resistance: 1.5,
	liquidSelectable: 1,
	lightAbsorption: 1,
	maxStackSizeByType: {
		"*-50l": 1,
		"*-15l": 4
	},
	sidesolid: {
		all: false
	},
	sideopaque: {
		all: false
	},
	emitsideao: {
		all: false
	},
	sounds: {
		"place": "block/planks",
		"hit": "block/planks",
		"break": "block/planks",
		"walk": "walk/wood"
	},
	guiTransformByType: {
		"*-50l": {
			rotation: { x: -22.6, y: -32, z: 0 },
			scale: 1.22
		},
		"*-15l": {
			rotation: { x: -22.6, y: -44, z: 0 },
			scale: 0.95
		}
	},
	tpHandTransformByType: {
		"*-50l": {
			translation: { x: -1.5, y: -2, z: -1.5 },
			rotation: { x: 0, y: -180, z: 0 },
			scale: 0.34
		},
		"*-15l": {
			translation: { x: -2.1, y: -2.5, z: -2 },
			rotation: { x: 0, y: -180, z: 0 },
			scale: 0.25
		}
	},
	groundTransformByType: {
		"*-50l": {
			translation: { x: 0, y: 0, z: 0 },
			rotation: { x: 0, y: -45, z: 0 },
			origin: { x: 0.5, y: 0, z: 0.5 },
			scale: 2
		},
		"*-15l": {
			translation: { x: 0, y: 0, z: 0 },
			rotation: { x: 0, y: -45, z: 0 },
			origin: { x: 0.5, y: 0, z: 0.5 },
			scale: 1.5	
		}
	},
	selectionBoxByType: {
		"*-50l": { 
			x1: 0.0441, y1: 0.126, z1: 0.1323, x2: 0.9055, y2: 0.8047, z2: 0.811 
		},
		"*-15l": {
			x1: 0, y1: 0, z1: 0, x2: 1, y2: 0.2, z2: 1	
		}
	}
}
