{
	code: "chock",
	class: "BlockGeneric",
	entityClass: "Generic",
	behaviors: [ 
		{ name: "Lockable" },
		{ name: "HorizontalOrientable" }
	],
	attributes: {
		ignoreServerReplaceableTest: true,
		reinforcable: true,
		handbook: {
			groupBy: ["chock"]
		},
		airtight: false,
		width: 1,
		length: 1,
		height: 0,
		easingSpeed: 10
	},
	maxstacksize: 64,
	climbable: true,
	creativeinventory: { "general": ["chock"], "decorative": ["chock"], "FendragonSMP": [ "chock" ] },
	shape: { base: "fendragonsmp:block/wood/chock" },
	renderPass: "OpaqueNoCull",
	faceCullMode: "NeverCull",
	blockmaterial: "Wood",
	sideAo: { all: false },
	heldTpIdleAnimation: "holdunderarm",
	replaceable: 500,
	resistance: 3.5,
	lightAbsorption: 0,
	materialDensity: 300,
	sidesolid: { all: false },
	sideopaque: { all: false },
	combustibleProps: {
		burnTemperature: 300,
		burnDuration: 10,
	},
	sounds: {
		"place": "game:block/planks",
		"hit": "game:block/planks",
		"break": "game:block/planks",
		"walk": "game:walk/wood"
	},
}