{
	"code": "composter",
	"enabled": true,
	"entityclass": "GenericTypedContainer",
	"variantgroups": [
		{ "code": "wood", "states": ["aged"], "loadFromProperties": "game:block/wood" }
	],
	"behaviors": [	{ "name": "HorizontalOrientable" },
					{ "name": "Lockable" },
					{ "name": "Container" }	
	],	
	"creativeinventory": { "general": ["composter-*"], "items": ["composter-*"], "FendragonSMP": [ "composter-*" ] },	
	"maxstacksize": 1,	
	"attributes": {
		"partialAttachable": true,
		"inventoryClassName": "chest",
		"defaultType": "normal",
		"drop": {
			"normal": true
		},
		"quantitySlots": { 
			"normal": 12
		},
		"storageType": { 
			"normal": 32 
		},
		"retrieveOnly": {
			"normal": false
		},
		"typedOpenSound": { 
			"normal": "game:sounds/block/barrelopen"
		},
		"dialogTitleLangCode": { 
			"normal": "chestcontents" 
		},		
		"spoilSpeedMulByFoodCat": {
			"normal": {	
				"vegetable": 389,
				"fruit": 389,
				"protein": 389,
				"grain": 389,
				"dairy": 389,
				"unknown": 389,
				"nonutrition": 389
			}
		},
		"typedCloseSound": { 
			"normal": "game:sounds/block/barrelclose"
		}
	},
	"shape": { "base": "fendragonsmp:block/wood/composter" },	
	"blockmaterial": "Wood",
	"sideopaque": {
		"all": false
	},
	"textures": { 
		"aged": { "base": "game:block/wood/debarked/{wood}" } 
	},
	"resistance": 1,
	"sounds": {
		"place": "game:block/planks",
		"hit": "game:block/planks",
		"break": "game:block/planks",
		"walk": "game:walk/wood"
	},
	"guiTransform": {
		"rotation": { "x": -15, "y": -115, "z": 0 },
		"scale": 1.15
	}
}