{
	code: "fenwindow",
    class: "BlockTrapdoor",
    behaviors: [ 
        {name: "Lockable" },
        {name: "HorizontalOrientable", properties: { drop: { type:"block", code: "fendragonsmp:fenwindow-close-{wood}-{glass}-east" } }}, 
        {
			name: "ExchangeOnInteract",
			properties: {
				exchangeStates: ["*-close-*-*", "*-open-*-*"],
				sound: "block/door",
				actionLangCode: "blockhelp-trapdoor-openclose"
			}
		} 
    ],
	variantgroups: [
		{ code: "state", states: [ "close", "open" ] },
        { code:"wood", states: [ "aged", "acacia", "baldcypress", "birch", "ebony", "kapok", "larch", "maple", "oak", "pine", "purpleheart", "redwood", "walnut" ] },
		{ code:"glass", states: [ "leaded" ] }, //Якщо зайде людям, то можна зробити різні кольори - "green", "blue", "red", "yellow", "pink", "violet", "brown" ] },
        { code: "side", loadFromProperties: "abstract/horizontalorientation" }
	],
	shapeByType: {
		"*-north": {  base: "fendragonsmp:block/wood/windows/windows-{state}", rotateY: 270 },
		"*-east": { base: "fendragonsmp:block/wood/windows/windows-{state}", rotateY: 180 },
		"*-west": {  base: "fendragonsmp:block/wood/windows/windows-{state}", rotateY: 0 },
		"*-south": { base: "fendragonsmp:block/wood/windows/windows-{state}", rotateY: 90 }
	},
	drawtype: "json",
	"texturesbytype": {
        "fenwindow-close-*":{
			"frame": { base: "game:block/wood/debarked/{wood}"},
			"glass": { base: "game:block/glass/{glass}" },
			"ramka": { base: "game:block/wood/debarked/{wood}" },
			"putty": { base: "game:block/glass/frame" }
        },
        "fenwindow-open-*":{
			"frame": { base: "game:block/wood/debarked/{wood}"},
			"glass": { base: "game:block/glass/{glass}" },
			"ramka": { base: "game:block/wood/debarked/{wood}" },
			"putty": { base: "game:block/glass/frame" }
        }
	},
    creativeinventory: {  "general": ["fenwindow-close-*-*-east"], "decorative": ["fenwindow-close-*-*-east"], "FendragonSMP": ["fenwindow-close-*-*-east"] },
	blockmaterial: "Wood",
	replaceable: 900,
	lightAbsorption: 1,
    sidesolid: {
		all: true
	},	
	sideopaque: {
		all: false
	},
    sideAo: { all: false },
	resistance: 3,

	selectionBoxByType: {
		"*": { x1: 0.4375, y1: 0, z1: 0, x2: 0.5625, y2: 1, z2: 1, 
			rotateYByType: {
				"*-north": 270,
				"*-east": 180,
				"*-west": 0,
				"*-south": 90
			}		
		}
	},	
	combustibleProps: {
		burnTemperature: 600,
		burnDuration: 15
	},
	sounds: {
		"place": "game:block/planks.ogg",
		"hit": "game:block/glass.ogg",
		"break": "game:block/glass.ogg",
		"walk": "game:walk/wood1.ogg"
	}
}
