{
	code: "ropebridge",
	behaviors: [{name: "HorizontalOrientable"}],
	"vertexFlags": { "waterWave": true },
	variantgroups: [
		{ code: "position", "states": [ "middle" ] },
		{ code: "half", "states": [ "right" ] },
		{ code: "wood", states: ["aged"], loadFromProperties: "game:block/wood" },
		{ code:"side", loadFromProperties: "game:abstract/horizontalorientation" }
	],
	creativeinventory: { "general": ["*-north"], "construction": ["*-north"], "FendragonSMP": ["*-north"] },
	shapeByType: {
		"*-north": { base: "block/wood/ropebridge-middle-right", rotateY:0 },
		"*-east": { base: "block/wood/ropebridge-middle-right", rotateY:270 },
		"*-south": { base: "block/wood/ropebridge-middle-right", rotateY:180 },
		"*-west": { base: "block/wood/ropebridge-middle-right", rotateY:90 },
	},
	blockmaterial: "Wood",
	textures: {
		"plank": { base: "game:block/wood/debarked/{wood}" }
	},
	collisionboxes: [
		{ x1: 0, y1: 0, z1: 0, x2: 1, y2: 0.125, z2: 1 },
		{ x1: 0.875, y1: 0.125, z1: 0, x2: 1, y2: 1.425, z2: 1, rotateYByType: {  "*-west": 90, "*-south": 180, "*-east": 270 } }
	],
	selectionboxes: [
		{ x1: 0, y1: 0, z1: 0, x2: 1, y2: 0.125, z2: 1 },
		{ x1: 0.875, y1: 0.125, z1: 0, x2: 1, y2: 1, z2: 1, rotateYByType: {  "*-west": 90, "*-south": 180, "*-east": 270 } }
	],
	sidesolid: {
		all: false
	},
	sideopaque: {
		all: false
	},
	resistance: 1,
	sounds: {
		"place": "game:block/planks",
		"walk": "game:walk/wood"
	},
	combustibleProps: {
		burnTemperature: 800,
		burnDuration: 24,
	},
	materialDensity: 400,
	heldTpIdleAnimation: "holdbothhandslarge", heldTpUseAnimation: "twohandplaceblock",
	tpHandTransform: {
		translation: { x: -1.2, y: -1.1, z: -0.8 },
		rotation: { x: -2, y: 25, z: -78 },
		scale: 0.37
	}
}