{
	"editor": {
		"allAngles": false,
		"entityTextureMode": false
	},
	"textureWidth": 16,
	"textureHeight": 16,
	"textureSizes": {
	},
	"textures": {
		"iron5": "game:block/metal/sheet-plain/iron5",
		"legs": "game:block/wood/chair/normal/legs",
		"bottom": "game:block/wood/cupboard/normal/bottom",
		"sides": "game:block/wood/cupboard/normal/sides",
		"accessories": "game:block/wood/trunk/accessories"
	},
	"elements": [
		{
			"name": "origin1",
			"from": [ 8.0, 0.0, 8.0 ],
			"to": [ 8.0, 0.0, 8.0 ],
			"rotationOrigin": [ 8.0, 0.0, 8.0 ],
			"faces": {
			},
			"children": [
				{
					"name": "bottom",
					"from": [ -7.75, 0.5, -7.75 ],
					"to": [ 7.75, 1.5, 7.75 ],
					"rotationOrigin": [ -7.8, 0.5, -7.7 ],
					"faces": {
						"south": { "texture": "#legs", "uv": [ 0.0, 0.0, 15.5, 1.0 ] },
						"up": { "texture": "#bottom", "uv": [ 0.0, 0.0, 15.5, 15.5 ] },
						"down": { "texture": "#legs", "uv": [ 0.0, 0.0, 15.5, 15.5 ] }
					}
				},
				{
					"name": "column",
					"from": [ -8.0, 0.0, -8.0 ],
					"to": [ -6.5, 16.0, -6.5 ],
					"rotationOrigin": [ -8.0, 0.0, -8.0 ],
					"faces": {
						"north": { "texture": "#sides", "uv": [ 14.5, 1.0, 16.0, 16.0 ], "autoUv": false },
						"east": { "texture": "#sides", "uv": [ 14.5, 1.0, 16.0, 16.0 ], "autoUv": false },
						"south": { "texture": "#sides", "uv": [ 0.0, 1.0, 1.5, 16.0 ], "autoUv": false },
						"west": { "texture": "#sides", "uv": [ 0.0, 1.0, 1.5, 16.0 ], "autoUv": false },
						"down": { "texture": "#legs", "uv": [ 0.0, 0.0, 1.5, 1.5 ] }
					}
				},
				{
					"name": "column2",
					"from": [ 6.5, 0.0, -8.0 ],
					"to": [ 8.0, 16.0, -6.5 ],
					"rotationOrigin": [ 6.5, 0.0, -8.0 ],
					"faces": {
						"north": { "texture": "#sides", "uv": [ 0.0, 1.0, 1.5, 16.0 ], "autoUv": false },
						"east": { "texture": "#sides", "uv": [ 14.5, 1.0, 16.0, 16.0 ], "autoUv": false },
						"south": { "texture": "#sides", "uv": [ 14.5, 1.0, 16.0, 16.0 ], "autoUv": false },
						"west": { "texture": "#sides", "uv": [ 0.0, 1.0, 1.5, 16.0 ], "autoUv": false },
						"down": { "texture": "#legs", "uv": [ 0.0, 0.0, 1.5, 1.5 ] }
					}
				},
				{
					"name": "column3",
					"from": [ -8.0, 0.0, 6.5 ],
					"to": [ -6.5, 16.0, 8.0 ],
					"rotationOrigin": [ -8.0, 0.0, 6.5 ],
					"faces": {
						"north": { "texture": "#sides", "uv": [ 14.5, 1.0, 16.0, 16.0 ], "autoUv": false },
						"east": { "texture": "#sides", "uv": [ 0.0, 1.0, 1.5, 16.0 ], "autoUv": false },
						"south": { "texture": "#sides", "uv": [ 0.0, 1.0, 1.5, 16.0 ], "autoUv": false },
						"west": { "texture": "#sides", "uv": [ 14.5, 1.0, 16.0, 16.0 ], "autoUv": false },
						"down": { "texture": "#legs", "uv": [ 0.0, 0.0, 1.5, 1.5 ] }
					}
				},
				{
					"name": "column4",
					"from": [ 6.5, 0.0, 6.5 ],
					"to": [ 8.0, 16.0, 8.0 ],
					"rotationOrigin": [ 6.5, 0.0, 6.5 ],
					"faces": {
						"north": { "texture": "#sides", "uv": [ 0.0, 1.0, 1.5, 16.0 ], "autoUv": false },
						"east": { "texture": "#sides", "uv": [ 0.0, 1.0, 1.5, 16.0 ], "autoUv": false },
						"south": { "texture": "#sides", "uv": [ 14.5, 1.0, 16.0, 16.0 ], "autoUv": false },
						"west": { "texture": "#sides", "uv": [ 14.5, 1.0, 16.0, 16.0 ], "autoUv": false },
						"down": { "texture": "#legs", "uv": [ 0.0, 0.0, 1.5, 1.5 ] }
					}
				},
				{
					"name": "westside",
					"from": [ -7.75, 0.5, -7.5 ],
					"to": [ -6.75, 16.0, 7.5 ],
					"rotationOrigin": [ -7.7, 0.5, -7.5 ],
					"faces": {
						"east": { "texture": "#legs", "uv": [ 0.0, 0.0, 15.0, 15.5 ] },
						"west": { "texture": "#legs", "uv": [ 0.0, 0.0, 15.0, 15.5 ] }
					}
				},
				{
					"name": "northside",
					"from": [ -7.75, 0.5, -7.75 ],
					"to": [ 7.25, 16.0, -6.75 ],
					"rotationOrigin": [ -7.7, 0.5, -7.7 ],
					"faces": {
						"north": { "texture": "#legs", "uv": [ 0.0, 0.0, 15.0, 15.5 ] },
						"south": { "texture": "#legs", "uv": [ 0.0, 0.0, 15.0, 15.5 ], "windMode": [-1,-1,-1,-1], "windData": [0,0,1,1] }
					}
				},
				{
					"name": "eastside",
					"from": [ 6.75, 0.5, -7.75 ],
					"to": [ 7.75, 16.0, 7.25 ],
					"rotationOrigin": [ 6.8, 0.5, -7.7 ],
					"faces": {
						"east": { "texture": "#legs", "uv": [ 0.0, 0.0, 15.0, 15.5 ] },
						"west": { "texture": "#legs", "uv": [ 0.0, 0.0, 15.0, 15.5 ] }
					}
				},
				{
					"name": "nail",
					"from": [ 7.0, 0.75, 7.9 ],
					"to": [ 7.5, 1.25, 8.1 ],
					"rotationOrigin": [ 7.0, 0.8, 7.9 ],
					"faces": {
						"north": { "texture": "#iron5", "uv": [ 3.5, 3.5, 4.0, 4.0 ] },
						"east": { "texture": "#iron5", "uv": [ 3.0, 4.0, 3.5, 4.5 ] },
						"south": { "texture": "#iron5", "uv": [ 0.0, 9.5, 0.5, 10.0 ] },
						"west": { "texture": "#iron5", "uv": [ 3.5, 4.5, 4.0, 5.0 ] },
						"up": { "texture": "#iron5", "uv": [ 0.0, 11.5, 0.5, 12.0 ] },
						"down": { "texture": "#iron5", "uv": [ 3.0, 4.0, 3.5, 4.5 ] }
					}
				},
				{
					"name": "nail2",
					"from": [ 7.9, 0.75, 7.0 ],
					"to": [ 8.1, 1.25, 7.5 ],
					"rotationOrigin": [ 7.9, 0.8, 7.0 ],
					"faces": {
						"north": { "texture": "#iron5", "uv": [ 3.5, 5.0, 4.0, 5.5 ] },
						"east": { "texture": "#iron5", "uv": [ 3.5, 5.0, 4.0, 5.5 ] },
						"south": { "texture": "#iron5", "uv": [ 0.0, 9.5, 0.5, 10.0 ] },
						"west": { "texture": "#iron5", "uv": [ 3.0, 4.0, 3.5, 4.5 ] },
						"up": { "texture": "#iron5", "uv": [ 0.0, 11.5, 0.5, 12.0 ] },
						"down": { "texture": "#iron5", "uv": [ 2.5, 5.0, 3.0, 5.5 ] }
					}
				},
				{
					"name": "nail3",
					"from": [ 7.9, 0.75, -7.5 ],
					"to": [ 8.1, 1.25, -7.0 ],
					"rotationOrigin": [ 7.9, 0.8, -7.5 ],
					"faces": {
						"north": { "texture": "#iron5", "uv": [ 3.5, 5.0, 4.0, 5.5 ] },
						"east": { "texture": "#iron5", "uv": [ 3.5, 5.0, 4.0, 5.5 ] },
						"south": { "texture": "#iron5", "uv": [ 0.0, 9.5, 0.5, 10.0 ] },
						"west": { "texture": "#iron5", "uv": [ 3.0, 4.0, 3.5, 4.5 ] },
						"up": { "texture": "#iron5", "uv": [ 0.0, 11.5, 0.5, 12.0 ] },
						"down": { "texture": "#iron5", "uv": [ 2.5, 5.0, 3.0, 5.5 ] }
					}
				},
				{
					"name": "nail4",
					"from": [ 7.0, 0.75, -8.1 ],
					"to": [ 7.5, 1.25, -7.9 ],
					"rotationOrigin": [ 7.0, 0.8, -8.1 ],
					"faces": {
						"north": { "texture": "#iron5", "uv": [ 3.5, 3.5, 4.0, 4.0 ] },
						"east": { "texture": "#iron5", "uv": [ 3.0, 4.0, 3.5, 4.5 ] },
						"south": { "texture": "#iron5", "uv": [ 0.0, 9.5, 0.5, 10.0 ] },
						"west": { "texture": "#iron5", "uv": [ 3.5, 4.5, 4.0, 5.0 ] },
						"up": { "texture": "#iron5", "uv": [ 0.0, 11.5, 0.5, 12.0 ] },
						"down": { "texture": "#iron5", "uv": [ 3.0, 4.0, 3.5, 4.5 ] }
					}
				},
				{
					"name": "nail5",
					"from": [ -7.5, 0.75, -8.1 ],
					"to": [ -7.0, 1.25, -7.9 ],
					"rotationOrigin": [ -7.5, 0.8, -8.1 ],
					"faces": {
						"north": { "texture": "#iron5", "uv": [ 3.5, 3.5, 4.0, 4.0 ] },
						"east": { "texture": "#iron5", "uv": [ 3.0, 4.0, 3.5, 4.5 ] },
						"south": { "texture": "#iron5", "uv": [ 0.0, 9.5, 0.5, 10.0 ] },
						"west": { "texture": "#iron5", "uv": [ 3.5, 4.5, 4.0, 5.0 ] },
						"up": { "texture": "#iron5", "uv": [ 0.0, 11.5, 0.5, 12.0 ] },
						"down": { "texture": "#iron5", "uv": [ 3.0, 4.0, 3.5, 4.5 ] }
					}
				},
				{
					"name": "nail6",
					"from": [ -8.1, 0.75, -7.5 ],
					"to": [ -7.9, 1.25, -7.0 ],
					"rotationOrigin": [ -8.1, 0.8, -7.5 ],
					"faces": {
						"north": { "texture": "#iron5", "uv": [ 3.5, 5.0, 4.0, 5.5 ] },
						"east": { "texture": "#iron5", "uv": [ 3.5, 5.0, 4.0, 5.5 ] },
						"south": { "texture": "#iron5", "uv": [ 0.0, 9.5, 0.5, 10.0 ] },
						"west": { "texture": "#iron5", "uv": [ 3.0, 4.0, 3.5, 4.5 ] },
						"up": { "texture": "#iron5", "uv": [ 0.0, 11.5, 0.5, 12.0 ] },
						"down": { "texture": "#iron5", "uv": [ 2.5, 5.0, 3.0, 5.5 ] }
					}
				},
				{
					"name": "nail7",
					"from": [ -8.1, 0.75, 7.0 ],
					"to": [ -7.9, 1.25, 7.5 ],
					"rotationOrigin": [ -8.1, 0.8, 7.0 ],
					"faces": {
						"north": { "texture": "#iron5", "uv": [ 3.5, 5.0, 4.0, 5.5 ] },
						"east": { "texture": "#iron5", "uv": [ 3.5, 5.0, 4.0, 5.5 ] },
						"south": { "texture": "#iron5", "uv": [ 0.0, 9.5, 0.5, 10.0 ] },
						"west": { "texture": "#iron5", "uv": [ 3.0, 4.0, 3.5, 4.5 ] },
						"up": { "texture": "#iron5", "uv": [ 0.0, 11.5, 0.5, 12.0 ] },
						"down": { "texture": "#iron5", "uv": [ 2.5, 5.0, 3.0, 5.5 ] }
					}
				},
				{
					"name": "nail8",
					"from": [ -7.5, 0.75, 7.9 ],
					"to": [ -7.0, 1.25, 8.1 ],
					"rotationOrigin": [ -7.5, 0.8, 7.9 ],
					"faces": {
						"north": { "texture": "#iron5", "uv": [ 3.5, 3.5, 4.0, 4.0 ] },
						"east": { "texture": "#iron5", "uv": [ 3.0, 4.0, 3.5, 4.5 ] },
						"south": { "texture": "#iron5", "uv": [ 0.0, 9.5, 0.5, 10.0 ] },
						"west": { "texture": "#iron5", "uv": [ 3.5, 4.5, 4.0, 5.0 ] },
						"up": { "texture": "#iron5", "uv": [ 0.0, 11.5, 0.5, 12.0 ] },
						"down": { "texture": "#iron5", "uv": [ 3.0, 4.0, 3.5, 4.5 ] }
					}
				},
				{
					"name": "shelf",
					"from": [ -6.75, 11.5, -6.75 ],
					"to": [ 7.25, 12.5, 6.25 ],
					"rotationOrigin": [ -6.8, 11.5, -6.7 ],
					"faces": {
						"south": { "texture": "#legs", "uv": [ 2.0, 13.0, 16.0, 14.0 ] },
						"up": { "texture": "#bottom", "uv": [ 1.0, 1.5, 15.0, 14.5 ] },
						"down": { "texture": "#legs", "uv": [ 0.0, 0.0, 14.0, 13.0 ] }
					}
				}
			]
		},
		{
			"name": "origin2",
			"from": [ 8.0, 16.0, 8.0 ],
			"to": [ 8.0, 16.0, 8.0 ],
			"rotationOrigin": [ 8.0, 16.0, 8.0 ],
			"faces": {
			},
			"children": [
				{
					"name": "westside2",
					"from": [ -7.75, 0.0, -7.5 ],
					"to": [ -6.75, 15.75, 7.5 ],
					"rotationOrigin": [ -7.7, 0.0, -7.5 ],
					"faces": {
						"east": { "texture": "#legs", "uv": [ 0.0, 0.0, 15.0, 15.5 ] },
						"west": { "texture": "#legs", "uv": [ 0.0, 0.0, 15.0, 15.5 ] },
						"up": { "texture": "#legs", "uv": [ 0.0, 0.0, 1.0, 15.0 ], "windMode": [-1,-1,-1,-1], "windData": [1,1,1,1] }
					}
				},
				{
					"name": "column5",
					"from": [ -8.0, 0.0, -8.0 ],
					"to": [ -6.5, 16.0, -6.5 ],
					"rotationOrigin": [ -8.0, 0.0, -8.0 ],
					"faces": {
						"north": { "texture": "#sides", "uv": [ 14.5, 0.0, 16.0, 15.0 ], "autoUv": false },
						"east": { "texture": "#sides", "uv": [ 14.5, 0.0, 16.0, 15.0 ], "autoUv": false },
						"south": { "texture": "#sides", "uv": [ 0.0, 0.0, 1.5, 15.0 ], "autoUv": false },
						"west": { "texture": "#sides", "uv": [ 0.0, 0.0, 1.5, 15.0 ], "autoUv": false },
						"up": { "texture": "#legs", "uv": [ 0.0, 0.0, 1.5, 1.5 ], "windMode": [-1,-1,-1,-1], "windData": [1,1,1,1] }
					}
				},
				{
					"name": "up",
					"from": [ -7.75, 14.5, -7.75 ],
					"to": [ 7.75, 15.5, 7.75 ],
					"rotationOrigin": [ -7.8, 14.5, -7.7 ],
					"faces": {
						"up": { "texture": "#bottom", "uv": [ 0.0, 0.0, 15.5, 15.5 ], "autoUv": false },
						"down": { "texture": "#legs", "uv": [ 0.0, 0.0, 15.5, 15.5 ] }
					}
				},
				{
					"name": "column6",
					"from": [ 6.5, 0.0, -8.0 ],
					"to": [ 8.0, 16.0, -6.5 ],
					"rotationOrigin": [ 6.5, 0.0, -8.0 ],
					"faces": {
						"north": { "texture": "#sides", "uv": [ 0.0, 0.0, 1.5, 15.0 ], "autoUv": false },
						"east": { "texture": "#sides", "uv": [ 14.5, 0.0, 16.0, 15.0 ], "autoUv": false },
						"south": { "texture": "#sides", "uv": [ 14.5, 0.0, 16.0, 15.0 ], "autoUv": false },
						"west": { "texture": "#sides", "uv": [ 0.0, 0.0, 1.5, 15.0 ], "autoUv": false },
						"up": { "texture": "#legs", "uv": [ 0.0, 0.0, 1.5, 1.5 ], "windMode": [-1,-1,-1,-1], "windData": [1,1,1,1] }
					}
				},
				{
					"name": "column7",
					"from": [ -8.0, 0.0, 6.5 ],
					"to": [ -6.5, 16.0, 8.0 ],
					"rotationOrigin": [ -8.0, 0.0, 6.5 ],
					"faces": {
						"north": { "texture": "#sides", "uv": [ 14.5, 0.0, 16.0, 15.0 ], "autoUv": false },
						"east": { "texture": "#sides", "uv": [ 0.0, 0.0, 1.5, 15.0 ], "autoUv": false },
						"south": { "texture": "#sides", "uv": [ 0.0, 0.0, 1.5, 15.0 ], "autoUv": false },
						"west": { "texture": "#sides", "uv": [ 14.5, 0.0, 16.0, 15.0 ], "autoUv": false },
						"up": { "texture": "#legs", "uv": [ 0.0, 0.0, 1.5, 1.5 ], "windMode": [-1,-1,-1,-1], "windData": [1,1,1,1] }
					}
				},
				{
					"name": "column8",
					"from": [ 6.5, 0.0, 6.5 ],
					"to": [ 8.0, 16.0, 8.0 ],
					"rotationOrigin": [ 6.5, 0.0, 6.5 ],
					"faces": {
						"north": { "texture": "#sides", "uv": [ 0.0, 0.0, 1.5, 15.0 ], "autoUv": false },
						"east": { "texture": "#sides", "uv": [ 0.0, 0.0, 1.5, 15.0 ], "autoUv": false },
						"south": { "texture": "#sides", "uv": [ 14.5, 0.0, 16.0, 15.0 ], "autoUv": false },
						"west": { "texture": "#sides", "uv": [ 14.5, 0.0, 16.0, 15.0 ], "autoUv": false },
						"up": { "texture": "#legs", "uv": [ 0.0, 0.0, 1.5, 1.5 ], "windMode": [-1,-1,-1,-1], "windData": [1,1,1,1] }
					}
				},
				{
					"name": "eastside2",
					"from": [ 6.75, 0.0, -7.5 ],
					"to": [ 7.75, 15.75, 7.5 ],
					"rotationOrigin": [ 6.8, 0.0, -7.5 ],
					"faces": {
						"east": { "texture": "#legs", "uv": [ 0.0, 0.0, 15.0, 15.5 ] },
						"west": { "texture": "#legs", "uv": [ 0.0, 0.0, 15.0, 15.5 ] },
						"up": { "texture": "#legs", "uv": [ 0.0, 0.0, 1.0, 15.0 ], "windMode": [-1,-1,-1,-1], "windData": [1,1,1,1] }
					}
				},
				{
					"name": "northside2",
					"from": [ -7.75, 0.0, -7.75 ],
					"to": [ 7.25, 15.75, -6.75 ],
					"rotationOrigin": [ -7.7, 0.0, -7.7 ],
					"faces": {
						"north": { "texture": "#legs", "uv": [ 0.0, 0.0, 15.0, 15.5 ] },
						"south": { "texture": "#legs", "uv": [ 0.0, 0.0, 15.0, 15.5 ], "windMode": [-1,-1,-1,-1], "windData": [0,0,1,1] },
						"up": { "texture": "#legs", "uv": [ 0.0, 0.0, 15.0, 1.0 ], "windMode": [-1,-1,-1,-1], "windData": [1,1,1,1] }
					}
				},
				{
					"name": "southside2",
					"from": [ -7.75, 14.45, 6.75 ],
					"to": [ 7.25, 15.7, 7.75 ],
					"rotationOrigin": [ -7.7, 14.4, 6.8 ],
					"faces": {
						"north": { "texture": "#legs", "uv": [ 0.0, 0.0, 15.0, 1.0 ] },
						"south": { "texture": "#legs", "uv": [ 0.0, 0.0, 15.0, 1.0 ], "windMode": [-1,-1,-1,-1], "windData": [0,0,1,1] },
						"up": { "texture": "#legs", "uv": [ 0.0, 0.0, 15.0, 1.0 ], "windMode": [-1,-1,-1,-1], "windData": [1,1,1,1] }
					}
				},
				{
					"name": "nail9",
					"from": [ 7.9, 14.95, 7.0 ],
					"to": [ 8.1, 15.45, 7.5 ],
					"rotationOrigin": [ 7.9, 15.0, 7.0 ],
					"faces": {
						"north": { "texture": "#iron5", "uv": [ 3.5, 5.0, 4.0, 5.5 ] },
						"east": { "texture": "#iron5", "uv": [ 3.5, 5.0, 4.0, 5.5 ] },
						"south": { "texture": "#iron5", "uv": [ 0.0, 9.5, 0.5, 10.0 ] },
						"west": { "texture": "#iron5", "uv": [ 3.0, 4.0, 3.5, 4.5 ] },
						"up": { "texture": "#iron5", "uv": [ 0.0, 11.5, 0.5, 12.0 ] },
						"down": { "texture": "#iron5", "uv": [ 2.5, 5.0, 3.0, 5.5 ] }
					}
				},
				{
					"name": "nail10",
					"from": [ 7.0, 14.95, -8.1 ],
					"to": [ 7.5, 15.45, -7.9 ],
					"rotationOrigin": [ 7.0, 15.0, -8.1 ],
					"faces": {
						"north": { "texture": "#iron5", "uv": [ 3.5, 3.5, 4.0, 4.0 ] },
						"east": { "texture": "#iron5", "uv": [ 3.0, 4.0, 3.5, 4.5 ] },
						"south": { "texture": "#iron5", "uv": [ 0.0, 9.5, 0.5, 10.0 ] },
						"west": { "texture": "#iron5", "uv": [ 3.5, 4.5, 4.0, 5.0 ] },
						"up": { "texture": "#iron5", "uv": [ 0.0, 11.5, 0.5, 12.0 ] },
						"down": { "texture": "#iron5", "uv": [ 3.0, 4.0, 3.5, 4.5 ] }
					}
				},
				{
					"name": "nail11",
					"from": [ 7.0, 14.95, 7.9 ],
					"to": [ 7.5, 15.45, 8.1 ],
					"rotationOrigin": [ 7.0, 15.0, 7.9 ],
					"faces": {
						"north": { "texture": "#iron5", "uv": [ 3.5, 3.5, 4.0, 4.0 ] },
						"east": { "texture": "#iron5", "uv": [ 3.0, 4.0, 3.5, 4.5 ] },
						"south": { "texture": "#iron5", "uv": [ 0.0, 9.5, 0.5, 10.0 ] },
						"west": { "texture": "#iron5", "uv": [ 3.5, 4.5, 4.0, 5.0 ] },
						"up": { "texture": "#iron5", "uv": [ 0.0, 11.5, 0.5, 12.0 ] },
						"down": { "texture": "#iron5", "uv": [ 3.0, 4.0, 3.5, 4.5 ] }
					}
				},
				{
					"name": "nail12",
					"from": [ -7.5, 14.95, 7.9 ],
					"to": [ -7.0, 15.45, 8.1 ],
					"rotationOrigin": [ -7.5, 15.0, 7.9 ],
					"faces": {
						"north": { "texture": "#iron5", "uv": [ 3.5, 3.5, 4.0, 4.0 ] },
						"east": { "texture": "#iron5", "uv": [ 3.0, 4.0, 3.5, 4.5 ] },
						"south": { "texture": "#iron5", "uv": [ 0.0, 9.5, 0.5, 10.0 ] },
						"west": { "texture": "#iron5", "uv": [ 3.5, 4.5, 4.0, 5.0 ] },
						"up": { "texture": "#iron5", "uv": [ 0.0, 11.5, 0.5, 12.0 ] },
						"down": { "texture": "#iron5", "uv": [ 3.0, 4.0, 3.5, 4.5 ] }
					}
				},
				{
					"name": "nail13",
					"from": [ -7.5, 14.95, -8.1 ],
					"to": [ -7.0, 15.45, -7.9 ],
					"rotationOrigin": [ -7.5, 15.0, -8.1 ],
					"faces": {
						"north": { "texture": "#iron5", "uv": [ 3.5, 3.5, 4.0, 4.0 ] },
						"east": { "texture": "#iron5", "uv": [ 3.0, 4.0, 3.5, 4.5 ] },
						"south": { "texture": "#iron5", "uv": [ 0.0, 9.5, 0.5, 10.0 ] },
						"west": { "texture": "#iron5", "uv": [ 3.5, 4.5, 4.0, 5.0 ] },
						"up": { "texture": "#iron5", "uv": [ 0.0, 11.5, 0.5, 12.0 ] },
						"down": { "texture": "#iron5", "uv": [ 3.0, 4.0, 3.5, 4.5 ] }
					}
				},
				{
					"name": "nail14",
					"from": [ 7.9, 14.95, -7.5 ],
					"to": [ 8.1, 15.45, -7.0 ],
					"rotationOrigin": [ 7.9, 15.0, -7.5 ],
					"faces": {
						"north": { "texture": "#iron5", "uv": [ 3.5, 5.0, 4.0, 5.5 ] },
						"east": { "texture": "#iron5", "uv": [ 3.5, 5.0, 4.0, 5.5 ] },
						"south": { "texture": "#iron5", "uv": [ 0.0, 9.5, 0.5, 10.0 ] },
						"west": { "texture": "#iron5", "uv": [ 3.0, 4.0, 3.5, 4.5 ] },
						"up": { "texture": "#iron5", "uv": [ 0.0, 11.5, 0.5, 12.0 ] },
						"down": { "texture": "#iron5", "uv": [ 2.5, 5.0, 3.0, 5.5 ] }
					}
				},
				{
					"name": "nail15",
					"from": [ -8.1, 14.95, -7.5 ],
					"to": [ -7.9, 15.45, -7.0 ],
					"rotationOrigin": [ -8.1, 15.0, -7.5 ],
					"faces": {
						"north": { "texture": "#iron5", "uv": [ 3.5, 5.0, 4.0, 5.5 ] },
						"east": { "texture": "#iron5", "uv": [ 3.5, 5.0, 4.0, 5.5 ] },
						"south": { "texture": "#iron5", "uv": [ 0.0, 9.5, 0.5, 10.0 ] },
						"west": { "texture": "#iron5", "uv": [ 3.0, 4.0, 3.5, 4.5 ] },
						"up": { "texture": "#iron5", "uv": [ 0.0, 11.5, 0.5, 12.0 ] },
						"down": { "texture": "#iron5", "uv": [ 2.5, 5.0, 3.0, 5.5 ] }
					}
				},
				{
					"name": "nail16",
					"from": [ -8.1, 14.95, 7.0 ],
					"to": [ -7.9, 15.45, 7.5 ],
					"rotationOrigin": [ -8.1, 15.0, 7.0 ],
					"faces": {
						"north": { "texture": "#iron5", "uv": [ 3.5, 5.0, 4.0, 5.5 ] },
						"east": { "texture": "#iron5", "uv": [ 3.5, 5.0, 4.0, 5.5 ] },
						"south": { "texture": "#iron5", "uv": [ 0.0, 9.5, 0.5, 10.0 ] },
						"west": { "texture": "#iron5", "uv": [ 3.0, 4.0, 3.5, 4.5 ] },
						"up": { "texture": "#iron5", "uv": [ 0.0, 11.5, 0.5, 12.0 ] },
						"down": { "texture": "#iron5", "uv": [ 2.5, 5.0, 3.0, 5.5 ] }
					}
				},
				{
					"name": "shelf2",
					"from": [ -6.75, 3.5, -6.75 ],
					"to": [ 7.25, 4.5, 6.25 ],
					"rotationOrigin": [ -6.8, 3.5, -6.7 ],
					"faces": {
						"south": { "texture": "#legs", "uv": [ 1.5, 5.0, 15.5, 6.0 ] },
						"up": { "texture": "#bottom", "uv": [ 1.0, 1.5, 15.0, 14.5 ] },
						"down": { "texture": "#legs", "uv": [ 0.0, 0.0, 14.0, 13.0 ] }
					}
				}
			]
		},
		{
			"name": "lid1",
			"from": [ 1.5, 8.0, 15.45 ],
			"to": [ 1.5, 8.0, 15.45 ],
			"rotationOrigin": [ 1.5, 8.0, 15.4 ],
			"faces": {
			},
			"children": [
				{
					"name": "door1",
					"from": [ 0.0, -6.5, -0.8 ],
					"to": [ 13.0, 8.1, 0.2 ],
					"rotationOrigin": [ 0.0, -6.5, -0.8 ],
					"faces": {
						"north": { "texture": "#legs", "uv": [ 0.0, 0.0, 13.0, 14.5 ] },
						"east": { "texture": "#legs", "uv": [ 0.0, 0.0, 1.0, 14.5 ] },
						"south": { "texture": "#legs", "uv": [ 0.0, 0.0, 13.0, 14.5 ] },
						"west": { "texture": "#legs", "uv": [ 0.0, 0.0, 1.0, 14.5 ] },
						"down": { "texture": "#legs", "uv": [ 0.0, 0.0, 13.0, 1.0 ] }
					}
				},
				{
					"name": "strap1",
					"from": [ -0.4, 0.0, 0.2 ],
					"to": [ 2.1, 2.0, 0.4 ],
					"rotationOrigin": [ -0.4, 0.0, 0.2 ],
					"faces": {
						"east": { "texture": "#iron5", "uv": [ 0.0, 0.0, 0.5, 2.0 ] },
						"south": { "texture": "#iron5", "uv": [ 0.0, 5.0, 2.5, 7.0 ] },
						"west": { "texture": "#iron5", "uv": [ 0.0, 0.0, 0.5, 2.0 ] },
						"up": { "texture": "#iron5", "uv": [ 0.0, 0.0, 2.5, 0.5 ] },
						"down": { "texture": "#iron5", "uv": [ 0.0, 0.0, 2.5, 0.5 ] }
					}
				},
				{
					"name": "strap2",
					"from": [ 2.1, 0.25, 0.2 ],
					"to": [ 4.6, 1.75, 0.3 ],
					"rotationOrigin": [ 2.1, 0.2, 0.2 ],
					"faces": {
						"east": { "texture": "#iron5", "uv": [ 0.0, 0.0, 0.5, 1.5 ] },
						"south": { "texture": "#iron5", "uv": [ 0.0, 6.0, 2.5, 7.5 ] },
						"up": { "texture": "#iron5", "uv": [ 0.0, 0.0, 2.5, 0.5 ] },
						"down": { "texture": "#iron5", "uv": [ 0.0, 0.0, 2.5, 0.5 ] }
					}
				},
				{
					"name": "handle1",
					"from": [ 11.0, 7.5, -0.3 ],
					"to": [ 11.8, 8.3, 0.5 ],
					"rotationOrigin": [ 11.0, 7.5, -0.3 ],
					"faces": {
						"east": { "texture": "#sides", "uv": [ 0.0, 0.0, 0.5, 0.5 ] },
						"west": { "texture": "#sides", "uv": [ 0.0, 0.0, 0.5, 0.5 ] },
						"up": { "texture": "#sides", "uv": [ 0.0, 0.0, 0.5, 0.5 ] },
						"down": { "texture": "#sides", "uv": [ 0.0, 0.0, 0.5, 0.5 ] }
					}
				},
				{
					"name": "handle2",
					"from": [ 10.5, 8.0, 0.5 ],
					"to": [ 11.75, 9.25, 1.3 ],
					"rotationOrigin": [ 10.5, 8.0, 0.5 ],
					"rotationZ": -45.0,
					"faces": {
						"north": { "texture": "#sides", "uv": [ 0.0, 0.0, 1.0, 1.0 ] },
						"east": { "texture": "#sides", "uv": [ 0.0, 0.0, 0.5, 1.0 ] },
						"south": { "texture": "#sides", "uv": [ 15.0, 15.0, 16.0, 16.0 ], "autoUv": false },
						"west": { "texture": "#sides", "uv": [ 0.0, 0.0, 0.5, 1.0 ] },
						"up": { "texture": "#sides", "uv": [ 0.0, 0.0, 1.0, 0.5 ] },
						"down": { "texture": "#sides", "uv": [ 0.0, 0.0, 1.0, 0.5 ] }
					}
				},
				{
					"name": "hinge1",
					"from": [ -0.3, -0.25, 0.0 ],
					"to": [ 0.2, 2.25, 0.5 ],
					"rotationOrigin": [ -0.3, -0.2, 0.0 ],
					"faces": {
						"east": { "texture": "#iron5", "uv": [ 0.0, 5.0, 0.5, 7.5 ] },
						"south": { "texture": "#iron5", "uv": [ 0.0, 5.0, 0.5, 7.5 ] },
						"west": { "texture": "#iron5", "uv": [ 0.0, 0.0, 0.5, 2.5 ] },
						"up": { "texture": "#iron5", "uv": [ 0.0, 0.0, 0.5, 0.5 ] },
						"down": { "texture": "#iron5", "uv": [ 0.0, 0.0, 0.5, 0.5 ] }
					}
				},
				{
					"name": "hinge3",
					"from": [ -0.8, 0.45, -0.6 ],
					"to": [ 0.2, 1.15, 0.4 ],
					"rotationOrigin": [ -0.8, 0.5, -0.6 ],
					"faces": {
						"north": { "texture": "#iron5", "uv": [ 2.5, 6.0, 3.5, 6.5 ], "windMode": [-1,-1,-1,-1] },
						"east": { "texture": "#iron5", "uv": [ 3.0, 6.5, 4.0, 7.0 ] },
						"south": { "texture": "#iron5", "uv": [ 2.0, 6.5, 3.0, 7.0 ] },
						"west": { "texture": "#iron5", "uv": [ 3.0, 5.5, 4.0, 6.0 ] },
						"up": { "texture": "#iron5", "uv": [ 4.0, 6.5, 5.0, 7.5 ], "windMode": [-1,-1,-1,-1] },
						"down": { "texture": "#iron5", "uv": [ 3.5, 5.5, 4.5, 6.5 ] }
					}
				}
			]
		},
		{
			"name": "lid2",
			"from": [ 1.5, 24.0, 15.45 ],
			"to": [ 1.5, 24.0, 15.45 ],
			"rotationOrigin": [ 1.5, 24.0, 15.4 ],
			"faces": {
			},
			"children": [
				{
					"name": "door2",
					"from": [ 0.0, -8.0, -0.85 ],
					"to": [ 13.0, 6.5, 0.16 ],
					"rotationOrigin": [ 0.0, -8.0, -0.8 ],
					"faces": {
						"north": { "texture": "#legs", "uv": [ 0.0, 0.0, 13.0, 14.5 ] },
						"east": { "texture": "#legs", "uv": [ 0.0, 0.0, 1.0, 14.5 ] },
						"south": { "texture": "#legs", "uv": [ 0.0, 0.0, 13.0, 14.5 ] },
						"west": { "texture": "#legs", "uv": [ 0.0, 0.0, 1.0, 14.5 ] },
						"up": { "texture": "#legs", "uv": [ 0.0, 0.0, 13.0, 1.0 ] }
					}
				},
				{
					"name": "hinge2",
					"from": [ -0.3, -1.25, 0.0 ],
					"to": [ 0.2, 1.25, 0.5 ],
					"rotationOrigin": [ -0.3, -1.2, 0.0 ],
					"faces": {
						"east": { "texture": "#iron5", "uv": [ 0.0, 5.0, 0.5, 7.5 ] },
						"south": { "texture": "#iron5", "uv": [ 0.0, 5.0, 0.5, 7.5 ] },
						"west": { "texture": "#iron5", "uv": [ 0.0, 0.0, 0.5, 2.5 ] },
						"up": { "texture": "#iron5", "uv": [ 0.0, 0.0, 0.5, 0.5 ] },
						"down": { "texture": "#iron5", "uv": [ 0.0, 0.0, 0.5, 0.5 ] }
					}
				},
				{
					"name": "strap3",
					"from": [ -0.4, -1.0, 0.2 ],
					"to": [ 2.1, 1.0, 0.4 ],
					"rotationOrigin": [ -0.4, -1.0, 0.2 ],
					"faces": {
						"east": { "texture": "#iron5", "uv": [ 0.0, 0.0, 0.5, 2.0 ] },
						"south": { "texture": "#iron5", "uv": [ 0.0, 5.0, 2.5, 7.0 ] },
						"west": { "texture": "#iron5", "uv": [ 0.0, 0.0, 0.5, 2.0 ] },
						"up": { "texture": "#iron5", "uv": [ 0.0, 0.0, 2.5, 0.5 ] },
						"down": { "texture": "#iron5", "uv": [ 0.0, 0.0, 2.5, 0.5 ] }
					}
				},
				{
					"name": "strap4",
					"from": [ 2.1, -0.75, 0.2 ],
					"to": [ 4.6, 0.75, 0.3 ],
					"rotationOrigin": [ 2.1, -0.8, 0.2 ],
					"faces": {
						"east": { "texture": "#iron5", "uv": [ 0.0, 0.0, 0.5, 1.5 ] },
						"south": { "texture": "#iron5", "uv": [ 0.0, 6.0, 2.5, 7.5 ] },
						"up": { "texture": "#iron5", "uv": [ 0.0, 0.0, 2.5, 0.5 ] },
						"down": { "texture": "#iron5", "uv": [ 0.0, 0.0, 2.5, 0.5 ] }
					}
				},
				{
					"name": "hinge4",
					"from": [ -0.8, -0.5, -0.6 ],
					"to": [ 0.2, 0.2, 0.4 ],
					"rotationOrigin": [ -0.8, -0.5, -0.6 ],
					"faces": {
						"north": { "texture": "#iron5", "uv": [ 2.5, 6.0, 3.5, 6.5 ], "windMode": [-1,-1,-1,-1] },
						"east": { "texture": "#iron5", "uv": [ 3.0, 6.5, 4.0, 7.0 ] },
						"south": { "texture": "#iron5", "uv": [ 2.0, 6.5, 3.0, 7.0 ] },
						"west": { "texture": "#iron5", "uv": [ 3.0, 5.5, 4.0, 6.0 ] },
						"up": { "texture": "#iron5", "uv": [ 4.0, 6.5, 5.0, 7.5 ], "windMode": [-1,-1,-1,-1] },
						"down": { "texture": "#iron5", "uv": [ 3.5, 5.5, 4.5, 6.5 ] }
					}
				},
				{
					"name": "label",
					"from": [ 1.5, 1.7, 0.2 ],
					"to": [ 11.5, 5.7, 0.7 ],
					"rotationOrigin": [ 1.5, 1.8, 0.2 ],
					"faces": {
						"north": { "texture": "#accessories", "uv": [ 0.0, 10.0, 10.0, 14.0 ] },
						"east": { "texture": "#accessories", "uv": [ 0.0, 10.0, 0.5, 14.0 ] },
						"south": { "texture": "#accessories", "uv": [ 0.0, 10.0, 10.0, 14.0 ] },
						"west": { "texture": "#accessories", "uv": [ 0.0, 10.0, 0.5, 14.0 ] },
						"up": { "texture": "#accessories", "uv": [ 0.0, 15.0, 10.0, 15.5 ] },
						"down": { "texture": "#accessories", "uv": [ 0.0, 10.5, 10.0, 11.0 ] }
					}
				}
			]
		}
	],
	"animations": [
		{
			"name": "lidopen",
			"code": "lidopen",
			"quantityframes": 30,
			"onActivityStopped": "Rewind",
			"onAnimationEnd": "Hold",
			"keyframes": [
				{
					"frame": 0,
					"elements": {
						"lid1": { "rotationX": 0.0, "rotationY": 0.0, "rotationZ": 0.0 },
						"lid2": { "rotationX": 0.0, "rotationY": 0.0, "rotationZ": 0.0 }
					}
				},
				{
					"frame": 29,
					"elements": {
						"lid1": { "rotationX": 0.0, "rotationY": -112.5, "rotationZ": 0.0 },
						"lid2": { "rotationX": 0.0, "rotationY": -112.5, "rotationZ": 0.0 }
					}
				}
			]
		}
	]
}