{
    "code": "taro",
    "sealHours": 24,
    "ingredients": [
        {
            "type": "item",
            "code": "hydrateordiedrate:rainwaterportion",
            "litres": 1,
            "consumeLitres": 1
        },
        {
            "type": "item",
            "code": "floralzonescaribbeanregion:vegetable-xanthosomasagittifoliumroot-raw",
            "name": "vegetable-xanthosomasagittifoliumroot-raw",
            "quantity": 1
        }
    ],
    "output": {
        "type": "item",
        "code": "floralzonescaribbeanregion:vegetable-xanthosomasagittifoliumroot-soaked",
        "stackSize": 1
    }
}