{
    "money": {
        "avg": 70,
        "var": 20
    },
    "selling": {
        "maxItems": 16,
        "list": [
				   {
//Плита з StoneBakeOven
					  "code": "stonebakeoven:ovenbakingtopcobble-basalt",
					  "type": "block",
					  "stacksize": 1,
					  "stock": {
						"avg": 2,
						"var": 1
					  },
					  "price": {
						"avg": 20,
						"var": 5
					  }
					},
				   {
//Піч з StoneBakeOven
					  "code": "stonebakeoven:ovenbakingtopplain-basalt",
					  "type": "block",
					  "stacksize": 1,
					  "stock": {
						"avg": 2,
						"var": 1
					  },
					  "price": {
						"avg": 20,
						"var": 5
					  }
					}, 
				   {
//Радіатор з StoneBakeOven
					  "code": "stonebakeoven:ovengrillbrickextra-tjunction-basalt-cold-east",
					  "type": "block",
					  "stacksize": 1,
					  "stock": {
						"avg": 2,
						"var": 1
					  },
					  "price": {
						"avg": 20,
						"var": 5
					  }
					},
					{
//Клин з бронзи
					  "code": "stonequarry:plugandfeather-tinbronze-0-down-north",
					  "type": "block",
					  "stacksize": 8,
					  "stock": {
						"avg": 2,
						"var": 1
					  },
					  "price": {
						"avg": 30,
						"var": 5
					  }
					},					
					{
//Грубе зубило з бронзи
					  "code": "stonequarry:chisel-roughcut-tinbronze",
					  "type": "item",
					  "stacksize": 1,
					  "stock": {
						"avg": 2,
						"var": 1
					  },
					  "price": {
						"avg": 6,
						"var": 1
					  }
					},
					{
//Полірувальне зубило з бронзи
					  "code": "stonequarry:chisel-finishing-tinbronze",
					  "type": "item",
					  "stacksize": 1,
					  "stock": {
						"avg": 2,
						"var": 1
					  },
					  "price": {
						"avg": 6,
						"var": 1
					  }
					},
					{
//Клинчасте зубило з бронзи
					  "code": "stonequarry:chisel-wedge-tinbronze",
					  "type": "item",
					  "stacksize": 1,
					  "stock": {
						"avg": 2,
						"var": 1
					  },
					  "price": {
						"avg": 6,
						"var": 1
					  }
					},					
					{
//Молот для щебеню з бронзи
					  "code": "stonequarry:rubblehammerhead-tinbronze",
					  "type": "item",
					  "stacksize": 1,
					  "stock": {
						"avg": 2,
						"var": 1
					  },
					  "price": {
						"avg": 6,
						"var": 1
					  }
					},
				   {
//Вітряк 4x
					  "code": "millwright:windmillrotor-single-north",
					  "type": "block",
					  "stacksize": 1,
					  "stock": {
						"avg": 1,
						"var": 0
					  },
					  "price": {
						"avg": 50,
						"var": 10
					  }
					},
				   {
//Вітрила під кутом
					  "code": "millwright:sailangled",
					  "type": "item",
					  "stacksize": 4,
					  "stock": {
						"avg": 2,
						"var": 1
					  },
					  "price": {
						"avg": 30,
						"var": 10
					  }
					},
				   {
//Проміжний вал
					  "code": "millwright:woodenaxlepassthroughfull",
					  "type": "block",
					  "stacksize": 1,
					  "stock": {
						"avg": 2,
						"var": 1
					  },
					  "price": {
						"avg": 40,
						"var": 10
					  }
					},
				   {
//Посилені гальма
					  "code": "millwright:brake-north",
					  "type": "block",
					  "stacksize": 1,
					  "stock": {
						"avg": 2,
						"var": 1
					  },
					  "price": {
						"avg": 40,
						"var": 10
					  }
					},
					{
//Чаша для змішування
					  "code": "aculinaryartillery:mixingbowl-normal",
					  "type": "block",
					  "stacksize": 1,
					  "stock": {
						"avg": 1,
						"var": 0
					  },
					  "price": {
						"avg": 18,
						"var": 3
					  }
					},
					{
//Бункер
					  "code": "game:hopper",
					  "type": "block",
					  "stacksize": 1,
					  "stock": {
						"avg": 1,
						"var": 1
					  },
					  "price": {
						"avg": 15,
						"var": 3
					  }
					},
					{
//Гвинт Архімеда
					  "code": "game:archimedesscrew-ported-north",
					  "type": "block",
					  "stacksize": 1,
					  "stock": {
						"avg": 2,
						"var": 1
					  },
					  "price": {
						"avg": 8,
						"var": 3
					  }
					},
					{
//Гвинт Архімеда 2 
					  "code": "game:archimedesscrew-straight",
					  "type": "block",
					  "stacksize": 1,
					  "stock": {
						"avg": 2,
						"var": 1
					  },
					  "price": {
						"avg": 8,
						"var": 3
					  }
					},
					{
//Жолоб 1
					  "code": "game:chute-cross-ground",
					  "type": "block",
					  "stacksize": 3,
					  "stock": {
						"avg": 2,
						"var": 1
					  },
					  "price": {
						"avg": 3,
						"var": 2
					  }
					},
					{
//Жолоб 2
					  "code": "game:chute-straight-ns",
					  "type": "block",
					  "stacksize": 3,
					  "stock": {
						"avg": 2,
						"var": 1
					  },
					  "price": {
						"avg": 3,
						"var": 2
					  }
					},
					{
//Жолоб 3
					  "code": "game:chute-t-ns",
					  "type": "block",
					  "stacksize": 3,
					  "stock": {
						"avg": 2,
						"var": 1
					  },
					  "price": {
						"avg": 3,
						"var": 2
					  }
					},
					{
//Жолоб 4
					  "code": "game:chute-3way-down-east",
					  "type": "block",
					  "stacksize": 3,
					  "stock": {
						"avg": 2,
						"var": 1
					  },
					  "price": {
						"avg": 3,
						"var": 2
					  }
					},
					{
//Жолоб 5
					  "code": "game:chute-elbow-down-east",
					  "type": "block",
					  "stacksize": 3,
					  "stock": {
						"avg": 2,
						"var": 1
					  },
					  "price": {
						"avg": 3,
						"var": 2
					  }
					},
					{
//Рюкзак високий льняний
					  "code": "fendragonbcs:fbcs-polotno-copper-tall",
					  "type": "item",
					  "stacksize": 1,
					  "stock": {
						"avg": 1,
						"var": 0
					  },
					  "price": {
						"avg": 70,
						"var": 10
					  }
					},
					{
//Рюкзак високий шкіряний
					  "code": "fendragonbcs:fbcs-shkira-copper-tall",
					  "type": "item",
					  "stacksize": 1,
					  "stock": {
						"avg": 1,
						"var": 0
					  },
					  "price": {
						"avg": 70,
						"var": 10
					  }
					},
					{
//Рюкзак базовий льняний
					  "code": "fendragonbcs:fbcs-polotno-copper-basic",
					  "type": "item",
					  "stacksize": 1,
					  "stock": {
						"avg": 1,
						"var": 0
					  },
					  "price": {
						"avg": 80,
						"var": 10
					  }
					},
					{
//Рюкзак базовий шкіряний
					  "code": "fendragonbcs:fbcs-shkira-copper-basic",
					  "type": "item",
					  "stacksize": 1,
					  "stock": {
						"avg": 1,
						"var": 0
					  },
					  "price": {
						"avg": 80,
						"var": 10
					  }
					},
					{
//Маска нічного бачення
						"code": "game:nightvisiondevice",
						"type": "item",
						"stacksize": 1,
						"stock": {
							"avg": 1,
							"var": 0
						},
						"price": {
							"avg": 180,
							"var": 30
						}
					},
					{
//Морозилка з моду Butchering
					  "code": "butchering:temporalbutcherbox-off-north",
					  "type": "block",
					  "stacksize": 1,
					  "stock": {
						"avg": 2,
						"var": 1
					  },
					  "price": {
						"avg": 80,
						"var": 20
					  }
					},
				   {
//Ремонтний набір для інтрументів Мідь
					  "code": "fendragonsmp:repair-tools-copper",
					  "type": "item",
					  "stacksize": 3,
					  "stock": {
						"avg": 1,
						"var": 0
					  },
					  "price": {
						"avg": 12,
						"var": 3
					  }
					},
				   {
//Ремонтний набір для інтрументів Олов'яна бронза
					  "code": "fendragonsmp:repair-tools-tinbronze",
					  "type": "item",
					  "stacksize": 3,
					  "stock": {
						"avg": 1,
						"var": 0
					  },
					  "price": {
						"avg": 17,
						"var": 3
					  }
					},
				   {
//Ремонтний набір для інтрументів Вісмутова бронза
					  "code": "fendragonsmp:repair-tools-bismuthbronze",
					  "type": "item",
					  "stacksize": 3,
					  "stock": {
						"avg": 1,
						"var": 0
					  },
					  "price": {
						"avg": 17,
						"var": 3
					  }
					},
				   {
//Ремонтний набір для інтрументів Чорна бронза
					  "code": "fendragonsmp:repair-tools-blackbronze",
					  "type": "item",
					  "stacksize": 3,
					  "stock": {
						"avg": 1,
						"var": 0
					  },
					  "price": {
						"avg": 17,
						"var": 3
					  }
					},
				   {
//Ремонтний набір для інтрументів Залізо
					  "code": "fendragonsmp:repair-tools-iron",
					  "type": "item",
					  "stacksize": 3,
					  "stock": {
						"avg": 1,
						"var": 0
					  },
					  "price": {
						"avg": 22,
						"var": 3
					  }
					},					
        ]
    },
    "buying": {
        "maxItems": 16,
        "list": [
            {
//Латний шолом із заліза
                "code": "game:armor-head-plate-iron",
                "type": "item",
                "stacksize": 1,
                "stock": {
                    "avg": 1,
                    "var": 0
                },
                "price": {
                    "avg": 35,
                    "var": 2
                }
            },		
            {
//Латний нагрудник із заліза
                "code": "game:armor-body-plate-iron",
                "type": "item",
                "stacksize": 1,
                "stock": {
                    "avg": 1,
                    "var": 0
                },
                "price": {
                    "avg": 118,
                    "var": 10
                }
            },
            {
//Латні наголінники із заліза
                "code": "game:armor-legs-plate-iron",
                "type": "item",
                "stacksize": 1,
                "stock": {
                    "avg": 1,
                    "var": 0
                },
                "price": {
                    "avg": 70,
                    "var": 10
                }
            },
            {
//Латний шолом із метеоритного заліза
                "code": "game:armor-head-plate-meteoriciron",
                "type": "item",
                "stacksize": 1,
                "stock": {
                    "avg": 1,
                    "var": 0
                },
                "price": {
                    "avg": 37,
                    "var": 7
                }
            },
            {
//Латний нагрудник із метеоритного заліза
                "code": "game:armor-body-plate-meteoriciron",
                "type": "item",
                "stacksize": 1,
                "stock": {
                    "avg": 1,
                    "var": 0
                },
                "price": {
                    "avg": 118,
                    "var": 18
                }
            },			
            {
//Латні наголінники з метеоритного заліза
                "code": "game:armor-legs-plate-meteoriciron",
                "type": "item",
                "stacksize": 1,
                "stock": {
                    "avg": 1,
                    "var": 0
                },
                "price": {
                    "avg": 70,
                    "var": 10
                }
            },	
            {
//Шолом Чорної Варти
                "code": "game:armor-head-antique-blackguard-pristine",
                "type": "item",
                "stacksize": 1,
                "stock": {
                    "avg": 1,
                    "var": 0
                },
                "price": {
                    "avg": 30,
                    "var": 10
                }
            },	
            {
//Кіраса Чорної Варти
                "code": "game:armor-body-antique-blackguard-pristine",
                "type": "item",
                "stacksize": 1,
                "stock": {
                    "avg": 1,
                    "var": 0
                },
                "price": {
                    "avg": 90,
                    "var": 10
                }
            },
            {
//Наголінники Чорної Варти
                "code": "game:armor-legs-antique-blackguard-pristine",
                "type": "item",
                "stacksize": 1,
                "stock": {
                    "avg": 1,
                    "var": 0
                },
                "price": {
                    "avg": 70,
                    "var": 10
                }
            },
            {
//Короткий меч Чорної Варти
                "code": "game:blade-blackguard-iron",
                "type": "item",
                "stacksize": 1,
                "stock": {
                    "avg": 2,
                    "var": 0
                },
                "price": {
                    "avg": 6,
                    "var": 1
                }
            },
            {
//Щит Чорної Варти
                "code": "game:shield-blackguard",
                "type": "item",
                "stacksize": 1,
                "stock": {
                    "avg": 1,
                    "var": 0
                },
                "price": {
                    "avg": 12,
                    "var": 2
                }
            },
            {
//Шолом Приречених
                "code": "game:armor-head-antique-forlorn-pristine",
                "type": "item",
                "stacksize": 1,
                "stock": {
                    "avg": 1,
                    "var": 0
                },
                "price": {
                    "avg": 60,
                    "var": 5
                }
            },
            {
//Нагрудник Приречених
                "code": "game:armor-body-antique-forlorn-pristine",
                "type": "item",
                "stacksize": 1,
                "stock": {
                    "avg": 1,
                    "var": 0
                },
                "price": {
                    "avg": 110,
                    "var": 5
                }
            },
            {
//Наголінники Приречених
                "code": "game:armor-legs-antique-forlorn-pristine",
                "type": "item",
                "stacksize": 1,
                "stock": {
                    "avg": 1,
                    "var": 0
                },
                "price": {
                    "avg": 85,
                    "var": 5
                }
            },
            {
//Есток Приречених
                "code": "game:blade-forlorn-iron",
                "type": "item",
                "stacksize": 1,
                "stock": {
                    "avg": 2,
                    "var": 1
                },
                "price": {
                    "avg": 6,
                    "var": 1
                }
            },
            {
//Маска нічного бачення
                "code": "game:nightvisiondevice",
                "type": "item",
                "stacksize": 1,
                "stock": {
                    "avg": 1,
                    "var": 0
                },
                "price": {
                    "avg": 95,
                    "var": 5
                }
            },
            {
//Резонатор
                "code": "game:resonator-north",
                "type": "block",
                "stacksize": 1,
                "stock": {
                    "avg": 1,
                    "var": 0
                },
                "price": {
                    "avg": 25,
                    "var": 5
                }
            },
            {
//Засвічений паперовий ліхтар
                "code": "game:paperlantern-on",
                "type": "block",
                "stacksize": 1,
                "stock": {
                    "avg": 4,
                    "var": 1
                },
                "price": {
                    "avg": 7,
                    "var": 2
                }
            },
            {
//Стародавній тримач смолоскипа
                "code": "game:torchholder-aged-empty-north",
                "type": "block",
                "stacksize": 1,
                "stock": {
                    "avg": 4,
                    "var": 1
                },
                "price": {
                    "avg": 5,
                    "var": 0
                }
            },
            {
//Латунний тримач смолоскипа
                "code": "game:torchholder-brass-empty-north",
                "type": "block",
                "stacksize": 1,
                "stock": {
                    "avg": 4,
                    "var": 1
                },
                "price": {
                    "avg": 5,
                    "var": 1
                }
            },
            {
//Заржавіла важка брама 1 на 2
                "code": "game:door-1x2heavy-aged",
                "type": "block",
                "stacksize": 1,
                "stock": {
                    "avg": 1,
                    "var": 0
                },
                "price": {
                    "avg": 7,
                    "var": 2
                }
            },
            {
//Заржавіла важка брама 1 на 3
                "code": "game:door-1x3heavy-aged",
                "type": "block",
                "stacksize": 1,
                "stock": {
                    "avg": 1,
                    "var": 0
                },
                "price": {
                    "avg": 14,
                    "var": 2
                }
            },
            {
//Заржавіла важка брама 2 на 4
                "code": "game:door-2x4heavy-aged",
                "type": "block",
                "stacksize": 1,
                "stock": {
                    "avg": 1,
                    "var": 0
                },
                "price": {
                    "avg": 28,
                    "var": 1
                }
            },
            {
//Люстра
                "code": "game:chandelier-candle0",
                "type": "block",
                "stacksize": 1,
                "stock": {
                    "avg": 1,
                    "var": 0
                },
                "price": {
                    "avg": 10,
                    "var": 2
                }
            },
            {
//Чаша для змішування
                "code": "aculinaryartillery:mixingbowl-normal",
                "type": "block",
                "stacksize": 1,
                "stock": {
                    "avg": 1,
                    "var": 0
                },
                "price": {
                    "avg": 4,
                    "var": 0
                }
            },
            {
//Вітряк
                "code": "millwright:windmillrotor-single-north",
                "type": "block",
                "stacksize": 1,
                "stock": {
                    "avg": 1,
                    "var": 0
                },
                "price": {
                    "avg": 20,
                    "var": 5
                }
            },
		   {
//Мапа скарбів
			  "code": "game:locatormap-treasures",
			  "type": "item",
			  "stacksize": 1,
			  "stock": {
				"avg": 1,
				"var": 1
			  },
			  "price": {
				"avg": 10,
				"var": 0
			  }
			}			
        ]
    }
}