{
    "money": {
        "avg": 70,
        "var": 20
    },
    "selling": {
        "maxItems": 16,
        "list": [
		   {
	//Перегінний куб
			  "code": "game:verticalboiler-west",
			  "type": "block",
			  "stacksize": 1,
			  "stock": {
				"avg": 1,
				"var": 0
			  },
			  "price": {
				"avg": 45,
				"var": 5
			  }
			},
		   {
	//Змієвик
			  "code": "game:condenser-west",
			  "type": "block",
			  "stacksize": 1,
			  "stock": {
				"avg": 1,
				"var": 0
			  },
			  "price": {
				"avg": 17,
				"var": 3
			  }
			},
            {
	//Середнє зілля лучника
                "code": "alchemy:claypotionflask-fired",
                "type": "block",
                "stacksize": 1,
                "stock": {
                    "avg": 5,
                    "var": 1
                },
                "price": {
                    "avg": 15,
                    "var": 3
                },
                "attributes": {
                    "ucontents": [
                        {
                            "type": "item",
                            "code": "alchemy:potionportion-archer-medium",
                            "makefull": true
                        }
                    ]
                }
            },
            {
	//Середня олія відновлення
                "code": "alchemy:claypotionflask-fired",
                "type": "block",
                "stacksize": 1,
                "stock": {
                    "avg": 5,
                    "var": 1
                },
                "price": {
                    "avg": 15,
                    "var": 3
                },
                "attributes": {
                    "ucontents": [
                        {
                            "type": "item",
                            "code": "alchemy:potionportion-healingeffect-medium",
                            "makefull": true
                        }
                    ]
                }
            },
            {
	//Середнє зілля ненажерливості
                "code": "alchemy:claypotionflask-fired",
                "type": "block",
                "stacksize": 1,
                "stock": {
                    "avg": 5,
                    "var": 1
                },
                "price": {
                    "avg": 15,
                    "var": 3
                },
                "attributes": {
                    "ucontents": [
                        {
                            "type": "item",
                            "code": "alchemy:potionportion-hungerenhance-medium",
                            "makefull": true
                        }
                    ]
                }
            },
            {
	//Середнє зілля ситості
                "code": "alchemy:claypotionflask-fired",
                "type": "block",
                "stacksize": 1,
                "stock": {
                    "avg": 5,
                    "var": 1
                },
                "price": {
                    "avg": 15,
                    "var": 3
                },
                "attributes": {
                    "ucontents": [
                        {
                            "type": "item",
                            "code": "alchemy:potionportion-hungersupress-medium",
                            "makefull": true
                        }
                    ]
                }
            },
            {
	//Середнє зілля мисливця
                "code": "alchemy:claypotionflask-fired",
                "type": "block",
                "stacksize": 1,
                "stock": {
                    "avg": 5,
                    "var": 1
                },
                "price": {
                    "avg": 15,
                    "var": 3
                },
                "attributes": {
                    "ucontents": [
                        {
                            "type": "item",
                            "code": "alchemy:potionportion-hunter-medium",
                            "makefull": true
                        }
                    ]
                }
            },
            {
	//Середнє зілля мародера
                "code": "alchemy:claypotionflask-fired",
                "type": "block",
                "stacksize": 1,
                "stock": {
                    "avg": 5,
                    "var": 1
                },
                "price": {
                    "avg": 15,
                    "var": 3
                },
                "attributes": {
                    "ucontents": [
                        {
                            "type": "item",
                            "code": "alchemy:potionportion-looter-medium",
                            "makefull": true
                        }
                    ]
                }
            },
            {
	//Середнє зілля бійця
                "code": "alchemy:claypotionflask-fired",
                "type": "block",
                "stacksize": 1,
                "stock": {
                    "avg": 5,
                    "var": 1
                },
                "price": {
                    "avg": 15,
                    "var": 3
                },
                "attributes": {
                    "ucontents": [
                        {
                            "type": "item",
                            "code": "alchemy:potionportion-melee-medium",
                            "makefull": true
                        }
                    ]
                }
            },
            {
	//Середнє зілля шахтаря
                "code": "alchemy:claypotionflask-fired",
                "type": "block",
                "stacksize": 1,
                "stock": {
                    "avg": 5,
                    "var": 1
                },
                "price": {
                    "avg": 18,
                    "var": 3
                },
                "attributes": {
                    "ucontents": [
                        {
                            "type": "item",
                            "code": "alchemy:potionportion-mining-medium",
                            "makefull": true
                        }
                    ]
                }
            },
            {
	//Середня олія зцілення
                "code": "alchemy:claypotionflask-fired",
                "type": "block",
                "stacksize": 1,
                "stock": {
                    "avg": 5,
                    "var": 1
                },
                "price": {
                    "avg": 15,
                    "var": 3
                },
                "attributes": {
                    "ucontents": [
                        {
                            "type": "item",
                            "code": "alchemy:potionportion-regen-medium",
                            "makefull": true
                        }
                    ]
                }
            },			
            {
	//Середнє зілля швидкості
                "code": "alchemy:claypotionflask-fired",
                "type": "block",
                "stacksize": 1,
                "stock": {
                    "avg": 5,
                    "var": 1
                },
                "price": {
                    "avg": 18,
                    "var": 3
                },
                "attributes": {
                    "ucontents": [
                        {
                            "type": "item",
                            "code": "alchemy:potionportion-speed-medium",
                            "makefull": true
                        }
                    ]
                }
            },
            {
	//Середні феромони хижака
                "code": "alchemy:claypotionflask-fired",
                "type": "block",
                "stacksize": 1,
                "stock": {
                    "avg": 5,
                    "var": 1
                },
                "price": {
                    "avg": 15,
                    "var": 3
                },
                "attributes": {
                    "ucontents": [
                        {
                            "type": "item",
                            "code": "alchemy:potionportion-predator-medium",
                            "makefull": true
                        }
                    ]
                }
            },
            {
	//Середнє зілля аромату
                "code": "alchemy:claypotionflask-fired",
                "type": "block",
                "stacksize": 1,
                "stock": {
                    "avg": 5,
                    "var": 1
                },
                "price": {
                    "avg": 15,
                    "var": 3
                },
                "attributes": {
                    "ucontents": [
                        {
                            "type": "item",
                            "code": "alchemy:potionportion-scentmask-medium",
                            "makefull": true
                        }
                    ]
                }
            },
            {
	//Середнє зілля здоров'я
                "code": "alchemy:claypotionflask-fired",
                "type": "block",
                "stacksize": 1,
                "stock": {
                    "avg": 5,
                    "var": 1
                },
                "price": {
                    "avg": 15,
                    "var": 3
                },
                "attributes": {
                    "ucontents": [
                        {
                            "type": "item",
                            "code": "alchemy:potionportion-vitality-medium",
                            "makefull": true
                        }
                    ]
                }
            },
            {
	//Зілля повернення
                "code": "alchemy:claypotionflask-fired",
                "type": "block",
                "stacksize": 1,
                "stock": {
                    "avg": 5,
                    "var": 1
                },
                "price": {
                    "avg": 20,
                    "var": 3
                },
                "attributes": {
                    "ucontents": [
                        {
                            "type": "item",
                            "code": "alchemy:utilitypotionportion-recall",
                            "makefull": true
                        }
                    ]
                }
            },
            {
	//Зілля сяяння
                "code": "alchemy:claypotionflask-fired",
                "type": "block",
                "stacksize": 1,
                "stock": {
                    "avg": 5,
                    "var": 1
                },
                "price": {
                    "avg": 15,
                    "var": 3
                },
                "attributes": {
                    "ucontents": [
                        {
                            "type": "item",
                            "code": "alchemy:utilitypotionportion-glow",
                            "makefull": true
                        }
                    ]
                }
            },
            {
	//Зілля підводного дихання
                "code": "alchemy:claypotionflask-fired",
                "type": "block",
                "stacksize": 1,
                "stock": {
                    "avg": 5,
                    "var": 1
                },
                "price": {
                    "avg": 15,
                    "var": 3
                },
                "attributes": {
                    "ucontents": [
                        {
                            "type": "item",
                            "code": "alchemy:utilitypotionportion-waterbreathe",
                            "makefull": true
                        }
                    ]
                }
            },
            {
	//Зілля стабільності
                "code": "alchemy:claypotionflask-fired",
                "type": "block",
                "stacksize": 1,
                "stock": {
                    "avg": 5,
                    "var": 1
                },
                "price": {
                    "avg": 15,
                    "var": 3
                },
                "attributes": {
                    "ucontents": [
                        {
                            "type": "item",
                            "code": "alchemy:utilitypotionportion-temporal",
                            "makefull": true
                        }
                    ]
                }
            },
            {
	//Зілля насичення
                "code": "alchemy:claypotionflask-fired",
                "type": "block",
                "stacksize": 1,
                "stock": {
                    "avg": 5,
                    "var": 1
                },
                "price": {
                    "avg": 15,
                    "var": 3
                },
                "attributes": {
                    "ucontents": [
                        {
                            "type": "item",
                            "code": "alchemy:utilitypotionportion-nutrition",
                            "makefull": true
                        }
                    ]
                }
            },
			{
//Вулик Лангстрота вкладиш
			  "code": "fromgoldencombs:frameliner",
			  "type": "item",			
			  "stacksize": 10,
			  "stock": {
				"avg": 2,
				"var": 1
			  },
			  "price": {
				"avg": 4,
				"var": 1
			  }
			},
			{
//Вулик Лангстрота стелаж для рамок
			  "code": "fromgoldencombs:framerack-oak-oak-east",
			  "type": "block",			
			  "stacksize": 1,
			  "stock": {
				"avg": 1,
				"var": 0
			  },
			  "price": {
				"avg": 7,
				"var": 1
			  }
			},
			{
//Вулик Лангстрота дах
			  "code": "fromgoldencombs:langstrothbroodtop-oak-oak",
			  "type": "item",			
			  "stacksize": 1,
			  "stock": {
				"avg": 1,
				"var": 0
			  },
			  "price": {
				"avg": 12,
				"var": 2
			  }
			},					
			{
//Вулик Лангстрота середина
			  "code": "fromgoldencombs:langstrothsuper-closed-oak-oak-east",
			  "type": "block",			
			  "stacksize": 1,
			  "stock": {
				"avg": 1,
				"var": 1
			  },
			  "price": {
				"avg": 10,
				"var": 2
			  }
			},
			{
//Вулик Лангстрота низ
			  "code": "fromgoldencombs:langstrothbase-oak-oak-east",
			  "type": "block",			
			  "stacksize": 1,
			  "stock": {
				"avg": 1,
				"var": 1
			  },
			  "price": {
				"avg": 8,
				"var": 2
			  }
			},
			{
//Вулик Лангстрота рамка
			  "code": "fromgoldencombs:beeframe-oak-empty",
			  "type": "item",			
			  "stacksize": 10,
			  "stock": {
				"avg": 2,
				"var": 1
			  },
			  "price": {
				"avg": 4,
				"var": 1
			  }
			},			
/*	Заготовка для додавання зілль		
            {
	//Зілля 
                "code": "alchemy:claypotionflask-fired",
                "type": "block",
                "stacksize": 1,
                "stock": {
                    "avg": 5,
                    "var": 1
                },
                "price": {
                    "avg": 20,
                    "var": 5
                },
                "attributes": {
                    "ucontents": [
                        {
                            "type": "item",
                            "code": "alchemy:utilitypotionportion-waterbreathe",
                            "makefull": true
                        }
                    ]
                }
            },
*/			
        ]
    },
    "buying": {
        "maxItems": 16,
        "list": [
            {
//Шахтарська бомба
			  "code": "game:bomb-ore",
			  "type": "block",
			  "stacksize": 8,
			  "stock": {
				"avg": 8,
				"var": 2
			  },
			  "price": {
				"avg": 4,
				"var": 1
			  }
			},	
            {
//Апгрейд скринь з ExtraChests
			  "code": "extrachests:chestupgrade-copper",
			  "type": "item",
			  "stacksize": 1,
			  "stock": {
				"avg": 2,
				"var": 1
			  },
			  "price": {
				"avg": 3,
				"var": 0.25
			  }
			},
		   {
			  "code": "extrachests:chestupgrade-tinbronze",
			  "type": "item",
			  "stacksize": 1,
			  "stock": {
				"avg": 2,
				"var": 1
			  },
			  "price": {
				"avg": 5,
				"var": 1
			  }
			},
		   {
			  "code": "extrachests:chestupgrade-blackbronze",
			  "type": "item",
			  "stacksize": 1,
			  "stock": {
				"avg": 2,
				"var": 1
			  },
			  "price": {
				"avg": 6,
				"var": 1
			  }
			},
		   {
			  "code": "extrachests:chestupgrade-bismuthbronze",
			  "type": "item",
			  "stacksize": 1,
			  "stock": {
				"avg": 2,
				"var": 1
			  },
			  "price": {
				"avg": 7,
				"var": 1
			  }
			},			
		   {
//Простий ліхтар шахтаря
			  "code": "fendragonsmp:primitivemininglantern-south",
			  "type": "block",
			  "stacksize": 1,
			  "stock": {
				"avg": 3,
				"var": 1
			  },
			  "price": {
				"avg": 3,
				"var": 1
			  }
			},
			{
//Продвинутий ліхтар шахтаря
			  "code": "fendragonsmp:metalmininglantern-south",
			  "type": "block",
			  "stacksize": 1,
			  "stock": {
				"avg": 3,
				"var": 1
			  },
			  "price": {
				"avg": 7,
				"var": 1
			  }
			},
			{
//Деревне вугілля
			  "code": "game:charcoal",
			  "type": "item",
			  "stacksize": 12,
			  "stock": {
				"avg": 15,
				"var": 1
			  },
			  "price": {
				"avg": 1,
				"var": 1
			  }
			},
			{
//Порошкова сірка
			  "code": "game:powder-sulfur",
			  "type": "item",
			  "stacksize": 8,
			  "stock": {
				"avg": 3,
				"var": 1
			  },
			  "price": {
				"avg": 3,
				"var": 0.25
			  }
			},
			{
//Подрібнений олівін
			  "code": "game:crushed-olivine",
			  "type": "item",
			  "stacksize": 16,
			  "stock": {
				"avg": 4,
				"var": 1
			  },
			  "price": {
				"avg": 1,
				"var": 0.25
			  }
			},
			{
//Подрібнений лазурит
			  "code": "game:crushed-lapislazuli",
			  "type": "item",
			  "stacksize": 16,
			  "stock": {
				"avg": 4,
				"var": 1
			  },
			  "price": {
				"avg": 1,
				"var": 0.25
			  }
			},
			{
//Селітра
			  "code": "game:saltpeter",
			  "type": "item",
			  "stacksize": 8,
			  "stock": {
				"avg": 5,
				"var": 1
			  },
			  "price": {
				"avg": 2,
				"var": 0.25
			  }
			},			
			{
//Вапно
			  "code": "game:lime",
			  "type": "item",
			  "stacksize": 16,
			  "stock": {
				"avg": 8,
				"var": 1
			  },
			  "price": {
				"avg": 2,
				"var": 0.25
			  }
			},			
			{
//Торфяний брикет
			  "code": "game:peatbrick",
			  "type": "block",
			  "stacksize": 32,
			  "stock": {
				"avg": 4,
				"var": 1
			  },
			  "price": {
				"avg": 1,
				"var": 0.25
			  }
			},			
			{
//Смола
			  "code": "game:resin",
			  "type": "item",
			  "stacksize": 2,
			  "stock": {
				"avg": 16,
				"var": 0.25
			  },
			  "price": {
				"avg": 1,
				"var": 0.25
			  }
			},
			{
//Злиток міді
			  "code": "game:ingot-copper",
			  "type": "item",
			  "stacksize": 1,
			  "stock": {
				"avg": 5,
				"var": 1
			  },
			  "price": {
				"avg": 1,
				"var": 0.25
			  }
			},
			{
//Злиток оловяної бронзи
			  "code": "game:ingot-tinbronze",
			  "type": "item",
			  "stacksize": 1,
			  "stock": {
				"avg": 5,
				"var": 1
			  },
			  "price": {
				"avg": 2,
				"var": 0.25
			  }
			},
			{
//Злиток заліза
			  "code": "game:ingot-iron",
			  "type": "item",
			  "stacksize": 1,
			  "stock": {
				"avg": 5,
				"var": 1
			  },
			  "price": {
				"avg": 3,
				"var": 0.25
			  }
			},
			{
//Злиток сталі
			  "code": "game:ingot-steel",
			  "type": "item",
			  "stacksize": 1,
			  "stock": {
				"avg": 3,
				"var": 1
			  },
			  "price": {
				"avg": 15,
				"var": 2
			  }
			},
			{
//Злиток золота
			  "code": "game:ingot-gold",
			  "type": "item",
			  "stacksize": 1,
			  "stock": {
				"avg": 5,
				"var": 1
			  },
			  "price": {
				"avg": 10,
				"var": 1
			  }
			},
			{
//Злиток срібла
			  "code": "game:ingot-silver",
			  "type": "item",
			  "stacksize": 1,
			  "stock": {
				"avg": 5,
				"var": 1
			  },
			  "price": {
				"avg": 5,
				"var": 1
			  }
			},
			{
//Злиток метеоритного заліза
			  "code": "game:ingot-meteoriciron",
			  "type": "item",
			  "stacksize": 1,
			  "stock": {
				"avg": 5,
				"var": 1
			  },
			  "price": {
				"avg": 3,
				"var": 1
			  }
			},
			{
//Неогранений смарагд
			  "code": "game:gem-emerald-rough",
			  "type": "item",
			  "stacksize": 1,
			  "stock": {
				"avg": 5,
				"var": 1
			  },
			  "price": {
				"avg": 10,
				"var": 2
			  }
			},			
			{
//Неогранений алмаз
			  "code": "game:gem-diamond-rough",
			  "type": "item",
			  "stacksize": 1,
			  "stock": {
				"avg": 5,
				"var": 1
			  },
			  "price": {
				"avg": 9,
				"var": 1
			  }
			},
			{
//Скло
			  "code": "game:glass-plain",
			  "type": "block",
			  "stacksize": 8,
			  "stock": {
				"avg": 8,
				"var": 1
			  },
			  "price": {
				"avg": 1,
				"var": 1
			  }
			},
			{
//Неогранений лазурит
			  "code": "game:ore-lapislazuli",
			  "type": "item",
			  "stacksize": 5,
			  "stock": {
				"avg": 10,
				"var": 1
			  },
			  "price": {
				"avg": 1,
				"var": 1
			  }
			}
        ]
    }
}