{
    "money": {
        "avg": 70,
        "var": 20
    },
    "selling": {
        "maxItems": 16,
        "list": [
		   {
	//Перегінний куб
			  "code": "game:verticalboiler-west",
			  "type": "block",
			  "stacksize": 1,
			  "stock": {
				"avg": 1,
				"var": 0
			  },
			  "price": {
				"avg": 45,
				"var": 5
			  }
			},
		   {
	//Змієвик
			  "code": "game:condenser-west",
			  "type": "block",
			  "stacksize": 1,
			  "stock": {
				"avg": 1,
				"var": 0
			  },
			  "price": {
				"avg": 17,
				"var": 3
			  }
			},
		   {
	//Шахтарські бомби
			  "code": "game:bomb-ore",
			  "type": "block",
			  "stacksize": 8,
			  "stock": {
				"avg": 8,
				"var": 2
			  },
			  "price": {
				"avg": 30,
				"var": 6
			  }
			},
		   {
	//Апгрейд скринь ExtraChests
			  "code": "extrachests:chestupgrade-copper",
			  "type": "item",
			  "stacksize": 1,
			  "stock": {
				"avg": 2,
				"var": 1
			  },
			  "price": {
				"avg": 12,
				"var": 3
			  }
			},
		   {
			  "code": "extrachests:chestupgrade-tinbronze",
			  "type": "item",
			  "stacksize": 1,
			  "stock": {
				"avg": 2,
				"var": 1
			  },
			  "price": {
				"avg": 18,
				"var": 3
			  }
			},
		   {
			  "code": "extrachests:chestupgrade-blackbronze",
			  "type": "item",
			  "stacksize": 1,
			  "stock": {
				"avg": 2,
				"var": 1
			  },
			  "price": {
				"avg": 18,
				"var": 3
			  }
			},
		   {
			  "code": "extrachests:chestupgrade-bismuthbronze",
			  "type": "item",
			  "stacksize": 1,
			  "stock": {
				"avg": 2,
				"var": 1
			  },
			  "price": {
				"avg": 18,
				"var": 3
			  }
			},					
		   {
	//Металеве відро
			  "code": "primitivesurvival:metalbucket-empty-iron-copper",
			  "type": "block",
			  "stacksize": 1,
			  "stock": {
				"avg": 2,
				"var": 1
			  },
			  "price": {
				"avg": 70,
				"var": 10
			  }
			},
			{
	//Лоток для промивання
			  "code": "fendragonsmp:metalpan-copper",
			  "type": "block",
			  "stacksize": 1,
			  "stock": {
				"avg": 1,
				"var": 0
			  },
			  "price": {
				"avg": 20,
				"var": 5
			  }
			},
		   {
	//Простий ліхтар шахтаря
			  "code": "fendragonsmp:primitivemininglantern-south",
			  "type": "block",
			  "stacksize": 1,
			  "stock": {
				"avg": 1,
				"var": 0
			  },
			  "price": {
				"avg": 15,
				"var": 5
			  }
			},
			{
	//Продвинутий ліхтар шахтаря
			  "code": "fendragonsmp:metalmininglantern-south",
			  "type": "block",
			  "stacksize": 1,
			  "stock": {
				"avg": 1,
				"var": 0
			  },
			  "price": {
				"avg": 35,
				"var": 5
			  }
			},
		   {
	//Добриво базове
			  "code": "fendragonsmp:basicbooster",
			  "type": "item",
			  "stacksize": 8,
			  "stock": {
				"avg": 6,
				"var": 2
			  },
			  "price": {
				"avg": 10,
				"var": 1
			  }
			}, 
		   {
	//Добриво високе
			  "code": "fendragonsmp:qualitybooster",
			  "type": "item",
			  "stacksize": 8,
			  "stock": {
				"avg": 6,
				"var": 2
			  },
			  "price": {
				"avg": 15,
				"var": 5
			  }
			},					
		   {
	//Маленький кристал 1
			  "code": "game:crystal-milkyquartz-small1-up",
			  "type": "block",
			  "stacksize": 1,
			  "stock": {
				"avg": 5,
				"var": 3
			  },
			  "price": {
				"avg": 25,
				"var": 5
			  }
			},					
		   {
	//Маленький кристал 2
			  "code": "game:crystal-milkyquartz-small2-up",
			  "type": "block",
			  "stacksize": 1,
			  "stock": {
				"avg": 5,
				"var": 3
			  },
			  "price": {
				"avg": 25,
				"var": 5
			  }
			},
		   {
	//Маленький кристал 3
			  "code": "game:crystal-milkyquartz-small3-up",
			  "type": "block",
			  "stacksize": 1,
			  "stock": {
				"avg": 5,
				"var": 3
			  },
			  "price": {
				"avg": 25,
				"var": 5
			  }
			},					
		   {
	//Маленький кристал 1
			  "code": "game:crystal-rosequartz-small1-up",
			  "type": "block",
			  "stacksize": 1,
			  "stock": {
				"avg": 5,
				"var": 3
			  },
			  "price": {
				"avg": 25,
				"var": 5
			  }
			},					
		   {
	//Маленький кристал 2
			  "code": "game:crystal-rosequartz-small2-up",
			  "type": "block",
			  "stacksize": 1,
			  "stock": {
				"avg": 5,
				"var": 3
			  },
			  "price": {
				"avg": 25,
				"var": 5
			  }
			},
		   {
	//Маленький кристал 3
			  "code": "game:crystal-rosequartz-small3-up",
			  "type": "block",
			  "stacksize": 1,
			  "stock": {
				"avg": 5,
				"var": 3
			  },
			  "price": {
				"avg": 25,
				"var": 5
			  }
			},	
		   {
	//Маленький кристал 1
			  "code": "game:crystal-smokyquartz-small1-up",
			  "type": "block",
			  "stacksize": 1,
			  "stock": {
				"avg": 5,
				"var": 3
			  },
			  "price": {
				"avg": 25,
				"var": 5
			  }
			},					
		   {
	//Маленький кристал 2
			  "code": "game:crystal-smokyquartz-small2-up",
			  "type": "block",
			  "stacksize": 1,
			  "stock": {
				"avg": 5,
				"var": 3
			  },
			  "price": {
				"avg": 25,
				"var": 5
			  }
			},
		   {
	//Маленький кристал 3
			  "code": "game:crystal-smokyquartz-small3-up",
			  "type": "block",
			  "stacksize": 1,
			  "stock": {
				"avg": 5,
				"var": 3
			  },
			  "price": {
				"avg": 25,
				"var": 5
			  }
			},
		   {
	//Маленький кристал 1
			  "code": "game:crystal-amethyst-small1-up",
			  "type": "block",
			  "stacksize": 1,
			  "stock": {
				"avg": 5,
				"var": 3
			  },
			  "price": {
				"avg": 25,
				"var": 5
			  }
			},					
		   {
	//Маленький кристал 2
			  "code": "game:crystal-amethyst-small2-up",
			  "type": "block",
			  "stacksize": 1,
			  "stock": {
				"avg": 5,
				"var": 3
			  },
			  "price": {
				"avg": 25,
				"var": 5
			  }
			},
		   {
	//Маленький кристал 3
			  "code": "game:crystal-amethyst-small3-up",
			  "type": "block",
			  "stacksize": 1,
			  "stock": {
				"avg": 5,
				"var": 3
			  },
			  "price": {
				"avg": 25,
				"var": 5
			  }
			},
		   {
	//Маленький кристал 1
			  "code": "game:crystal-olivine-small1-up",
			  "type": "block",
			  "stacksize": 1,
			  "stock": {
				"avg": 5,
				"var": 3
			  },
			  "price": {
				"avg": 25,
				"var": 5
			  }
			},					
		   {
	//Маленький кристал 2
			  "code": "game:crystal-olivine-small2-up",
			  "type": "block",
			  "stacksize": 1,
			  "stock": {
				"avg": 5,
				"var": 3
			  },
			  "price": {
				"avg": 25,
				"var": 5
			  }
			},
		   {
	//Маленький кристал 3
			  "code": "game:crystal-olivine-small3-up",
			  "type": "block",
			  "stacksize": 1,
			  "stock": {
				"avg": 5,
				"var": 3
			  },
			  "price": {
				"avg": 25,
				"var": 5
			  }
			},
		   {
	//Ремонтний набір для інтрументів Мідь
			  "code": "fendragonsmp:repair-tools-copper",
			  "type": "item",
			  "stacksize": 3,
			  "stock": {
				"avg": 1,
				"var": 0
			  },
			  "price": {
				"avg": 12,
				"var": 3
			  }
			},
		   {
	//Ремонтний набір для інтрументів Олов'яна бронза
			  "code": "fendragonsmp:repair-tools-tinbronze",
			  "type": "item",
			  "stacksize": 3,
			  "stock": {
				"avg": 1,
				"var": 0
			  },
			  "price": {
				"avg": 17,
				"var": 3
			  }
			},
		   {
	//Ремонтний набір для інтрументів Вісмутова бронза
			  "code": "fendragonsmp:repair-tools-bismuthbronze",
			  "type": "item",
			  "stacksize": 3,
			  "stock": {
				"avg": 1,
				"var": 0
			  },
			  "price": {
				"avg": 17,
				"var": 3
			  }
			},
		   {
	//Ремонтний набір для інтрументів Чорна бронза
			  "code": "fendragonsmp:repair-tools-blackbronze",
			  "type": "item",
			  "stacksize": 3,
			  "stock": {
				"avg": 1,
				"var": 0
			  },
			  "price": {
				"avg": 17,
				"var": 3
			  }
			},
		   {
	//Ремонтний набір для інтрументів Залізо
			  "code": "fendragonsmp:repair-tools-iron",
			  "type": "item",
			  "stacksize": 3,
			  "stock": {
				"avg": 1,
				"var": 0
			  },
			  "price": {
				"avg": 22,
				"var": 3
			  }
			},
			{
	//Рюкзак базовий міцний
			  "code": "fendragonbcs:fbcs-sturdy-copper-tall",
			  "type": "item",
			  "stacksize": 1,
			  "stock": {
				"avg": 1,
				"var": 0
			  },
			  "price": {
				"avg": 90,
				"var": 5
			  }
			},
			{
	//Рюкзак базовий шкіряний
			  "code": "fendragonbcs:fbcs-sturdy-copper-basic",
			  "type": "item",
			  "stacksize": 1,
			  "stock": {
				"avg": 1,
				"var": 0
			  },
			  "price": {
				"avg": 90,
				"var": 5
			  }
			},					
        ]
    },
    "buying": {
        "maxItems": 16,
        "list": [
            {
//Шахтарська бомба
			  "code": "game:bomb-ore",
			  "type": "block",
			  "stacksize": 8,
			  "stock": {
				"avg": 8,
				"var": 2
			  },
			  "price": {
				"avg": 4,
				"var": 1
			  }
			},	
            {
//Апгрейд скринь з ExtraChests
			  "code": "extrachests:chestupgrade-copper",
			  "type": "item",
			  "stacksize": 1,
			  "stock": {
				"avg": 2,
				"var": 1
			  },
			  "price": {
				"avg": 3,
				"var": 0.25
			  }
			},
		   {
			  "code": "extrachests:chestupgrade-tinbronze",
			  "type": "item",
			  "stacksize": 1,
			  "stock": {
				"avg": 2,
				"var": 1
			  },
			  "price": {
				"avg": 5,
				"var": 1
			  }
			},
		   {
			  "code": "extrachests:chestupgrade-blackbronze",
			  "type": "item",
			  "stacksize": 1,
			  "stock": {
				"avg": 2,
				"var": 1
			  },
			  "price": {
				"avg": 6,
				"var": 1
			  }
			},
		   {
			  "code": "extrachests:chestupgrade-bismuthbronze",
			  "type": "item",
			  "stacksize": 1,
			  "stock": {
				"avg": 2,
				"var": 1
			  },
			  "price": {
				"avg": 7,
				"var": 1
			  }
			},			
		   {
//Простий ліхтар шахтаря
			  "code": "fendragonsmp:primitivemininglantern-south",
			  "type": "block",
			  "stacksize": 1,
			  "stock": {
				"avg": 3,
				"var": 1
			  },
			  "price": {
				"avg": 3,
				"var": 1
			  }
			},
			{
//Продвинутий ліхтар шахтаря
			  "code": "fendragonsmp:metalmininglantern-south",
			  "type": "block",
			  "stacksize": 1,
			  "stock": {
				"avg": 3,
				"var": 1
			  },
			  "price": {
				"avg": 7,
				"var": 1
			  }
			},
			{
//Деревне вугілля
			  "code": "game:charcoal",
			  "type": "item",
			  "stacksize": 12,
			  "stock": {
				"avg": 15,
				"var": 1
			  },
			  "price": {
				"avg": 1,
				"var": 1
			  }
			},
			{
//Порошкова сірка
			  "code": "game:powder-sulfur",
			  "type": "item",
			  "stacksize": 8,
			  "stock": {
				"avg": 3,
				"var": 1
			  },
			  "price": {
				"avg": 3,
				"var": 0.25
			  }
			},
			{
//Подрібнений олівін
			  "code": "game:crushed-olivine",
			  "type": "item",
			  "stacksize": 16,
			  "stock": {
				"avg": 4,
				"var": 1
			  },
			  "price": {
				"avg": 1,
				"var": 0.25
			  }
			},
			{
//Подрібнений лазурит
			  "code": "game:crushed-lapislazuli",
			  "type": "item",
			  "stacksize": 16,
			  "stock": {
				"avg": 4,
				"var": 1
			  },
			  "price": {
				"avg": 1,
				"var": 0.25
			  }
			},
			{
//Селітра
			  "code": "game:saltpeter",
			  "type": "item",
			  "stacksize": 8,
			  "stock": {
				"avg": 5,
				"var": 1
			  },
			  "price": {
				"avg": 2,
				"var": 0.25
			  }
			},			
			{
//Вапно
			  "code": "game:lime",
			  "type": "item",
			  "stacksize": 16,
			  "stock": {
				"avg": 8,
				"var": 1
			  },
			  "price": {
				"avg": 2,
				"var": 0.25
			  }
			},			
			{
//Торфяний брикет
			  "code": "game:peatbrick",
			  "type": "block",
			  "stacksize": 32,
			  "stock": {
				"avg": 4,
				"var": 1
			  },
			  "price": {
				"avg": 1,
				"var": 0.25
			  }
			},			
			{
//Смола
			  "code": "game:resin",
			  "type": "item",
			  "stacksize": 2,
			  "stock": {
				"avg": 16,
				"var": 0.25
			  },
			  "price": {
				"avg": 1,
				"var": 0.25
			  }
			},
			{
//Злиток міді
			  "code": "game:ingot-copper",
			  "type": "item",
			  "stacksize": 1,
			  "stock": {
				"avg": 5,
				"var": 1
			  },
			  "price": {
				"avg": 1,
				"var": 0.25
			  }
			},
			{
//Злиток оловяної бронзи
			  "code": "game:ingot-tinbronze",
			  "type": "item",
			  "stacksize": 1,
			  "stock": {
				"avg": 5,
				"var": 1
			  },
			  "price": {
				"avg": 2,
				"var": 0.25
			  }
			},
			{
//Злиток заліза
			  "code": "game:ingot-iron",
			  "type": "item",
			  "stacksize": 1,
			  "stock": {
				"avg": 5,
				"var": 1
			  },
			  "price": {
				"avg": 3,
				"var": 0.25
			  }
			},
			{
//Злиток сталі
			  "code": "game:ingot-steel",
			  "type": "item",
			  "stacksize": 1,
			  "stock": {
				"avg": 3,
				"var": 1
			  },
			  "price": {
				"avg": 15,
				"var": 2
			  }
			},
			{
//Злиток золота
			  "code": "game:ingot-gold",
			  "type": "item",
			  "stacksize": 1,
			  "stock": {
				"avg": 5,
				"var": 1
			  },
			  "price": {
				"avg": 10,
				"var": 1
			  }
			},
			{
//Злиток срібла
			  "code": "game:ingot-silver",
			  "type": "item",
			  "stacksize": 1,
			  "stock": {
				"avg": 5,
				"var": 1
			  },
			  "price": {
				"avg": 5,
				"var": 1
			  }
			},
			{
//Злиток метеоритного заліза
			  "code": "game:ingot-meteoriciron",
			  "type": "item",
			  "stacksize": 1,
			  "stock": {
				"avg": 5,
				"var": 1
			  },
			  "price": {
				"avg": 3,
				"var": 1
			  }
			},
			{
//Неогранений смарагд
			  "code": "game:gem-emerald-rough",
			  "type": "item",
			  "stacksize": 1,
			  "stock": {
				"avg": 5,
				"var": 1
			  },
			  "price": {
				"avg": 10,
				"var": 2
			  }
			},			
			{
//Неогранений алмаз
			  "code": "game:gem-diamond-rough",
			  "type": "item",
			  "stacksize": 1,
			  "stock": {
				"avg": 5,
				"var": 1
			  },
			  "price": {
				"avg": 9,
				"var": 1
			  }
			},
			{
//Скло
			  "code": "game:glass-plain",
			  "type": "block",
			  "stacksize": 8,
			  "stock": {
				"avg": 8,
				"var": 1
			  },
			  "price": {
				"avg": 1,
				"var": 1
			  }
			},
			{
//Неогранений лазурит
			  "code": "game:ore-lapislazuli",
			  "type": "item",
			  "stacksize": 5,
			  "stock": {
				"avg": 10,
				"var": 1
			  },
			  "price": {
				"avg": 1,
				"var": 1
			  }
			}
        ]
    }
}