{
    "money": {
        "avg": 120,
        "var": 30
    },
    "selling": {
        "maxItems": 16,
        "list": [
			{
		//Рюкзак високий льняний		   
			  "code": "fendragonbcs:fbcs-polotno-copper-tall",
			  "type": "item",
			  "stacksize": 1,
			  "stock": {
				"avg": 1,
				"var": 0
			  },
			  "price": {
				"avg": 70,
				"var": 10
			  }
			},
			{
		//Рюкзак високий шкіряний
			  "code": "fendragonbcs:fbcs-shkira-copper-tall",
			  "type": "item",
			  "stacksize": 1,
			  "stock": {
				"avg": 1,
				"var": 0
			  },
			  "price": {
				"avg": 70,
				"var": 10
			  }
			},
			{
		//Рюкзак базовий льняний
			  "code": "fendragonbcs:fbcs-polotno-copper-basic",
			  "type": "item",
			  "stacksize": 1,
			  "stock": {
				"avg": 1,
				"var": 0
			  },
			  "price": {
				"avg": 80,
				"var": 10
			  }
			},
			{
		//Рюкзак базовий шкіряний
			  "code": "fendragonbcs:fbcs-shkira-copper-basic",
			  "type": "item",
			  "stacksize": 1,
			  "stock": {
				"avg": 1,
				"var": 0
			  },
			  "price": {
				"avg": 80,
				"var": 10
			  }
			},
		   {
		//Рибний кошик			   
			  "code": "primitivesurvival:fishbasket-north",
			  "type": "block",
			  "stacksize": 2,
			  "stock": {
				"avg": 2,
				"var": 1
			  },
			  "price": {
				"avg": 5,
				"var": 3
			  }
			},
			{
		//Кошик з рогозу
			  "code": "game:baskettrap-reed",
			  "type": "block",
			  "stacksize": 1,
			  "stock": {
				"avg": 2,
				"var": 1
			  },
			  "price": {
				"avg": 8,
				"var": 3
			  }
			},
			{
		//Альпіністська кирка
			  "code": "usefulstuff:climbingpick-iron",
			  "type": "item",
			  "stacksize": 1,
			  "stock": {
				"avg": 2,
				"var": 1
			  },
			  "price": {
				"avg": 20,
				"var": 5
			  }
			},
			{
		//Тент або Намет
			  "code": "usefulstuff:tentbag-empty",
			  "type": "item",
			  "stacksize": 1,
			  "stock": {
				"avg": 2,
				"var": 1
			  },
			  "price": {
				"avg": 10,
				"var": 5
			  }
			},
		   {
		//Курець або Димник
			  "code": "primitivesurvival:smoker-closed-north",
			  "type": "block",
			  "stacksize": 1,
			  "stock": {
				"avg": 2,
				"var": 1
			  },
			  "price": {
				"avg": 25,
				"var": 5
			  }
			},
			{
		//Вулик Лангстрота вкладиш
			  "code": "fromgoldencombs:frameliner",
			  "type": "item",			
			  "stacksize": 10,
			  "stock": {
				"avg": 2,
				"var": 1
			  },
			  "price": {
				"avg": 4,
				"var": 1
			  }
			},
		   {
		//Апгрейд скринь ExtraChests
			  "code": "extrachests:chestupgrade-copper",
			  "type": "item",
			  "stacksize": 1,
			  "stock": {
				"avg": 2,
				"var": 1
			  },
			  "price": {
				"avg": 12,
				"var": 3
			  }
			},
		   {
			  "code": "extrachests:chestupgrade-tinbronze",
			  "type": "item",
			  "stacksize": 1,
			  "stock": {
				"avg": 2,
				"var": 1
			  },
			  "price": {
				"avg": 18,
				"var": 3
			  }
			},
		   {
			  "code": "extrachests:chestupgrade-blackbronze",
			  "type": "item",
			  "stacksize": 1,
			  "stock": {
				"avg": 2,
				"var": 1
			  },
			  "price": {
				"avg": 18,
				"var": 3
			  }
			},
		   {
			  "code": "extrachests:chestupgrade-bismuthbronze",
			  "type": "item",
			  "stacksize": 1,
			  "stock": {
				"avg": 2,
				"var": 1
			  },
			  "price": {
				"avg": 18,
				"var": 3
			  }
			},
		   {
//Темпоральна шестерня
			  "code": "game:gear-temporal",
			  "type": "item",
			  "stacksize": 1,
			  "stock": {
				"avg": 1,
				"var": 0.5
			  },
			  "price": {
				"avg": 10,
				"var": 3
			  }
			},
			{
//Мапа транслокатора
			  "code": "game:locatormap-translocator",
			  "type": "item",
			  "stacksize": 1,
			  "stock": {
				"avg": 1,
				"var": 0.25
			  },
			  "price": {
				"avg": 20,
				"var": 5
			  }
			},			
        ]
    },
    "buying": {
        "maxItems": 16,
        "list": [
            {
//Набір для шиття
                "code": "game:sewingkit",
                "type": "item",
                "stacksize": 1,
                "stock": {
                    "avg": 8,
                    "var": 1
                },
                "price": {
                    "avg": 2,
                    "var": 1
                }
            },
		   {
//Добриво базове
			  "code": "fendragonsmp:basicbooster",
			  "type": "item",
			  "stacksize": 4,
			  "stock": {
				"avg": 5,
				"var": 1
			  },
			  "price": {
				"avg": 3,
				"var": 1
			  }
			}, 
		   {
//Добриво високе
			  "code": "fendragonsmp:qualitybooster",
			  "type": "item",
			  "stacksize": 4,
			  "stock": {
				"avg": 5,
				"var": 1
			  },
			  "price": {
				"avg": 5,
				"var": 1
			  }
			},
            {
//Лляний міні рюкзак
                "code": "fendragonbcs:fbcs-polotno-copper-mini",
                "type": "item",
                "stacksize": 1,
                "stock": {
                    "avg": 1
                },
                "price": {
                    "avg": 5,
                    "var": 1
                }
            },
            {
//Лляний високий рюкзак
                "code": "fendragonbcs:fbcs-polotno-copper-tall",
                "type": "item",
                "stacksize": 1,
                "stock": {
                    "avg": 1
                },
                "price": {
                    "avg": 20,
                    "var": 2
                }
            },
            {
//Лляний базовий рюкзак
                "code": "fendragonbcs:fbcs-polotno-copper-basic",
                "type": "item",
                "stacksize": 1,
                "stock": {
                    "avg": 1
                },
                "price": {
                    "avg": 36,
                    "var": 2
                }
            },
            {
//Лляний супер рюкзак
                "code": "fendragonbcs:fbcs-polotno-copper-super",
                "type": "item",
                "stacksize": 1,
                "stock": {
                    "avg": 1
                },
                "price": {
                    "avg": 60,
                    "var": 10
                }
            },
            {
//Лляний мега рюкзак
                "code": "fendragonbcs:fbcs-polotno-copper-mega",
                "type": "item",
                "stacksize": 1,
                "stock": {
                    "avg": 1
                },
                "price": {
                    "avg": 80,
                    "var": 10
                }
            },
            {
//Лляний ультра рюкзак
                "code": "fendragonbcs:fbcs-polotno-copper-ultra",
                "type": "item",
                "stacksize": 1,
                "stock": {
                    "avg": 1
                },
                "price": {
                    "avg": 120,
                    "var": 20
                }
            },
            {
//Шкіряний міні рюкзак
                "code": "fendragonbcs:fbcs-shkira-copper-mini",
                "type": "item",
                "stacksize": 1,
                "stock": {
                    "avg": 1
                },
                "price": {
                    "avg": 10,
                    "var": 2
                }
            },
            {
//Шкіряний високий рюкзак
                "code": "fendragonbcs:fbcs-shkira-copper-tall",
                "type": "item",
                "stacksize": 1,
                "stock": {
                    "avg": 1
                },
                "price": {
                    "avg": 20,
                    "var": 2
                }
            },
            {
//Шкіряний базовий рюкзак
                "code": "fendragonbcs:fbcs-shkira-copper-basic",
                "type": "item",
                "stacksize": 1,
                "stock": {
                    "avg": 1
                },
                "price": {
                    "avg": 36,
                    "var": 2
                }
            },
            {
//Шкіряний супер рюкзак
                "code": "fendragonbcs:fbcs-shkira-copper-super",
                "type": "item",
                "stacksize": 1,
                "stock": {
                    "avg": 1
                },
                "price": {
                    "avg": 60,
                    "var": 10
                }
            },
            {
//Шкіряний мега рюкзак
                "code": "fendragonbcs:fbcs-shkira-copper-mega",
                "type": "item",
                "stacksize": 1,
                "stock": {
                    "avg": 1,
                    "var": 1
                },
                "price": {
                    "avg": 80,
                    "var": 10
                }
            },
            {
//Шкіряний ультра рюкзак
                "code": "fendragonbcs:fbcs-shkira-copper-ultra",
                "type": "item",
                "stacksize": 1,
                "stock": {
                    "avg": 1
                },
                "price": {
                    "avg": 100,
                    "var": 10
                }
            },
            {
//Чорнозем
                "code": "game:soil-high-none",
                "type": "block",
                "stacksize": 1,
                "stock": {
                    "avg": 16,
                    "var": 2
                },
                "price": {
                    "avg": 5,
                    "var": 1
                }
            },
            {
//Шкіряний шолом
                "code": "game:armor-head-sewn-leather",
                "type": "item",
                "stacksize": 1,
                "stock": {
                    "avg": 2,
                    "var": 1
                },
                "price": {
                    "avg": 6,
                    "var": 1
                }
            },
            {
//Шкіряний нагрудник
                "code": "game:armor-body-sewn-leather",
                "type": "item",
                "stacksize": 1,
                "stock": {
                    "avg": 1,
                    "var": 1
                },
                "price": {
                    "avg": 12,
                    "var": 2
                }
            },
            {
//Шкіряні наголінники
                "code": "game:armor-legs-sewn-leather",
                "type": "item",
                "stacksize": 1,
                "stock": {
                    "avg": 2,
                    "var": 1
                },
                "price": {
                    "avg": 4,
                    "var": 1
                }
            },
            {
//Вітраж з стародавнього дерева
                "code": "game:glasspane-leaded-aged-ew",
                "type": "block",
                "stacksize": 2,
                "stock": {
                    "avg": 15,
                    "var": 1
                },
                "price": {
                    "avg": 1,
                    "var": 1
                }
            },
            {
//Простий лук
                "code": "game:bow-simple",
                "type": "item",
                "stacksize": 1,
                "stock": {
                    "avg": 2,
                    "var": 1
                },
                "price": {
                    "avg": 3,
                    "var": 1
                }
            },
            {
//Довгий лук
                "code": "game:bow-long",
                "type": "item",
                "stacksize": 1,
                "stock": {
                    "avg": 1,
                    "var": 1
                },
                "price": {
                    "avg": 7,
                    "var": 2
                }
            },
            {
//Композитний лук
                "code": "game:bow-recurve",
                "type": "item",
                "stacksize": 1,
                "stock": {
                    "avg": 1,
                    "var": 1
                },
                "price": {
                    "avg": 11,
                    "var": 2
                }
            },
			{
//Альпіністська кирка
			  "code": "usefulstuff:climbingpick-iron",
			  "type": "item",
			  "stacksize": 1,
			  "stock": {
				"avg": 2,
				"var": 1
			  },
			  "price": {
				"avg": 6,
				"var": 2
			  }
			},
		   {
//Перегінний куб
			  "code": "game:verticalboiler-west",
			  "type": "block",
			  "stacksize": 1,
			  "stock": {
				"avg": 1,
				"var": 1
			  },
			  "price": {
				"avg": 15,
				"var": 2
			  }
			},
		   {
//Змієвик
			  "code": "game:condenser-west",
			  "type": "block",
			  "stacksize": 1,
			  "stock": {
				"avg": 1,
				"var": 1
			  },
			  "price": {
				"avg": 7,
				"var": 1
			  }
			},
		   {
//Мапа скарбів
			  "code": "game:locatormap-treasures",
			  "type": "item",
			  "stacksize": 1,
			  "stock": {
				"avg": 1,
				"var": 1
			  },
			  "price": {
				"avg": 10,
				"var": 0
			  }
			}			
        ]
    }        
}