[
  {
    "code": "dye-blue",
    "sealHours": 8,
    "ingredients": [
      {
        "type": "item",
        "code": "hydrateordiedrate:distilledwaterportion",
        "litres": 5
      },
      {
        "type": "item",
        "code": "game:crushed-lapislazuli",
        "quantity": 1
      }
    ],
    "output": {
      "type": "item",
      "code": "game:dye-blue",
      "litres": 5
    }
  },
  {
    "code": "dye-blue",
    "sealHours": 8,
    "ingredients": [
      {
        "type": "item",
        "code": "hydrateordiedrate:distilledwaterportion",
        "litres": 1
      },
      {
        "type": "block",
        "code": "game:flower-cornflower-free",
        "quantity": 1
      }
    ],
    "output": {
      "type": "item",
      "code": "game:dye-blue",
      "litres": 1
    }
  }
]