[
	{
		"ingredientPattern": "H,S,F",
		"ingredients": {
			"H": { "type": "item", "code": "swordz:arrowhead-*", "name": "metal" },
			"S": { "type": "item", "code": "game:stick" },
			"F": { "type": "item", "code": "game:feather" }
		},
		"width": 1,
		"height": 3,
		"output": { "type": "item", "code": "swordz:arrow-{metal}", "quantity": 1  }
	},
	{
		"ingredientPattern": "H,S,F",
		"ingredients": {
			"H": { "type": "item", "code": "swordz:arrowhead-obsidian" },
			"S": { "type": "item", "code": "game:stick" },
			"F": { "type": "item", "code": "game:feather" }
		},
		"width": 1,
		"height": 3,
		"output": { "type": "item", "code": "swordz:arrow-obsidian", "quantity": 1  }
	},
	{
		"ingredientPattern": "HSF",
		"requiresTrait": "bowyer",
		"ingredients": {
			"H": { "type": "item", "code": "swordz:arrowhead-obsidian" , "quantity": 3 },
			"S": { "type": "item", "code": "game:stick" , "quantity": 3 },
			"F": { "type": "item", "code": "game:feather" , "quantity": 3 }
		},
		"width": 3,
		"height": 1,
		"output": { "type": "item", "code": "swordz:arrow-obsidian", "quantity": 4  }
	}
]