[
  {
    "op": "add",
    "comment": "sacks",
    "compatibility": [ "wool", "tailorsdelight" ],
    "path": "/0/ingredients/N",
    "value": { "type": "item", "code": "tailorsdelight:needle-*" },
    "file": "wool:recipes/grid/cloth/sacks.json",
    "side": "Server"
  },
  {
    "op": "replace",
    "compatibility": [ "wool", "tailorsdelight" ],
    "path": "/0/height",
    "value": 3,
    "file": "wool:recipes/grid/cloth/sacks.json",
    "side": "Server"
  },
  {
    "op": "replace",
    "compatibility": [ "wool", "tailorsdelight" ],
    "path": "/0/ingredientPattern",
    "value": "N,T,C",
    "file": "wool:recipes/grid/cloth/sacks.json",
    "side": "Server"
  }
]
